url,type,purpose,area,bedroom,bath,added,price,location,location_city,source,price_pkr,area_unit,area_sqft,suspected_outlier
https://www.zameen.com/Property/askari_askari_11_flat_available_for_sale_in_askari_11_lahore-53612249-1503-1.html,Apartment,For Sale,10 Marla,3.0,3.0,33 minutes ago,PKR 3 Crore,"Askari 11, Askari",Lahore,Zameen,30000000.0,Marla,2722.5,False
https://www.zameen.com/Property/gulberg_3_gulberg_3_-_block_m_2_kanal_8_marla_rare_opportunity_to_own_a_prestigious_property_in_the_heart_of_m_block_gulberg_iii_lahore-54418634-3843-1.html,Other,For Sale,2.4 Kanal,6.0,7.0,1 hour ago,PKR 15.5 Crore,"Gulberg 3 - Block M, Gulberg 3",Lahore,Zameen,155000000.0,Kanal,13068.0,False
https://www.zameen.com/Property/dha_phase_5_penta_square_by_dha_lahore_superb_view_furnished_luxurious_3_beds_apartment_for_sale_in_dha_phase_5-54644497-11845-1.html,Apartment,For Sale,9.8 Marla,3.0,4.0,3 hours ago,PKR 6.95 Crore,"Penta Square By DHA Lahore, DHA Phase 5",Lahore,Zameen,69500000.0,Marla,2668.05,False
https://www.zameen.com/Property/dha_phase_7_dha_phase_7_-_block_y_your_next_chapter_begins_here_beautiful_1_kanal_house-54676669-1632-1.html,House,For Sale,1 Kanal,5.0,7.0,3 hours ago,PKR 14.5 Crore,"DHA Phase 7 - Block Y, DHA Phase 7",Lahore,Zameen,145000000.0,Kanal,5445.0,False
https://www.zameen.com/Property/dha_phase_7_dha_phase_7_-_block_u_premium_1_kanal_fully_furnished_luxury_house_in_phase-7_for_sale-54636909-1628-1.html,House,For Sale,1 Kanal,5.0,6.0,3 hours ago,PKR 14.5 Crore,"DHA Phase 7 - Block U, DHA Phase 7",Lahore,Zameen,145000000.0,Kanal,5445.0,False
https://www.zameen.com/Property/askari_11_askari_11_-_sector_b_apartments_10_marla_3_bed_new_design_flat_available_for_sale-54573697-15703-1.html,Apartment,For Sale,10 Marla,3.0,3.0,3 minutes ago,PKR 3.3 Crore,"Askari 11 - Sector B Apartments, Askari 11",Lahore,Zameen,33000000.0,Marla,2722.5,False
https://www.zameen.com/Property/askari_askari_12_12_marla_brand_new_apratment_for_sale-54640460-22537-1.html,Other,For Sale,12 Marla,4.0,4.0,3 minutes ago,PKR 3.9 Crore,"Askari 12, Askari",Lahore,Zameen,39000000.0,Marla,3267.0,False
https://www.zameen.com/Property/askari_11_askari_11_-_sector_b_apartments_13_marla_4_bedrooms_new_design_flat_for_sale-54644854-15703-1.html,Room,For Sale,13 Marla,4.0,4.0,3 minutes ago,PKR 4.65 Crore,"Askari 11 - Sector B Apartments, Askari 11",Lahore,Zameen,46500000.0,Marla,3539.25,False
https://www.zameen.com/Property/dha_defence_dha_phase_6_inside_1-kanal_classic_masterpiece_in_dha_phase_6_lahore-54404102-1448-1.html,Other,For Sale,1 Kanal,5.0,6.0,1 hour ago,PKR 8.99 Crore,"DHA Phase 6, DHA Defence",Lahore,Zameen,89900000.0,Kanal,5445.0,False
https://www.zameen.com/Property/dha_defence_dha_phase_7_1_kanal_classic_villa_for_sale_in_dha_phase_7_lahore-54629164-1450-1.html,Villa,For Sale,1 Kanal,4.0,5.0,1 hour ago,PKR 7.5 Crore,"DHA Phase 7, DHA Defence",Lahore,Zameen,75000000.0,Kanal,5445.0,False
https://www.zameen.com/Property/lahore_wapda_town_1_kanal_brand_new_first_entry_ultra_modern_style_luxury_stylish_house_available_for_sale_in_wapda_town_phase_1_lahore_by_fast_property_services_with_original_pics-54055292-423-1.html,House,For Sale,1 Kanal,7.0,6.0,1 hour ago,PKR 9.6 Crore,"Wapda Town, Lahore",Lahore,Zameen,96000000.0,Kanal,5445.0,False
https://www.zameen.com/Property/lahore_johar_town_10_marla_vip_brand_new_ultra_modern_style_double_storey_stylish_house_available_for_sale_in_johar_town_phase_1_lahore_by_fast_property_services_real_estate_n_builders_lahore-54057726-93-1.html,House,For Sale,10 Marla,5.0,6.0,1 hour ago,PKR 5.25 Crore,"Johar Town, Lahore",Lahore,Zameen,52500000.0,Marla,2722.5,False
https://www.zameen.com/Property/askari_11_askari_11_-_sector_b_apartments_10_marla_new_design_flat_available_for_sale-54679385-15703-1.html,Apartment,For Sale,10 Marla,3.0,3.0,2 minutes ago,PKR 3.1 Crore,"Askari 11 - Sector B Apartments, Askari 11",Lahore,Zameen,31000000.0,Marla,2722.5,False
https://www.zameen.com/Property/askari_askari_12_12_marla_brand_new_flat_for_sale_at_investor_price-54573809-22537-1.html,Apartment,For Sale,12 Marla,4.0,4.0,3 minutes ago,PKR 4 Crore,"Askari 12, Askari",Lahore,Zameen,40000000.0,Marla,3267.0,False
https://www.zameen.com/Property/askari_11_askari_11_-_sector_b_apartments_a_luxury_apartment_available_on_sale_with_ground_parking-54663409-15703-1.html,Apartment,For Sale,10 Marla,3.0,3.0,4 minutes ago,PKR 3.8 Crore,"Askari 11 - Sector B Apartments, Askari 11",Lahore,Zameen,38000000.0,Marla,2722.5,False
https://www.zameen.com/Property/askari_askari_12_brand_new_apartment_available_here_for_sale-54663475-22537-1.html,Apartment,For Sale,12 Marla,4.0,4.0,4 minutes ago,PKR 4.2 Crore,"Askari 12, Askari",Lahore,Zameen,42000000.0,Marla,3267.0,False
https://www.zameen.com/Property/eden_eden_residencia_3_25_marla_eden_residencia-54629717-3100-1.html,Other,For Sale,3.2 Marla,4.0,4.0,20 minutes ago,PKR 1.7 Crore,"Eden Residencia, Eden",Lahore,Zameen,17000000.0,Marla,871.2,False
https://www.zameen.com/Property/bahria_town_bahria_town_-_sector_e_ready-to-move_1_bed_apartment_for_sale_prime_location-54692597-1802-1.html,Apartment,For Sale,2.2 Marla,1.0,1.0,26 minutes ago,PKR 72 Lakh,"Bahria Town - Sector E, Bahria Town",Lahore,Zameen,7200000.0,Marla,598.95,False
https://www.zameen.com/Property/askari_askari_11_10_marla_house_is_available_for_sale_in_askari_11_lahore-53567244-1503-1.html,House,For Sale,10 Marla,4.0,5.0,31 minutes ago,PKR 5.25 Crore,"Askari 11, Askari",Lahore,Zameen,52500000.0,Marla,2722.5,False
https://www.zameen.com/Property/nespak_housing_scheme_nespak_scheme_phase_2_2_kanal_house_for_sale-54692592-4078-1.html,House,For Sale,2 Kanal,6.0,6.0,33 minutes ago,PKR 9.9 Crore,"Nespak Scheme Phase 2, Nespak Housing Scheme",Lahore,Zameen,99000000.0,Kanal,10890.0,False
https://www.zameen.com/Property/askari_askari_11_fully_furnished_luxury_2-bed_apartment_in_askari_11_lahore_prime_location_premium_lifestyle_high_rental_yield-54387478-1503-1.html,Apartment,For Sale,5.6 Marla,2.0,2.0,52 minutes ago,PKR 2.6 Crore,"Askari 11, Askari",Lahore,Zameen,26000000.0,Marla,1524.6,False
https://www.zameen.com/Property/dha_defence_dha_phase_3_syed_brothers_proudly_offers_1-kanal_elegant_and_fully_maintained_old_bungalow_is_available_in_the_best_block_of_dha_lahore-54358381-1454-1.html,Other,For Sale,1 Kanal,5.0,6.0,1 hour ago,PKR 8.25 Crore,"DHA Phase 3, DHA Defence",Lahore,Zameen,82500000.0,Kanal,5445.0,False
https://www.zameen.com/Property/dha_defence_dha_phase_4_syed_brothers_proudly_offers_1-kanal_elegant_and_fully_maintained_bungalow_is_available_in_the_best_block_of_dha_lahore-54358391-1446-1.html,Other,For Sale,1 Kanal,5.0,6.0,1 hour ago,PKR 8.5 Crore,"DHA Phase 4, DHA Defence",Lahore,Zameen,85000000.0,Kanal,5445.0,False
https://www.zameen.com/Property/dha_defence_dha_phase_1_syed_brothers_proudly_offers_1-kanal_elegant_and_fully_maintained_bungalow_is_available_in_the_best_block_of_dha_lahore-54358398-1442-1.html,Other,For Sale,1 Kanal,5.0,6.0,1 hour ago,PKR 6.5 Crore,"DHA Phase 1, DHA Defence",Lahore,Zameen,65000000.0,Kanal,5445.0,False
https://www.zameen.com/Property/dha_defence_dha_phase_7_syed_brothers_proudly_offers_22-marla_elegant_and_fully_furnished_owner_build_corner_bungalow_is_available_in_the_best_block_of_dha_lahore-54358402-1450-1.html,Other,For Sale,1.1 Kanal,6.0,7.0,1 hour ago,PKR 9.5 Crore,"DHA Phase 7, DHA Defence",Lahore,Zameen,95000000.0,Kanal,5989.500000000001,False
https://www.zameen.com/Property/dha_9_town_dha_9_town_-_block_c_brand_new_5_marla_luxury_house_for_sale_in_dha_9_town_prime_location_near_park_commercial_modern_design_best_investment_opportunity-54647215-8175-1.html,House,For Sale,5 Marla,3.0,4.0,4 hours ago,PKR 2.6 Crore,"DHA 9 Town - Block C, DHA 9 Town",Lahore,Zameen,26000000.0,Marla,1361.25,False
https://www.zameen.com/Property/dha_9_town_dha_9_town_-_block_b_brand_new_modern_house_for_sale_in_dha_phase_9_town-54664704-8174-1.html,House,For Sale,5 Marla,3.0,4.0,4 hours ago,PKR 2.85 Crore,"DHA 9 Town - Block B, DHA 9 Town",Lahore,Zameen,28500000.0,Marla,1361.25,False
https://www.zameen.com/Property/dha_defence_dha_phase_7_1_kanal_modern_design_house_for_sale_in_dha_phase_lahore-54663983-1450-1.html,House,For Sale,1 Kanal,5.0,6.0,4 hours ago,PKR 9.7 Crore,"DHA Phase 7, DHA Defence",Lahore,Zameen,97000000.0,Kanal,5445.0,False
https://www.zameen.com/Property/dha_defence_dha_phase_6_corner_house_brand_new_modern_house_for_sale_in_dha_phase_6-54663976-1448-1.html,House,For Sale,1 Kanal,5.0,6.0,4 hours ago,PKR 11.25 Crore,"DHA Phase 6, DHA Defence",Lahore,Zameen,112500000.0,Kanal,5445.0,False
https://www.zameen.com/Property/dha_phase_7_dha_phase_7_-_block_u_brand_new_modern_house_for_sale_in_dha_phase_7-54679384-1628-1.html,House,For Sale,1 Kanal,5.0,6.0,4 hours ago,PKR 9.5 Crore,"DHA Phase 7 - Block U, DHA Phase 7",Lahore,Zameen,95000000.0,Kanal,5445.0,False
https://www.zameen.com/Property/dha_defence_dha_phase_2_lavish_ready-to-shift_home_offering_luxury_comfort_smart_energy_42kv_solar-54192763-1444-1.html,Other,For Sale,2 Kanal,6.0,7.0,1 hour ago,PKR 20.99 Crore,"DHA Phase 2, DHA Defence",Lahore,Zameen,209900000.0,Kanal,10890.0,False
https://www.zameen.com/Property/allama_iqbal_town_allama_iqbal_town_-_nargis_block_brand_new_1_kanal_beautiful_house_available_for_sale-53544168-3540-1.html,House,For Sale,1 Kanal,6.0,7.0,2 hours ago,PKR 15 Crore,"Allama Iqbal Town - Nargis Block, Allama Iqbal Town",Lahore,Zameen,150000000.0,Kanal,5445.0,False
https://www.zameen.com/Property/dha_defence_dha_phase_7_most_elegant_ultra_modern_10_marla_designer_house_available_for_sale_near_to_defence_raya_golf_course-54501028-1450-1.html,House,For Sale,10 Marla,4.0,5.0,4 hours ago,PKR 4.75 Crore,"DHA Phase 7, DHA Defence",Lahore,Zameen,47500000.0,Marla,2722.5,False
https://www.zameen.com/Property/dha_defence_dha_phase_6_1_kanal_luxury_house_for_sale_in_dha_lahore-54153741-1448-1.html,House,For Sale,1 Kanal,5.0,6.0,4 hours ago,PKR 10 Crore,"DHA Phase 6, DHA Defence",Lahore,Zameen,100000000.0,Kanal,5445.0,False
https://www.zameen.com/Property/dha_defence_dha_phase_7_1_kanal_ultra_luxury_house_for_sale_in_the_heart_of_dha-54153757-1450-1.html,House,For Sale,1 Kanal,5.0,6.0,4 hours ago,PKR 8 Crore,"DHA Phase 7, DHA Defence",Lahore,Zameen,80000000.0,Kanal,5445.0,False
https://www.zameen.com/Property/lahore_wapda_town_1_kanal_ultra_modern_style_double_storey_luxery_stylish_house_available_for_sale-54456797-423-1.html,House,For Sale,1 Kanal,6.0,6.0,1 hour ago,PKR 8.8 Crore,"Wapda Town, Lahore",Lahore,Zameen,88000000.0,Kanal,5445.0,False
https://www.zameen.com/Property/lahore_iep_engineers_town_1_kanal_ultra_modern_house_available_for_sale_in_engineering_town_well_hot_location_lahore-54487411-8425-1.html,House,For Sale,1 Kanal,6.0,6.0,1 hour ago,PKR 6.4 Crore,"IEP Engineers Town, Lahore",Lahore,Zameen,64000000.0,Kanal,5445.0,False
https://www.zameen.com/Property/eden_eden_residencia_6_75_marla_corner_house_eden_residencia-54629780-3100-1.html,House,For Sale,6.8 Marla,3.0,4.0,20 minutes ago,PKR 2.9 Crore,"Eden Residencia, Eden",Lahore,Zameen,29000000.0,Marla,1851.3,False
https://www.zameen.com/Property/lahore_khayaban-e-amin_5_marla_model_house_khayaban_e_amin-54644116-1514-1.html,House,For Sale,5 Marla,3.0,4.0,21 minutes ago,PKR 1.5 Crore,"Khayaban-e-Amin, Lahore",Lahore,Zameen,15000000.0,Marla,1361.25,False
https://www.zameen.com/Property/bahria_town_sector_e_bahria_town_-_iqbal_block_ready_to_move_studio_apartment_for_sale_in_prime_location_i_multiple_options-54613516-1805-1.html,Apartment,For Sale,1.3 Marla,2.0,1.0,25 minutes ago,PKR 45 Lakh,"Bahria Town - Iqbal Block, Bahria Town - Sector E",Lahore,Zameen,4500000.0,Marla,353.925,False
https://www.zameen.com/Property/nsit_city_zameen_eon_own_a_studio_apartment_at_zameen_eon_invest_in_eon_earn_pkr_214_000_month_the_future_of_luxury_living_in_lahore-54328871-22334-1.html,Apartment,For Sale,2 Marla,2.0,1.0,50 minutes ago,PKR 2.14 Crore,"Zameen EON, NSIT City",Lahore,Zameen,21400000.0,Marla,544.5,False
https://www.zameen.com/Property/tip_housing_society_tip_housing_society_-_phase_2_1_kanal_single_storey_house_near_dha_11_rahabar-53813803-14059-1.html,House,For Sale,1 Kanal,3.0,4.0,1 hour ago,PKR 3.8 Crore,"TIP Housing Society - Phase 2, TIP Housing Society",Lahore,Zameen,38000000.0,Kanal,5445.0,False
https://www.zameen.com/Property/dha_defence_dha_phase_6_syed_brothers_proudly_offers_1-kanal_elegant_and_fully_maintained_old_bungalow_is_available_in_the_best_block_of_dha_lahore-54358411-1448-1.html,Other,For Sale,1 Kanal,5.0,6.0,1 hour ago,PKR 8.5 Crore,"DHA Phase 6, DHA Defence",Lahore,Zameen,85000000.0,Kanal,5445.0,False
https://www.zameen.com/Property/dha_defence_dha_phase_5_syed_brothers_proudly_offers_1-kanal_elegant_and_fully_furnished_bungalow_is_available_in_the_best_block_of_dha_lahore-54358416-1447-1.html,Other,For Sale,1 Kanal,5.0,6.0,1 hour ago,PKR 9.5 Crore,"DHA Phase 5, DHA Defence",Lahore,Zameen,95000000.0,Kanal,5445.0,False
https://www.zameen.com/Property/dha_defence_dha_phase_5_syed_brothers_proudly_offers_1-kanal_elegant_bungalow_is_available_in_the_best_block_of_dha_lahore-54358422-1447-1.html,Other,For Sale,1 Kanal,4.0,5.0,1 hour ago,PKR 9 Crore,"DHA Phase 5, DHA Defence",Lahore,Zameen,90000000.0,Kanal,5445.0,False
https://www.zameen.com/Property/dha_defence_dha_phase_3_syed_brothers_proudly_offers_2-kanal_elegant_bungalow_is_available_in_the_best_block_of_dha_lahore-54358511-1454-1.html,Other,For Sale,2 Kanal,6.0,7.0,1 hour ago,PKR 42 Crore,"DHA Phase 3, DHA Defence",Lahore,Zameen,420000000.0,Kanal,10890.0,False
https://www.zameen.com/Property/dha_defence_dha_phase_5_syed_brothers_proudly_offers_1-kanal_elegant_owner_build_bungalow_is_available_in_the_best_block_of_dha-54358495-1447-1.html,Other,For Sale,1 Kanal,5.0,6.0,1 hour ago,PKR 8.5 Crore,"DHA Phase 5, DHA Defence",Lahore,Zameen,85000000.0,Kanal,5445.0,False
https://www.zameen.com/Property/dha_defence_dha_phase_6_syed_brothers_proudly_offers_1-kanal_elegant_bungalow_with_cinema_pool_is_available_in_the_best_block_of_dha_lahore-54358501-1448-1.html,Other,For Sale,1 Kanal,5.0,6.0,1 hour ago,PKR 42 Crore,"DHA Phase 6, DHA Defence",Lahore,Zameen,420000000.0,Kanal,5445.0,False
https://www.zameen.com/Property/dha_defence_dha_phase_6_syed_brothers_proudly_offers_3-kanal_elegant_fully_furnished_modern_bungalow_with_basement_pool_cinema_is_available_in_the_best_block_of_dha_lahore-54358519-1448-1.html,Other,For Sale,3 Kanal,6.0,7.0,1 hour ago,PKR 60 Crore,"DHA Phase 6, DHA Defence",Lahore,Zameen,600000000.0,Kanal,16335.0,False
https://www.zameen.com/Property/dha_defence_dha_phase_1_brand_new_1-kanal_elegant_and_super_hot_located_bungalow_is_available_in_the_best_block_of_dha_lahore-54361977-1442-1.html,Other,For Sale,1 Kanal,5.0,6.0,1 hour ago,PKR 7.5 Crore,"DHA Phase 1, DHA Defence",Lahore,Zameen,75000000.0,Kanal,5445.0,False
https://www.zameen.com/Property/park_view_city_park_view_city_-_tulip_overseas_5_marla_house_available_for_sale_in_tulip_overseas_block_park_view_city_lahore-54652706-13754-1.html,House,For Sale,5 Marla,4.0,4.0,4 hours ago,PKR 2.25 Crore,"Park View City - Tulip Overseas, Park View City",Lahore,Zameen,22500000.0,Marla,1361.25,False
https://www.zameen.com/Property/lahore_bedian_road_marvelous_farm_house_for_sale-54172530-378-1.html,Farm House,For Sale,4 Kanal,3.0,4.0,4 hours ago,PKR 6.8 Crore,"Bedian Road, Lahore",Lahore,Zameen,68000000.0,Kanal,21780.0,False
https://www.zameen.com/Property/dha_defence_dha_phase_7_1_kanal_top_quality_build_luxurious_beautiful_ultra_modern_design_villa_with_basement_for_sale_in_dha_lahore_phase_6_prime_location_near_to_raya-54453313-1450-1.html,Villa,For Sale,1 Kanal,5.0,6.0,7 hours ago,PKR 8.35 Crore,"DHA Phase 7, DHA Defence",Lahore,Zameen,83500000.0,Kanal,5445.0,False
https://www.zameen.com/Property/dha_defence_dha_phase_6_1_kanal_brand_new_ultra_modern_designed_bungalow_with_basement_for_sale_top_location_in_dha_phase_6-52646080-1448-1.html,Other,For Sale,1 Kanal,5.0,6.0,7 hours ago,PKR 9.13 Crore,"DHA Phase 6, DHA Defence",Lahore,Zameen,91300000.0,Kanal,5445.0,False
https://www.zameen.com/Property/dha_phase_6_dha_phase_6_-_block_j_ultra-luxury_1_kanal_brand_new_bungalow_private_swimming_pool_huge_car_parking_walking_distance_to_park_tim_hortons_dha_phase_6_100_original_deal-52567260-1618-1.html,Other,For Sale,1 Kanal,5.0,6.0,7 hours ago,PKR 9.19 Crore,"DHA Phase 6 - Block J, DHA Phase 6",Lahore,Zameen,91900000.0,Kanal,5445.0,False
https://www.zameen.com/Property/dha_defence_dha_phase_7_1_kanal_brand_new_beautifully_designed_modren_architecht_bungalow-54647882-1450-1.html,Other,For Sale,1 Kanal,5.0,6.0,4 hours ago,PKR 7.75 Crore,"DHA Phase 7, DHA Defence",Lahore,Zameen,77500000.0,Kanal,5445.0,False
https://www.zameen.com/Property/dha_defence_dha_phase_6_designer_design_beautiful_house_is_available_for_sale_in_dha_phase_6-54689466-1448-1.html,House,For Sale,1 Kanal,5.0,6.0,4 hours ago,PKR 8.5 Crore,"DHA Phase 6, DHA Defence",Lahore,Zameen,85000000.0,Kanal,5445.0,False
https://www.zameen.com/Property/askari_askari_12_brand_new_13_marla_luxury_apartment_for_sale_in_askari_12_lahore-54662616-22537-1.html,Apartment,For Sale,13 Marla,4.0,4.0,5 hours ago,PKR 4 Crore,"Askari 12, Askari",Lahore,Zameen,40000000.0,Marla,3539.25,False
https://www.zameen.com/Property/johar_town_johar_town_phase_2_5_marla_owner_built_house_for_sale_in_r1_block_johar_town_lahore_lda_transfer-54691848-3961-1.html,House,For Sale,5 Marla,3.0,4.0,5 hours ago,PKR 2.7 Crore,"Johar Town Phase 2, Johar Town",Lahore,Zameen,27000000.0,Marla,1361.25,False
https://www.zameen.com/Property/johar_town_johar_town_phase_2_5_marla_owner_built_house_for_sale_in_r1_block_johar_town_lahore_lda_transfer-54691837-3961-1.html,House,For Sale,5 Marla,3.0,4.0,5 hours ago,PKR 2.65 Crore,"Johar Town Phase 2, Johar Town",Lahore,Zameen,26500000.0,Marla,1361.25,False
https://www.zameen.com/Property/fazaia_housing_scheme_phase_1_fazaia_housing_scheme_phase_1_-_block_h_1_kanal_elegance_corner_plus_facing_park_modern_house_for_sale_in_executive_location_and_heart_of_fazaia_housing_society_phase_1-54635049-3772-1.html,House,For Sale,1 Kanal,6.0,6.0,2 hours ago,PKR 11.75 Crore,"Fazaia Housing Scheme Phase 1 - Block H, Fazaia Housing Scheme Phase 1",Lahore,Zameen,117500000.0,Kanal,5445.0,False
https://www.zameen.com/Property/eme_society_eme_society_-_block_d_for_sale_luxury_1_kanal_residential_house_block_d_eme_society_lahore-54650958-3748-1.html,House,For Sale,1 Kanal,5.0,5.0,2 hours ago,PKR 8 Crore,"EME Society - Block D, EME Society",Lahore,Zameen,80000000.0,Kanal,5445.0,False
https://www.zameen.com/Property/lahore_uet_housing_society_30_marla_owner_build_main_boulevard_house-54603880-615-1.html,House,For Sale,1.5 Kanal,4.0,5.0,1 hour ago,PKR 6.5 Crore,"UET Housing Society, Lahore",Lahore,Zameen,65000000.0,Kanal,8167.5,False
https://www.zameen.com/Property/lahore_iep_engineers_town_1_kanal_brand_new_house_for_sale_in_iep_town-54671127-8425-1.html,House,For Sale,18 Marla,5.0,6.0,1 hour ago,PKR 5.35 Crore,"IEP Engineers Town, Lahore",Lahore,Zameen,53500000.0,Marla,4900.5,False
https://www.zameen.com/Property/dha_phase_7_dha_phase_7_-_block_y_luxury_modern_house_for_sale_near_mcdonalds_prime_location-53107732-1632-1.html,House,For Sale,10 Marla,4.0,5.0,1 hour ago,PKR 5.05 Crore,"DHA Phase 7 - Block Y, DHA Phase 7",Lahore,Zameen,50500000.0,Marla,2722.5,False
https://www.zameen.com/Property/dha_defence_dha_phase_4_eid_gift_for_serious_buyer_owner_built_well_maintained_fully_furnished_must_visit_then_real_idea_pics_not_upload_original_family_used-51815572-1446-1.html,Other,For Sale,1 Kanal,5.0,6.0,1 hour ago,PKR 6.25 Crore,"DHA Phase 4, DHA Defence",Lahore,Zameen,62500000.0,Kanal,5445.0,False
https://www.zameen.com/Property/dha_defence_dha_phase_6_on_main_150_feet_road_4-kanal_2-kanal_bungalow_2-kanal_lawn_elegant_and_fully_maintained_super_hot_located_bungalow_is_available_in_the_best_block_of_dha_phase_6_lahore-54361978-1448-1.html,Other,For Sale,4 Kanal,6.0,7.0,1 hour ago,PKR 52 Crore,"DHA Phase 6, DHA Defence",Lahore,Zameen,520000000.0,Kanal,21780.0,False
https://www.zameen.com/Property/dha_defence_dha_phase_6_brand_new_1-kanal_elegant_and_fully_furnished_super_hot_located_bungalow_is_available_in_the_best_block_of_dha_lahore-54361979-1448-1.html,Other,For Sale,1 Kanal,5.0,6.0,1 hour ago,PKR 15.5 Crore,"DHA Phase 6, DHA Defence",Lahore,Zameen,155000000.0,Kanal,5445.0,False
https://www.zameen.com/Property/dha_defence_dha_phase_8_brand_new_1-kanal_elegant_and_fully_maintained_super_hot_located_bungalow_is_available_in_the_best_block_of_dha_phase_8_lahore-54361980-1451-1.html,Other,For Sale,1 Kanal,5.0,6.0,1 hour ago,PKR 10.5 Crore,"DHA Phase 8, DHA Defence",Lahore,Zameen,105000000.0,Kanal,5445.0,False
https://www.zameen.com/Property/dha_defence_dha_9_town_brand_new_5-marla_elegant_and_super_hot_located_bungalow_is_available_in_the_best_block_of_dha_lahore-54361981-1452-1.html,Other,For Sale,5 Marla,3.0,4.0,1 hour ago,PKR 3.25 Crore,"DHA 9 Town, DHA Defence",Lahore,Zameen,32500000.0,Marla,1361.25,False
https://www.zameen.com/Property/dha_phase_8_dha_phase_8_-_ex_air_avenue_brand_new_10-marla_elegant_and_super_hot_located_bungalow_is_available_in_the_best_block_of_dha_lahore-54361983-407-1.html,Other,For Sale,10 Marla,4.0,5.0,1 hour ago,PKR 6.25 Crore,"DHA Phase 8 - Ex Air Avenue, DHA Phase 8",Lahore,Zameen,62500000.0,Marla,2722.5,False
https://www.zameen.com/Property/dha_defence_dha_phase_7_brand_new_1-kanal_elegant_and_super_hot_located_bungalow_is_available_in_the_best_block_of_dha_lahore-54361974-1450-1.html,Other,For Sale,1 Kanal,5.0,6.0,1 hour ago,PKR 9.9 Crore,"DHA Phase 7, DHA Defence",Lahore,Zameen,99000000.0,Kanal,5445.0,False
https://www.zameen.com/Property/dha_defence_dha_phase_6_brand_new_1-kanal_elegant_furnished_and_super_hot_located_bungalow_is_available_in_the_best_block_of_dha_lahore-54361976-1448-1.html,Other,For Sale,1 Kanal,6.0,7.0,1 hour ago,PKR 22 Crore,"DHA Phase 6, DHA Defence",Lahore,Zameen,220000000.0,Kanal,5445.0,False
https://www.zameen.com/Property/dha_defence_dha_9_town_brand_new_5-marla_elegant_and_super_hot_located_spanish_bungalow_is_available_in_the_best_block_of_dha_lahore-54361982-1452-1.html,Other,For Sale,5 Marla,3.0,4.0,1 hour ago,PKR 3.3 Crore,"DHA 9 Town, DHA Defence",Lahore,Zameen,33000000.0,Marla,1361.25,False
https://www.zameen.com/Property/dha_defence_dha_phase_7_2_kanal_fully_furnished_with_basement_faisal_rasoo_design_bungalow_for_sale_in_phase_7_dha-54661808-1450-1.html,Other,For Sale,2 Kanal,7.0,6.0,7 hours ago,PKR 24 Crore,"DHA Phase 7, DHA Defence",Lahore,Zameen,240000000.0,Kanal,10890.0,False
https://www.zameen.com/Property/gt_road_bismillah_housing_scheme_5_marla_ultra_modern_house_for_sale_in_bismillah_housing_scheme-54426014-8446-1.html,House,For Sale,5 Marla,4.0,5.0,7 hours ago,PKR 2.6 Crore,"Bismillah Housing Scheme, GT Road",Lahore,Zameen,26000000.0,Marla,1361.25,False
https://www.zameen.com/Property/al_rehman_garden_al_rehman_garden_phase_2_10_marla_slightly_used_house_for_sale_al_rehman_garden_phase2_lahore_p_block-54643669-4506-1.html,House,For Sale,10 Marla,5.0,6.0,7 hours ago,PKR 3.2 Crore,"Al Rehman Garden Phase 2, Al Rehman Garden",Lahore,Zameen,32000000.0,Marla,2722.5,False
https://www.zameen.com/Property/dha_defence_dha_phase_3_d_h_a_lahore_4_kanal_brand_new_faisal_rasool_design_house_fully_furnished_with_100_original_pics_available_for_sale-52899644-1454-1.html,House,For Sale,4 Kanal,5.0,6.0,8 hours ago,PKR 53 Crore,"DHA Phase 3, DHA Defence",Lahore,Zameen,530000000.0,Kanal,21780.0,False
https://www.zameen.com/Property/dha_defence_dha_phase_5_dha_lahore_32_marla_owner_build_design_house_with_basement_with_100_original_pictures_available_for_sale-53424811-1447-1.html,House,For Sale,1.6 Kanal,7.0,7.0,8 hours ago,PKR 13 Crore,"DHA Phase 5, DHA Defence",Lahore,Zameen,130000000.0,Kanal,8712.0,False
https://www.zameen.com/Property/lahore_rehman_gardens_7_marla_ground_floor_flat_available_for_sale_in_rehman_gardens-54689460-4584-1.html,Apartment,For Sale,7 Marla,3.0,3.0,5 hours ago,PKR 2 Crore,"Rehman Gardens, Lahore",Lahore,Zameen,20000000.0,Marla,1905.75,False
https://www.zameen.com/Property/dha_9_town_dha_9_town_-_block_d_before_buy_a_house_must_visit_a_material_solid_construction_exceptional_finishing_sector_d_nearest_to_attack_petrol_pump-54580727-8176-1.html,House,For Sale,5 Marla,3.0,5.0,5 hours ago,PKR 2.9 Crore,"DHA 9 Town - Block D, DHA 9 Town",Lahore,Zameen,29000000.0,Marla,1361.25,False
https://www.zameen.com/Property/dha_phase_7_dha_phase_7_-_block_y_exclusive_1_kanal_luxury_residence_prime_location_of_dha_phase_7_steps_away_from_mosque_park_its_fully_designer_bungalow_best_for_investment-54499041-1632-1.html,Other,For Sale,1 Kanal,5.0,7.0,7 hours ago,PKR 8.25 Crore,"DHA Phase 7 - Block Y, DHA Phase 7",Lahore,Zameen,82500000.0,Kanal,5445.0,False
https://www.zameen.com/Property/dha_defence_dha_phase_7_3-kanal_full_basement_elegant_and_fully_maintained_bungalow_is_available_in_the_best_block_of_dha_lahore-54686137-1450-1.html,Other,For Sale,3 Kanal,6.0,7.0,8 hours ago,PKR 24.9 Crore,"DHA Phase 7, DHA Defence",Lahore,Zameen,249000000.0,Kanal,16335.0,False
https://www.zameen.com/Property/askari_9_askari_9_-_block_b_beautiful_house_4_bedrooms_available_for_sale_in_askari-9-54569939-9426-1.html,Room,For Sale,10 Marla,4.0,5.0,8 hours ago,PKR 5.15 Crore,"Askari 9 - Block B, Askari 9",Lahore,Zameen,51500000.0,Marla,2722.5,False
https://www.zameen.com/Property/dha_defence_dha_phase_8_2_kanal_brand_new_ultra-luxury_royal_bungalow_fully_furnished_prime_hot_location_dha_phase_8_100_original_deal-53669331-1451-1.html,Other,For Sale,2 Kanal,6.0,6.0,3 hours ago,PKR 18.75 Crore,"DHA Phase 8, DHA Defence",Lahore,Zameen,187500000.0,Kanal,10890.0,False
https://www.zameen.com/Property/dha_phase_6_dha_phase_6_-_block_c_1_kanal_luxury_modern_unit_house_for_sale_ready_to_move_in_at_dha_phase_6_lahore-53199802-1612-1.html,House,For Sale,1 Kanal,5.0,6.0,3 hours ago,PKR 12 Crore,"DHA Phase 6 - Block C, DHA Phase 6",Lahore,Zameen,120000000.0,Kanal,5445.0,False
https://www.zameen.com/Property/dha_phase_6_dha_phase_6_-_block_b_plot_price_7_75_cr_complete_house_11_60_cr_final_b_block_dha_lahore_ki_exceptional_opportunity-54674756-1611-1.html,House,For Sale,1 Kanal,5.0,6.0,1 hour ago,PKR 11.6 Crore,"DHA Phase 6 - Block B, DHA Phase 6",Lahore,Zameen,116000000.0,Kanal,5445.0,False
https://www.zameen.com/Property/lahore_hbfc_housing_society_corner_owner_built_3_bed_room_house_confirm_option_available_for_sale-54678524-1718-1.html,Room,For Sale,1 Kanal,3.0,4.0,1 hour ago,PKR 5.75 Crore,"HBFC Housing Society, Lahore",Lahore,Zameen,57500000.0,Kanal,5445.0,False
https://www.zameen.com/Property/johar_town_johar_town_phase_2_12_marla_house_owner_build_almost_good_condition_7_bed_tile_marble_flooring_best_for_investment_purposes-54380820-3961-1.html,House,For Sale,12 Marla,7.0,6.0,2 hours ago,PKR 4.3 Crore,"Johar Town Phase 2, Johar Town",Lahore,Zameen,43000000.0,Marla,3267.0,False
https://www.zameen.com/Property/johar_town_johar_town_phase_1_12_marla_brand-new_modern_house_for_sale_in_johar_town_phase_1_gated_community_prime_location-54279578-3937-1.html,House,For Sale,12 Marla,6.0,6.0,2 hours ago,PKR 7.4 Crore,"Johar Town Phase 1, Johar Town",Lahore,Zameen,74000000.0,Marla,3267.0,False
https://www.zameen.com/Property/bahria_town_bahria_town_-_sector_c_1st_floor_apartment_for_sale_alif_holding_building_sector_c_bahria_town_lahore-54279579-1784-1.html,Apartment,For Sale,1.8 Marla,1.0,1.0,2 hours ago,PKR 55 Lakh,"Bahria Town - Sector C, Bahria Town",Lahore,Zameen,5500000.0,Marla,490.05,False
https://www.zameen.com/Property/dha_defence_dha_phase_7_brilliant_design_house_for_sale_in_dha_phase_7_lahore-52188554-1450-1.html,House,For Sale,1 Kanal,5.0,6.0,1 hour ago,PKR 7.25 Crore,"DHA Phase 7, DHA Defence",Lahore,Zameen,72500000.0,Kanal,5445.0,False
https://www.zameen.com/Property/dha_defence_dha_phase_6_modern_with_double_height_lobby_house_for_sale_in_dha_lahore-52000542-1448-1.html,House,For Sale,1 Kanal,5.0,6.0,1 hour ago,PKR 8.76 Crore,"DHA Phase 6, DHA Defence",Lahore,Zameen,87600000.0,Kanal,5445.0,False
https://www.zameen.com/Property/dha_defence_dha_phase_6_a_prestigious_1_kanal_address_in_the_heart_of_dha_lahore-51989910-1448-1.html,Other,For Sale,1 Kanal,5.0,6.0,1 hour ago,PKR 9.7 Crore,"DHA Phase 6, DHA Defence",Lahore,Zameen,97000000.0,Kanal,5445.0,False
https://www.zameen.com/Property/dha_defence_dha_phase_6_solid_owner-built_1_kanal_house_for_sale_in_prime_location-51990045-1448-1.html,House,For Sale,1 Kanal,5.0,6.0,1 hour ago,PKR 8.9 Crore,"DHA Phase 6, DHA Defence",Lahore,Zameen,89000000.0,Kanal,5445.0,False
https://www.zameen.com/Property/dha_defence_dha_phase_6_fully_furnished_1_kanal_top_line_house_for_sale_in_dha_lahore-51989849-1448-1.html,House,For Sale,1 Kanal,5.0,6.0,1 hour ago,PKR 10.5 Crore,"DHA Phase 6, DHA Defence",Lahore,Zameen,105000000.0,Kanal,5445.0,False
https://www.zameen.com/Property/dha_defence_dha_phase_7_1_kanal_latest_design_owner_build_house_for_sale_in_dha_lahore-51977491-1450-1.html,House,For Sale,1 Kanal,5.0,7.0,1 hour ago,PKR 6.3 Crore,"DHA Phase 7, DHA Defence",Lahore,Zameen,63000000.0,Kanal,5445.0,False
https://www.zameen.com/Property/dha_9_town_dha_9_town_-_block_b_brand_new_5-marla_elegant_and_super_hot_located_bungalow_is_available_in_the_best_block_of_dha_lahore-54361984-8174-1.html,Other,For Sale,5 Marla,3.0,4.0,1 hour ago,PKR 3.45 Crore,"DHA 9 Town - Block B, DHA 9 Town",Lahore,Zameen,34500000.0,Marla,1361.25,False
https://www.zameen.com/Property/dha_defence_dha_phase_3_ideal_house_for_sale_in_dha_phase_3-54362149-1454-1.html,House,For Sale,1 Kanal,5.0,6.0,1 hour ago,PKR 9.75 Crore,"DHA Phase 3, DHA Defence",Lahore,Zameen,97500000.0,Kanal,5445.0,False
https://www.zameen.com/Property/dha_phase_5_penta_square_by_dha_lahore_100_original_pics_of_penta_square_fully_furnished_1_bed_apartment_1203_sq_ft_for_sale_in_tower_a_13th_floor-54569900-11845-1.html,Apartment,For Sale,5.3 Marla,1.0,2.0,8 hours ago,PKR 3.9 Crore,"Penta Square By DHA Lahore, DHA Phase 5",Lahore,Zameen,39000000.0,Marla,1442.925,False
https://www.zameen.com/Property/dha_defence_dha_phase_7_corner_1_kanal_house_for_sale_in_dha_phase_7_lahore_near_mcdonalds_and_it_city-54581094-1450-1.html,House,For Sale,1 Kanal,5.0,6.0,8 hours ago,PKR 7.8 Crore,"DHA Phase 7, DHA Defence",Lahore,Zameen,78000000.0,Kanal,5445.0,False
https://www.zameen.com/Property/askari_10_askari_10_-_sector_f_golden_oppercountiy-54690455-10542-1.html,Other,For Sale,17 Marla,5.0,6.0,9 hours ago,PKR 11.35 Crore,"Askari 10 - Sector F, Askari 10",Lahore,Zameen,113500000.0,Marla,4628.25,False
https://www.zameen.com/Property/dha_11_rahbar_sector_1_dha_11_rahbar_sector_1_-_block_b_prime_location_house_for_sale_in_beautiful_dha_11_rahbar_sector_1_-_block_b-54688526-3712-1.html,House,For Sale,1 Kanal,5.0,6.0,10 hours ago,PKR 9 Crore,"DHA 11 Rahbar Sector 1 - Block B, DHA 11 Rahbar Sector 1",Lahore,Zameen,90000000.0,Kanal,5445.0,False
https://www.zameen.com/Property/dha_defence_dha_9_town_5_marla_brand_new_ultra_modern_design_house_for_sale_in_dha_9_town_top_location_near_to_park_near_to_commercial_area_near_to_main_road-54521147-1452-1.html,House,For Sale,5 Marla,3.0,4.0,10 hours ago,PKR 2.75 Crore,"DHA 9 Town, DHA Defence",Lahore,Zameen,27500000.0,Marla,1361.25,False
https://www.zameen.com/Property/lahore_lake_city_meadows_eyes_catching_1_kanal_brand_new_mdern_design_house_for_sale-54179590-487-1.html,House,For Sale,1 Kanal,5.0,6.0,9 hours ago,PKR 7.85 Crore,"Lake City Meadows, Lahore",Lahore,Zameen,78500000.0,Kanal,5445.0,False
https://www.zameen.com/Property/lahore_new_lahore_city_get_free_solar_installation_with_3_marla_double_storey_brand_new_house_booking_in_month_of_august-54662144-8152-1.html,House,For Sale,3 Marla,3.0,3.0,9 hours ago,PKR 1.1 Crore,"New Lahore City, Lahore",Lahore,Zameen,11000000.0,Marla,816.75,False
https://www.zameen.com/Property/lahore_new_lahore_city_get_free_solar_installation_with_3_marla_double_story_brand_new_house_booking_in_month_of_august-54648292-8152-1.html,House,For Sale,3 Marla,3.0,3.0,9 hours ago,PKR 1.1 Crore,"New Lahore City, Lahore",Lahore,Zameen,11000000.0,Marla,816.75,False
https://www.zameen.com/Property/dha_defence_dha_phase_7_uk_architect_-_1_kanal_semi_furnished_modern_house_for_sale_-_dha_phase_7-54622183-1450-1.html,House,For Sale,1 Kanal,5.0,6.0,9 hours ago,PKR 13.5 Crore,"DHA Phase 7, DHA Defence",Lahore,Zameen,135000000.0,Kanal,5445.0,False
https://www.zameen.com/Property/dha_phase_7_dha_phase_7_-_block_q_1_kanal_bungalow_immaculate_iconic_unmissable_dha_lahore_s_best_block-54561519-1624-1.html,Other,For Sale,1 Kanal,5.0,6.0,10 hours ago,PKR 10.9 Crore,"DHA Phase 7 - Block Q, DHA Phase 7",Lahore,Zameen,109000000.0,Kanal,5445.0,False
https://www.zameen.com/Property/dha_defence_dha_phase_5_5_marla_modern_design_house_for_sale_near_park_100_original_pictures-54143584-1447-1.html,House,For Sale,5 Marla,3.0,4.0,3 hours ago,PKR 3.5 Crore,"DHA Phase 5, DHA Defence",Lahore,Zameen,35000000.0,Marla,1361.25,False
https://www.zameen.com/Property/dha_defence_dha_phase_6_5_marla_brand_new_modern_design_house_for_sale_in_dha_phase_6-54143633-1448-1.html,House,For Sale,5 Marla,3.0,4.0,3 hours ago,PKR 3 Crore,"DHA Phase 6, DHA Defence",Lahore,Zameen,30000000.0,Marla,1361.25,False
https://www.zameen.com/Property/johar_town_johar_town_phase_2_5_marla_house_for_sale_in_p_block_johar_town_phase_2-54685215-3961-1.html,House,For Sale,5 Marla,3.0,4.0,2 hours ago,PKR 2.65 Crore,"Johar Town Phase 2, Johar Town",Lahore,Zameen,26500000.0,Marla,1361.25,False
https://www.zameen.com/Property/johar_town_johar_town_phase_2_5_marla_2_bedroom_ground_floor_good_condition_house_for_sale_in_johar_town_phase_2_lahore_prime_location_near_emporium_mall-54483796-3961-1.html,Room,For Sale,5 Marla,4.0,4.0,2 hours ago,PKR 2.7 Crore,"Johar Town Phase 2, Johar Town",Lahore,Zameen,27000000.0,Marla,1361.25,False
https://www.zameen.com/Property/allama_iqbal_town_allama_iqbal_town_-_huma_block_3_marla_brand_new_house_available_for_sale-53665987-3534-1.html,House,For Sale,3 Marla,4.0,4.0,2 hours ago,PKR 2.7 Crore,"Allama Iqbal Town - Huma Block, Allama Iqbal Town",Lahore,Zameen,27000000.0,Marla,816.75,False
https://www.zameen.com/Property/allama_iqbal_town_allama_iqbal_town_-_ravi_block_10_marla_double_story_beautifull_house_available_for_sale-54335983-3542-1.html,House,For Sale,10 Marla,5.0,5.0,2 hours ago,PKR 4 Crore,"Allama Iqbal Town - Ravi Block, Allama Iqbal Town",Lahore,Zameen,40000000.0,Marla,2722.5,False
https://www.zameen.com/Property/allama_iqbal_town_allama_iqbal_town_-_nargis_block_5_marla_beautifull_house_available_for_sale-54576320-3540-1.html,House,For Sale,5 Marla,4.0,4.0,2 hours ago,PKR 2.7 Crore,"Allama Iqbal Town - Nargis Block, Allama Iqbal Town",Lahore,Zameen,27000000.0,Marla,1361.25,False
https://www.zameen.com/Property/dha_defence_dha_phase_3_this_is_your_chance_to_buy_house_in_dha_phase_3-54362150-1454-1.html,House,For Sale,1 Kanal,5.0,6.0,1 hour ago,PKR 9.5 Crore,"DHA Phase 3, DHA Defence",Lahore,Zameen,95000000.0,Kanal,5445.0,False
https://www.zameen.com/Property/dha_defence_dha_phase_4_get_an_attractive_house_in_lahore_under_rs_80000000-54362151-1446-1.html,House,For Sale,1 Kanal,5.0,6.0,1 hour ago,PKR 8 Crore,"DHA Phase 4, DHA Defence",Lahore,Zameen,80000000.0,Kanal,5445.0,False
https://www.zameen.com/Property/dha_defence_dha_phase_4_buying_a_house_in_dha_phase_4-54362152-1446-1.html,House,For Sale,1 Kanal,5.0,6.0,1 hour ago,PKR 9.5 Crore,"DHA Phase 4, DHA Defence",Lahore,Zameen,95000000.0,Kanal,5445.0,False
https://www.zameen.com/Property/dha_defence_dha_phase_1_2_kanal_elegant_and_old_fully_maintained_super_hot_located_bungalow_is_available_in_the_best_block_of_dha_lahore-54362153-1442-1.html,Other,For Sale,2 Kanal,5.0,6.0,1 hour ago,PKR 14 Crore,"DHA Phase 1, DHA Defence",Lahore,Zameen,140000000.0,Kanal,10890.0,False
https://www.zameen.com/Property/dha_defence_dha_phase_7_syed_brothers_proudly_offers_brand_new_1-kanal_elegant_and_modern_design_super_hot_located_bungalow_is_available_in_the_best_block_of_dha_phase_7_lahore-54362154-1450-1.html,Other,For Sale,1 Kanal,5.0,6.0,1 hour ago,PKR 8.49 Crore,"DHA Phase 7, DHA Defence",Lahore,Zameen,84900000.0,Kanal,5445.0,False
https://www.zameen.com/Property/dha_defence_dha_phase_6_fully_furnished_modern_2-kanal_1_1_super_hot_located_bungalow_with_pool_and_theatre_is_available_in_the_best_block_of_dha_phase_6_lahore-54362155-1448-1.html,Other,For Sale,2 Kanal,6.0,7.0,1 hour ago,PKR 20.5 Crore,"DHA Phase 6, DHA Defence",Lahore,Zameen,205000000.0,Kanal,10890.0,False
https://www.zameen.com/Property/dha_defence_dha_phase_5_phase_5_2-kanal_used_house_spanish_design_owner_build_near_jalal_sons-54362156-1447-1.html,House,For Sale,2 Kanal,6.0,7.0,1 hour ago,PKR 25.99 Crore,"DHA Phase 5, DHA Defence",Lahore,Zameen,259900000.0,Kanal,10890.0,False
https://www.zameen.com/Property/dha_phase_8_dha_phase_8_-_ex_air_avenue_luxury_fully_renovated_double_unit_bungalow_phase_8_block_n-54362158-407-1.html,Other,For Sale,10 Marla,4.0,5.0,1 hour ago,PKR 4.9 Crore,"DHA Phase 8 - Ex Air Avenue, DHA Phase 8",Lahore,Zameen,49000000.0,Marla,2722.5,False
https://www.zameen.com/Property/dha_defence_dha_9_town_brand_new_5_marla_luxury_house_for_sale_in_dha_9_town_prime_location_near_park_commercial_modern_design_best_investment_opportunity-54482869-1452-1.html,House,For Sale,5 Marla,3.0,4.0,10 hours ago,PKR 2.76 Crore,"DHA 9 Town, DHA Defence",Lahore,Zameen,27600000.0,Marla,1361.25,False
https://www.zameen.com/Property/dha_phase_6_dha_phase_6_-_block_k_2_kanal_brand_new_victorian_faisal_rasul_design_most_beautiful_full_basement_fully_furnished_home_theater_swimming_pool_gym_bungalow_top_roof_garden_for_sale_at_prime_location_of_dha_lahore_near_to_park_masjid_dha_raya_fairways_commercial-51999705-1619-1.html,Other,For Sale,2 Kanal,6.0,7.0,10 hours ago,PKR 51 Crore,"DHA Phase 6 - Block K, DHA Phase 6",Lahore,Zameen,510000000.0,Kanal,10890.0,False
https://www.zameen.com/Property/dha_defence_dha_phase_2_syed_brothers_proudly_offers_1-kanal_elegant_furnished_bungalow_is_available_in_the_best_block_of_dha_lahore-54505192-1444-1.html,Other,For Sale,1 Kanal,5.0,6.0,11 hours ago,PKR 9.25 Crore,"DHA Phase 2, DHA Defence",Lahore,Zameen,92500000.0,Kanal,5445.0,False
https://www.zameen.com/Property/al_rehman_garden_phase_2_al_rehman_phase_2_-_block_i_ideal_house_is_available_for_sale_in_lahore-54688994-12994-1.html,House,For Sale,5 Marla,4.0,5.0,11 hours ago,PKR 2.75 Crore,"Al Rehman Phase 2 - Block I, Al Rehman Garden Phase 2",Lahore,Zameen,27500000.0,Marla,1361.25,False
https://www.zameen.com/Property/al_rehman_garden_phase_2_al_rehman_phase_2_-_block_o_your_dream_10_marla_house_is_available_in_al_rehman_phase_2_-_block_o-54688992-12991-1.html,House,For Sale,10 Marla,5.0,6.0,11 hours ago,PKR 5.25 Crore,"Al Rehman Phase 2 - Block O, Al Rehman Garden Phase 2",Lahore,Zameen,52500000.0,Marla,2722.5,False
https://www.zameen.com/Property/bahria_town_bahria_town_-_sector_f_15_marla_brand_new_owner_built_house_with_solid_construction-54690368-3097-1.html,House,For Sale,15 Marla,8.0,6.0,10 hours ago,PKR 7.9 Crore,"Bahria Town - Sector F, Bahria Town",Lahore,Zameen,79000000.0,Marla,4083.75,False
https://www.zameen.com/Property/lahore_park_view_city_5_marla_house_in_park_view_city_for_sale_at_good_location-54567233-1466-1.html,House,For Sale,5 Marla,4.0,5.0,10 hours ago,PKR 2.2 Crore,"Park View City, Lahore",Lahore,Zameen,22000000.0,Marla,1361.25,False
https://www.zameen.com/Property/lahore_park_view_city_find_your_ideal_house_in_park_view_city_under_rs_44500000-54567232-1466-1.html,House,For Sale,10 Marla,5.0,6.0,10 hours ago,PKR 4.45 Crore,"Park View City, Lahore",Lahore,Zameen,44500000.0,Marla,2722.5,False
https://www.zameen.com/Property/dha_11_rahbar_sector_1_dha_11_rahbar_sector_1_-_block_a_looking_for_a_prime_location_house_in_dha_11_rahbar_sector_1_-_block_a-54688589-3711-1.html,House,For Sale,8 Marla,4.0,5.0,10 hours ago,PKR 4.45 Crore,"DHA 11 Rahbar Sector 1 - Block A, DHA 11 Rahbar Sector 1",Lahore,Zameen,44500000.0,Marla,2178.0,False
https://www.zameen.com/Property/wapda_town_phase_1_wapda_town_phase_1_-_block_j2_prime_location_10_marla_house_in_wapda_town_phase_1_-_block_j2_for_sale-54688608-4324-1.html,House,For Sale,10 Marla,5.0,6.0,10 hours ago,PKR 6 Crore,"Wapda Town Phase 1 - Block J2, Wapda Town Phase 1",Lahore,Zameen,60000000.0,Marla,2722.5,False
https://www.zameen.com/Property/dha_defence_dha_phase_7_10_marla_luxurious_brand_new_house_for_sale_in_dha_phase_7_lahore-54152426-1450-1.html,House,For Sale,10 Marla,5.0,6.0,3 hours ago,PKR 5.25 Crore,"DHA Phase 7, DHA Defence",Lahore,Zameen,52500000.0,Marla,2722.5,False
https://www.zameen.com/Property/dha_defence_dha_phase_7_10_marla_luxurious_beautiful_house_for_sale_dha_phase_7_lahore-54152482-1450-1.html,House,For Sale,10 Marla,4.0,5.0,3 hours ago,PKR 4.9 Crore,"DHA Phase 7, DHA Defence",Lahore,Zameen,49000000.0,Marla,2722.5,False
https://www.zameen.com/Property/awan_town_awan_town_-_madina_block_1_kanal_house_for_sale-54576362-4368-1.html,House,For Sale,1 Kanal,5.0,6.0,2 hours ago,PKR 4.8 Crore,"Awan Town - Madina Block, Awan Town",Lahore,Zameen,48000000.0,Kanal,5445.0,False
https://www.zameen.com/Property/allama_iqbal_town_allama_iqbal_town_-_rachna_block_2_kanal_double_storey_beautiful_house_for_sale-54588235-3539-1.html,House,For Sale,2 Kanal,6.0,7.0,2 hours ago,PKR 18 Crore,"Allama Iqbal Town - Rachna Block, Allama Iqbal Town",Lahore,Zameen,180000000.0,Kanal,10890.0,False
https://www.zameen.com/Property/dha_phase_7_dha_phase_7_-_block_q_1_kanal_brand_new_ultra_luxury_modern_designed_bungalow_for_sale-54551881-1624-1.html,Other,For Sale,1 Kanal,5.0,6.0,3 hours ago,PKR 10.35 Crore,"DHA Phase 7 - Block Q, DHA Phase 7",Lahore,Zameen,103500000.0,Kanal,5445.0,False
https://www.zameen.com/Property/dha_phase_8_dha_phase_8_-_block_y_budget_friendly_1_kanal_dream_home-52671574-1640-1.html,Other,For Sale,1 Kanal,6.0,7.0,3 hours ago,PKR 7.8 Crore,"DHA Phase 8 - Block Y, DHA Phase 8",Lahore,Zameen,78000000.0,Kanal,5445.0,False
https://www.zameen.com/Property/dha_defence_dha_phase_7_1_kanal_brand_new_luxury_ultra_modern_designed_bungalow_for_sale_at_prime_location_in_dha_phase_7_near_by_carrefour_original_pictures_are_attached-54378130-1450-1.html,Other,For Sale,1 Kanal,5.0,6.0,3 hours ago,PKR 13.4 Crore,"DHA Phase 7, DHA Defence",Lahore,Zameen,134000000.0,Kanal,5445.0,False
https://www.zameen.com/Property/dha_defence_dha_phase_6_syed_brothers_proudly_offers_1-kanal_elegant_and_fully_maintained_modern_bungalow_is_available_in_the_best_block_of_dha_lahore-54372046-1448-1.html,Other,For Sale,1 Kanal,5.0,6.0,1 hour ago,PKR 13 Crore,"DHA Phase 6, DHA Defence",Lahore,Zameen,130000000.0,Kanal,5445.0,False
https://www.zameen.com/Property/dha_defence_dha_phase_1_syed_brothers_proudly_offers_1-kanal_elegant_and_fully_maintained_bungalow_is_available_in_the_best_block_of_dha_lahore-54364135-1442-1.html,Other,For Sale,1 Kanal,5.0,6.0,1 hour ago,PKR 7.75 Crore,"DHA Phase 1, DHA Defence",Lahore,Zameen,77500000.0,Kanal,5445.0,False
https://www.zameen.com/Property/dha_defence_dha_phase_6_syed_brothers_proudly_offers_1-kanal_elegant_and_fully_maintained_bungalow_is_available_in_the_best_block_of_dha_lahore-54364136-1448-1.html,Other,For Sale,1 Kanal,5.0,6.0,1 hour ago,PKR 12.5 Crore,"DHA Phase 6, DHA Defence",Lahore,Zameen,125000000.0,Kanal,5445.0,False
https://www.zameen.com/Property/dha_defence_dha_phase_7_syed_brothers_proudly_offers_10-marla_elegant_and_semi_furnished_modern_new_bungalow_is_available_in_the_best_block_of_dha_lahore-54364147-1450-1.html,Other,For Sale,10 Marla,3.0,4.0,1 hour ago,PKR 5.7 Crore,"DHA Phase 7, DHA Defence",Lahore,Zameen,57000000.0,Marla,2722.5,False
https://www.zameen.com/Property/dha_defence_dha_phase_6_syed_brothers_proudly_offers_1-kanal_elegant_and_fully_maintained_bungalow_is_available_in_the_best_block_of_dha_lahore-54368127-1448-1.html,Other,For Sale,1 Kanal,5.0,6.0,1 hour ago,PKR 12 Crore,"DHA Phase 6, DHA Defence",Lahore,Zameen,120000000.0,Kanal,5445.0,False
https://www.zameen.com/Property/dha_defence_dha_phase_6_syed_brothers_proudly_offers_1-kanal_elegant_and_fully_maintained_bungalow_is_available_in_the_best_block_of_dha_lahore-54381691-1448-1.html,Other,For Sale,1 Kanal,5.0,6.0,1 hour ago,PKR 12.5 Crore,"DHA Phase 6, DHA Defence",Lahore,Zameen,125000000.0,Kanal,5445.0,False
https://www.zameen.com/Property/dha_defence_dha_phase_6_syed_brothers_proudly_offers_22_marla_elegant_and_fully_maintained_owner_build_bungalow_near_market_mosque_is_available_in_the_best_block_of_dha_lahore-54381703-1448-1.html,Other,For Sale,1.1 Kanal,7.0,7.0,1 hour ago,PKR 15 Crore,"DHA Phase 6, DHA Defence",Lahore,Zameen,150000000.0,Kanal,5989.500000000001,False
https://www.zameen.com/Property/dha_defence_dha_phase_1_syed_brothers_proudly_offers_1_kanal_elegant_and_fully_maintained_bungalow_is_available_in_the_best_block_of_dha_lahore-54381704-1442-1.html,Other,For Sale,1 Kanal,4.0,5.0,1 hour ago,PKR 8 Crore,"DHA Phase 1, DHA Defence",Lahore,Zameen,80000000.0,Kanal,5445.0,False
https://www.zameen.com/Property/al_rehman_garden_phase_2_al_rehman_phase_2_-_block_g_ready_to_buy_a_house_10_marla_in_al_rehman_phase_2_-_block_g-54688991-12996-1.html,House,For Sale,10 Marla,5.0,6.0,11 hours ago,PKR 4.5 Crore,"Al Rehman Phase 2 - Block G, Al Rehman Garden Phase 2",Lahore,Zameen,45000000.0,Marla,2722.5,False
https://www.zameen.com/Property/askari_10_askari_10_-_sector_f_army_housing_complex_3_bedrooms_flat_for_sale_is_available_askari_10_-_sector_f_lahore_cantt-54638094-10542-1.html,Room,For Sale,10 Marla,3.0,4.0,11 hours ago,PKR 3.45 Crore,"Askari 10 - Sector F, Askari 10",Lahore,Zameen,34500000.0,Marla,2722.5,False
https://www.zameen.com/Property/askari_askari_10_10_marla_house_for_sale_askari_10_lahore-54639176-1011-1.html,House,For Sale,10 Marla,4.0,4.0,11 hours ago,PKR 5.9 Crore,"Askari 10, Askari",Lahore,Zameen,59000000.0,Marla,2722.5,False
https://www.zameen.com/Property/askari_11_askari_11_-_sector_b_a_stunning_prime_location_flat_is_up_for_grabs_in_askari_11_-_sector_b_lahore-54620816-15702-1.html,Apartment,For Sale,10 Marla,3.0,4.0,11 hours ago,PKR 3.05 Crore,"Askari 11 - Sector B, Askari 11",Lahore,Zameen,30500000.0,Marla,2722.5,False
https://www.zameen.com/Property/askari_10_askari_10_-_sector_f_17_marla_5_bed_house_for_sale_in_askari_10_sector_f_lahore-54677556-10542-1.html,House,For Sale,17 Marla,5.0,5.0,11 hours ago,PKR 11 Crore,"Askari 10 - Sector F, Askari 10",Lahore,Zameen,110000000.0,Marla,4628.25,False
https://www.zameen.com/Property/dha_defence_dha_phase_7_20_marla_ultra_modern_brand_new_house_for_sale-54569171-1450-1.html,House,For Sale,1 Kanal,5.0,6.0,11 hours ago,PKR 7.5 Crore,"DHA Phase 7, DHA Defence",Lahore,Zameen,75000000.0,Kanal,5445.0,False
https://www.zameen.com/Property/dha_defence_dha_phase_6_dha_phase_6_j_block_1_kanal_brand_new_luxury_house_for_sale-54606878-1448-1.html,House,For Sale,1 Kanal,6.0,7.0,11 hours ago,PKR 17 Crore,"DHA Phase 6, DHA Defence",Lahore,Zameen,170000000.0,Kanal,5445.0,False
https://www.zameen.com/Property/dha_11_rahbar_sector_1_dha_11_rahbar_sector_1_-_block_e_you_can_find_a_gorgeous_prime_location_house_for_sale_on_50_ft_wide_road_in_dha_11_rahbar_sector_1_-_block_e-54688489-3715-1.html,House,For Sale,10 Marla,5.0,6.0,11 hours ago,PKR 5.4 Crore,"DHA 11 Rahbar Sector 1 - Block E, DHA 11 Rahbar Sector 1",Lahore,Zameen,54000000.0,Marla,2722.5,False
https://www.zameen.com/Property/gt_road_bismillah_housing_scheme_own_a_facing_park_house_in_10_marla_lahore-54688403-8446-1.html,House,For Sale,10 Marla,6.0,6.0,11 hours ago,PKR 4.7 Crore,"Bismillah Housing Scheme, GT Road",Lahore,Zameen,47000000.0,Marla,2722.5,False
https://www.zameen.com/Property/dha_defence_dha_9_town_owner-built_double_story_grey_structure_complete_dha_phase_9_town_a_block_facing_8_marla-54564931-1452-1.html,Other,For Sale,5 Marla,3.0,4.0,11 hours ago,PKR 1.93 Crore,"DHA 9 Town, DHA Defence",Lahore,Zameen,19300000.0,Marla,1361.25,False
https://www.zameen.com/Property/dha_defence_dha_phase_7_10_marla_facing_park_luxury_house_with_swimming_pool_designer_home_prime_location-54156945-1450-1.html,House,For Sale,10 Marla,4.0,5.0,3 hours ago,PKR 7 Crore,"DHA Phase 7, DHA Defence",Lahore,Zameen,70000000.0,Marla,2722.5,False
https://www.zameen.com/Property/dha_defence_dha_9_town_10_marla_brand_new_luxury_house_for_sale_in_heart_of_dha_lahore_phase_9_town-54354694-1452-1.html,House,For Sale,10 Marla,4.0,5.0,3 hours ago,PKR 5.25 Crore,"DHA 9 Town, DHA Defence",Lahore,Zameen,52500000.0,Marla,2722.5,False
https://www.zameen.com/Property/dha_phase_7_dha_phase_7_-_block_u_1_kanal_brand_new_luxury_modern_designed_bungalow_for_sale-54334401-1628-1.html,Other,For Sale,1 Kanal,5.0,6.0,3 hours ago,PKR 9.95 Crore,"DHA Phase 7 - Block U, DHA Phase 7",Lahore,Zameen,99500000.0,Kanal,5445.0,False
https://www.zameen.com/Property/dha_defence_dha_phase_7_10_marla_4_years_used_un_furnished_ultra_modern_designed_luxury_bungalow_for_sale_at_prime_location_in_dha_phase_7_near_by_park_and_mcdonald_original_pictures_are_attached-54377067-1450-1.html,Other,For Sale,10 Marla,4.0,5.0,3 hours ago,PKR 4.9 Crore,"DHA Phase 7, DHA Defence",Lahore,Zameen,49000000.0,Marla,2722.5,False
https://www.zameen.com/Property/dha_phase_7_dha_phase_7_-_block_y_10_marla_brand_new_ultra_modern_mohsin_ali_designed_luxury_bungalow_for_sale_at_prime_location_in_dha_phase_7_near_by_park_and_mcdonald_original_pictures_are_attached-54690666-1632-1.html,Other,For Sale,10 Marla,4.0,5.0,3 hours ago,PKR 6.8 Crore,"DHA Phase 7 - Block Y, DHA Phase 7",Lahore,Zameen,68000000.0,Marla,2722.5,False
https://www.zameen.com/Property/askari_askari_12_spacious_elegant_apartment_with_designer_upgrades-54677500-22537-1.html,Apartment,For Sale,12 Marla,4.0,5.0,3 hours ago,PKR 4.15 Crore,"Askari 12, Askari",Lahore,Zameen,41500000.0,Marla,3267.0,False
https://www.zameen.com/Property/dha_phase_7_dha_phase_7_-_block_u_100_original_deal_1_kanal_mansoor_nabi_design_lavish_most_beautiful_modern_house_available_for_sale_near_to_carrefour_top_notch_location-54405718-1628-1.html,House,For Sale,1 Kanal,5.0,6.0,3 hours ago,PKR 8.96 Crore,"DHA Phase 7 - Block U, DHA Phase 7",Lahore,Zameen,89600000.00000001,Kanal,5445.0,False
https://www.zameen.com/Property/dha_defence_dha_9_town_dha_phase_9-town_5_marla_brand_new_spanish_dubai_designed_elegant_house_for_sale-54381813-1452-1.html,House,For Sale,5 Marla,3.0,4.0,1 hour ago,PKR 3.35 Crore,"DHA 9 Town, DHA Defence",Lahore,Zameen,33500000.0,Marla,1361.25,False
https://www.zameen.com/Property/dha_defence_dha_9_town_syed_brothers_proudly_offers_5_marla_elegant_and_fully_maintained_spanish_bungalow_is_available_in_the_best_block_of_dha_lahore-54386535-1452-1.html,Other,For Sale,5 Marla,3.0,4.0,1 hour ago,PKR 3.55 Crore,"DHA 9 Town, DHA Defence",Lahore,Zameen,35500000.0,Marla,1361.25,False
https://www.zameen.com/Property/dha_defence_dha_phase_7_ultra_modern_luxury_house_for_sale_prime_location_phase_7_dha_lahore-54386557-1450-1.html,House,For Sale,1 Kanal,5.0,6.0,1 hour ago,PKR 11.25 Crore,"DHA Phase 7, DHA Defence",Lahore,Zameen,112500000.0,Kanal,5445.0,False
https://www.zameen.com/Property/dha_defence_dha_phase_6_syed_brothers_proudly_offers_1_kanal_elegant_and_fully_furnished_modern_bungalow_is_available_in_the_best_block_of_dha_lahore-54386725-1448-1.html,Other,For Sale,1 Kanal,5.0,6.0,1 hour ago,PKR 19.75 Crore,"DHA Phase 6, DHA Defence",Lahore,Zameen,197500000.0,Kanal,5445.0,False
https://www.zameen.com/Property/dha_defence_dha_phase_6_syed_brothers_proudly_offers_1_kanal_elegant_bungalow_is_available_in_the_best_block_of_dha_lahore-54386728-1448-1.html,Other,For Sale,1 Kanal,5.0,6.0,1 hour ago,PKR 17 Crore,"DHA Phase 6, DHA Defence",Lahore,Zameen,170000000.0,Kanal,5445.0,False
https://www.zameen.com/Property/dha_phase_5_dha_phase_5_-_block_h_one_kanal_lash_green_lawn_one_kanal_ultra-modern_design_most_beautiful_full_basement_bungalow_for_sale_at_prime_location_of_dha_lahore_near_to_park_masjid_jalal_sons_commercial_market-54389300-1605-1.html,Other,For Sale,2 Kanal,6.0,7.0,1 hour ago,PKR 17.9 Crore,"DHA Phase 5 - Block H, DHA Phase 5",Lahore,Zameen,179000000.0,Kanal,10890.0,False
https://www.zameen.com/Property/dha_defence_dha_phase_7_1_kanal_elegant_and_fully_maintained_super_hot_located_bungalow_with_sqs_in_basement_is_available_in_the_best_block_of_dha_lahore-54393626-1450-1.html,Other,For Sale,1 Kanal,5.0,6.0,1 hour ago,PKR 14 Crore,"DHA Phase 7, DHA Defence",Lahore,Zameen,140000000.0,Kanal,5445.0,False
https://www.zameen.com/Property/dha_defence_dha_phase_7_syed_brothers_proudly_offers_1-kanal_elegant_and_fully_maintained_bungalow_is_available_in_the_best_block_of_dha_lahore-54405782-1450-1.html,Other,For Sale,1 Kanal,5.0,6.0,1 hour ago,PKR 9.35 Crore,"DHA Phase 7, DHA Defence",Lahore,Zameen,93500000.0,Kanal,5445.0,False
https://www.zameen.com/Property/askari_askari_12_brand_new_13_5_marla_4_bed_flat_for_sale_in_askari_12_lahore-54677998-22537-1.html,Apartment,For Sale,13.5 Marla,4.0,4.0,11 hours ago,PKR 4 Crore,"Askari 12, Askari",Lahore,Zameen,40000000.0,Marla,3675.375,False
https://www.zameen.com/Property/askari_askari_10_brand_new_4_bed_apartment_for_sale_in_sector_g_askari_10_lahore-54685954-1011-1.html,Apartment,For Sale,13 Marla,4.0,5.0,11 hours ago,PKR 5.65 Crore,"Askari 10, Askari",Lahore,Zameen,56500000.0,Marla,3539.25,False
https://www.zameen.com/Property/dha_defence_dha_9_town_owner_build_5_marla_house_for_sale_in_dha_phase_9_town-54486034-1452-1.html,House,For Sale,5 Marla,4.0,5.0,12 hours ago,PKR 2.8 Crore,"DHA 9 Town, DHA Defence",Lahore,Zameen,28000000.0,Marla,1361.25,False
https://www.zameen.com/Property/dha_phase_7_dha_phase_7_-_block_x_1_kanal_5-bedroom_luxury_house_for_sale_in_dha_phase_7_lahore-54651657-1631-1.html,Room,For Sale,1 Kanal,5.0,6.0,13 hours ago,PKR 8.1 Crore,"DHA Phase 7 - Block X, DHA Phase 7",Lahore,Zameen,81000000.0,Kanal,5445.0,False
https://www.zameen.com/Property/lake_city_lake_city_-_sector_m-7_on_60_feet_road_7_marla_brand_new_house_for_sale_in_lake_city_-_sector_m-7a_lake_city_raiwind_road_lahore-54647859-4009-1.html,House,For Sale,7 Marla,6.0,6.0,13 hours ago,PKR 4.8 Crore,"Lake City - Sector M-7, Lake City",Lahore,Zameen,48000000.0,Marla,1905.75,False
https://www.zameen.com/Property/gulberg_3_block_l_zameen_aurum_ready_to_move_2_bed_apartment_in_gulberg_for_sale-52901871-16511-1.html,Apartment,For Sale,4.4 Marla,2.0,2.0,11 hours ago,PKR 1 Crore,"Zameen Aurum, Gulberg 3 - Block L",Lahore,Zameen,10000000.0,Marla,1197.9,False
https://www.zameen.com/Property/gt_road_garrison_gardens_2_marla_house_in_stunning_garrison_gardens_is_available_for_sale-54689321-10566-1.html,House,For Sale,2 Marla,3.0,3.0,11 hours ago,PKR 70 Lakh,"Garrison Gardens, GT Road",Lahore,Zameen,7000000.0,Marla,544.5,False
https://www.zameen.com/Property/gt_road_garrison_gardens_garrison_gardens_house_sized_3_marla_is_available-54689323-10566-1.html,House,For Sale,3 Marla,3.0,3.0,11 hours ago,PKR 95 Lakh,"Garrison Gardens, GT Road",Lahore,Zameen,9500000.0,Marla,816.75,False
https://www.zameen.com/Property/main_canal_bank_road_al_hafeez_garden_-_phase_5_3_marla_house_for_grabs_in_main_canal_bank_road-54689319-18829-1.html,House,For Sale,3 Marla,3.0,4.0,11 hours ago,PKR 1.49 Crore,"Al Hafeez Garden - Phase 5, Main Canal Bank Road",Lahore,Zameen,14900000.0,Marla,816.75,False
https://www.zameen.com/Property/lahore_gulberg_2_bedroom_apartment_for_sale_on_installments_in_gulberg_mm_alam_road_lahore-53896125-7-1.html,Room,For Sale,5.2 Marla,2.0,3.0,12 hours ago,PKR 4.19 Crore,"Gulberg, Lahore",Lahore,Zameen,41900000.00000001,Marla,1415.7,False
https://www.zameen.com/Property/dha_phase_6_dha_phase_6_-_block_e_1_kanal_single_storey_grey_structure_house_available_in_dha_lahore_phase_6-54381334-1614-1.html,House,For Sale,1 Kanal,3.0,4.0,3 hours ago,PKR 6.8 Crore,"DHA Phase 6 - Block E, DHA Phase 6",Lahore,Zameen,68000000.0,Kanal,5445.0,False
https://www.zameen.com/Property/dha_defence_dha_9_town_5_marla_modern_design_3_bed_house_for_sale_in_heart_of_dha_lahore_phase_9_town-54384085-1452-1.html,House,For Sale,5 Marla,3.0,4.0,3 hours ago,PKR 3.1 Crore,"DHA 9 Town, DHA Defence",Lahore,Zameen,31000000.0,Marla,1361.25,False
https://www.zameen.com/Property/valencia_housing_society_valencia_-_block_c1_1_kanal_house_for_sale_in_valancia_society_block_c1_lahore-54601953-4273-1.html,House,For Sale,1 Kanal,3.0,4.0,3 hours ago,PKR 6.15 Crore,"Valencia - Block C1, Valencia Housing Society",Lahore,Zameen,61500000.0,Kanal,5445.0,False
https://www.zameen.com/Property/askari_11_askari_11_-_sector_b_apartments_latest-style_apartment_for_sale_askari_11_lahore_ground_floor_parking-54627070-15703-1.html,Apartment,For Sale,10 Marla,3.0,4.0,3 hours ago,PKR 4.25 Crore,"Askari 11 - Sector B Apartments, Askari 11",Lahore,Zameen,42500000.0,Marla,2722.5,False
https://www.zameen.com/Property/askari_11_askari_11_-_sector_b_apartments_premium_3_bed_apartment_for_sale_in_askari_11_lahore_ground_floor_parking_secure_amp_elite_community-53852338-15703-1.html,Apartment,For Sale,10 Marla,4.0,5.0,3 hours ago,PKR 4.3 Crore,"Askari 11 - Sector B Apartments, Askari 11",Lahore,Zameen,43000000.0,Marla,2722.5,False
https://www.zameen.com/Property/askari_askari_12_outstanding_4-bed_apartment_for_sale_in_askari_12_lahore-54620778-22537-1.html,Apartment,For Sale,12 Marla,4.0,5.0,3 hours ago,PKR 4.3 Crore,"Askari 12, Askari",Lahore,Zameen,43000000.0,Marla,3267.0,False
https://www.zameen.com/Property/lahore_paragon_city_5_marla_house_for_sale_in_paragon_city-50745516-1014-1.html,House,For Sale,5 Marla,3.0,4.0,3 hours ago,PKR 2.7 Crore,"Paragon City, Lahore",Lahore,Zameen,27000000.0,Marla,1361.25,False
https://www.zameen.com/Property/dha_defence_dha_phase_5_syed_brothers_proudly_offers_22_marla_elegant_and_fully_maintained_corner_bungalow_is_available_in_the_best_block_of_dha_lahore-54405790-1447-1.html,Other,For Sale,1.1 Kanal,5.0,6.0,1 hour ago,PKR 13.5 Crore,"DHA Phase 5, DHA Defence",Lahore,Zameen,135000000.0,Kanal,5989.500000000001,False
https://www.zameen.com/Property/dha_defence_dha_phase_6_syed_brothers_proudly_offers_1-kanal_elegant_and_fully_furnished_modern_bungalow_is_available_in_the_best_block_of_dha_lahore-54417478-1448-1.html,Other,For Sale,1 Kanal,5.0,6.0,1 hour ago,PKR 17.5 Crore,"DHA Phase 6, DHA Defence",Lahore,Zameen,175000000.0,Kanal,5445.0,False
https://www.zameen.com/Property/dha_defence_dha_phase_6_near_raya_1_kanal_bungalow_immaculate_iconic_unmissable_dha_lahore_s_best_block-54389303-1448-1.html,Other,For Sale,1 Kanal,5.0,6.0,1 hour ago,PKR 11.99 Crore,"DHA Phase 6, DHA Defence",Lahore,Zameen,119900000.0,Kanal,5445.0,False
https://www.zameen.com/Property/dha_defence_dha_phase_5_syed_brothers_proudly_offers_23_marla_elegant_and_fully_furnished_corner_bungalow_is_available_in_the_best_block_of_dha_lahore-54405830-1447-1.html,Other,For Sale,1.2 Kanal,5.0,6.0,1 hour ago,PKR 13 Crore,"DHA Phase 5, DHA Defence",Lahore,Zameen,130000000.0,Kanal,6534.0,False
https://www.zameen.com/Property/dha_defence_dha_phase_3_syed_brothers_proudly_offers_1-kanal_elegant_and_fully_modern_bungalow_is_available_in_the_best_block_of_dha_lahore-54417493-1454-1.html,Other,For Sale,1 Kanal,5.0,6.0,1 hour ago,PKR 10.75 Crore,"DHA Phase 3, DHA Defence",Lahore,Zameen,107500000.0,Kanal,5445.0,False
https://www.zameen.com/Property/dha_defence_dha_phase_6_syed_brothers_proudly_offers_1-kanal_elegant_and_fully_maintained_bungalow_is_available_in_the_best_block_of_dha_lahore-54422739-1448-1.html,Other,For Sale,1 Kanal,5.0,6.0,1 hour ago,PKR 14.5 Crore,"DHA Phase 6, DHA Defence",Lahore,Zameen,145000000.0,Kanal,5445.0,False
https://www.zameen.com/Property/dha_defence_dha_phase_5_syed_brothers_proudly_offers_1-kanal_elegant_and_fully_maintained_bungalow_is_available_in_the_best_block_of_dha_lahore-54422746-1447-1.html,Other,For Sale,1 Kanal,5.0,6.0,1 hour ago,PKR 11.5 Crore,"DHA Phase 5, DHA Defence",Lahore,Zameen,115000000.0,Kanal,5445.0,False
https://www.zameen.com/Property/dha_defence_dha_phase_5_syed_brothers_proudly_offers_1-kanal_elegant_and_fully_maintained_bungalow_is_available_in_the_best_block_of_dha_lahore-54422770-1447-1.html,Other,For Sale,1 Kanal,5.0,6.0,1 hour ago,PKR 11.75 Crore,"DHA Phase 5, DHA Defence",Lahore,Zameen,117500000.0,Kanal,5445.0,False
https://www.zameen.com/Property/askari_11_askari_11_-_sector_d_dha_view_8th_floor_10_marla_flat_is_available_in_askari_11_sector_d_at_super_hot_location-54682029-21437-1.html,Apartment,For Sale,10 Marla,3.0,3.0,13 hours ago,PKR 3.9 Crore,"Askari 11 - Sector D, Askari 11",Lahore,Zameen,39000000.0,Marla,2722.5,False
https://www.zameen.com/Property/lahore_johar_town_5_marla_brand_new_double_unit_spanish_house_for_sale_in_johar_town_near_emporium_mall_and_park-54422499-93-1.html,House,For Sale,5 Marla,5.0,6.0,13 hours ago,PKR 3.6 Crore,"Johar Town, Lahore",Lahore,Zameen,36000000.0,Marla,1361.25,False
https://www.zameen.com/Property/dha_phase_6_dha_phase_6_-_block_d_1_kanal_semi_furnished_brand_new_house_for_sale_in_in_dha_phase_6_lahore-54663621-1613-1.html,House,For Sale,1 Kanal,5.0,5.0,13 hours ago,PKR 15.5 Crore,"DHA Phase 6 - Block D, DHA Phase 6",Lahore,Zameen,155000000.0,Kanal,5445.0,False
https://www.zameen.com/Property/bahria_town_bahria_town_-_sector_e_ready_to_move_one_bed_apartment_in_sector_e_bahria_town_lahore-53395153-1802-1.html,Apartment,For Sale,2.4 Marla,1.0,1.0,13 hours ago,PKR 70 Lakh,"Bahria Town - Sector E, Bahria Town",Lahore,Zameen,7000000.0,Marla,653.4,False
https://www.zameen.com/Property/bahria_town_bahria_town_-_sector_e_10_marla_exquisite_designer_house_for_sale_in_sector_e_of_bahria_town_lahore-53995742-1802-1.html,House,For Sale,10 Marla,5.0,6.0,14 hours ago,PKR 2.95 Crore,"Bahria Town - Sector E, Bahria Town",Lahore,Zameen,29500000.0,Marla,2722.5,False
https://www.zameen.com/Property/dha_defence_dha_phase_6_2_kanal_brand_new_luxury_ultra-modern_design_most_beautiful_full_basement_fully_furnished_home_theater_swimming_pool_bungalow_for_sale_at_prime_location_of_dha_lahore_near_to_park_masjid_dha_raya_fairways_commercial-54291864-1448-1.html,Other,For Sale,2 Kanal,5.0,7.0,12 hours ago,PKR 24.9 Crore,"DHA Phase 6, DHA Defence",Lahore,Zameen,249000000.0,Kanal,10890.0,False
https://www.zameen.com/Property/dha_defence_dha_phase_7_1_kanal_top_quality_build_luxurious_beautiful_ultra_modern_design_villa_with_basement_for_sale_in_dha_lahore_phase_7_prime_location_near_to_raya-54685996-1450-1.html,Villa,For Sale,1 Kanal,5.0,7.0,12 hours ago,PKR 7.9 Crore,"DHA Phase 7, DHA Defence",Lahore,Zameen,79000000.0,Kanal,5445.0,False
https://www.zameen.com/Property/lahore_marghzar_officers_colony_brand_new_2_5_marla_4-bed_house_for_sale_in_prime_location_abdullah_scheme_peco_road-54674813-1047-1.html,House,For Sale,2.5 Marla,4.0,4.0,12 hours ago,PKR 1.45 Crore,"Marghzar Officers Colony, Lahore",Lahore,Zameen,14500000.0,Marla,680.625,False
https://www.zameen.com/Property/dha_9_town_dha_9_town_-_block_a_mini_pool_in_washroom_most_luxurious_villa_in_town-54454104-8173-1.html,Room,For Sale,5 Marla,3.0,5.0,12 hours ago,PKR 2.75 Crore,"DHA 9 Town - Block A, DHA 9 Town",Lahore,Zameen,27500000.0,Marla,1361.25,False
https://www.zameen.com/Property/gulberg_indigo_boutique_apartments_ready_to_move_furnished_1_bed_apartment_available_for_sale_in_gulberg_real_add-54639624-12837-1.html,Apartment,For Sale,2.7 Marla,1.0,1.0,12 hours ago,PKR 1.4 Crore,"Indigo Boutique Apartments, Gulberg",Lahore,Zameen,14000000.0,Marla,735.075,False
https://www.zameen.com/Property/dha_defence_dha_phase_7_dream_home_alert_10_marla_brand_new_luxury_house_available_in_dha_phase_7-54384486-1450-1.html,House,For Sale,10 Marla,4.0,5.0,3 hours ago,PKR 4.4 Crore,"DHA Phase 7, DHA Defence",Lahore,Zameen,44000000.0,Marla,2722.5,False
https://www.zameen.com/Property/dha_defence_dha_phase_8_elegant_5_bedroom_modern_design_home_for_sale_dha_phase_8-54384548-1451-1.html,Room,For Sale,10 Marla,4.0,5.0,3 hours ago,PKR 5.45 Crore,"DHA Phase 8, DHA Defence",Lahore,Zameen,54500000.0,Marla,2722.5,False
https://www.zameen.com/Property/lahore_paragon_city_4_marla_house_for_sale_in_paragon_city_lahore-50902426-1014-1.html,House,For Sale,4 Marla,3.0,4.0,3 hours ago,PKR 1.9 Crore,"Paragon City, Lahore",Lahore,Zameen,19000000.0,Marla,1089.0,False
https://www.zameen.com/Property/dha_defence_dha_9_town_brand_new_5_marla_house_for_sale_prime_location_dha_phase_9_town_lahore-53717432-1452-1.html,House,For Sale,5 Marla,3.0,4.0,3 hours ago,PKR 2.52 Crore,"DHA 9 Town, DHA Defence",Lahore,Zameen,25200000.0,Marla,1361.25,False
https://www.zameen.com/Property/valencia_housing_society_valencia_-_block_b_1_kanal_grand_house_beautiful_location-54633476-4271-1.html,House,For Sale,1 Kanal,6.0,7.0,3 hours ago,PKR 8 Crore,"Valencia - Block B, Valencia Housing Society",Lahore,Zameen,80000000.0,Kanal,5445.0,False
https://www.zameen.com/Property/dha_9_town_dha_9_town_-_block_a_5_marla_brand_new_ultra_modern_design_house_for_sale_in_dha_9_town_top_location-54510822-8173-1.html,House,For Sale,5 Marla,3.0,4.0,3 hours ago,PKR 2.45 Crore,"DHA 9 Town - Block A, DHA 9 Town",Lahore,Zameen,24500000.0,Marla,1361.25,False
https://www.zameen.com/Property/dha_defence_dha_9_town_turning_vision_into_reality_professional_services_you_can_trust_house_for_sale-53699771-1452-1.html,House,For Sale,5 Marla,3.0,4.0,3 hours ago,PKR 2.65 Crore,"DHA 9 Town, DHA Defence",Lahore,Zameen,26500000.0,Marla,1361.25,False
https://www.zameen.com/Property/dha_defence_dha_phase_1_syed_brothers_proudly_offers_2-kanal_elegant_and_fully_maintained_bungalow_is_available_in_the_best_block_of_dha_lahore-54422775-1442-1.html,Other,For Sale,2 Kanal,6.0,7.0,1 hour ago,PKR 22 Crore,"DHA Phase 1, DHA Defence",Lahore,Zameen,220000000.0,Kanal,10890.0,False
https://www.zameen.com/Property/dha_defence_dha_phase_5_syed_brothers_proudly_offers_1-kanal_elegant_and_fully_maintained_bungalow_is_available_in_the_best_block_of_dha_lahore-54422782-1447-1.html,Other,For Sale,1 Kanal,5.0,6.0,1 hour ago,PKR 11 Crore,"DHA Phase 5, DHA Defence",Lahore,Zameen,110000000.0,Kanal,5445.0,False
https://www.zameen.com/Property/dha_defence_dha_phase_5_syed_brothers_proudly_offers_1-kanal_elegant_and_fully_maintained_old_bungalow_is_available_in_the_best_block_of_dha_lahore-54422786-1447-1.html,Other,For Sale,1 Kanal,5.0,6.0,1 hour ago,PKR 9.5 Crore,"DHA Phase 5, DHA Defence",Lahore,Zameen,95000000.0,Kanal,5445.0,False
https://www.zameen.com/Property/dha_defence_dha_phase_2_syed_brothers_proudly_offers_1-kanal_elegant_and_fully_maintained_renovated_bungalow_is_available_in_the_best_block_of_dha_lahore-54422806-1444-1.html,Other,For Sale,1 Kanal,5.0,6.0,1 hour ago,PKR 9 Crore,"DHA Phase 2, DHA Defence",Lahore,Zameen,90000000.0,Kanal,5445.0,False
https://www.zameen.com/Property/dha_defence_dha_phase_6_syed_brothers_proudly_offers_1-kanal_elegant_and_fully_furnished_modern_bungalow_with_basement_is_available_in_the_best_block_of_dha_lahore-54422814-1448-1.html,Other,For Sale,1 Kanal,6.0,7.0,1 hour ago,PKR 22 Crore,"DHA Phase 6, DHA Defence",Lahore,Zameen,220000000.0,Kanal,5445.0,False
https://www.zameen.com/Property/dha_defence_dha_phase_6_syed_brothers_proudly_offers_1-kanal_elegant_bungalow_with_solar_system_is_available_in_the_best_block_of_dha_lahore-54422859-1448-1.html,Other,For Sale,1 Kanal,5.0,6.0,1 hour ago,PKR 11 Crore,"DHA Phase 6, DHA Defence",Lahore,Zameen,110000000.0,Kanal,5445.0,False
https://www.zameen.com/Property/dha_defence_dha_phase_3_syed_brothers_proudly_offers_1-kanal_elegant_and_fully_maintained_bungalow_is_available_in_the_best_block_of_dha_lahore-54431115-1454-1.html,Other,For Sale,1 Kanal,5.0,6.0,1 hour ago,PKR 6.5 Crore,"DHA Phase 3, DHA Defence",Lahore,Zameen,65000000.0,Kanal,5445.0,False
https://www.zameen.com/Property/dha_defence_dha_phase_5_syed_brothers_proudly_offers_1-kanal_elegant_and_fully_maintained_bungalow_is_available_in_the_best_block_of_dha_lahore-54431118-1447-1.html,Other,For Sale,1 Kanal,5.0,6.0,1 hour ago,PKR 13 Crore,"DHA Phase 5, DHA Defence",Lahore,Zameen,130000000.0,Kanal,5445.0,False
https://www.zameen.com/Property/dha_defence_dha_phase_7_near_to_defence_raya_golf_course_10_marla_designer_house_most_elegant_ultra_modern_for_sale-54574551-1450-1.html,House,For Sale,10 Marla,4.0,5.0,14 hours ago,PKR 4.35 Crore,"DHA Phase 7, DHA Defence",Lahore,Zameen,43500000.0,Marla,2722.5,False
https://www.zameen.com/Property/lahore_johar_town_10_marla_pair_brand_new_luxury_house_for_sale_in_johar_town_hot_location-54499325-93-1.html,House,For Sale,10 Marla,5.0,6.0,14 hours ago,PKR 5.15 Crore,"Johar Town, Lahore",Lahore,Zameen,51500000.0,Marla,2722.5,False
https://www.zameen.com/Property/wapda_town_wapda_town_phase_1_1_kanal_luxury_house_for_sale_in_wapda_town_phase_1_hot_location-54395881-4307-1.html,House,For Sale,1 Kanal,5.0,6.0,14 hours ago,PKR 6.5 Crore,"Wapda Town Phase 1, Wapda Town",Lahore,Zameen,65000000.0,Kanal,5445.0,False
https://www.zameen.com/Property/askari_askari_11_1_kanal_4_bedroom_brig_house_available_for_sale_in_askari_11_lhr_best_location_and_near_to_park-54647054-1503-1.html,Room,For Sale,1 Kanal,4.0,5.0,14 hours ago,PKR 8.5 Crore,"Askari 11, Askari",Lahore,Zameen,85000000.0,Kanal,5445.0,False
https://www.zameen.com/Property/lahore_gulberg_gulberg_2_kanal_house_prime_location-53435670-7-1.html,House,For Sale,2 Kanal,5.0,5.0,15 hours ago,PKR 19.5 Crore,"Gulberg, Lahore",Lahore,Zameen,195000000.0,Kanal,10890.0,False
https://www.zameen.com/Property/dha_9_town_dha_9_town_-_block_a_5_marla_brand_new_modern_house_for_sale-54689534-8173-1.html,House,For Sale,5 Marla,3.0,5.0,12 hours ago,PKR 2.5 Crore,"DHA 9 Town - Block A, DHA 9 Town",Lahore,Zameen,25000000.0,Marla,1361.25,False
https://www.zameen.com/Property/dha_defence_dha_phase_6_01_kanal_fully_furnished_modern_designed_house_for_sale_phase_6_dha_lahore-54369659-1448-1.html,House,For Sale,1 Kanal,5.0,5.0,13 hours ago,PKR 9.2 Crore,"DHA Phase 6, DHA Defence",Lahore,Zameen,92000000.0,Kanal,5445.0,False
https://www.zameen.com/Property/dha_phase_4_dha_phase_4_-_block_kk_100_orignal_9_33_marla_luxury_house_for_sale_in_dha_phase_4_block-kk_lahore-54554526-17171-1.html,House,For Sale,9.3 Marla,4.0,5.0,13 hours ago,PKR 6.75 Crore,"DHA Phase 4 - Block KK, DHA Phase 4",Lahore,Zameen,67500000.0,Marla,2531.925,False
https://www.zameen.com/Property/dha_9_town_dha_9_town_-_block_a_brand_new_5-marla_modern_marvel_elegant_bungalow_for_sale_at_super_hot_location-53830636-8173-1.html,Other,For Sale,5 Marla,3.0,4.0,13 hours ago,PKR 2.55 Crore,"DHA 9 Town - Block A, DHA 9 Town",Lahore,Zameen,25500000.0,Marla,1361.25,False
https://www.zameen.com/Property/ferozepur_road_sun_city_housing_scheme_3_marla_modern_house_for_sale_sun_city_main_ferozepur_road_lahore-54563310-11237-1.html,House,For Sale,3 Marla,3.0,3.0,13 hours ago,PKR 80 Lakh,"Sun City Housing Scheme, Ferozepur Road",Lahore,Zameen,8000000.0,Marla,816.75,False
https://www.zameen.com/Property/dha_defence_defence_raya_luxury_2_beds_apartment_for_sale_in_defence_raya_golf_community-54516493-8172-1.html,Apartment,For Sale,7.8 Marla,2.0,3.0,3 hours ago,PKR 8.1 Crore,"Defence Raya, DHA Defence",Lahore,Zameen,81000000.0,Marla,2123.55,False
https://www.zameen.com/Property/dha_defence_dha_phase_6_5_marla_fully_furnished_modern_design_house_for_sale_dha_lahore_phase_6-54538400-1448-1.html,House,For Sale,5 Marla,3.0,4.0,3 hours ago,PKR 2.95 Crore,"DHA Phase 6, DHA Defence",Lahore,Zameen,29500000.0,Marla,1361.25,False
https://www.zameen.com/Property/dha_defence_dha_9_town_5_marla_brand_new_designer_house_for_sale_dha_phase_9_town_lahore-53742961-1452-1.html,House,For Sale,5 Marla,3.0,4.0,3 hours ago,PKR 2.48 Crore,"DHA 9 Town, DHA Defence",Lahore,Zameen,24800000.0,Marla,1361.25,False
https://www.zameen.com/Property/dha_defence_dha_9_town_most_elegant_5_marla_brand_new_fully_equipped_house_for_sale-54414298-1452-1.html,House,For Sale,5 Marla,3.0,4.0,3 hours ago,PKR 2.5 Crore,"DHA 9 Town, DHA Defence",Lahore,Zameen,25000000.0,Marla,1361.25,False
https://www.zameen.com/Property/paragon_city_paragon_city_-_orchard_1_block_5_marla_house_for_sale_in_paragon_city_lahore-50755431-9249-1.html,House,For Sale,5 Marla,3.0,4.0,4 hours ago,PKR 2.65 Crore,"Paragon City - Orchard 1 Block, Paragon City",Lahore,Zameen,26500000.0,Marla,1361.25,False
https://www.zameen.com/Property/lahore_paragon_city_1_kanal_house_for_sale_in_paragon_city_lahore-50644832-1014-1.html,House,For Sale,1 Kanal,6.0,6.0,4 hours ago,PKR 9.25 Crore,"Paragon City, Lahore",Lahore,Zameen,92500000.0,Kanal,5445.0,False
https://www.zameen.com/Property/lahore_canal_garden_premium_living_with_park-facing_location-54607632-1287-1.html,Other,For Sale,1 Kanal,4.0,4.0,4 hours ago,PKR 4.4 Crore,"Canal Garden, Lahore",Lahore,Zameen,44000000.0,Kanal,5445.0,False
https://www.zameen.com/Property/dha_defence_dha_phase_6_syed_brothers_proudly_offers_1-kanal_elegant_and_fully_furnished_bungalow_with_cinema_pool_solar_is_available_in_the_best_block_of_dha_lahore-54441059-1448-1.html,Other,For Sale,1 Kanal,6.0,7.0,1 hour ago,PKR 23.75 Crore,"DHA Phase 6, DHA Defence",Lahore,Zameen,237500000.0,Kanal,5445.0,False
https://www.zameen.com/Property/dha_defence_dha_phase_5_syed_brothers_proudly_offers_23-marla_elegant_and_fully_furnished_corner_bungalow_with_pool_solar_is_available_in_the_best_block_of_dha_lahore_wateen_chowk-54441096-1447-1.html,Other,For Sale,1.2 Kanal,6.0,7.0,1 hour ago,PKR 32 Crore,"DHA Phase 5, DHA Defence",Lahore,Zameen,320000000.0,Kanal,6534.0,False
https://www.zameen.com/Property/dha_defence_dha_phase_2_syed_brothers_proudly_offers_2-kanal_elegant_and_fully_maintained_bungalow_with_basement_facing_park_is_available_in_the_best_block_of_dha_lahore-54446822-1444-1.html,Other,For Sale,2 Kanal,8.0,7.0,1 hour ago,PKR 15 Crore,"DHA Phase 2, DHA Defence",Lahore,Zameen,150000000.0,Kanal,10890.0,False
https://www.zameen.com/Property/dha_defence_dha_phase_6_1_kanal_elegant_and_fully_furnished_super_hot_located_modern_bungalow_is_available_in_the_best_block_of_dha_lahore-54451768-1448-1.html,Other,For Sale,1 Kanal,5.0,6.0,1 hour ago,PKR 19.5 Crore,"DHA Phase 6, DHA Defence",Lahore,Zameen,195000000.0,Kanal,5445.0,False
https://www.zameen.com/Property/cantt_barki_road_12_kanal_14_marla_ultra-luxury_farmhouse_for_sale_barki_road_lahore-54455441-8147-1.html,House,For Sale,12.7 Kanal,2.0,3.0,1 hour ago,PKR 13 Crore,"Barki Road, Cantt",Lahore,Zameen,130000000.0,Kanal,69151.5,False
https://www.zameen.com/Property/tip_housing_society_tip_housing_society_-_phase_2_1_kanal_owner_build_house_with_gas_and_underground_electricity-54614998-14059-1.html,House,For Sale,18 Marla,6.0,7.0,1 hour ago,PKR 5.2 Crore,"TIP Housing Society - Phase 2, TIP Housing Society",Lahore,Zameen,52000000.0,Marla,4900.5,False
https://www.zameen.com/Property/lahore_iep_engineers_town_in_iep_engineers_town_1_kanal_house_for_sale-53907055-8425-1.html,House,For Sale,1 Kanal,7.0,6.0,1 hour ago,PKR 6.48 Crore,"IEP Engineers Town, Lahore",Lahore,Zameen,64800000.00000001,Kanal,5445.0,False
https://www.zameen.com/Property/nasheman_e_iqbal_nasheman-e-iqbal_phase_1_10_marla_double_storey_slightly_used_house_double_unit_house_available_for_sale_in_nasheman_1_lahore-54081566-4070-1.html,House,For Sale,10 Marla,4.0,6.0,1 hour ago,PKR 3.75 Crore,"Nasheman-e-Iqbal Phase 1, Nasheman-e-Iqbal",Lahore,Zameen,37500000.0,Marla,2722.5,False
https://www.zameen.com/Property/dha_defence_dha_phase_6_ultra-luxury_2_kanal_6-bed_house_pool_cinema_lift_rooftop_garden_prime_location-54614593-1448-1.html,House,For Sale,2 Kanal,6.0,7.0,15 hours ago,PKR 25 Crore,"DHA Phase 6, DHA Defence",Lahore,Zameen,250000000.0,Kanal,10890.0,False
https://www.zameen.com/Property/dha_defence_dha_phase_6_designer_house_with_swimming_pool_home_theater_fully_furnished_house_very_near_all_amenities-54480287-1448-1.html,House,For Sale,1 Kanal,6.0,7.0,15 hours ago,PKR 25 Crore,"DHA Phase 6, DHA Defence",Lahore,Zameen,250000000.0,Kanal,5445.0,False
https://www.zameen.com/Property/dha_defence_dha_9_town_5_marla_ultra-luxury_bungalow_for_sale_in_dha_phase_9_town_lahore-54688662-1452-1.html,Other,For Sale,5 Marla,3.0,4.0,15 hours ago,PKR 2.8 Crore,"DHA 9 Town, DHA Defence",Lahore,Zameen,28000000.0,Marla,1361.25,False
https://www.zameen.com/Property/dha_defence_dha_phase_7_10_marla_brand_new_ultra_modern_design_house_for_sale_in_dha_phase_7_near_carrefour-54597507-1450-1.html,House,For Sale,10 Marla,4.0,5.0,15 hours ago,PKR 4.85 Crore,"DHA Phase 7, DHA Defence",Lahore,Zameen,48500000.0,Marla,2722.5,False
https://www.zameen.com/Property/dha_defence_dha_phase_7_1_kanal_architectural_masterpiece_modern_luxury-54668652-1450-1.html,Other,For Sale,1 Kanal,5.0,5.0,18 hours ago,PKR 9.75 Crore,"DHA Phase 7, DHA Defence",Lahore,Zameen,97500000.0,Kanal,5445.0,False
https://www.zameen.com/Property/lahore_central_park_housing_scheme_5_marla_corner_house_in_e_block-54564757-1013-1.html,House,For Sale,5 Marla,4.0,4.0,13 hours ago,PKR 1.95 Crore,"Central Park Housing Scheme, Lahore",Lahore,Zameen,19500000.0,Marla,1361.25,False
https://www.zameen.com/Property/lahore_al_haram_garden_5_marla_house-54646150-9212-1.html,House,For Sale,5 Marla,3.0,3.0,13 hours ago,PKR 1.25 Crore,"Al Haram Garden, Lahore",Lahore,Zameen,12500000.0,Marla,1361.25,False
https://www.zameen.com/Property/lahore_central_park_housing_scheme_10_marla_house_for_sale_central_park_housing_scheme_lahore-54662302-1013-1.html,House,For Sale,10 Marla,4.0,5.0,13 hours ago,PKR 2.45 Crore,"Central Park Housing Scheme, Lahore",Lahore,Zameen,24500000.0,Marla,2722.5,False
https://www.zameen.com/Property/bahria_orchard_bahria_orchard_phase_2_5_marla_ultra_luxury_house_modern_design_for_sale_in_bahria_orchard-54581721-8236-1.html,House,For Sale,5 Marla,3.0,4.0,14 hours ago,PKR 2.12 Crore,"Bahria Orchard Phase 2, Bahria Orchard",Lahore,Zameen,21200000.0,Marla,1361.25,False
https://www.zameen.com/Property/bahria_orchard_bahria_orchard_phase_2_5_marla_ultra_luxury_house_modern_design_for_sale_in_bahria_orchard-54581799-8236-1.html,House,For Sale,5 Marla,3.0,4.0,14 hours ago,PKR 1.95 Crore,"Bahria Orchard Phase 2, Bahria Orchard",Lahore,Zameen,19500000.0,Marla,1361.25,False
https://www.zameen.com/Property/dha_defence_dha_phase_5_1_kanal_luxury_modern_design_near_park_house_for_sale_backside_of_penta_square-54569518-1447-1.html,House,For Sale,1 Kanal,5.0,6.0,3 hours ago,PKR 16.25 Crore,"DHA Phase 5, DHA Defence",Lahore,Zameen,162500000.0,Kanal,5445.0,False
https://www.zameen.com/Property/judicial_colony_phase_1_judicial_colony_phase_1_-_block_a_1_5_kanal_double-storey_beautiful_house_ideal_location-54590180-3993-1.html,House,For Sale,1.5 Kanal,5.0,6.0,3 hours ago,PKR 8.25 Crore,"Judicial Colony Phase 1 - Block A, Judicial Colony Phase 1",Lahore,Zameen,82500000.0,Kanal,8167.5,False
https://www.zameen.com/Property/bahria_town_bahria_town_-_sector_f_10_marla_basement_house_luxury_below_above-54619375-3097-1.html,House,For Sale,10 Marla,6.0,6.0,4 hours ago,PKR 4.5 Crore,"Bahria Town - Sector F, Bahria Town",Lahore,Zameen,45000000.0,Marla,2722.5,False
https://www.zameen.com/Property/bahria_town_bahria_town_-_sector_c_10_marla_like-new_luxury_house_your_dream_home_awaits-54621637-1784-1.html,House,For Sale,10 Marla,5.0,6.0,4 hours ago,PKR 4.5 Crore,"Bahria Town - Sector C, Bahria Town",Lahore,Zameen,45000000.0,Marla,2722.5,False
https://www.zameen.com/Property/bahria_town_bahria_town_-_sector_f_10_marla_house_near_to_completion_prime_opportunity-54634579-3097-1.html,House,For Sale,10 Marla,5.0,6.0,4 hours ago,PKR 2.5 Crore,"Bahria Town - Sector F, Bahria Town",Lahore,Zameen,25000000.0,Marla,2722.5,False
https://www.zameen.com/Property/dha_defence_dha_phase_7_10_marla_modern_house_for_sale_4_beds_dha_phase_7_lahore-54692164-1450-1.html,House,For Sale,10 Marla,4.0,5.0,4 hours ago,PKR 4.87 Crore,"DHA Phase 7, DHA Defence",Lahore,Zameen,48700000.0,Marla,2722.5,False
https://www.zameen.com/Property/bahria_town_bahria_town_-_sector_c_10_marla_brand_new_modern_house_for_sale-54644587-1784-1.html,House,For Sale,10 Marla,5.0,6.0,4 hours ago,PKR 5.95 Crore,"Bahria Town - Sector C, Bahria Town",Lahore,Zameen,59500000.0,Marla,2722.5,False
https://www.zameen.com/Property/lahore_johar_town_5_marla_double_storey_double_brand_new_luxery_available_for_sale_in_johertown_phase_ii_lahore_by_fast_property_services-54456773-93-1.html,Other,For Sale,5 Marla,5.0,6.0,1 hour ago,PKR 3.78 Crore,"Johar Town, Lahore",Lahore,Zameen,37800000.0,Marla,1361.25,False
https://www.zameen.com/Property/park_view_city_park_view_city_-_tulip_overseas_a_house_of_5_marla_in_park_view_city_-_tulip_overseas-54429143-13754-1.html,House,For Sale,5 Marla,4.0,5.0,2 hours ago,PKR 2.25 Crore,"Park View City - Tulip Overseas, Park View City",Lahore,Zameen,22500000.0,Marla,1361.25,False
https://www.zameen.com/Property/lahore_park_view_city_5_marla_modern_house_for_sale-54442679-1466-1.html,House,For Sale,5 Marla,4.0,4.0,2 hours ago,PKR 2.15 Crore,"Park View City, Lahore",Lahore,Zameen,21500000.0,Marla,1361.25,False
https://www.zameen.com/Property/al_rehman_garden_phase_2_al_rehman_phase_2_-_block_j_6_marla_house-54401820-12995-1.html,House,For Sale,6 Marla,5.0,5.0,2 hours ago,PKR 2.35 Crore,"Al Rehman Phase 2 - Block J, Al Rehman Garden Phase 2",Lahore,Zameen,23500000.0,Marla,1633.5,False
https://www.zameen.com/Property/lahore_eme_society_1_kanal_beautifull_renovated_house_available_for_sale-53713586-410-1.html,House,For Sale,1 Kanal,6.0,7.0,2 hours ago,PKR 9.3 Crore,"EME Society, Lahore",Lahore,Zameen,93000000.0,Kanal,5445.0,False
https://www.zameen.com/Property/fazaia_housing_scheme_phase_1_fazaia_housing_scheme_phase_1_-_block_k_1_kanal_brand_new_modern_house_for_sale_in_executive_location_of_fazaia_housing_society_with_desirable_price_value-54646594-9239-1.html,House,For Sale,1 Kanal,6.0,6.0,2 hours ago,PKR 11 Crore,"Fazaia Housing Scheme Phase 1 - Block K, Fazaia Housing Scheme Phase 1",Lahore,Zameen,110000000.0,Kanal,5445.0,False
https://www.zameen.com/Property/lahore_wapda_town_1_kanal_brand_new_modern_house_for_sale_in_prime_location_of_near_to_wapda_town-54646678-423-1.html,House,For Sale,1 Kanal,6.0,6.0,2 hours ago,PKR 7.1 Crore,"Wapda Town, Lahore",Lahore,Zameen,71000000.0,Kanal,5445.0,False
https://www.zameen.com/Property/nespak_scheme_phase_3_nespak_housing_society_phase_3_-_block_a_10_marla_brand_new_modern_house_for_sale_in_prime_location_of_nespak_phase_3-54655837-9093-1.html,House,For Sale,10 Marla,6.0,6.0,2 hours ago,PKR 4.15 Crore,"Nespak Housing Society Phase 3 - Block A, Nespak Scheme Phase 3",Lahore,Zameen,41500000.0,Marla,2722.5,False
https://www.zameen.com/Property/al_rehman_garden_phase_2_al_rehman_phase_2_-_block_i_5_marla_house_for_sale_in_al_rehman_garden-54600693-12994-1.html,House,For Sale,5 Marla,5.0,6.0,18 hours ago,PKR 2.59 Crore,"Al Rehman Phase 2 - Block I, Al Rehman Garden Phase 2",Lahore,Zameen,25900000.0,Marla,1361.25,False
https://www.zameen.com/Property/al_rehman_garden_phase_2_al_rehman_phase_2_-_block_i_property_for_sale_in_al_rehman_phase_2_-_block_i_lahore_is_available_under_rs_26500000-54600692-12994-1.html,Other,For Sale,5 Marla,5.0,6.0,18 hours ago,PKR 2.65 Crore,"Al Rehman Phase 2 - Block I, Al Rehman Garden Phase 2",Lahore,Zameen,26500000.0,Marla,1361.25,False
https://www.zameen.com/Property/al_rehman_garden_phase_2_al_rehman_phase_2_-_block_l_a_house_at_affordable_price_awaits_you_for_sale-54354397-12983-1.html,House,For Sale,8 Marla,5.0,5.0,19 hours ago,PKR 4.25 Crore,"Al Rehman Phase 2 - Block L, Al Rehman Garden Phase 2",Lahore,Zameen,42500000.0,Marla,2178.0,False
https://www.zameen.com/Property/al_rehman_garden_phase_2_al_rehman_phase_2_-_block_l_brand_new_8_marla_house_available_in_al_rehman_phase_2_-_block_l_for_sale-54354394-12983-1.html,House,For Sale,8 Marla,5.0,5.0,19 hours ago,PKR 4.1 Crore,"Al Rehman Phase 2 - Block L, Al Rehman Garden Phase 2",Lahore,Zameen,41000000.0,Marla,2178.0,False
https://www.zameen.com/Property/dha_phase_7_dha_phase_7_-_block_y_10_marla_ultra_luxury_modern_house_a_masterpiece_of_design-53557411-1632-1.html,House,For Sale,10 Marla,5.0,5.0,20 hours ago,PKR 5.5 Crore,"DHA Phase 7 - Block Y, DHA Phase 7",Lahore,Zameen,55000000.0,Marla,2722.5,False
https://www.zameen.com/Property/askari_11_askari_11_-_sector_b_apartments_special_building_11_marla_3_bed_flat_beside_mcdonald_for_sale_in_askari_11_lahore-54483086-15703-1.html,Apartment,For Sale,11 Marla,3.0,4.0,14 hours ago,PKR 4.25 Crore,"Askari 11 - Sector B Apartments, Askari 11",Lahore,Zameen,42500000.0,Marla,2994.75,False
https://www.zameen.com/Property/dha_defence_dha_9_town_5_marla_ultra_modern_hot_location_in_dha_phase_9-54613981-1452-1.html,Other,For Sale,5 Marla,3.0,6.0,14 hours ago,PKR 2.55 Crore,"DHA 9 Town, DHA Defence",Lahore,Zameen,25500000.0,Marla,1361.25,False
https://www.zameen.com/Property/dha_phase_6_dha_phase_6_-_block_h_1_kanal_spanish_design_with_full_basement_house_for_sale-54376441-1617-1.html,House,For Sale,1 Kanal,7.0,7.0,15 hours ago,PKR 15 Crore,"DHA Phase 6 - Block H, DHA Phase 6",Lahore,Zameen,150000000.0,Kanal,5445.0,False
https://www.zameen.com/Property/dha_defence_dha_phase_6_7_marla_house_for_sale_in_dha_phase-6_sector-j-54527784-1448-1.html,House,For Sale,7 Marla,3.0,4.0,15 hours ago,PKR 5 Crore,"DHA Phase 6, DHA Defence",Lahore,Zameen,50000000.0,Marla,1905.75,False
https://www.zameen.com/Property/dha_defence_dha_9_town_ultra_luxury_05_marla_designer_house_on_prime_location_in_dha_lahore-54612164-1452-1.html,House,For Sale,5 Marla,3.0,4.0,15 hours ago,PKR 2.67 Crore,"DHA 9 Town, DHA Defence",Lahore,Zameen,26700000.0,Marla,1361.25,False
https://www.zameen.com/Property/dha_phase_7_dha_phase_7_-_block_q_furnished_modern_design_10_kw_solar_sytem_house_with_basement_snooker_room_dha_lahore_phase_7-54611986-1624-1.html,Room,For Sale,1 Kanal,5.0,6.0,3 hours ago,PKR 16 Crore,"DHA Phase 7 - Block Q, DHA Phase 7",Lahore,Zameen,160000000.0,Kanal,5445.0,False
https://www.zameen.com/Property/dha_phase_5_dha_phase_5_-_block_g_21_5_marla_luxury_furnished_corner_fully_basement_house_with_lift_and_swimming_pool-54612932-1604-1.html,House,For Sale,1.1 Kanal,5.0,6.0,3 hours ago,PKR 32 Crore,"DHA Phase 5 - Block G, DHA Phase 5",Lahore,Zameen,320000000.0,Kanal,5989.500000000001,False
https://www.zameen.com/Property/bahria_town_sector_e_bahria_town_-_johar_block_10_marla_brand_new_house_available_for_sale_in_johar_block_sector_f_bahria_town_lahore-52272534-1809-1.html,House,For Sale,10 Marla,5.0,6.0,4 hours ago,PKR 3.95 Crore,"Bahria Town - Johar Block, Bahria Town - Sector E",Lahore,Zameen,39500000.0,Marla,2722.5,False
https://www.zameen.com/Property/bahria_town_bahria_town_-_sector_d_prime_location_heart_of_bahria_town-54617066-1796-1.html,Other,For Sale,5 Marla,3.0,4.0,4 hours ago,PKR 2.15 Crore,"Bahria Town - Sector D, Bahria Town",Lahore,Zameen,21500000.0,Marla,1361.25,False
https://www.zameen.com/Property/lahore_canal_garden_10_marla_house_for_sale_canal_garden_lahore-54684353-1287-1.html,House,For Sale,10 Marla,5.0,6.0,4 hours ago,PKR 3.6 Crore,"Canal Garden, Lahore",Lahore,Zameen,36000000.0,Marla,2722.5,False
https://www.zameen.com/Property/bahria_town_bahria_town_-_sector_d_hot_location_renovated_5_marla_house_for_sale-54684369-1796-1.html,House,For Sale,5 Marla,3.0,4.0,4 hours ago,PKR 2.5 Crore,"Bahria Town - Sector D, Bahria Town",Lahore,Zameen,25000000.0,Marla,1361.25,False
https://www.zameen.com/Property/paragon_city_paragon_city_-_orchard_1_block_5_marla_brand_new_house_for_sale_in_paragon_city_lahore-54670114-9249-1.html,House,For Sale,5 Marla,3.0,4.0,4 hours ago,PKR 2.95 Crore,"Paragon City - Orchard 1 Block, Paragon City",Lahore,Zameen,29500000.0,Marla,1361.25,False
https://www.zameen.com/Property/lahore_allama_iqbal_town_3_marla_commercial_flat_available_for_sale-53931250-58-1.html,Apartment,For Sale,3 Marla,2.0,1.0,2 hours ago,PKR 65 Lakh,"Allama Iqbal Town, Lahore",Lahore,Zameen,6500000.0,Marla,816.75,False
https://www.zameen.com/Property/dha_phase_6_dha_phase_6_-_block_m_ultra_modern_1_kanal_brand_new_house_for_sale_location_dha_phase_6_lahore_prime_location-54480079-1621-1.html,House,For Sale,1 Kanal,5.0,7.0,2 hours ago,PKR 7.95 Crore,"DHA Phase 6 - Block M, DHA Phase 6",Lahore,Zameen,79500000.0,Kanal,5445.0,False
https://www.zameen.com/Property/dha_defence_dha_phase_7_budget_bungalow_grand_2_kanal_residence_for_sale_in_dha_lahore-54529248-1450-1.html,Other,For Sale,2 Kanal,6.0,7.0,2 hours ago,PKR 24.25 Crore,"DHA Phase 7, DHA Defence",Lahore,Zameen,242500000.0,Kanal,10890.0,False
https://www.zameen.com/Property/dha_phase_6_dha_phase_6_-_block_l_ultra_modern_1_kanal_brand_new_house_for_sale-54533795-1620-1.html,House,For Sale,1 Kanal,5.0,7.0,2 hours ago,PKR 8.99 Crore,"DHA Phase 6 - Block L, DHA Phase 6",Lahore,Zameen,89900000.0,Kanal,5445.0,False
https://www.zameen.com/Property/dha_defence_dha_phase_7_ultra_modern_1_kanal_brand_new_house_for_sale_location_dha_phase_7_lahore_prime_location-54552178-1450-1.html,House,For Sale,1 Kanal,5.0,6.0,2 hours ago,PKR 8.75 Crore,"DHA Phase 7, DHA Defence",Lahore,Zameen,87500000.0,Kanal,5445.0,False
https://www.zameen.com/Property/dha_phase_3_dha_phase_3_-_block_z_100_original_deal_2_kanal_out_standing_top_quality_modern_designed_bungalow_with_prime_location_for_sale_at_very_reasonable_price-54552206-1588-1.html,Other,For Sale,2 Kanal,4.0,5.0,2 hours ago,PKR 24.75 Crore,"DHA Phase 3 - Block Z, DHA Phase 3",Lahore,Zameen,247500000.0,Kanal,10890.0,False
https://www.zameen.com/Property/dha_defence_dha_phase_5_experience_grand_living_1_kanal_luxury_home_with_premium_interiors-54562274-1447-1.html,Other,For Sale,1 Kanal,5.0,6.0,2 hours ago,PKR 9.19 Crore,"DHA Phase 5, DHA Defence",Lahore,Zameen,91900000.0,Kanal,5445.0,False
https://www.zameen.com/Property/dha_phase_6_dha_phase_6_-_block_d_22_marla_corner_brand_new_luxury_ultra-modern_design_most_beautiful_full_basement_semi_furnished_bungalow_for_sale_at_prime_location_of_dha_lahore_near_to_park_masjid_dha_raya_fairways_commercial-54000781-1613-1.html,Other,For Sale,1.1 Kanal,6.0,7.0,3 hours ago,PKR 8.75 Crore,"DHA Phase 6 - Block D, DHA Phase 6",Lahore,Zameen,87500000.0,Kanal,5989.500000000001,False
https://www.zameen.com/Property/lahore_park_view_city_5_marla_brand_new_modern_design_lavish_house_for_sale_in_park_view_city_lahore_for_discounted_price_and_original_pictures_download_the_app_signature_lands-54581981-1466-1.html,House,For Sale,5 Marla,4.0,4.0,22 hours ago,PKR 1.9 Crore,"Park View City, Lahore",Lahore,Zameen,19000000.0,Marla,1361.25,False
https://www.zameen.com/Property/lahore_bedian_road_bedian_road_moza_theatre_fully_furnished_farm_house_prime_location_for_sale-54626343-378-1.html,Farm House,For Sale,3 Kanal,3.0,4.0,23 hours ago,PKR 5.25 Crore,"Bedian Road, Lahore",Lahore,Zameen,52500000.0,Kanal,16335.0,False
https://www.zameen.com/Property/park_view_city_park_view_city_-_diamond_block_5_marla_house_available_for_sale_in_diamond_block_park_view_city_lahore-54652695-17433-1.html,House,For Sale,5 Marla,4.0,4.0,23 hours ago,PKR 2 Crore,"Park View City - Diamond Block, Park View City",Lahore,Zameen,20000000.0,Marla,1361.25,False
https://www.zameen.com/Property/dha_phase_8_dha_phase_8_-_block_z6_facing_10_marla_-5_marla_luxury_brand_new_house_for_sale_in_z6_block_dha_phase_8_ivy_green_lahore-54611666-9605-1.html,House,For Sale,5 Marla,3.0,4.0,1 day ago,PKR 2.65 Crore,"DHA Phase 8 - Block Z6, DHA Phase 8",Lahore,Zameen,26500000.0,Marla,1361.25,False
https://www.zameen.com/Property/dha_phase_6_dha_phase_6_-_block_f_stunning_1_kanal_house_in_dha_phase_6_-_block_f_available-54494661-1615-1.html,House,For Sale,1 Kanal,5.0,6.0,1 day ago,PKR 14 Crore,"DHA Phase 6 - Block F, DHA Phase 6",Lahore,Zameen,140000000.0,Kanal,5445.0,False
https://www.zameen.com/Property/dha_defence_dha_phase_8_become_owner_of_your_prime_location_house_today_which_is_centrally_located_in_dha_phase_8_in_lahore-54688477-1451-1.html,House,For Sale,1.2 Kanal,5.0,6.0,15 hours ago,PKR 12.5 Crore,"DHA Phase 8, DHA Defence",Lahore,Zameen,125000000.0,Kanal,6534.0,False
https://www.zameen.com/Property/dha_defence_dha_9_town_5_marla_modern_design_house_available_for_sale_in_dha_very_affordable_price-54065940-1452-1.html,House,For Sale,5 Marla,3.0,5.0,16 hours ago,PKR 2.65 Crore,"DHA 9 Town, DHA Defence",Lahore,Zameen,26500000.0,Marla,1361.25,False
https://www.zameen.com/Property/dha_defence_dha_phase_6_1_kanal_mazhar_muneer_design_outclass_bungalow_for_sale-53742087-1448-1.html,Other,For Sale,1 Kanal,5.0,6.0,16 hours ago,PKR 8.95 Crore,"DHA Phase 6, DHA Defence",Lahore,Zameen,89500000.0,Kanal,5445.0,False
https://www.zameen.com/Property/dha_defence_dha_phase_7_ultra_modern_one_kanal_lavish_luxury_bungalow_designed_by_renowned_architect_ideally_located_near_fairways_commercial_with_premium_lifestyle_and_elite_surroundings-54259573-1450-1.html,Other,For Sale,1 Kanal,5.0,6.0,16 hours ago,PKR 8.75 Crore,"DHA Phase 7, DHA Defence",Lahore,Zameen,87500000.0,Kanal,5445.0,False
https://www.zameen.com/Property/dha_defence_dha_phase_6_one_kanal_brand_new_modern_ultra_luxury_supreme_location_house_in_dha_lahore-54079918-1448-1.html,House,For Sale,1 Kanal,6.0,6.0,16 hours ago,PKR 16 Crore,"DHA Phase 6, DHA Defence",Lahore,Zameen,160000000.0,Kanal,5445.0,False
https://www.zameen.com/Property/dha_phase_6_dha_phase_6_-_block_e_1_kanal_fully_furnished_modern_design_house_on_ideal_location-54622623-1614-1.html,House,For Sale,1 Kanal,5.0,6.0,3 hours ago,PKR 18 Crore,"DHA Phase 6 - Block E, DHA Phase 6",Lahore,Zameen,180000000.0,Kanal,5445.0,False
https://www.zameen.com/Property/dha_defence_dha_9_town_5_marla_stunning_house_for_sale_in_dha_9_town_lahore_ideal_location-54644552-1452-1.html,House,For Sale,5 Marla,3.0,3.0,3 hours ago,PKR 2.6 Crore,"DHA 9 Town, DHA Defence",Lahore,Zameen,26000000.0,Marla,1361.25,False
https://www.zameen.com/Property/iep_engineers_town_sector_a_iep_engineers_town_-_block_e1_prime_location_house_in_iep_engineers_town_-_block_e1_for_sale-54244810-3896-1.html,House,For Sale,1 Kanal,5.0,6.0,4 hours ago,PKR 5.25 Crore,"IEP Engineers Town - Block E1, IEP Engineers Town - Sector A",Lahore,Zameen,52500000.0,Kanal,5445.0,False
https://www.zameen.com/Property/paragon_city_imperial_garden_homes_1_kanal_owner-built_bungalow_for_sale_in_imperial_garden-54673509-4119-1.html,Other,For Sale,1 Kanal,4.0,5.0,4 hours ago,PKR 7.5 Crore,"Imperial Garden Homes, Paragon City",Lahore,Zameen,75000000.0,Kanal,5445.0,False
https://www.zameen.com/Property/dha_defence_dha_phase_7_prime_location_1_kanal_luxurious_house_for_sale_dha_phase_7_lahore-53549724-1450-1.html,House,For Sale,1 Kanal,5.0,6.0,4 hours ago,PKR 7.85 Crore,"DHA Phase 7, DHA Defence",Lahore,Zameen,78500000.0,Kanal,5445.0,False
https://www.zameen.com/Property/dha_defence_dha_phase_7_most_elegant_1_kanal_brand_new_semi_furnished_house_available_for_sale-54175849-1450-1.html,House,For Sale,1 Kanal,5.0,6.0,4 hours ago,PKR 7.7 Crore,"DHA Phase 7, DHA Defence",Lahore,Zameen,77000000.0,Kanal,5445.0,False
https://www.zameen.com/Property/dha_defence_dha_phase_5_fully_furnished_10_marla_designer_home_in_dha_phase_5-53948727-1447-1.html,Other,For Sale,10 Marla,4.0,5.0,4 hours ago,PKR 5 Crore,"DHA Phase 5, DHA Defence",Lahore,Zameen,50000000.0,Marla,2722.5,False
https://www.zameen.com/Property/dha_phase_7_dha_phase_7_-_block_z2_very_low_price_top_location_1_kanal_brand_new_beautiful_house_for_sale_in_dha_phase_7_lahore_good_location-53813654-8505-1.html,House,For Sale,1 Kanal,5.0,6.0,3 hours ago,PKR 6.5 Crore,"DHA Phase 7 - Block Z2, DHA Phase 7",Lahore,Zameen,65000000.0,Kanal,5445.0,False
https://www.zameen.com/Property/dha_phase_7_dha_phase_7_-_block_p_very_low_price_top_location_1_kanal_brand_new_beautiful_house_for_sale_in_dha_phase_7_lahore_good_location-53774789-1623-1.html,House,For Sale,1 Kanal,5.0,6.0,3 hours ago,PKR 7.25 Crore,"DHA Phase 7 - Block P, DHA Phase 7",Lahore,Zameen,72500000.0,Kanal,5445.0,False
https://www.zameen.com/Property/dha_phase_7_dha_phase_7_-_block_r_1_kanal_brand_new_outstanding_modern_designer_bungalow_for_sale_in_dha_phase_7_hot_location-53774727-1625-1.html,Other,For Sale,1 Kanal,5.0,6.0,3 hours ago,PKR 7.99 Crore,"DHA Phase 7 - Block R, DHA Phase 7",Lahore,Zameen,79900000.0,Kanal,5445.0,False
https://www.zameen.com/Property/dha_phase_7_dha_phase_7_-_block_t_1_kanal_brand_new_luxury_modern_design_bungalow_for_sale_in_dha_phase_7_top_location_near_to_carrefour_mall-53774704-1627-1.html,Other,For Sale,1 Kanal,5.0,6.0,3 hours ago,PKR 7.65 Crore,"DHA Phase 7 - Block T, DHA Phase 7",Lahore,Zameen,76500000.0,Kanal,5445.0,False
https://www.zameen.com/Property/dha_phase_7_dha_phase_7_-_block_q_your_dream_home_now_available_in_dha_phase_7_hot_location-53772131-1624-1.html,Other,For Sale,1 Kanal,5.0,6.0,3 hours ago,PKR 7.35 Crore,"DHA Phase 7 - Block Q, DHA Phase 7",Lahore,Zameen,73500000.0,Kanal,5445.0,False
https://www.zameen.com/Property/dha_phase_5_dha_phase_5_-_block_b_property_for_sale_in_dha_phase_5_-_block_b_lahore_is_available_under_rs_89000000-53748534-1599-1.html,Other,For Sale,1 Kanal,5.0,7.0,3 hours ago,PKR 8.9 Crore,"DHA Phase 5 - Block B, DHA Phase 5",Lahore,Zameen,89000000.0,Kanal,5445.0,False
https://www.zameen.com/Property/dha_phase_7_dha_phase_7_-_block_q_1_kanal_brand_new_unique_design_bungalow_for_sale_in_dha_phase_7_ideal_location-53813573-1624-1.html,Other,For Sale,1 Kanal,5.0,6.0,3 hours ago,PKR 7.25 Crore,"DHA Phase 7 - Block Q, DHA Phase 7",Lahore,Zameen,72500000.0,Kanal,5445.0,False
https://www.zameen.com/Property/dha_phase_3_dha_phase_3_-_block_z_modern_designed_1_kanal_new_build_house_for_sale_in_dha_lahore-53766906-1588-1.html,House,For Sale,1 Kanal,6.0,6.0,3 hours ago,PKR 12.25 Crore,"DHA Phase 3 - Block Z, DHA Phase 3",Lahore,Zameen,122500000.0,Kanal,5445.0,False
https://www.zameen.com/Property/central_park_housing_scheme_central_park_-_block_e_beautiful_house-54649364-3688-1.html,House,For Sale,5 Marla,5.0,5.0,1 day ago,PKR 2.6 Crore,"Central Park - Block E, Central Park Housing Scheme",Lahore,Zameen,26000000.0,Marla,1361.25,False
https://www.zameen.com/Property/lahore_park_view_city_5_marla_lavish_house_for_sale_in_park_view_city_lahore-54546011-1466-1.html,House,For Sale,5 Marla,4.0,4.0,1 day ago,PKR 1.92 Crore,"Park View City, Lahore",Lahore,Zameen,19200000.0,Marla,1361.25,False
https://www.zameen.com/Property/lahore_park_view_city_05_marla_brand_new_house_avliable_for_sale_in_park_view_city_lahore-54580976-1466-1.html,House,For Sale,5 Marla,4.0,4.0,1 day ago,PKR 1.8 Crore,"Park View City, Lahore",Lahore,Zameen,18000000.0,Marla,1361.25,False
https://www.zameen.com/Property/park_view_city_park_view_city_-_executive_block_5_marla_house_available_for_sale_in_executive_block_park_view_city_lahore-54652716-17598-1.html,House,For Sale,5 Marla,4.0,4.0,1 day ago,PKR 2.65 Crore,"Park View City - Executive Block, Park View City",Lahore,Zameen,26500000.0,Marla,1361.25,False
https://www.zameen.com/Property/lahore_khayaban-e-amin_4_5_marla_beautiful_house_for_sale_khayaban_e_amin_l_block-54687251-1514-1.html,House,For Sale,5 Marla,3.0,3.0,1 day ago,PKR 1.55 Crore,"Khayaban-e-Amin, Lahore",Lahore,Zameen,15500000.0,Marla,1361.25,False
https://www.zameen.com/Property/dha_defence_dha_phase_7_most_beautiful_eye_catching_one_kanal_house_with_basement_furnished_plus_swimming_pool_in_dha_phase_7_for_sale_near_to_big_park-54271239-1450-1.html,House,For Sale,1 Kanal,6.0,7.0,16 hours ago,PKR 12.45 Crore,"DHA Phase 7, DHA Defence",Lahore,Zameen,124500000.0,Kanal,5445.0,False
https://www.zameen.com/Property/dha_phase_6_dha_phase_6_-_block_l_brand_new_20-marla_modern_marvel_elegant_bungalow_for_sale_at_super_hot_location-54225587-1620-1.html,Other,For Sale,1 Kanal,6.0,6.0,16 hours ago,PKR 15.75 Crore,"DHA Phase 6 - Block L, DHA Phase 6",Lahore,Zameen,157500000.0,Kanal,5445.0,False
https://www.zameen.com/Property/dha_defence_dha_phase_7_king_of_the_dha_100_percent_original_add_full_furnished_house_in_the_dha_lahore-54612154-1450-1.html,House,For Sale,1 Kanal,6.0,6.0,16 hours ago,PKR 13 Crore,"DHA Phase 7, DHA Defence",Lahore,Zameen,130000000.0,Kanal,5445.0,False
https://www.zameen.com/Property/dha_defence_dha_phase_6_brand_new_20-marla_modern_marvel_elegant_bungalow_with_full_basement_for_sale_at_super_hot_location-54648013-1448-1.html,Other,For Sale,1 Kanal,6.0,7.0,16 hours ago,PKR 12 Crore,"DHA Phase 6, DHA Defence",Lahore,Zameen,120000000.0,Kanal,5445.0,False
https://www.zameen.com/Property/bahria_town_bahria_town_-_sector_f_brand_new_5_marla_house_available_for_sale_in_sector_f_bahria_town_lahore-54688497-3097-1.html,House,For Sale,5 Marla,3.0,4.0,16 hours ago,PKR 2.4 Crore,"Bahria Town - Sector F, Bahria Town",Lahore,Zameen,24000000.0,Marla,1361.25,False
https://www.zameen.com/Property/dha_defence_dha_phase_8_8_marla_brand_new_modern_design_house_for_sale_in_heart_of_dha_lahore_phase_8-54354936-1451-1.html,House,For Sale,8 Marla,4.0,5.0,3 hours ago,PKR 3.5 Crore,"DHA Phase 8, DHA Defence",Lahore,Zameen,35000000.0,Marla,2178.0,False
https://www.zameen.com/Property/dha_defence_defence_raya_luxury_1_bedroom_apartment_for_sale_defence_raya_dha_lahore-54516099-8172-1.html,Room,For Sale,4.3 Marla,1.0,2.0,3 hours ago,PKR 3.65 Crore,"Defence Raya, DHA Defence",Lahore,Zameen,36500000.0,Marla,1170.675,False
https://www.zameen.com/Property/dha_defence_dha_phase_8_dha_phase_6_1_kanal_brand_new_modern_elegant_bungalow_for_sale-53549942-1451-1.html,Other,For Sale,1 Kanal,5.0,6.0,4 hours ago,PKR 7 Crore,"DHA Phase 8, DHA Defence",Lahore,Zameen,70000000.0,Kanal,5445.0,False
https://www.zameen.com/Property/dha_defence_dha_phase_6_elegant_1_kanal_bungalow_for_sale_phase_6_dha_lahore-53681541-1448-1.html,Other,For Sale,1 Kanal,5.0,6.0,4 hours ago,PKR 8.15 Crore,"DHA Phase 6, DHA Defence",Lahore,Zameen,81500000.0,Kanal,5445.0,False
https://www.zameen.com/Property/dha_defence_dha_phase_7_prime_house_for_sale_dha_phase_7_hot_location_solid_construction_excellent_value-53693744-1450-1.html,House,For Sale,1 Kanal,5.0,6.0,4 hours ago,PKR 8.75 Crore,"DHA Phase 7, DHA Defence",Lahore,Zameen,87500000.0,Kanal,5445.0,False
https://www.zameen.com/Property/dha_defence_dha_phase_7_10_marla_brand_new_luxury_house_for_sale_dha_phase_7_lahore-53742816-1450-1.html,House,For Sale,10 Marla,4.0,5.0,4 hours ago,PKR 4.8 Crore,"DHA Phase 7, DHA Defence",Lahore,Zameen,48000000.0,Marla,2722.5,False
https://www.zameen.com/Property/dha_phase_8_dha_phase_8_-_ex_air_avenue_most_elegant_full_basement_semi_furnished_like_a_new_house_available_for_sale-53940305-407-1.html,House,For Sale,10 Marla,5.0,6.0,4 hours ago,PKR 4.45 Crore,"DHA Phase 8 - Ex Air Avenue, DHA Phase 8",Lahore,Zameen,44500000.0,Marla,2722.5,False
https://www.zameen.com/Property/dha_phase_5_dha_phase_5_-_block_d_32_marla_house_available_for_sale_best_deal_house_note_it_s_old_house_and_just_like_a_brand_new-53760253-1601-1.html,House,For Sale,1.6 Kanal,6.0,6.0,3 hours ago,PKR 15 Crore,"DHA Phase 5 - Block D, DHA Phase 5",Lahore,Zameen,150000000.0,Kanal,8712.0,False
https://www.zameen.com/Property/dha_phase_7_dha_phase_7_-_block_w_centrally_located_house_available_in_dha_phase_7_-_block_w_for_sale-53755636-1630-1.html,House,For Sale,1 Kanal,5.0,6.0,3 hours ago,PKR 8.25 Crore,"DHA Phase 7 - Block W, DHA Phase 7",Lahore,Zameen,82500000.0,Kanal,5445.0,False
https://www.zameen.com/Property/dha_phase_6_dha_phase_6_-_block_k_fully_furnished_full_basement_swimming_pool_plus_home_theatre_brand_new_luxury_classical_modern_design_villa_for_sale_in_dha_phase_6_top_location-53753135-1619-1.html,Villa,For Sale,1 Kanal,6.0,7.0,3 hours ago,PKR 11.75 Crore,"DHA Phase 6 - Block K, DHA Phase 6",Lahore,Zameen,117500000.0,Kanal,5445.0,False
https://www.zameen.com/Property/dha_phase_3_dha_phase_3_-_block_y_brand_new_lavish_furnished_house_available_for_sale-53748365-1587-1.html,House,For Sale,1 Kanal,5.0,6.0,3 hours ago,PKR 9.9 Crore,"DHA Phase 3 - Block Y, DHA Phase 3",Lahore,Zameen,99000000.0,Kanal,5445.0,False
https://www.zameen.com/Property/dha_phase_5_dha_phase_5_-_block_k_1_kanal_like_a_brand_new_luxury_modern_fully_furnished_house_with_2_servant_room_in_basement_and_10_kv_solar_installed_in_k_block_phase_5_dha_lahore-53745777-1607-1.html,Room,For Sale,1.2 Kanal,5.0,6.0,3 hours ago,PKR 9.1 Crore,"DHA Phase 5 - Block K, DHA Phase 5",Lahore,Zameen,91000000.0,Kanal,6534.0,False
https://www.zameen.com/Property/dha_phase_7_dha_phase_7_-_block_r_one_kanal_house_and_one_kanal_lown_designed_by_famous_architect-53753632-1625-1.html,House,For Sale,2 Kanal,6.0,6.0,3 hours ago,PKR 14.75 Crore,"DHA Phase 7 - Block R, DHA Phase 7",Lahore,Zameen,147500000.0,Kanal,10890.0,False
https://www.zameen.com/Property/dha_phase_5_dha_phase_5_-_block_f_1_kanal_brand_new_luxurious_modern_edge_bungalow_for_sale_top_location_near_to_park-53752932-1603-1.html,Other,For Sale,1 Kanal,5.0,6.0,3 hours ago,PKR 9.05 Crore,"DHA Phase 5 - Block F, DHA Phase 5",Lahore,Zameen,90500000.0,Kanal,5445.0,False
https://www.zameen.com/Property/dha_phase_7_dha_phase_7_-_block_v_1_kanal_top_quality_build_luxurious_beautiful_modern_design_villa_with_basement_for_sale_in_dha_lahore_phase_7_prime_location-53750060-1629-1.html,Villa,For Sale,1 Kanal,5.0,6.0,3 hours ago,PKR 7.99 Crore,"DHA Phase 7 - Block V, DHA Phase 7",Lahore,Zameen,79900000.0,Kanal,5445.0,False
https://www.zameen.com/Property/dha_defence_dha_phase_7_syed_brothers_proudly_offers_1-kanal_elegant_old_bungalow_is_available_in_the_best_block_of_dha_lahore-54508057-1450-1.html,Other,For Sale,1 Kanal,5.0,6.0,1 day ago,PKR 9.5 Crore,"DHA Phase 7, DHA Defence",Lahore,Zameen,95000000.0,Kanal,5445.0,False
https://www.zameen.com/Property/dha_defence_dha_phase_7_2_kanal_fully_furnished_luxury_bungalow_for_sale_dha_phase_7_lahore-54505432-1450-1.html,Other,For Sale,2 Kanal,5.0,6.0,1 day ago,PKR 22.9 Crore,"DHA Phase 7, DHA Defence",Lahore,Zameen,229000000.0,Kanal,10890.0,False
https://www.zameen.com/Property/dha_defence_dha_phase_3_syed_brothers_proudly_offers_2-kanal_elegant_and_fully_maintained_bungalow_is_available_in_the_best_block_of_dha_lahore-54555622-1454-1.html,Other,For Sale,2 Kanal,6.0,7.0,1 day ago,PKR 16 Crore,"DHA Phase 3, DHA Defence",Lahore,Zameen,160000000.0,Kanal,10890.0,False
https://www.zameen.com/Property/dha_defence_dha_phase_4_syed_brothers_proudly_offers_1-kanal_elegant_and_fully_maintained_old_bungalow_is_available_in_the_best_block_of_dha_lahore-54539731-1446-1.html,Other,For Sale,1 Kanal,5.0,6.0,1 day ago,PKR 6.5 Crore,"DHA Phase 4, DHA Defence",Lahore,Zameen,65000000.0,Kanal,5445.0,False
https://www.zameen.com/Property/dha_defence_dha_phase_6_1_kanal_elegant_and_fully_basement_gelleria_design_owner_built_bungalow_is_available_in_dha_lahore_fully_furnished_solar_20kv-54579748-1448-1.html,Other,For Sale,1 Kanal,6.0,7.0,1 day ago,PKR 10.75 Crore,"DHA Phase 6, DHA Defence",Lahore,Zameen,107500000.0,Kanal,5445.0,False
https://www.zameen.com/Property/paragon_city_paragon_city_-_woods_block_5_marla_house_for_sale_in_paragon_city_lahore-50641551-4114-1.html,House,For Sale,5 Marla,3.0,4.0,17 hours ago,PKR 2.85 Crore,"Paragon City - Woods Block, Paragon City",Lahore,Zameen,28500000.0,Marla,1361.25,False
https://www.zameen.com/Property/al_kabir_town_phase_2_al-kabir_phase_2_-_block_a_3_marla_house_is_available_in_affordable_price_in_al-kabir_phase_2_-_block_a-54159293-11705-1.html,House,For Sale,3 Marla,4.0,4.0,17 hours ago,PKR 1.7 Crore,"Al-Kabir Phase 2 - Block A, Al-Kabir Town - Phase 2",Lahore,Zameen,17000000.0,Marla,816.75,False
https://www.zameen.com/Property/al_kabir_town_phase_2_al-kabir_phase_2_-_block_e_3_marla_house_in_stunning_al-kabir_phase_2_-_block_e_is_available_for_sale-54182526-13022-1.html,House,For Sale,3 Marla,4.0,4.0,17 hours ago,PKR 1.5 Crore,"Al-Kabir Phase 2 - Block E, Al-Kabir Town - Phase 2",Lahore,Zameen,15000000.0,Marla,816.75,False
https://www.zameen.com/Property/dha_defence_dha_phase_6_1_kanal_hot_location_house_available_for_sale_l_block_dha_phase_6-54688484-1448-1.html,House,For Sale,1 Kanal,5.0,6.0,17 hours ago,PKR 10 Crore,"DHA Phase 6, DHA Defence",Lahore,Zameen,100000000.0,Kanal,5445.0,False
https://www.zameen.com/Property/lahore_wapda_town_1_kanal_designer_house_in_wapda_town-54660309-423-1.html,House,For Sale,1 Kanal,6.0,7.0,17 hours ago,PKR 9.6 Crore,"Wapda Town, Lahore",Lahore,Zameen,96000000.0,Kanal,5445.0,False
https://www.zameen.com/Property/dha_defence_defence_raya_furnished_3_beds_prime_location_apartment_for_sale_in_defence_raya-54516629-8172-1.html,Apartment,For Sale,12 Marla,3.0,4.0,3 hours ago,PKR 8.75 Crore,"Defence Raya, DHA Defence",Lahore,Zameen,87500000.0,Marla,3267.0,False
https://www.zameen.com/Property/dha_9_town_dha_9_town_-_block_a_5_marla_ideal_location_beautiful_house_for_sale_in_dha_lahore_phase_9_town-54662955-8173-1.html,House,For Sale,5 Marla,3.0,4.0,3 hours ago,PKR 2.65 Crore,"DHA 9 Town - Block A, DHA 9 Town",Lahore,Zameen,26500000.0,Marla,1361.25,False
https://www.zameen.com/Property/dha_defence_dha_phase_6_10_marla_spanish_luxury_house_for_sale_in_dha_phase_6_lahore-54064167-1448-1.html,House,For Sale,10 Marla,4.0,5.0,4 hours ago,PKR 5.5 Crore,"DHA Phase 6, DHA Defence",Lahore,Zameen,55000000.0,Marla,2722.5,False
https://www.zameen.com/Property/lahore_cavalry_extension_house_for_sale_in_cavalry_extension-54466384-15484-1.html,House,For Sale,5 Marla,4.0,5.0,4 hours ago,PKR 2.6 Crore,"Cavalry Extension, Lahore",Lahore,Zameen,26000000.0,Marla,1361.25,False
https://www.zameen.com/Property/dha_defence_dha_phase_6_2_kanal_victorian_palace_available_for_sale_in_the_heart_of_dha-54153873-1448-1.html,Other,For Sale,2 Kanal,6.0,7.0,4 hours ago,PKR 27 Crore,"DHA Phase 6, DHA Defence",Lahore,Zameen,270000000.0,Kanal,10890.0,False
https://www.zameen.com/Property/dha_defence_dha_phase_7_100_percent_original_ad_near_mcdonald_s_and_masjid_one_kanal_brand_new_modern_ultra_luxury_supreme_location_house_in_dha_lahore-53941319-1450-1.html,House,For Sale,1 Kanal,5.0,6.0,4 hours ago,PKR 7.55 Crore,"DHA Phase 7, DHA Defence",Lahore,Zameen,75500000.0,Kanal,5445.0,False
https://www.zameen.com/Property/dha_defence_dha_phase_8_1_kanal_ultra_modern_super_luxury_stylish_bungalow_for_sale_near_commercial_reasonable_deal-54280978-1451-1.html,Other,For Sale,1 Kanal,5.0,6.0,4 hours ago,PKR 9 Crore,"DHA Phase 8, DHA Defence",Lahore,Zameen,90000000.0,Kanal,5445.0,False
https://www.zameen.com/Property/dha_phase_6_dha_phase_6_-_block_n_1_kanal_brand_new_beautiful_modern_designer_bungalow_for_sale_in_dha_phase_6_lahore_best_location-53753148-1622-1.html,Other,For Sale,1 Kanal,5.0,6.0,3 hours ago,PKR 8.35 Crore,"DHA Phase 6 - Block N, DHA Phase 6",Lahore,Zameen,83500000.0,Kanal,5445.0,False
https://www.zameen.com/Property/dha_phase_6_dha_phase_6_-_block_c_1_kanal_brand_new_unique_design_bungalow_for_sale_in_dha_phase_6_ideal_location-53752983-1612-1.html,Other,For Sale,1 Kanal,5.0,6.0,3 hours ago,PKR 8.99 Crore,"DHA Phase 6 - Block C, DHA Phase 6",Lahore,Zameen,89900000.0,Kanal,5445.0,False
https://www.zameen.com/Property/dha_phase_5_dha_phase_5_-_block_l_top_of_line_brand_new_luxury_modern_design_bungalow_for_sale_in_dha_phase_5_best_location-53752910-1608-1.html,Other,For Sale,1 Kanal,5.0,6.0,3 hours ago,PKR 8.9 Crore,"DHA Phase 5 - Block L, DHA Phase 5",Lahore,Zameen,89000000.0,Kanal,5445.0,False
https://www.zameen.com/Property/dha_phase_5_dha_phase_5_-_block_g_brand_new_house_with_amazing_price_owner_needy-53748470-1604-1.html,House,For Sale,1 Kanal,5.0,6.0,3 hours ago,PKR 8.35 Crore,"DHA Phase 5 - Block G, DHA Phase 5",Lahore,Zameen,83500000.0,Kanal,5445.0,False
https://www.zameen.com/Property/dha_phase_5_dha_phase_5_-_block_h_2_kanal_like_a_brand_new_house_with_amazing_price_owner_needy-53748388-1605-1.html,House,For Sale,2 Kanal,6.0,6.0,3 hours ago,PKR 25.75 Crore,"DHA Phase 5 - Block H, DHA Phase 5",Lahore,Zameen,257500000.0,Kanal,10890.0,False
https://www.zameen.com/Property/dha_phase_7_dha_phase_7_-_block_s_100_original_deal_dha_phase_7_1_kanal_brand_new_ultramodern_luxury_bungalow_architect_mazhar_munir_holizin_home_furniture_top_notch_construction_imported_tiles_architect_world_mona_lisa_hot_location_near_park_mosque-53353133-1626-1.html,Other,For Sale,1 Kanal,5.0,6.0,3 hours ago,PKR 7.19 Crore,"DHA Phase 7 - Block S, DHA Phase 7",Lahore,Zameen,71900000.0,Kanal,5445.0,False
https://www.zameen.com/Property/askari_11_askari_11_-_sector_b_apartments_12_marla_4_bed_flat_for_sale_in_askari_11_lahore-47688445-15703-1.html,Apartment,For Sale,12 Marla,4.0,4.0,3 hours ago,PKR 3.3 Crore,"Askari 11 - Sector B Apartments, Askari 11",Lahore,Zameen,33000000.0,Marla,3267.0,False
https://www.zameen.com/Property/dha_defence_dha_phase_7_spanish_design_1_kanal_solid_bungalow_situated_at_most_prime_location_dha_lahore_phase_7_reasonable_deal-54552403-1450-1.html,Other,For Sale,1 Kanal,4.0,5.0,3 hours ago,PKR 9.35 Crore,"DHA Phase 7, DHA Defence",Lahore,Zameen,93500000.0,Kanal,5445.0,False
https://www.zameen.com/Property/dha_defence_dha_phase_6_for_sale_spacious_1_000_sq_yd_two-unit_bungalow_dha_phase_6_karachi-54582936-1483-1.html,Other,For Sale,"1,000 Sq. Yd.",6.0,6.0,2 hours ago,PKR 28 Crore,"DHA Phase 6, DHA Defence",Karachi,Zameen,280000000.0,Sq. Yd.,9000.0,False
https://www.zameen.com/Property/dha_defence_dha_phase_8_luxurious_666_sq_yd_elite_mansion_private_pool_cinema_dha_karachi-54053967-1485-1.html,Other,For Sale,666 Sq. Yd.,6.0,6.0,2 hours ago,PKR 44 Crore,"DHA Phase 8, DHA Defence",Karachi,Zameen,440000000.0,Sq. Yd.,5994.0,False
https://www.zameen.com/Property/dha_defence_dha_phase_8_top_of_the_line_luxury_mansion_d-cutting_dha_phase_8-54060464-1485-1.html,Other,For Sale,500 Sq. Yd.,6.0,6.0,2 hours ago,PKR 27.5 Crore,"DHA Phase 8, DHA Defence",Karachi,Zameen,275000000.0,Sq. Yd.,4500.0,False
https://www.zameen.com/Property/dha_phase_8_dha_phase_8_-_zone_a_ultraluxe_signature_living_fully_furnished_666_sq_yd_designer_estate_for_sale_in_dha_phase_8-54336582-6677-1.html,Other,For Sale,666 Sq. Yd.,5.0,6.0,2 hours ago,PKR 40 Crore,"DHA Phase 8 - Zone A, DHA Phase 8",Karachi,Zameen,400000000.0,Sq. Yd.,5994.0,False
https://www.zameen.com/Property/dha_phase_6_ittehad_commercial_area_furnished_3-bedroom_luxury_apartment_for_sale-54487235-6673-1.html,Room,For Sale,167 Sq. Yd.,3.0,3.0,2 hours ago,PKR 4.25 Crore,"Ittehad Commercial Area, DHA Phase 6",Karachi,Zameen,42500000.0,Sq. Yd.,1503.0,False
https://www.zameen.com/Property/gulshan_e_iqbal_block_10_a_callachi_cooperative_housing_society_brand_new_appartment_available_for_sale_in_callachi_society-54397470-12954-1.html,Other,For Sale,128 Sq. Yd.,2.0,3.0,2 hours ago,PKR 2.5 Crore,"Callachi Cooperative Housing Society, Gulshan-e-Iqbal - Block 10-A",Karachi,Zameen,25000000.0,Sq. Yd.,1152.0,False
https://www.zameen.com/Property/gulshan_e_iqbal_gulshan-e-iqbal_-_block_5_portion_for_sale_brand_new_prime_location_at_gulshan-e-iqbal_block_5-54023663-6866-1.html,Other,For Sale,240 Sq. Yd.,3.0,4.0,4 hours ago,PKR 3.5 Crore,"Gulshan-e-Iqbal - Block 5, Gulshan-e-Iqbal",Karachi,Zameen,35000000.0,Sq. Yd.,2160.0,False
https://www.zameen.com/Property/jamshed_town_azam_basti_a_prime_location_house_of_70_square_yards-54619502-6918-1.html,House,For Sale,70 Sq. Yd.,3.0,3.0,4 hours ago,PKR 1.5 Crore,"Azam Basti, Jamshed Town",Karachi,Zameen,15000000.0,Sq. Yd.,630.0,False
https://www.zameen.com/Property/gulistan_e_jauhar_gulistan-e-jauhar_-_block_2_prime_location_west_open_just_like_new_semi_furnished_house_g_1-53312816-6825-1.html,House,For Sale,260 Sq. Yd.,6.0,6.0,4 hours ago,PKR 6 Crore,"Gulistan-e-Jauhar - Block 2, Gulistan-e-Jauhar",Karachi,Zameen,60000000.0,Sq. Yd.,2340.0,False
https://www.zameen.com/Property/surjani_town_sector_5_surjani_town_-_sector_5d_change_your_address_to_prime_location_surjani_town_-_sector_5d_karachi_for_a_reasonable_price_of_rs_10500000-54604853-8976-1.html,Other,For Sale,80 Sq. Yd.,5.0,3.0,4 hours ago,PKR 1.05 Crore,"Surjani Town - Sector 5D, Surjani Town - Sector 5",Karachi,Zameen,10500000.0,Sq. Yd.,720.0,False
https://www.zameen.com/Property/dha_defence_dha_phase_6_luxury_fully_renovated_1_000_sq_yd_bungalow_for_sale_in_dha_phase_6_karachi-49606279-1483-1.html,Other,For Sale,"1,000 Sq. Yd.",6.0,6.0,1 hour ago,PKR 29.5 Crore,"DHA Phase 6, DHA Defence",Karachi,Zameen,295000000.0,Sq. Yd.,9000.0,False
https://www.zameen.com/Property/dha_phase_8_emaar_crescent_bay_exquisite_3_200_sq_ft_sea-facing_4-bedroom_apartment_for_sale-50164209-8503-1.html,Room,For Sale,356 Sq. Yd.,4.0,4.0,1 hour ago,PKR 8.5 Crore,"Emaar Crescent Bay, DHA Phase 8",Karachi,Zameen,85000000.0,Sq. Yd.,3204.0,False
https://www.zameen.com/Property/gulshan_e_iqbal_gulshan-e-iqbal_-_block_13_d-1_well_maintained_240_sq_yard_house_sale_gulshan_e_iqbal_karachi_sindh-54683647-6875-1.html,House,For Sale,240 Sq. Yd.,8.0,7.0,21 minutes ago,PKR 6.65 Crore,"Gulshan-e-Iqbal - Block 13/D-1, Gulshan-e-Iqbal",Karachi,Zameen,66500000.0,Sq. Yd.,2160.0,False
https://www.zameen.com/Property/jamshed_town_karachi_administration_employees_society_chance_to_avail_3_bedrooms_flat_with_roof_in_this_price_with_lift_and_parking-54687604-750-1.html,Room,For Sale,139 Sq. Yd.,3.0,3.0,54 minutes ago,PKR 2.25 Crore,"Karachi Administration Employees Society, Jamshed Town",Karachi,Zameen,22500000.0,Sq. Yd.,1251.0,False
https://www.zameen.com/Property/jamshed_town_karachi_administration_employees_society_chance_to_avail_3_bedrooms_flat_with_roof_in_this_price_with_lift_and_parking-54687605-750-1.html,Room,For Sale,139 Sq. Yd.,3.0,3.0,55 minutes ago,PKR 2.25 Crore,"Karachi Administration Employees Society, Jamshed Town",Karachi,Zameen,22500000.0,Sq. Yd.,1251.0,False
https://www.zameen.com/Property/emaar_crescent_bay_emaar_coral_towers_luxury_apartment_for_sale-53927899-10721-1.html,Apartment,For Sale,289 Sq. Yd.,4.0,6.0,1 hour ago,PKR 8.1 Crore,"Emaar Coral Towers, Emaar Crescent Bay",Karachi,Zameen,81000000.0,Sq. Yd.,2601.0,False
https://www.zameen.com/Property/emaar_crescent_bay_emaar_reef_towers_luxury_apartment_is_available_for_sale-54507608-10720-1.html,Apartment,For Sale,289 Sq. Yd.,4.0,6.0,1 hour ago,PKR 12.8 Crore,"Emaar Reef Towers, Emaar Crescent Bay",Karachi,Zameen,128000000.0,Sq. Yd.,2601.0,False
https://www.zameen.com/Property/gulistan_e_jauhar_gulistan-e-jauhar_-_block_1_300_square_yards_house_for_sale_one_unit_ground_plus_2-54496028-6823-1.html,House,For Sale,300 Sq. Yd.,7.0,6.0,51 minutes ago,PKR 5.7 Crore,"Gulistan-e-Jauhar - Block 1, Gulistan-e-Jauhar",Karachi,Zameen,57000000.0,Sq. Yd.,2700.0,False
https://www.zameen.com/Property/karachi_shaheed_millat_road_apartment_for_sale_at_main_shaheed_e_millat-52959764-413-1.html,Apartment,For Sale,189 Sq. Yd.,3.0,3.0,1 hour ago,PKR 3.1 Crore,"Shaheed Millat Road, Karachi",Karachi,Zameen,31000000.0,Sq. Yd.,1701.0,False
https://www.zameen.com/Property/karachi_khalid_bin_walid_road_brand_new_3_bed_dd_for_sale_prime_location_of_khalid_bin_waleed_road-52614671-253-1.html,Other,For Sale,178 Sq. Yd.,3.0,3.0,1 hour ago,PKR 3.75 Crore,"Khalid Bin Walid Road, Karachi",Karachi,Zameen,37500000.0,Sq. Yd.,1602.0,False
https://www.zameen.com/Property/pechs_pechs_block_6_brand_new_apartment_for_sale_at_pechs_block_6_opposite_to_ferozabad_police_station-51937251-6935-1.html,Apartment,For Sale,200 Sq. Yd.,3.0,3.0,1 hour ago,PKR 4.75 Crore,"PECHS Block 6, PECHS",Karachi,Zameen,47500000.0,Sq. Yd.,1800.0,False
https://www.zameen.com/Property/pechs_pechs_block_2_portion_for_sale_in_pechs_block_2_near_allama_iqbal_road_standard_chartered_bank-53742383-6933-1.html,Other,For Sale,400 Sq. Yd.,4.0,4.0,1 hour ago,PKR 5.5 Crore,"PECHS Block 2, PECHS",Karachi,Zameen,55000000.0,Sq. Yd.,3600.0,False
https://www.zameen.com/Property/karachi_shaheed_millat_road_apartment_for_sale_at_main_shaheed-e-millat_road_near_zeytin_restaurant_pechs_block_3-54220662-413-1.html,Apartment,For Sale,189 Sq. Yd.,3.0,3.0,1 hour ago,PKR 4.1 Crore,"Shaheed Millat Road, Karachi",Karachi,Zameen,41000000.0,Sq. Yd.,1701.0,False
https://www.zameen.com/Property/karachi_shaheed_millat_road_premium_apartment_with_extra_terrace_for_sale_at_shaheed-e-millat_road_karachi-54359344-413-1.html,Apartment,For Sale,133 Sq. Yd.,2.0,2.0,1 hour ago,PKR 4 Crore,"Shaheed Millat Road, Karachi",Karachi,Zameen,40000000.0,Sq. Yd.,1197.0,False
https://www.zameen.com/Property/karachi_jamshed_road_luxury_renovated_apartment_for_sale_jamshed_road_no_3_near_parda_park-54353189-244-1.html,Apartment,For Sale,133 Sq. Yd.,2.0,3.0,1 hour ago,PKR 2.5 Crore,"Jamshed Road, Karachi",Karachi,Zameen,25000000.0,Sq. Yd.,1197.0,False
https://www.zameen.com/Property/dha_phase_8_dha_phase_8_-_zone_a_brand_new_1_000_sq_yd_ultra-luxury_bungalow_for_sale_khayaban-e-qasim_dha_phase_8_zone_a_karachi-54620267-6677-1.html,Other,For Sale,"1,000 Sq. Yd.",6.0,6.0,2 hours ago,PKR 44 Crore,"DHA Phase 8 - Zone A, DHA Phase 8",Karachi,Zameen,440000000.0,Sq. Yd.,9000.0,False
https://www.zameen.com/Property/dha_defence_dha_phase_7_for_sale_brand_new_500_sq_yd_luxury_bungalow_dha_phase_7_karachi-54644703-1484-1.html,Other,For Sale,500 Sq. Yd.,6.0,7.0,2 hours ago,PKR 23 Crore,"DHA Phase 7, DHA Defence",Karachi,Zameen,230000000.0,Sq. Yd.,4500.0,False
https://www.zameen.com/Property/dha_phase_8_dha_phase_8_-_zone_a_ultra-luxury_5-bed_bungalow_for_sale_dha_phase_8_khayaban-e-arafat_basement_theater_garden-54677878-6677-1.html,Other,For Sale,500 Sq. Yd.,5.0,6.0,2 hours ago,PKR 26 Crore,"DHA Phase 8 - Zone A, DHA Phase 8",Karachi,Zameen,260000000.0,Sq. Yd.,4500.0,False
https://www.zameen.com/Property/dha_defence_dha_phase_8_500_yards_brand_new_bungalow_with_pool_semi_furnished_available_for_sale-54646343-1485-1.html,Other,For Sale,500 Sq. Yd.,5.0,5.0,5 hours ago,PKR 19.5 Crore,"DHA Phase 8, DHA Defence",Karachi,Zameen,195000000.0,Sq. Yd.,4500.0,False
https://www.zameen.com/Property/clifton_clifton_-_block_9_5_sky_tower_by_sawera_3_bed_dd_with_private_pool_apartments_on_booking_at_main_clifton_block_9_a_project_by_ok_estate_builders-52383019-1671-1.html,Apartment,For Sale,247 Sq. Yd.,3.0,4.0,5 hours ago,PKR 6.2 Crore,"Clifton - Block 9, Clifton",Karachi,Zameen,62000000.0,Sq. Yd.,2223.0,False
https://www.zameen.com/Property/north_karachi_sector_5_c_north_karachi_-_sector_5-c_1_get_a_prime_location_80_square_yards_house_for_sale_in_north_karachi_-_sector_5-c_1-54531436-7155-1.html,House,For Sale,80 Sq. Yd.,4.0,5.0,4 hours ago,PKR 1.95 Crore,"North Karachi - Sector 5-C/1, North Karachi - Sector 5-C",Karachi,Zameen,19500000.0,Sq. Yd.,720.0,False
https://www.zameen.com/Property/north_karachi_sector_5_c_north_karachi_-_sector_5-c_1_get_a_prime_location_80_square_yards_house_for_sale_in_north_karachi_-_sector_5-c_1-54313488-7155-1.html,House,For Sale,80 Sq. Yd.,4.0,5.0,4 hours ago,PKR 1.95 Crore,"North Karachi - Sector 5-C/1, North Karachi - Sector 5-C",Karachi,Zameen,19500000.0,Sq. Yd.,720.0,False
https://www.zameen.com/Property/north_karachi_sector_5_c_north_karachi_-_sector_5-c_4_gorgeous_80_square_yards_house_for_sale_available_in_north_karachi_-_sector_5-c_4-54313489-7158-1.html,House,For Sale,80 Sq. Yd.,4.0,4.0,4 hours ago,PKR 1.9 Crore,"North Karachi - Sector 5-C/4, North Karachi - Sector 5-C",Karachi,Zameen,19000000.0,Sq. Yd.,720.0,False
https://www.zameen.com/Property/north_karachi_sector_5_c_north_karachi_-_sector_5-c_1_get_a_prime_location_80_square_yards_house_for_sale_in_north_karachi_-_sector_5-c_1-54313490-7155-1.html,House,For Sale,80 Sq. Yd.,4.0,5.0,4 hours ago,PKR 1.9 Crore,"North Karachi - Sector 5-C/1, North Karachi - Sector 5-C",Karachi,Zameen,19000000.0,Sq. Yd.,720.0,False
https://www.zameen.com/Property/surjani_town_sector_5_surjani_town_-_sector_5d_prime_location_surjani_town_-_sector_5d_house_for_sale_sized_80_square_yards-54319962-8976-1.html,House,For Sale,80 Sq. Yd.,5.0,3.0,4 hours ago,PKR 1 Crore,"Surjani Town - Sector 5D, Surjani Town - Sector 5",Karachi,Zameen,10000000.0,Sq. Yd.,720.0,False
https://www.zameen.com/Property/dha_phase_6_bukhari_commercial_area_for_sale_spacious_3-bedroom_apartment_bukhari_commercial_dha_phase_6_karachi-52645538-6674-1.html,Room,For Sale,139 Sq. Yd.,3.0,3.0,1 hour ago,PKR 2.5 Crore,"Bukhari Commercial Area, DHA Phase 6",Karachi,Zameen,25000000.0,Sq. Yd.,1251.0,False
https://www.zameen.com/Property/dha_phase_8_dha_phase_8_-_zone_a_luxury_500_sq_yd_renovated_bungalow_with_solar_system_for_sale_in_dha_phase_8_karachi-52655205-6677-1.html,Other,For Sale,500 Sq. Yd.,6.0,6.0,1 hour ago,PKR 16 Crore,"DHA Phase 8 - Zone A, DHA Phase 8",Karachi,Zameen,160000000.0,Sq. Yd.,4500.0,False
https://www.zameen.com/Property/gulshan_e_iqbal_town_gulshan-e-iqbal_own_a_flat_in_1450_square_feet_karachi-53653304-233-1.html,Apartment,For Sale,161 Sq. Yd.,3.0,3.0,2 hours ago,PKR 2.6 Crore,"Gulshan-e-Iqbal, Gulshan-e-Iqbal Town",Karachi,Zameen,26000000.0,Sq. Yd.,1449.0,False
https://www.zameen.com/Property/gulshan_e_iqbal_town_gulshan-e-iqbal_portion_for_sale-54500870-233-1.html,Other,For Sale,280 Sq. Yd.,4.0,4.0,2 hours ago,PKR 3.8 Crore,"Gulshan-e-Iqbal, Gulshan-e-Iqbal Town",Karachi,Zameen,38000000.0,Sq. Yd.,2520.0,False
https://www.zameen.com/Property/gulshan_e_iqbal_town_gulshan-e-iqbal_portion_for_sale-54501455-233-1.html,Other,For Sale,240 Sq. Yd.,3.0,3.0,2 hours ago,PKR 3.8 Crore,"Gulshan-e-Iqbal, Gulshan-e-Iqbal Town",Karachi,Zameen,38000000.0,Sq. Yd.,2160.0,False
https://www.zameen.com/Property/dha_phase_6_bukhari_commercial_area_flat_for_sale_three_bed_with_parking-54538325-6674-1.html,Apartment,For Sale,189 Sq. Yd.,3.0,3.0,2 hours ago,PKR 4.5 Crore,"Bukhari Commercial Area, DHA Phase 6",Karachi,Zameen,45000000.0,Sq. Yd.,1701.0,False
https://www.zameen.com/Property/dha_defence_dha_phase_6_fully_renovated_3_bed_dd_apartment_for_sale_in_big_nishat_commercial_dha_phase_6-54574396-1483-1.html,Apartment,For Sale,128 Sq. Yd.,3.0,3.0,2 hours ago,PKR 3.2 Crore,"DHA Phase 6, DHA Defence",Karachi,Zameen,32000000.0,Sq. Yd.,1152.0,False
https://www.zameen.com/Property/gulistan_e_jauhar_gulistan-e-jauhar_-_block_17_flat_available_for_sale-54344400-6841-1.html,Apartment,For Sale,124 Sq. Yd.,3.0,3.0,1 hour ago,PKR 78 Lakh,"Gulistan-e-Jauhar - Block 17, Gulistan-e-Jauhar",Karachi,Zameen,7800000.0,Sq. Yd.,1116.0,False
https://www.zameen.com/Property/gulistan_e_jauhar_gulistan-e-jauhar_-_block_3-a_400_square_yards_double_storey_house_for_sale_block_3a_gulistan-e-jauhar-53784072-6827-1.html,House,For Sale,400 Sq. Yd.,6.0,6.0,1 hour ago,PKR 8.5 Crore,"Gulistan-e-Jauhar - Block 3-A, Gulistan-e-Jauhar",Karachi,Zameen,85000000.0,Sq. Yd.,3600.0,False
https://www.zameen.com/Property/gulistan_e_jauhar_gulistan-e-jauhar_-_block_3-a_kings_palm_residency_2_bed_drawing_dining_apartment_for_sale_block_3a_jauhar-49930885-6827-1.html,Apartment,For Sale,144 Sq. Yd.,2.0,2.0,1 hour ago,PKR 1.62 Crore,"Gulistan-e-Jauhar - Block 3-A, Gulistan-e-Jauhar",Karachi,Zameen,16200000.000000002,Sq. Yd.,1296.0,False
https://www.zameen.com/Property/gulistan_e_jauhar_gulistan-e-jauhar_-_block_3-a_shaes_residency_3_bed_drawing_dining_apartment_available_on_sale_block_3a_jauhar-49096443-6827-1.html,Apartment,For Sale,178 Sq. Yd.,3.0,3.0,1 hour ago,PKR 2.7 Crore,"Gulistan-e-Jauhar - Block 3-A, Gulistan-e-Jauhar",Karachi,Zameen,27000000.0,Sq. Yd.,1602.0,False
https://www.zameen.com/Property/gulistan_e_jauhar_gulistan-e-jauhar_-_block_4_shaes_apartment_2_bed_drawing_dining_block_4_gulistan-e-jauhar-54268511-6828-1.html,Apartment,For Sale,111 Sq. Yd.,2.0,2.0,1 hour ago,PKR 1.2 Crore,"Gulistan-e-Jauhar - Block 4, Gulistan-e-Jauhar",Karachi,Zameen,12000000.0,Sq. Yd.,999.0,False
https://www.zameen.com/Property/gulistan_e_jauhar_gulistan-e-jauhar_-_block_16-a_gold_line_residency_2_bed_drawing_dining_appartment_for_sale_block_16a_gulistan-e-jauhar-54512958-8889-1.html,Other,For Sale,122 Sq. Yd.,2.0,2.0,1 hour ago,PKR 1.65 Crore,"Gulistan-e-Jauhar - Block 16-A, Gulistan-e-Jauhar",Karachi,Zameen,16500000.0,Sq. Yd.,1098.0,False
https://www.zameen.com/Property/gulistan_e_jauhar_gulistan-e-jauhar_-_block_4_crown_garden_3_bed_drawing_dining_apartment_for_sale_block_4_gulistan-e-jauhar-54663734-6828-1.html,Apartment,For Sale,164 Sq. Yd.,3.0,3.0,1 hour ago,PKR 1.15 Crore,"Gulistan-e-Jauhar - Block 4, Gulistan-e-Jauhar",Karachi,Zameen,11500000.0,Sq. Yd.,1476.0,False
https://www.zameen.com/Property/karachi_scheme_33_2160_square_feet_lower_portion_in_scheme_33_best_option-49069308-495-1.html,Lower Portion,For Sale,240 Sq. Yd.,3.0,4.0,2 hours ago,PKR 1.5 Crore,"Scheme 33, Karachi",Karachi,Zameen,15000000.0,Sq. Yd.,2160.0,False
https://www.zameen.com/Property/bahria_town_karachi_bahria_sports_city_350_sq_yd_boulevard_category_luxury_villa_for_sale_precinct-35_sports_city_bahria_town_karachi_near_rafi_cricket_stadium_4_bedrooms_drawing_dining_closed_italian_kitchen_tv_lounge_100_sq_yd_backyard_lawn_15_min_drive_from_main_gate-54690200-10061-1.html,Room,For Sale,350 Sq. Yd.,4.0,4.0,11 hours ago,PKR 2.05 Crore,"Bahria Sports City, Bahria Town Karachi",Karachi,Zameen,20500000.0,Sq. Yd.,3150.0,False
https://www.zameen.com/Property/dha_phase_8_emaar_the_views_1850_square_feet_flat_in_emaar_the_views_best_option-54503163-17808-1.html,Apartment,For Sale,206 Sq. Yd.,2.0,3.0,12 hours ago,PKR 7.75 Crore,"Emaar The Views, DHA Phase 8",Karachi,Zameen,77500000.0,Sq. Yd.,1854.0,False
https://www.zameen.com/Property/dha_phase_8_emaar_the_views_chance_deal_brand_new_3_bed_sea_facing_apartment_available_for_sale_the_views-54484658-17808-1.html,Apartment,For Sale,289 Sq. Yd.,3.0,5.0,13 hours ago,PKR 13.26 Crore,"Emaar The Views, DHA Phase 8",Karachi,Zameen,132600000.0,Sq. Yd.,2601.0,False
https://www.zameen.com/Property/dha_defence_dha_phase_8_bungalow_for_sale_500_square_yards_in_dha_phase_8-54686530-1485-1.html,Other,For Sale,500 Sq. Yd.,5.0,6.0,15 hours ago,PKR 24 Crore,"DHA Phase 8, DHA Defence",Karachi,Zameen,240000000.0,Sq. Yd.,4500.0,False
https://www.zameen.com/Property/bahria_town_karachi_bahria_town_-_precinct_6_272_sq_yd_villa_for_sale_precinct-6_btk_a_construction_4_or_5_beds_drawing_dining_lounge_modern_kitchen_greasy_kitchen_just_5_mins_drive_from_main_gate_near_park_mosque_beacon_house_school_midway_commercial_bahria_heights-54687696-10014-1.html,House,For Sale,272 Sq. Yd.,5.0,5.0,1 day ago,PKR 2.85 Crore,"Bahria Town - Precinct 6, Bahria Town Karachi",Karachi,Zameen,28500000.0,Sq. Yd.,2448.0,False
https://www.zameen.com/Property/bahria_town_precinct_2_bahria_town_-_quaid_villas_get_in_touch_now_to_buy_a_prime_location_house_in_bahria_town_-_quaid_villas_karachi-54688388-10011-1.html,House,For Sale,200 Sq. Yd.,3.0,3.0,4 hours ago,PKR 2.8 Crore,"Bahria Town - Quaid Villas, Bahria Town - Precinct 2",Karachi,Zameen,28000000.0,Sq. Yd.,1800.0,False
https://www.zameen.com/Property/bahria_town_karachi_bahria_town_-_precinct_31_beautiful_villa_for_sale_in_precinct_31_bahria_homes_bahria_town_karachi_prime_location_spacious_family_home_best_investment_opportunity-54682108-10045-1.html,Villa,For Sale,235 Sq. Yd.,3.0,3.0,5 hours ago,PKR 1.54 Crore,"Bahria Town - Precinct 31, Bahria Town Karachi",Karachi,Zameen,15400000.0,Sq. Yd.,2115.0,False
https://www.zameen.com/Property/jinnah_avenue_aman_golf_view_brand_new_flat_for_sale-54540833-18350-1.html,Apartment,For Sale,206 Sq. Yd.,3.0,4.0,5 hours ago,PKR 2.45 Crore,"Aman Golf View, Jinnah Avenue",Karachi,Zameen,24500000.0,Sq. Yd.,1854.0,False
https://www.zameen.com/Property/pechs_pechs_block_2_get_in_touch_now_to_buy_a_upper_portion_in_pechs_block_2-54557543-6933-1.html,Upper Portion,For Sale,194 Sq. Yd.,4.0,5.0,6 hours ago,PKR 5.5 Crore,"PECHS Block 2, PECHS",Karachi,Zameen,55000000.0,Sq. Yd.,1746.0,False
https://www.zameen.com/Property/dha_defence_dha_phase_6_bungalow_for_sale-53978493-1483-1.html,Other,For Sale,500 Sq. Yd.,6.0,6.0,8 hours ago,PKR 15.75 Crore,"DHA Phase 6, DHA Defence",Karachi,Zameen,157500000.0,Sq. Yd.,4500.0,False
https://www.zameen.com/Property/dha_defence_dha_phase_6_spacious_500_yards_outstanding_bungalow_for_sale_in_phase_6_dha_karachi-52656123-1483-1.html,Other,For Sale,500 Sq. Yd.,5.0,6.0,1 hour ago,PKR 15 Crore,"DHA Phase 6, DHA Defence",Karachi,Zameen,150000000.0,Sq. Yd.,4500.0,False
https://www.zameen.com/Property/dha_defence_dha_phase_5_dha_ph_5_1000_yard_slightly_used_basement_plus_swimming_pool_new_house_6_bed-53305255-1482-1.html,House,For Sale,"1,000 Sq. Yd.",6.0,6.0,1 hour ago,PKR 45 Crore,"DHA Phase 5, DHA Defence",Karachi,Zameen,450000000.0,Sq. Yd.,9000.0,False
https://www.zameen.com/Property/dha_defence_dha_phase_8_brand_new_3_bed_dd_apartment_for_sale-54573702-1485-1.html,Apartment,For Sale,122 Sq. Yd.,3.0,3.0,2 hours ago,PKR 3.9 Crore,"DHA Phase 8, DHA Defence",Karachi,Zameen,39000000.0,Sq. Yd.,1098.0,False
https://www.zameen.com/Property/dha_defence_dha_phase_6_brand_new_studio_apartment_for_sale_4th_floor_with_lift-54006917-1483-1.html,Apartment,For Sale,50 Sq. Yd.,2.0,2.0,3 hours ago,PKR 1.3 Crore,"DHA Phase 6, DHA Defence",Karachi,Zameen,13000000.0,Sq. Yd.,450.0,False
https://www.zameen.com/Property/karachi_civil_lines_luxury_4_bed_drawing_apartment_for_sale_civil_lines_karachi-54618458-493-1.html,Apartment,For Sale,311 Sq. Yd.,4.0,5.0,3 hours ago,PKR 11 Crore,"Civil Lines, Karachi",Karachi,Zameen,110000000.0,Sq. Yd.,2799.0,False
https://www.zameen.com/Property/gulistan_e_jauhar_askari_4_500_square_yards_house_available_for_sale_in_askari_4-54244649-6648-1.html,House,For Sale,500 Sq. Yd.,4.0,4.0,3 hours ago,PKR 23 Crore,"Askari 4, Gulistan-e-Jauhar",Karachi,Zameen,230000000.0,Sq. Yd.,4500.0,False
https://www.zameen.com/Property/dha_defence_dha_phase_7_extension_100yards_owner_built_double_story_bungalow_for_sell_in_dha_phase_7_ext_most_prime_location_in_dha_karachi-54630050-1674-1.html,Other,For Sale,100 Sq. Yd.,3.0,4.0,3 hours ago,PKR 5.5 Crore,"DHA Phase 7 Extension, DHA Defence",Karachi,Zameen,55000000.0,Sq. Yd.,900.0,False
https://www.zameen.com/Property/north_nazimabad_north_nazimabad_-_block_b_flat_for_sale_saima_bridge_view_apartments-54553427-7210-1.html,Apartment,For Sale,200 Sq. Yd.,3.0,3.0,2 hours ago,PKR 2.25 Crore,"North Nazimabad - Block B, North Nazimabad",Karachi,Zameen,22500000.0,Sq. Yd.,1800.0,False
https://www.zameen.com/Property/jauhar_chowrangi_road_kings_shaes_residency_1600_square_feet_flat_in_central_kings_shaes_residency_for_sale-54592185-12080-1.html,Apartment,For Sale,178 Sq. Yd.,3.0,4.0,2 hours ago,PKR 3 Crore,"Kings Shaes Residency, Jauhar Chowrangi Road",Karachi,Zameen,30000000.0,Sq. Yd.,1602.0,False
https://www.zameen.com/Property/dha_defence_dha_phase_7_house_for_sale-54435729-1484-1.html,House,For Sale,500 Sq. Yd.,5.0,5.0,2 hours ago,PKR 17 Crore,"DHA Phase 7, DHA Defence",Karachi,Zameen,170000000.0,Sq. Yd.,4500.0,False
https://www.zameen.com/Property/gulistan_e_jauhar_kings_presidency_brand_new_flat_for_sale-54592121-9174-1.html,Apartment,For Sale,222 Sq. Yd.,4.0,5.0,2 hours ago,PKR 3.7 Crore,"Kings Presidency, Gulistan-e-Jauhar",Karachi,Zameen,37000000.0,Sq. Yd.,1998.0,False
https://www.zameen.com/Property/gulistan_e_jauhar_gulistan-e-jauhar_-_block_18_flat_for_sale-54624643-6842-1.html,Apartment,For Sale,156 Sq. Yd.,3.0,3.0,2 hours ago,PKR 95 Lakh,"Gulistan-e-Jauhar - Block 18, Gulistan-e-Jauhar",Karachi,Zameen,9500000.0,Sq. Yd.,1404.0,False
https://www.zameen.com/Property/jinnah_avenue_aman_golf_view_brand_new_flat_for_sale-54624648-18350-1.html,Apartment,For Sale,206 Sq. Yd.,3.0,4.0,2 hours ago,PKR 2.45 Crore,"Aman Golf View, Jinnah Avenue",Karachi,Zameen,24500000.0,Sq. Yd.,1854.0,False
https://www.zameen.com/Property/dha_phase_6_ittehad_commercial_area_apartment_for_sale_2_bedroom_attached_bathroom_with_drawing_dining_in_ittehad_commercial_with_lift-54680850-6673-1.html,Room,For Sale,100 Sq. Yd.,2.0,2.0,2 hours ago,PKR 2.9 Crore,"Ittehad Commercial Area, DHA Phase 6",Karachi,Zameen,29000000.0,Sq. Yd.,900.0,False
https://www.zameen.com/Property/dha_phase_6_rahat_commercial_area_2_bed_dd_apartment_for_sale_in_rahat_commercial-54657131-8502-1.html,Apartment,For Sale,100 Sq. Yd.,2.0,2.0,2 hours ago,PKR 2 Crore,"Rahat Commercial Area, DHA Phase 6",Karachi,Zameen,20000000.0,Sq. Yd.,900.0,False
https://www.zameen.com/Property/emaar_crescent_bay_emaar_coral_towers_ully_renovated_2-bedroom_residence_coral_tower_south_emaar_dha_phase_8_luxury_that_pays_you_back-54419715-10721-1.html,Room,For Sale,198 Sq. Yd.,2.0,2.0,1 day ago,PKR 5.28 Crore,"Emaar Coral Towers, Emaar Crescent Bay",Karachi,Zameen,52800000.0,Sq. Yd.,1782.0,False
https://www.zameen.com/Property/dha_defence_dha_phase_8_designed_to_inspire_modern_brand_new_500_yards_bungalow_for_sale_in_dha_phase_8_karachi-54447821-1485-1.html,Other,For Sale,500 Sq. Yd.,6.0,7.0,1 day ago,PKR 30 Crore,"DHA Phase 8, DHA Defence",Karachi,Zameen,300000000.0,Sq. Yd.,4500.0,False
https://www.zameen.com/Property/dha_defence_dha_phase_8_exquisite_modern_well_planned_brand_new_500_yards_bungalow_for_sale_in_dha_phase_8_karachi-54105924-1485-1.html,Other,For Sale,500 Sq. Yd.,6.0,7.0,1 day ago,PKR 28.5 Crore,"DHA Phase 8, DHA Defence",Karachi,Zameen,285000000.0,Sq. Yd.,4500.0,False
https://www.zameen.com/Property/bahria_town_karachi_bahria_town_-_precinct_1_bahria_town_karachi_5-bed_luxury_designer_villa_for_sale_in_precinct-1_overseas_block_near_main_entrance_of_bahria_town_karachi-54686995-10007-1.html,Villa,For Sale,272 Sq. Yd.,5.0,5.0,1 day ago,PKR 3.85 Crore,"Bahria Town - Precinct 1, Bahria Town Karachi",Karachi,Zameen,38500000.0,Sq. Yd.,2448.0,False
https://www.zameen.com/Property/karachi_shaheed_millat_road_flat_available_for_sale_in_high-rise-54501521-413-1.html,Apartment,For Sale,300 Sq. Yd.,4.0,5.0,1 day ago,PKR 8 Crore,"Shaheed Millat Road, Karachi",Karachi,Zameen,80000000.0,Sq. Yd.,2700.0,False
https://www.zameen.com/Property/clifton_clifton_-_block_2_luxury_fully_furnished_apartment_for_sale_in_clifton_block-2-54536116-1664-1.html,Apartment,For Sale,500 Sq. Yd.,4.0,5.0,9 hours ago,PKR 8 Crore,"Clifton - Block 2, Clifton",Karachi,Zameen,80000000.0,Sq. Yd.,4500.0,False
https://www.zameen.com/Property/clifton_clifton_-_block_2_3_bed_dd_ready_to_move_flat_for_sale-49717694-1664-1.html,Apartment,For Sale,200 Sq. Yd.,3.0,3.0,9 hours ago,PKR 3.1 Crore,"Clifton - Block 2, Clifton",Karachi,Zameen,31000000.0,Sq. Yd.,1800.0,False
https://www.zameen.com/Property/bahria_town_precinct_17_paragon_tower_540_sq_ft_1bhk_luxury_flat_available_on_cash_instalments_paragon_towers_are_available_on_sale_at_minimum_prices-54667906-21833-1.html,Apartment,For Sale,60 Sq. Yd.,1.0,1.0,9 hours ago,PKR 25 Lakh,"Paragon Tower, Bahria Town - Precinct 17",Karachi,Zameen,2500000.0,Sq. Yd.,540.0,False
https://www.zameen.com/Property/bahria_hills_dascon_tower_ready_to_move_650_square_feet_dascon_towers_1-bed_apartment_near_to_grand_mosque_for_sale_in_bahriatownkarachi-54667901-22084-1.html,Apartment,For Sale,72 Sq. Yd.,1.0,1.0,9 hours ago,PKR 54 Lakh,"Dascon Tower, Bahria Hills",Karachi,Zameen,5400000.0,Sq. Yd.,648.0,False
https://www.zameen.com/Property/scheme_33_rufi_greenland_aesthetic_prime_location_house_of_120_square_yards_for_sale_is_available-54654558-14098-1.html,House,For Sale,120 Sq. Yd.,4.0,5.0,9 hours ago,PKR 2.35 Crore,"Rufi Greenland, Scheme 33",Karachi,Zameen,23500000.0,Sq. Yd.,1080.0,False
https://www.zameen.com/Property/dha_defence_dha_phase_8_architectural_masterpiece_500_yard_modern_bungalow_for_sale_in_dha_phase_8-53044902-1485-1.html,Other,For Sale,500 Sq. Yd.,6.0,6.0,1 hour ago,PKR 27 Crore,"DHA Phase 8, DHA Defence",Karachi,Zameen,270000000.0,Sq. Yd.,4500.0,False
https://www.zameen.com/Property/dha_defence_dha_phase_8_bungalow_1000_yard_for_slightly_used_just_like_new_sale_in_dha_phase_8_karachi-52974168-1485-1.html,Other,For Sale,"1,000 Sq. Yd.",5.0,6.0,1 hour ago,PKR 50 Crore,"DHA Phase 8, DHA Defence",Karachi,Zameen,500000000.0,Sq. Yd.,9000.0,False
https://www.zameen.com/Property/dha_defence_dha_phase_7_extension_100yards_fully_renovated_ready_to_move_double_story_bungalow_for_sell_in_dha_phase_7_ext_near_by_fatima_masjid-54678881-1674-1.html,Other,For Sale,100 Sq. Yd.,3.0,3.0,3 hours ago,PKR 5.75 Crore,"DHA Phase 7 Extension, DHA Defence",Karachi,Zameen,57500000.0,Sq. Yd.,900.0,False
https://www.zameen.com/Property/bahria_town_precinct_17_paragon_tower_1400sq_ft_2bhk_luxury_flat_ready_to_move_available_on_cash_instalments_paragon_towers_are_available_on_sale_at_minimum_prices-54688506-21833-1.html,Apartment,For Sale,156 Sq. Yd.,2.0,2.0,4 hours ago,PKR 95 Lakh,"Paragon Tower, Bahria Town - Precinct 17",Karachi,Zameen,9500000.0,Sq. Yd.,1404.0,False
https://www.zameen.com/Property/bahria_town_karachi_bahria_town_-_precinct_31_235sq_yd_villas_at_precinct-31_close_to_gallery_and_mosque_are_available_for_sale-54649127-10045-1.html,Villa,For Sale,235 Sq. Yd.,3.0,3.0,4 hours ago,PKR 1.48 Crore,"Bahria Town - Precinct 31, Bahria Town Karachi",Karachi,Zameen,14800000.0,Sq. Yd.,2115.0,False
https://www.zameen.com/Property/bahria_town_precinct_2_bahria_homes_-_iqbal_villas_iqbal_villas_152sq_yd_close_to_entrance_of_btk_3bed_one_unit_villas_for_sale-54630912-9031-1.html,Villa,For Sale,152 Sq. Yd.,3.0,3.0,4 hours ago,PKR 1.8 Crore,"Bahria Homes - Iqbal Villas, Bahria Town - Precinct 2",Karachi,Zameen,18000000.0,Sq. Yd.,1368.0,False
https://www.zameen.com/Property/bahria_town_karachi_bahria_paradise_5_bedroom_luxury_villas_at_bahria_paradise_bahria_homes_exquisite_quality_construction_with_lowest_budget-54550720-11458-1.html,Room,For Sale,500 Sq. Yd.,5.0,5.0,4 hours ago,PKR 4.5 Crore,"Bahria Paradise, Bahria Town Karachi",Karachi,Zameen,45000000.0,Sq. Yd.,4500.0,False
https://www.zameen.com/Property/dha_defence_dha_phase_6_bank_loan_applicable_studio_apartment_for_sale_in_dha_phase_6-54655202-1483-1.html,Apartment,For Sale,50 Sq. Yd.,2.0,2.0,2 hours ago,PKR 1.3 Crore,"DHA Phase 6, DHA Defence",Karachi,Zameen,13000000.0,Sq. Yd.,450.0,False
https://www.zameen.com/Property/dha_defence_dha_phase_6_decent_3_bed_dd_apartment_for_sale_in_dha_phase-6-54647481-1483-1.html,Apartment,For Sale,133 Sq. Yd.,3.0,3.0,2 hours ago,PKR 2.4 Crore,"DHA Phase 6, DHA Defence",Karachi,Zameen,24000000.0,Sq. Yd.,1197.0,False
https://www.zameen.com/Property/dha_defence_dha_phase_6_like_brand_new_2_bed_dd_apartment_for_sale_in_dha_phase-6-54647306-1483-1.html,Apartment,For Sale,106 Sq. Yd.,2.0,2.0,2 hours ago,PKR 2.1 Crore,"DHA Phase 6, DHA Defence",Karachi,Zameen,21000000.0,Sq. Yd.,954.0,False
https://www.zameen.com/Property/dha_defence_dha_phase_6_vip_2_bed_drawing_apartment_for_sale-54640883-1483-1.html,Apartment,For Sale,106 Sq. Yd.,2.0,2.0,2 hours ago,PKR 1.7 Crore,"DHA Phase 6, DHA Defence",Karachi,Zameen,17000000.0,Sq. Yd.,954.0,False
https://www.zameen.com/Property/dha_defence_dha_phase_4_bungalow_for_sale_in_phase_4_fully_renovated-54618669-1481-1.html,Other,For Sale,300 Sq. Yd.,4.0,4.0,2 hours ago,PKR 14 Crore,"DHA Phase 4, DHA Defence",Karachi,Zameen,140000000.0,Sq. Yd.,2700.0,False
https://www.zameen.com/Property/dha_defence_dha_phase_6_phase_6_park_facing_vip_lavish_3_bedroom_apartment_for_sale_bank_loun_available-53224237-1483-1.html,Room,For Sale,139 Sq. Yd.,3.0,3.0,3 hours ago,PKR 3.3 Crore,"DHA Phase 6, DHA Defence",Karachi,Zameen,33000000.0,Sq. Yd.,1251.0,False
https://www.zameen.com/Property/dha_defence_dha_phase_7_fully_renovated_2_bed_dd_apartment_for_sale-54208588-1484-1.html,Apartment,For Sale,100 Sq. Yd.,2.0,2.0,3 hours ago,PKR 1.95 Crore,"DHA Phase 7, DHA Defence",Karachi,Zameen,19500000.0,Sq. Yd.,900.0,False
https://www.zameen.com/Property/dha_defence_dha_phase_1_1600sqft_3_bed_dd_apartment_for_sale-54052280-1478-1.html,Apartment,For Sale,178 Sq. Yd.,3.0,3.0,3 hours ago,PKR 2.5 Crore,"DHA Phase 1, DHA Defence",Karachi,Zameen,25000000.0,Sq. Yd.,1602.0,False
https://www.zameen.com/Property/karachi_shaheed_millat_road_apartment_available_for_sale_in_high-rise-54405567-413-1.html,Apartment,For Sale,222 Sq. Yd.,3.0,4.0,1 day ago,PKR 6.3 Crore,"Shaheed Millat Road, Karachi",Karachi,Zameen,63000000.0,Sq. Yd.,1998.0,False
https://www.zameen.com/Property/dha_defence_dha_phase_4_well-maintained_home_for_sale_in_dha_phase_4_most_prime_location-52735935-1481-1.html,Other,For Sale,300 Sq. Yd.,4.0,4.0,1 day ago,PKR 12.5 Crore,"DHA Phase 4, DHA Defence",Karachi,Zameen,125000000.0,Sq. Yd.,2700.0,False
https://www.zameen.com/Property/gulshan_e_iqbal_town_bahadurabad_park-facing_4-bed_flat_for_sale_prime_location_in_bahadurabad_1st_floor_1860_square_feet_net-52864600-524-1.html,Apartment,For Sale,233 Sq. Yd.,4.0,4.0,1 day ago,PKR 4.75 Crore,"Bahadurabad, Gulshan-e-Iqbal Town",Karachi,Zameen,47500000.0,Sq. Yd.,2097.0,False
https://www.zameen.com/Property/dha_defence_dha_phase_8_brand_new_stylish_west-open_500_yards_residence_for_sale_dha_phase_8-54169142-1485-1.html,Other,For Sale,500 Sq. Yd.,6.0,6.0,1 day ago,PKR 31.5 Crore,"DHA Phase 8, DHA Defence",Karachi,Zameen,315000000.0,Sq. Yd.,4500.0,False
https://www.zameen.com/Property/dha_defence_dha_phase_6_500_yards_rear_house_for_sale_in_dha_phase_6_karachi_prime_khayaban-e-seher_location-54418135-1483-1.html,House,For Sale,500 Sq. Yd.,6.0,7.0,1 day ago,PKR 13.8 Crore,"DHA Phase 6, DHA Defence",Karachi,Zameen,138000000.0,Sq. Yd.,4500.0,False
https://www.zameen.com/Property/dha_defence_dha_phase_4_fully_renovated_2_bed_flat_available_for_sale-54662110-1481-1.html,Apartment,For Sale,133 Sq. Yd.,2.0,2.0,9 hours ago,PKR 2.3 Crore,"DHA Phase 4, DHA Defence",Karachi,Zameen,23000000.0,Sq. Yd.,1197.0,False
https://www.zameen.com/Property/federal_b_area_federal_b_area_-_block_7_flat_of_1550_square_feet_is_available_for_sale_in_federal_b_area_-_block_7_karachi-54580988-6691-1.html,Apartment,For Sale,172 Sq. Yd.,3.0,3.0,10 hours ago,PKR 1.55 Crore,"Federal B Area - Block 7, Federal B Area",Karachi,Zameen,15500000.0,Sq. Yd.,1548.0,False
https://www.zameen.com/Property/bahria_town_karachi_bahria_town_-_precinct_10-a_3_bed_dd_lounge_200_square_yard_villa_for_sale_all_amenities_nearby_including_parks_mosques_and_gallery-54667516-18125-1.html,Villa,For Sale,200 Sq. Yd.,3.0,3.0,10 hours ago,PKR 1.99 Crore,"Bahria Town - Precinct 10-A, Bahria Town Karachi",Karachi,Zameen,19900000.0,Sq. Yd.,1800.0,False
https://www.zameen.com/Property/north_nazimabad_north_nazimabad_-_block_f_prominently-located_prime_location_2500_square_feet_flat_available_in_north_nazimabad_-_block_f-54244813-7214-1.html,Apartment,For Sale,278 Sq. Yd.,4.0,4.0,10 hours ago,PKR 3.5 Crore,"North Nazimabad - Block F, North Nazimabad",Karachi,Zameen,35000000.0,Sq. Yd.,2502.0,False
https://www.zameen.com/Property/naya_nazimabad_naya_nazimabad_-_block_c_160_sq_yd_brand_new_furnished_west_open_bungalow_near_football_ground_mosque_family_park_block_c_naya_nazimabad-54648763-14293-1.html,Other,For Sale,160 Sq. Yd.,4.0,5.0,10 hours ago,PKR 6.3 Crore,"Naya Nazimabad - Block C, Naya Nazimabad",Karachi,Zameen,63000000.0,Sq. Yd.,1440.0,False
https://www.zameen.com/Property/dha_defence_dha_phase_6_luxurious_bungalow_500_sqyds_for_sale_in_phase_6_dha_karachi-52865527-1483-1.html,Other,For Sale,500 Sq. Yd.,4.0,6.0,1 hour ago,PKR 15 Crore,"DHA Phase 6, DHA Defence",Karachi,Zameen,150000000.0,Sq. Yd.,4500.0,False
https://www.zameen.com/Property/dha_phase_8_emaar_crescent_bay_emaar_3_bedrooms_sea_and_city_facing_coral_tower-53699973-8503-1.html,Room,For Sale,222 Sq. Yd.,3.0,3.0,1 hour ago,PKR 6.45 Crore,"Emaar Crescent Bay, DHA Phase 8",Karachi,Zameen,64500000.0,Sq. Yd.,1998.0,False
https://www.zameen.com/Property/bahria_town_karachi_bahria_town_-_precinct_8_ready_to_move_272sq_yd_4_5_bedroom_ddl_luxury_villa_for_sale-54550719-10016-1.html,Room,For Sale,250 Sq. Yd.,5.0,5.0,4 hours ago,PKR 3.3 Crore,"Bahria Town - Precinct 8, Bahria Town Karachi",Karachi,Zameen,33000000.0,Sq. Yd.,2250.0,False
https://www.zameen.com/Property/bahria_town_karachi_bahria_town_-_precinct_1_250sq_yd_ready_to_move_villa_in_precinct-1_0_5km_from_main_entrance_a-one_construction_standard_5bed_drawing_dining_lounge-54550646-10007-1.html,Villa,For Sale,250 Sq. Yd.,5.0,5.0,4 hours ago,PKR 3.5 Crore,"Bahria Town - Precinct 1, Bahria Town Karachi",Karachi,Zameen,35000000.0,Sq. Yd.,2250.0,False
https://www.zameen.com/Property/bahria_town_karachi_bahria_sports_city_350_sq_yd_4bed_ddl_sports_villas_with_100sq_yd_backyard_lawn_at_lowest_rate_of_market-54550644-10061-1.html,Villa,For Sale,350 Sq. Yd.,4.0,4.0,4 hours ago,PKR 2 Crore,"Bahria Sports City, Bahria Town Karachi",Karachi,Zameen,20000000.0,Sq. Yd.,3150.0,False
https://www.zameen.com/Property/bahria_town_karachi_bahria_town_-_precinct_10-a_3bed_ddl_200sq_yd_villa_for_sale_all_amenities_nearby_including_parks_mosques_and_gallery-54550643-18125-1.html,Villa,For Sale,200 Sq. Yd.,3.0,3.0,4 hours ago,PKR 2.2 Crore,"Bahria Town - Precinct 10-A, Bahria Town Karachi",Karachi,Zameen,22000000.0,Sq. Yd.,1800.0,False
https://www.zameen.com/Property/bahria_town_precinct_2_bahria_homes_-_iqbal_villas_iqbal_villas_152sq_yd_close_to_entrance_of_btk_3bed_one_unit_villas_for_sale-54690788-9031-1.html,Villa,For Sale,152 Sq. Yd.,3.0,3.0,4 hours ago,PKR 2 Crore,"Bahria Homes - Iqbal Villas, Bahria Town - Precinct 2",Karachi,Zameen,20000000.0,Sq. Yd.,1368.0,False
https://www.zameen.com/Property/dha_defence_dha_phase_8_666_yards_luxury_bungalow_for_sale_dha_phase_8-54006776-1485-1.html,Other,For Sale,666 Sq. Yd.,6.0,6.0,3 hours ago,PKR 35 Crore,"DHA Phase 8, DHA Defence",Karachi,Zameen,350000000.0,Sq. Yd.,5994.0,False
https://www.zameen.com/Property/dha_phase_6_bukhari_commercial_area_fresh_booking_3_bed_dd_flat_in_bukhari_commercial-53818534-6674-1.html,Apartment,For Sale,189 Sq. Yd.,3.0,3.0,3 hours ago,PKR 3.8 Crore,"Bukhari Commercial Area, DHA Phase 6",Karachi,Zameen,38000000.0,Sq. Yd.,1701.0,False
https://www.zameen.com/Property/dha_defence_dha_phase_6_apartment_for_sale_3_bedroom-52565635-1483-1.html,Room,For Sale,133 Sq. Yd.,3.0,3.0,3 hours ago,PKR 2.25 Crore,"DHA Phase 6, DHA Defence",Karachi,Zameen,22500000.0,Sq. Yd.,1197.0,False
https://www.zameen.com/Property/dha_defence_dha_phase_6_studio_apartment_for_sale_dha_phesa_6_muslim_comm-50907247-1483-1.html,Apartment,For Sale,50 Sq. Yd.,2.0,2.0,3 hours ago,PKR 75 Lakh,"DHA Phase 6, DHA Defence",Karachi,Zameen,7500000.0,Sq. Yd.,450.0,False
https://www.zameen.com/Property/north_nazimabad_north_nazimabad_-_block_f_brand_new_house_for_sale_north_nazimabad_block_f-54273250-7214-1.html,House,For Sale,422 Sq. Yd.,6.0,6.0,3 hours ago,PKR 14.8 Crore,"North Nazimabad - Block F, North Nazimabad",Karachi,Zameen,148000000.0,Sq. Yd.,3798.0,False
https://www.zameen.com/Property/gulshan_e_iqbal_gulshan-e-iqbal_-_block_13_d-1_property_for_sale_in_gulshan-e-iqbal_-_block_13_d-1_karachi_is_available-54521739-6875-1.html,Other,For Sale,120 Sq. Yd.,6.0,6.0,3 hours ago,PKR 4 Crore,"Gulshan-e-Iqbal - Block 13/D-1, Gulshan-e-Iqbal",Karachi,Zameen,40000000.0,Sq. Yd.,1080.0,False
https://www.zameen.com/Property/north_nazimabad_north_nazimabad_-_block_n_centrally_located_house_in_north_nazimabad_-_block_n_is_available_for_sale-54672447-7222-1.html,House,For Sale,233 Sq. Yd.,6.0,6.0,3 hours ago,PKR 7.75 Crore,"North Nazimabad - Block N, North Nazimabad",Karachi,Zameen,77500000.0,Sq. Yd.,2097.0,False
https://www.zameen.com/Property/gulshan_e_iqbal_gulshan-e-iqbal_-_block_13_b_a_1350_square_feet_flat_in_karachi_is_on_the_market_for_sale-54233814-8844-1.html,Apartment,For Sale,150 Sq. Yd.,3.0,3.0,3 hours ago,PKR 2.55 Crore,"Gulshan-e-Iqbal - Block 13/B, Gulshan-e-Iqbal",Karachi,Zameen,25500000.0,Sq. Yd.,1350.0,False
https://www.zameen.com/Property/dha_defence_dha_phase_6_666_square_yards_well-maintained_bungalow_for_sale_dha_phase_6-54621855-1483-1.html,Other,For Sale,666 Sq. Yd.,4.0,6.0,1 day ago,PKR 25 Crore,"DHA Phase 6, DHA Defence",Karachi,Zameen,250000000.0,Sq. Yd.,5994.0,False
https://www.zameen.com/Property/pechs_pechs_block_2_3_bedrooms_drawing_second_floor_portion_with_roof_for_sale-54685877-6933-1.html,Room,For Sale,167 Sq. Yd.,3.0,3.0,2 days ago,PKR 4.25 Crore,"PECHS Block 2, PECHS",Karachi,Zameen,42500000.0,Sq. Yd.,1503.0,False
https://www.zameen.com/Property/karachi_shaheed_millat_road_brand_new_flat_full_decorated_for_sale-53197579-413-1.html,Apartment,For Sale,208 Sq. Yd.,3.0,4.0,2 days ago,PKR 7.25 Crore,"Shaheed Millat Road, Karachi",Karachi,Zameen,72500000.0,Sq. Yd.,1872.0,False
https://www.zameen.com/Property/emaar_crescent_bay_emaar_pearl_towers_fully_renovated_3_bedroosm_apartment_for_sale_in_pearl_tower-54664258-10719-1.html,Apartment,For Sale,243 Sq. Yd.,3.0,5.0,2 days ago,PKR 10.25 Crore,"Emaar Pearl Towers, Emaar Crescent Bay",Karachi,Zameen,102500000.0,Sq. Yd.,2187.0,False
https://www.zameen.com/Property/jamshed_town_pechs_for_sale_4_bedrooms_west_open_brand_new_luxury_aparment-54558806-403-1.html,Room,For Sale,206 Sq. Yd.,4.0,4.0,2 days ago,PKR 6 Crore,"PECHS, Jamshed Town",Karachi,Zameen,60000000.0,Sq. Yd.,1854.0,False
https://www.zameen.com/Property/naya_nazimabad_naya_nazimabad_-_block_d_brand_new_120_sq_yd_corner_west_open_house_with_extra_land_4_beds_prime_location-54657824-14294-1.html,House,For Sale,120 Sq. Yd.,4.0,4.0,10 hours ago,PKR 3.8 Crore,"Naya Nazimabad - Block D, Naya Nazimabad",Karachi,Zameen,38000000.0,Sq. Yd.,1080.0,False
https://www.zameen.com/Property/naya_nazimabad_naya_nazimabad_-_block_c_brand_new_120_sq_yd_corner_west_open_house_40_ft_road_4_beds_near_big_park-54660388-14293-1.html,House,For Sale,120 Sq. Yd.,4.0,4.0,10 hours ago,PKR 4.5 Crore,"Naya Nazimabad - Block C, Naya Nazimabad",Karachi,Zameen,45000000.0,Sq. Yd.,1080.0,False
https://www.zameen.com/Property/north_nazimabad_north_nazimabad_-_block_l_brand_new_double_storey_house_available_for_sale-53973289-7220-1.html,House,For Sale,233 Sq. Yd.,6.0,7.0,11 hours ago,PKR 8.65 Crore,"North Nazimabad - Block L, North Nazimabad",Karachi,Zameen,86500000.0,Sq. Yd.,2097.0,False
https://www.zameen.com/Property/gulistan_e_jauhar_gulistan-e-jauhar_-_block_3_ready_to_buy_a_prime_location_house_in_gulistan-e-jauhar_-_block_3_karachi-54567538-6826-1.html,House,For Sale,240 Sq. Yd.,6.0,6.0,11 hours ago,PKR 6.5 Crore,"Gulistan-e-Jauhar - Block 3, Gulistan-e-Jauhar",Karachi,Zameen,65000000.0,Sq. Yd.,2160.0,False
https://www.zameen.com/Property/dha_phase_8_hmr_waterfront_hmr_a_a_tower_2_water_front_one_bed_type_e_a_apartment_available_for_sale_on_easy_instalment-54633159-19639-1.html,Apartment,For Sale,111 Sq. Yd.,1.0,2.0,11 hours ago,PKR 4 Crore,"HMR Waterfront, DHA Phase 8",Karachi,Zameen,40000000.0,Sq. Yd.,999.0,False
https://www.zameen.com/Property/dha_phase_8_al-murtaza_commercial_area_1_150_sq_ft_modern_apartment_al-murtaza_commercial_dha_phase_8-54050383-10370-1.html,Apartment,For Sale,128 Sq. Yd.,3.0,3.0,1 hour ago,PKR 4 Crore,"Al-Murtaza Commercial Area, DHA Phase 8",Karachi,Zameen,40000000.0,Sq. Yd.,1152.0,False
https://www.zameen.com/Property/bahria_hills_dascon_tower_1100_sq_ft_dascon_tower_available_for_sale_in_bahria_town_karachi-54691071-22084-1.html,Other,For Sale,122 Sq. Yd.,2.0,2.0,4 hours ago,PKR 86 Lakh,"Dascon Tower, Bahria Hills",Karachi,Zameen,8600000.0,Sq. Yd.,1098.0,False
https://www.zameen.com/Property/bahria_town_precinct_17_paragon_tower_540sq_ft_1bhk_luxury_flat_available_on_cash_instalments_paragon_towers_are_available_on_sale_at_minimum_prices-54635773-21833-1.html,Apartment,For Sale,60 Sq. Yd.,1.0,1.0,4 hours ago,PKR 24 Lakh,"Paragon Tower, Bahria Town - Precinct 17",Karachi,Zameen,2400000.0,Sq. Yd.,540.0,False
https://www.zameen.com/Property/north_karachi_sector_5_c_north_karachi_-_sector_5-c_1_get_a_prime_location_80_square_yards_house_for_sale_in_north_karachi_-_sector_5-c_1-54531438-7155-1.html,House,For Sale,80 Sq. Yd.,4.0,5.0,4 hours ago,PKR 1.9 Crore,"North Karachi - Sector 5-C/1, North Karachi - Sector 5-C",Karachi,Zameen,19000000.0,Sq. Yd.,720.0,False
https://www.zameen.com/Property/surjani_town_sector_5_surjani_town_-_sector_5d_prime_location_96_square_yards_house_in_surjani_town_-_sector_5d_for_sale-54604855-8976-1.html,House,For Sale,96 Sq. Yd.,2.0,2.0,4 hours ago,PKR 80 Lakh,"Surjani Town - Sector 5D, Surjani Town - Sector 5",Karachi,Zameen,8000000.0,Sq. Yd.,864.0,False
https://www.zameen.com/Property/north_karachi_sector_5_c_north_karachi_-_sector_5-c_1_get_a_prime_location_80_square_yards_house_for_sale_in_north_karachi_-_sector_5-c_1-54625974-7155-1.html,House,For Sale,80 Sq. Yd.,4.0,5.0,4 hours ago,PKR 1.95 Crore,"North Karachi - Sector 5-C/1, North Karachi - Sector 5-C",Karachi,Zameen,19500000.0,Sq. Yd.,720.0,False
https://www.zameen.com/Property/north_nazimabad_north_nazimabad_-_block_b_flat_available_for_sale-54455081-7210-1.html,Apartment,For Sale,178 Sq. Yd.,3.0,3.0,3 hours ago,PKR 3 Crore,"North Nazimabad - Block B, North Nazimabad",Karachi,Zameen,30000000.0,Sq. Yd.,1602.0,False
https://www.zameen.com/Property/gulshan_e_iqbal_town_gulshan-e-jamal_120_square_yards_house_in_beautiful_location_of_gulshan-e-jamal_in_karachi-54307737-13-1.html,House,For Sale,120 Sq. Yd.,4.0,4.0,3 hours ago,PKR 3.65 Crore,"Gulshan-e-Jamal, Gulshan-e-Iqbal Town",Karachi,Zameen,36500000.0,Sq. Yd.,1080.0,False
https://www.zameen.com/Property/north_nazimabad_north_nazimabad_-_block_l_brand_new_house_for_sale-54159484-7220-1.html,House,For Sale,233 Sq. Yd.,6.0,6.0,3 hours ago,PKR 8 Crore,"North Nazimabad - Block L, North Nazimabad",Karachi,Zameen,80000000.0,Sq. Yd.,2097.0,False
https://www.zameen.com/Property/north_nazimabad_north_nazimabad_-_block_n_brand_new_flat_available_for_sale-54393550-7222-1.html,Apartment,For Sale,117 Sq. Yd.,2.0,2.0,3 hours ago,PKR 1.9 Crore,"North Nazimabad - Block N, North Nazimabad",Karachi,Zameen,19000000.0,Sq. Yd.,1053.0,False
https://www.zameen.com/Property/dha_defence_dha_phase_6_2_bedroom_drawing_dining_lounge_kitchen_front_entrance_appartment_for_sale-54492032-1483-1.html,Room,For Sale,106 Sq. Yd.,2.0,2.0,3 hours ago,PKR 1.8 Crore,"DHA Phase 6, DHA Defence",Karachi,Zameen,18000000.0,Sq. Yd.,954.0,False
https://www.zameen.com/Property/dha_defence_dha_phase_7_extension_120yards_fully_renovated_ready_to_move_double_story_bungalow_for_sell_in_dha_phase_7_ext_west_open_most_prime_location_in_dha_karachi-54692347-1674-1.html,Other,For Sale,120 Sq. Yd.,4.0,4.0,3 hours ago,PKR 6.8 Crore,"DHA Phase 7 Extension, DHA Defence",Karachi,Zameen,68000000.0,Sq. Yd.,1080.0,False
https://www.zameen.com/Property/dha_defence_dha_phase_7_extension_100yards_one_year_double_storey_bungalow_for_sell_in_dha_phase_7_ext-54061194-1674-1.html,Other,For Sale,100 Sq. Yd.,4.0,4.0,3 hours ago,PKR 5.6 Crore,"DHA Phase 7 Extension, DHA Defence",Karachi,Zameen,56000000.0,Sq. Yd.,900.0,False
https://www.zameen.com/Property/dha_defence_dha_phase_7_extension_100_yards_owner_build_double_storey_bungalow_for_sell_in_dha_phase_7_ext_moet_prime_location_in_dha_karachi-54030856-1674-1.html,Other,For Sale,100 Sq. Yd.,3.0,4.0,3 hours ago,PKR 6 Crore,"DHA Phase 7 Extension, DHA Defence",Karachi,Zameen,60000000.0,Sq. Yd.,900.0,False
https://www.zameen.com/Property/jamshed_town_pechs_for_sale_portion_2_bedrooms_drawing_second_floor_with_roof-54573108-403-1.html,Room,For Sale,111 Sq. Yd.,2.0,2.0,2 days ago,PKR 2.25 Crore,"PECHS, Jamshed Town",Karachi,Zameen,22500000.0,Sq. Yd.,999.0,False
https://www.zameen.com/Property/jamshed_town_pechs_for_sale_town_house_200_sq_yards-54590401-403-1.html,House,For Sale,200 Sq. Yd.,5.0,5.0,2 days ago,PKR 10 Crore,"PECHS, Jamshed Town",Karachi,Zameen,100000000.0,Sq. Yd.,1800.0,False
https://www.zameen.com/Property/pechs_pechs_block_2_for_sale_new_town_house_200_sq_yards-54637632-6933-1.html,House,For Sale,200 Sq. Yd.,5.0,6.0,2 days ago,PKR 11 Crore,"PECHS Block 2, PECHS",Karachi,Zameen,110000000.0,Sq. Yd.,1800.0,False
https://www.zameen.com/Property/gulshan_e_iqbal_gulshan-e-iqbal_-_block_1_exclusive_property_holdings_by_brickswall_enterprises-54593979-6861-1.html,Other,For Sale,240 Sq. Yd.,11.0,7.0,2 days ago,PKR 7.4 Crore,"Gulshan-e-Iqbal - Block 1, Gulshan-e-Iqbal",Karachi,Zameen,74000000.0,Sq. Yd.,2160.0,False
https://www.zameen.com/Property/karachi_naya_nazimabad_a_well_designed_prime_location_house_is_up_for_sale_in_an_ideal_location_in_naya_nazimabad-54508421-10079-1.html,House,For Sale,120 Sq. Yd.,4.0,4.0,2 days ago,PKR 4.5 Crore,"Naya Nazimabad, Karachi",Karachi,Zameen,45000000.0,Sq. Yd.,1080.0,False
https://www.zameen.com/Property/malir_cantonment_askari_6_270_square_yards_villas_are_available_for_booking_on_36_monthly_installment_plan-54413797-21109-1.html,Villa,For Sale,270 Sq. Yd.,5.0,7.0,11 hours ago,PKR 7.49 Crore,"Askari 6, Malir Cantonment",Karachi,Zameen,74900000.0,Sq. Yd.,2430.0,False
https://www.zameen.com/Property/scheme_33_sector_34_a_saima_residencia_west_open_corner_3_bed_dd_flat_for_sale_in_saima_residencia_scheme_33_karachi-54160287-22375-1.html,Apartment,For Sale,183 Sq. Yd.,3.0,4.0,12 hours ago,PKR 2.25 Crore,"Saima Residencia, Scheme 33 - Sector 34-A",Karachi,Zameen,22500000.0,Sq. Yd.,1647.0,False
https://www.zameen.com/Property/nazimabad_nazimabad_1_fully_furnished_luxury_west_open_portion_1900_sqft_for_sale_nazimabad_no_1_near_sir_syed_college-54620828-7078-1.html,Other,For Sale,211 Sq. Yd.,3.0,4.0,12 hours ago,PKR 2.25 Crore,"Nazimabad 1, Nazimabad",Karachi,Zameen,22500000.0,Sq. Yd.,1899.0,False
https://www.zameen.com/Property/gulshan_e_iqbal_block_10_a_callachi_cooperative_housing_society_gorgeous_prime_location_1000_square_feet_flat_for_sale_available_in_callachi_cooperative_housing_society-54297892-12954-1.html,Apartment,For Sale,111 Sq. Yd.,2.0,2.0,12 hours ago,PKR 2.65 Crore,"Callachi Cooperative Housing Society, Gulshan-e-Iqbal - Block 10-A",Karachi,Zameen,26500000.0,Sq. Yd.,999.0,False
https://www.zameen.com/Property/dha_defence_dha_phase_7_extension_prime_location_dha_phase_7_extension_100_square_yards_house_up_for_sale-54576853-1674-1.html,House,For Sale,100 Sq. Yd.,5.0,5.0,12 hours ago,PKR 5.75 Crore,"DHA Phase 7 Extension, DHA Defence",Karachi,Zameen,57500000.0,Sq. Yd.,900.0,False
https://www.zameen.com/Property/pechs_pechs_block_6_premium_portion_for_sale_in_block_6_pechs_karachi-54351596-6935-1.html,Other,For Sale,500 Sq. Yd.,4.0,5.0,1 hour ago,PKR 7.5 Crore,"PECHS Block 6, PECHS",Karachi,Zameen,75000000.0,Sq. Yd.,4500.0,False
https://www.zameen.com/Property/dha_defence_dha_phase_4_ultraluxe_signature_living_300_sq_yd_modern_residential_bungalow_for_sale_in_dha_phase_4-54345464-1481-1.html,Other,For Sale,300 Sq. Yd.,5.0,6.0,1 hour ago,PKR 14.5 Crore,"DHA Phase 4, DHA Defence",Karachi,Zameen,145000000.0,Sq. Yd.,2700.0,False
https://www.zameen.com/Property/north_karachi_sector_5_c_north_karachi_-_sector_5-c_4_gorgeous_80_square_yards_house_for_sale_available_in_north_karachi_-_sector_5-c_4-54625972-7158-1.html,House,For Sale,80 Sq. Yd.,4.0,4.0,4 hours ago,PKR 1.9 Crore,"North Karachi - Sector 5-C/4, North Karachi - Sector 5-C",Karachi,Zameen,19000000.0,Sq. Yd.,720.0,False
https://www.zameen.com/Property/north_karachi_sector_5_c_north_karachi_-_sector_5-c_1_get_a_prime_location_80_square_yards_house_for_sale_in_north_karachi_-_sector_5-c_1-54625971-7155-1.html,House,For Sale,80 Sq. Yd.,4.0,5.0,4 hours ago,PKR 1.9 Crore,"North Karachi - Sector 5-C/1, North Karachi - Sector 5-C",Karachi,Zameen,19000000.0,Sq. Yd.,720.0,False
https://www.zameen.com/Property/north_karachi_sector_5_c_north_karachi_-_sector_5-c_4_gorgeous_80_square_yards_house_for_sale_available_in_north_karachi_-_sector_5-c_4-54625970-7158-1.html,House,For Sale,80 Sq. Yd.,4.0,4.0,4 hours ago,PKR 1.9 Crore,"North Karachi - Sector 5-C/4, North Karachi - Sector 5-C",Karachi,Zameen,19000000.0,Sq. Yd.,720.0,False
https://www.zameen.com/Property/north_karachi_sector_5_c_north_karachi_-_sector_5-c_1_get_a_prime_location_80_square_yards_house_for_sale_in_north_karachi_-_sector_5-c_1-54625967-7155-1.html,House,For Sale,80 Sq. Yd.,4.0,5.0,4 hours ago,PKR 1.9 Crore,"North Karachi - Sector 5-C/1, North Karachi - Sector 5-C",Karachi,Zameen,19000000.0,Sq. Yd.,720.0,False
https://www.zameen.com/Property/north_karachi_sector_5_c_north_karachi_-_sector_5-c_4_gorgeous_80_square_yards_house_for_sale_available_in_north_karachi_-_sector_5-c_4-54531437-7158-1.html,House,For Sale,80 Sq. Yd.,4.0,4.0,4 hours ago,PKR 1.9 Crore,"North Karachi - Sector 5-C/4, North Karachi - Sector 5-C",Karachi,Zameen,19000000.0,Sq. Yd.,720.0,False
https://www.zameen.com/Property/dha_defence_dha_phase_7_extension_100yards_most_luxurious_and_architecture_ultra_modern_style_double_story_bungalow_with_full_basement_for_sell-54127872-1674-1.html,Other,For Sale,100 Sq. Yd.,4.0,4.0,3 hours ago,PKR 6.5 Crore,"DHA Phase 7 Extension, DHA Defence",Karachi,Zameen,65000000.0,Sq. Yd.,900.0,False
https://www.zameen.com/Property/dha_defence_dha_phase_7_extension_most_luxurious_house_for_sale-54414422-1674-1.html,House,For Sale,300 Sq. Yd.,4.0,4.0,3 hours ago,PKR 11 Crore,"DHA Phase 7 Extension, DHA Defence",Karachi,Zameen,110000000.0,Sq. Yd.,2700.0,False
https://www.zameen.com/Property/dha_defence_dha_phase_5_250yards_slightly_used_duplex_bungalow_for_sell_in_dha_phase_5-54389259-1482-1.html,Other,For Sale,250 Sq. Yd.,4.0,4.0,3 hours ago,PKR 9.5 Crore,"DHA Phase 5, DHA Defence",Karachi,Zameen,95000000.0,Sq. Yd.,2250.0,False
https://www.zameen.com/Property/dha_defence_dha_phase_4_300yards_most_luxurious_and_architecture_ultra_modern_style_double_story_bungalow_for_sell_in_dha_phase_4_most_elite_class_location_in_dha_karachi-54540552-1481-1.html,Other,For Sale,300 Sq. Yd.,5.0,5.0,3 hours ago,PKR 15 Crore,"DHA Phase 4, DHA Defence",Karachi,Zameen,150000000.0,Sq. Yd.,2700.0,False
https://www.zameen.com/Property/dha_defence_dha_phase_7_extension_100_square_yard_double_storey_bungalow_for_sell_in_dha_phase_7_ext-54307377-1674-1.html,Other,For Sale,100 Sq. Yd.,3.0,3.0,3 hours ago,PKR 5.45 Crore,"DHA Phase 7 Extension, DHA Defence",Karachi,Zameen,54500000.0,Sq. Yd.,900.0,False
https://www.zameen.com/Property/dha_defence_dha_phase_7_extension_100_yards_most_luxurious_and_architecture_ultra_modern_style_double_story_brandnew_bungalow_for_sell_in_dha_phase_7_ext_with_full_basement-54373045-1674-1.html,Other,For Sale,100 Sq. Yd.,3.0,4.0,3 hours ago,PKR 6.85 Crore,"DHA Phase 7 Extension, DHA Defence",Karachi,Zameen,68500000.0,Sq. Yd.,900.0,False
https://www.zameen.com/Property/dha_defence_dha_phase_6_300yards_duplex_bungalow_for_sell_in_dha_phase_6_most_elite_class_location_in_dha_karachi-54545776-1483-1.html,Other,For Sale,300 Sq. Yd.,4.0,4.0,3 hours ago,PKR 10 Crore,"DHA Phase 6, DHA Defence",Karachi,Zameen,100000000.0,Sq. Yd.,2700.0,False
https://www.zameen.com/Property/dha_defence_dha_phase_7_extension_900sqft_appartment_for_sell_west_open_building_top_class_location_in_dha_phase_7_ext_near_by_fatima_masjid-54670279-1674-1.html,Building,For Sale,100 Sq. Yd.,2.0,2.0,3 hours ago,PKR 1.85 Crore,"DHA Phase 7 Extension, DHA Defence",Karachi,Zameen,18500000.0,Sq. Yd.,900.0,False
https://www.zameen.com/Property/gulshan_e_maymar_rainbow_towers_and_shopping_mall_7th_floor_west_open_near_mosque-54692556-10902-1.html,Other,For Sale,172 Sq. Yd.,3.0,3.0,1 hour ago,PKR 99 Lakh,"Rainbow Towers And Shopping Mall, Gulshan-e-Maymar",Karachi,Zameen,9900000.0,Sq. Yd.,1548.0,False
https://www.zameen.com/Property/dha_defence_dha_phase_6_beautifully_designed_877_yards_house_in_heart_of_dha-54468035-1483-1.html,House,For Sale,877 Sq. Yd.,6.0,6.0,2 days ago,PKR 25 Crore,"DHA Phase 6, DHA Defence",Karachi,Zameen,250000000.0,Sq. Yd.,7893.0,False
https://www.zameen.com/Property/dha_phase_8_emaar_crescent_bay_emaar_coral_tower_2_bed_furnised_apartment_for_sale-54596686-8503-1.html,Apartment,For Sale,167 Sq. Yd.,2.0,2.0,16 hours ago,PKR 5.25 Crore,"Emaar Crescent Bay, DHA Phase 8",Karachi,Zameen,52500000.0,Sq. Yd.,1503.0,False
https://www.zameen.com/Property/dha_phase_8_hmr_waterfront_aa_beachfront_hmr_1_bed_ea_type_1_000_sq_ft_easy_instalment_plan_house_for_sale-54602837-19639-1.html,House,For Sale,111 Sq. Yd.,1.0,1.0,1 day ago,PKR 4 Crore,"HMR Waterfront, DHA Phase 8",Karachi,Zameen,40000000.0,Sq. Yd.,999.0,False
https://www.zameen.com/Property/dha_phase_8_emaar_crescent_bay_emaar_oceanfront_2_bed_furnished_sea-facing_apartment_available_for_sale_in_coral_towers-54322915-8503-1.html,Apartment,For Sale,201 Sq. Yd.,2.0,2.0,15 hours ago,PKR 5.5 Crore,"Emaar Crescent Bay, DHA Phase 8",Karachi,Zameen,55000000.0,Sq. Yd.,1809.0,False
https://www.zameen.com/Property/gulistan_e_jauhar_askari_4_3_bedrooms_drawing_dinning_apartment_with_servant_quarter_available_for_booking_on_36_monthly_installments-54413912-6648-1.html,Room,For Sale,278 Sq. Yd.,3.0,4.0,12 hours ago,PKR 7 Crore,"Askari 4, Gulistan-e-Jauhar",Karachi,Zameen,70000000.0,Sq. Yd.,2502.0,False
https://www.zameen.com/Property/dha_phase_8_hmr_waterfront_the_tilt_residence_by_nikken_sekkei_3_bed_sea-facing_luxury_apartments_private_sunk_in_slab_pool_book_with_just_10-54197967-19639-1.html,Apartment,For Sale,322 Sq. Yd.,3.0,4.0,12 hours ago,PKR 12.9 Crore,"HMR Waterfront, DHA Phase 8",Karachi,Zameen,129000000.0,Sq. Yd.,2898.0,False
https://www.zameen.com/Property/rashid_minhas_road_lucky_one_apartment_lucky_one_apartment_4_bed_drawing_lounge_servent_quieter_ubl_facing_fully_renovated_flat_leased-54517264-11029-1.html,Apartment,For Sale,267 Sq. Yd.,4.0,4.0,12 hours ago,PKR 6.98 Crore,"Lucky One Apartment, Rashid Minhas Road",Karachi,Zameen,69800000.0,Sq. Yd.,2403.0,False
https://www.zameen.com/Property/pir_ahmed_zaman_town_pir_ahmed_zaman_town_-_block_1_prime_location_120_square_yards_house_is_available_for_sale_in_pir_ahmed_zaman_town_-_block_1-54659862-6716-1.html,House,For Sale,120 Sq. Yd.,4.0,5.0,12 hours ago,PKR 2 Crore,"Pir Ahmed Zaman Town - Block 1, Pir Ahmed Zaman Town",Karachi,Zameen,20000000.0,Sq. Yd.,1080.0,False
https://www.zameen.com/Property/pir_ahmed_zaman_town_pir_ahmed_zaman_town_-_block_1_get_your_dream_prime_location_house_in_pir_ahmed_zaman_town_-_block_1_karachi-54659860-6716-1.html,House,For Sale,120 Sq. Yd.,4.0,5.0,12 hours ago,PKR 2.1 Crore,"Pir Ahmed Zaman Town - Block 1, Pir Ahmed Zaman Town",Karachi,Zameen,21000000.0,Sq. Yd.,1080.0,False
https://www.zameen.com/Property/dha_defence_dha_phase_6_premium_residential_apartment_for_sale_3-bedroom_dd_near_hilal_park_dha_karachi-54421537-1483-1.html,Room,For Sale,128 Sq. Yd.,3.0,3.0,2 hours ago,PKR 3 Crore,"DHA Phase 6, DHA Defence",Karachi,Zameen,30000000.0,Sq. Yd.,1152.0,False
https://www.zameen.com/Property/dha_defence_dha_phase_5_for_sale_400_400_sq_yd_jori_duplex_bungalow_prime_location_dha_karachi-54628163-1482-1.html,Other,For Sale,800 Sq. Yd.,8.0,6.0,2 hours ago,PKR 26 Crore,"DHA Phase 5, DHA Defence",Karachi,Zameen,260000000.0,Sq. Yd.,7200.0,False
https://www.zameen.com/Property/gulistan_e_jauhar_gulistan-e-jauhar_-_block_14_ideal_flat_for_sale_in_gulistan-e-jauhar_-_block_14-54631132-6838-1.html,Apartment,For Sale,60 Sq. Yd.,2.0,2.0,4 hours ago,PKR 2 Crore,"Gulistan-e-Jauhar - Block 14, Gulistan-e-Jauhar",Karachi,Zameen,20000000.0,Sq. Yd.,540.0,False
https://www.zameen.com/Property/gulshan_e_iqbal_gulshan-e-iqbal_-_block_13-d2_1_floor_flat_for_sale_in_gulshan_e_iqbal_13d2-54691921-8885-1.html,Apartment,For Sale,117 Sq. Yd.,2.0,2.0,4 hours ago,PKR 90 Lakh,"Gulshan-e-Iqbal - Block 13-D2, Gulshan-e-Iqbal",Karachi,Zameen,9000000.0,Sq. Yd.,1053.0,False
https://www.zameen.com/Property/bahria_paradise_bahria_paradise_-_precinct_51_prime_location_500_square_yards_house_in_beautiful_location_of_bahria_paradise_-_precinct_51_in_karachi-54688390-12070-1.html,House,For Sale,500 Sq. Yd.,5.0,5.0,4 hours ago,PKR 5 Crore,"Bahria Paradise - Precinct 51, Bahria Paradise",Karachi,Zameen,50000000.0,Sq. Yd.,4500.0,False
https://www.zameen.com/Property/bahria_paradise_bahria_paradise_-_precinct_51_ideal_prime_location_house_for_sale_in_bahria_paradise_-_precinct_51-54688670-12070-1.html,House,For Sale,500 Sq. Yd.,5.0,5.0,4 hours ago,PKR 4.5 Crore,"Bahria Paradise - Precinct 51, Bahria Paradise",Karachi,Zameen,45000000.0,Sq. Yd.,4500.0,False
https://www.zameen.com/Property/bahria_town_karachi_bahria_apartments_prominently-located_prime_location_2250_square_feet_flat_available_in_bahria_apartments-54688397-9030-1.html,Apartment,For Sale,250 Sq. Yd.,3.0,3.0,4 hours ago,PKR 2 Crore,"Bahria Apartments, Bahria Town Karachi",Karachi,Zameen,20000000.0,Sq. Yd.,2250.0,False
https://www.zameen.com/Property/bahria_town_precinct_12_bahria_town_-_ali_block_3_bed_ddl_125sq_yd_villa_for_sale_at_ali_block_all_amenities_nearby_including_mosque_general_store_parks-54656842-10023-1.html,Villa,For Sale,125 Sq. Yd.,3.0,3.0,4 hours ago,PKR 1.4 Crore,"Bahria Town - Ali Block, Bahria Town - Precinct 12",Karachi,Zameen,14000000.0,Sq. Yd.,1125.0,False
https://www.zameen.com/Property/bahria_town_precinct_11_bahria_town_-_precinct_11-b_3bed_ddl_125_sq_yd_villa_for_sale_at_precicnt-11b_all_amenities_nearby_heighted_location_investor_rates-54465883-10021-1.html,Villa,For Sale,125 Sq. Yd.,3.0,3.0,4 hours ago,PKR 1.1 Crore,"Bahria Town - Precinct 11-B, Bahria Town - Precinct 11",Karachi,Zameen,11000000.0,Sq. Yd.,1125.0,False
https://www.zameen.com/Property/gulshan_e_maymar_gulshan-e-maymar_-_sector_x_own_a_prime_location_house_in_200_square_yards_karachi-54692031-6760-1.html,House,For Sale,200 Sq. Yd.,6.0,6.0,4 hours ago,PKR 3.5 Crore,"Gulshan-e-Maymar - Sector X, Gulshan-e-Maymar",Karachi,Zameen,35000000.0,Sq. Yd.,1800.0,False
https://www.zameen.com/Property/bahria_town_precinct_2_bahria_town_-_quaid_villas_quaid_villas_200sq_yd_close_to_entrance_of_btk_3bed_one_unit_villas_for_sale-54643385-10011-1.html,Villa,For Sale,200 Sq. Yd.,3.0,3.0,4 hours ago,PKR 2.25 Crore,"Bahria Town - Quaid Villas, Bahria Town - Precinct 2",Karachi,Zameen,22500000.0,Sq. Yd.,1800.0,False
https://www.zameen.com/Property/scheme_33_sector_18_a_pilibhit_cooperative_housing_society_brand_new_house_available_for_sale-52109829-10262-1.html,House,For Sale,120 Sq. Yd.,4.0,4.0,4 hours ago,PKR 3.5 Crore,"Pilibhit Cooperative Housing Society, Scheme 33 - Sector 18-A",Karachi,Zameen,35000000.0,Sq. Yd.,1080.0,False
https://www.zameen.com/Property/gulistan_e_jauhar_gulistan-e-jauhar_-_block_15_fully_renovated_house_for_sale_park_facing_prime_location_and_easy_access_to_all_roads-52113884-6839-1.html,House,For Sale,400 Sq. Yd.,8.0,6.0,4 hours ago,PKR 8.5 Crore,"Gulistan-e-Jauhar - Block 15, Gulistan-e-Jauhar",Karachi,Zameen,85000000.0,Sq. Yd.,3600.0,False
https://www.zameen.com/Property/bahria_town_karachi_bahria_apartments_ready_to_move_955sq_ft_2bed_lounge_flat_for_sale_outer_corner_apartment_with_amazing_view_2km_from_main_gate_of_btk-54684416-9030-1.html,Apartment,For Sale,106 Sq. Yd.,2.0,2.0,4 hours ago,PKR 80 Lakh,"Bahria Apartments, Bahria Town Karachi",Karachi,Zameen,8000000.0,Sq. Yd.,954.0,False
https://www.zameen.com/Property/karachi_gulistan-e-jauhar_flat_for_sale_3_beds_dd_kings_shaes_residency_block_3a_gulistan_e_jauher-54655254-232-1.html,Apartment,For Sale,206 Sq. Yd.,3.0,3.0,4 hours ago,PKR 2.6 Crore,"Gulistan-e-Jauhar, Karachi",Karachi,Zameen,26000000.0,Sq. Yd.,1854.0,False
https://www.zameen.com/Property/dha_phase_8_creek_vista_luxury_west-open_apartment_for_sale_in_best_block_lower_floor_creek_vistas_dha_phase_8_karachi-54254883-9058-1.html,Apartment,For Sale,418 Sq. Yd.,4.0,6.0,2 hours ago,PKR 12 Crore,"Creek Vista, DHA Phase 8",Karachi,Zameen,120000000.0,Sq. Yd.,3762.0,False
https://www.zameen.com/Property/dha_phase_5_the_trillium_live_where_the_coastline_meets_downtown_trillium_dha_karachi_contact_us_for_further_information-54626196-22580-1.html,Other,For Sale,210 Sq. Yd.,2.0,2.0,14 hours ago,PKR 10.38 Crore,"The Trillium, DHA Phase 5",Karachi,Zameen,103800000.0,Sq. Yd.,1890.0,False
https://www.zameen.com/Property/dha_defence_dha_phase_6_500_yards_bungalow_for_sale-54688635-1483-1.html,Other,For Sale,500 Sq. Yd.,6.0,6.0,16 hours ago,PKR 16.5 Crore,"DHA Phase 6, DHA Defence",Karachi,Zameen,165000000.0,Sq. Yd.,4500.0,False
https://www.zameen.com/Property/karachi_scheme_33_a_perfect_2_bed_and_3-bed_apartments_by_sawera_groups-51966742-495-1.html,Apartment,For Sale,137 Sq. Yd.,2.0,2.0,2 days ago,PKR 1.4 Crore,"Scheme 33, Karachi",Karachi,Zameen,14000000.0,Sq. Yd.,1233.0,False
https://www.zameen.com/Property/bahria_town_precinct_2_bahria_homes_-_iqbal_villas_152_sq_yd_iqbal_villa_near_main_gate_entrance_precinct-2_surrounded_by_park_mosque_sports_complex_shopping_gallery_ideal_for_living_or_rental_investment_call_now-54419409-9031-1.html,Villa,For Sale,152 Sq. Yd.,3.0,3.0,2 days ago,PKR 1.88 Crore,"Bahria Homes - Iqbal Villas, Bahria Town - Precinct 2",Karachi,Zameen,18800000.0,Sq. Yd.,1368.0,False
https://www.zameen.com/Property/pir_ahmed_zaman_town_pir_ahmed_zaman_town_-_block_1_book_prime_location_house_today_in_pir_ahmed_zaman_town_-_block_1-54659861-6716-1.html,House,For Sale,120 Sq. Yd.,4.0,5.0,12 hours ago,PKR 2 Crore,"Pir Ahmed Zaman Town - Block 1, Pir Ahmed Zaman Town",Karachi,Zameen,20000000.0,Sq. Yd.,1080.0,False
https://www.zameen.com/Property/bahria_town_precinct_2_bahria_homes_-_iqbal_villas_iqbal_villas_152_sq_yd_close_to_entrance_of_btk_3bed_one_unit_villas_for_sale-54633014-9031-1.html,Villa,For Sale,152 Sq. Yd.,3.0,3.0,13 hours ago,PKR 2 Crore,"Bahria Homes - Iqbal Villas, Bahria Town - Precinct 2",Karachi,Zameen,20000000.0,Sq. Yd.,1368.0,False
https://www.zameen.com/Property/north_nazimabad_north_nazimabad_-_block_j_owner_built_ground_plus_two_bungalow-53110890-7218-1.html,Other,For Sale,310 Sq. Yd.,8.0,6.0,13 hours ago,PKR 5.75 Crore,"North Nazimabad - Block J, North Nazimabad",Karachi,Zameen,57500000.0,Sq. Yd.,2790.0,False
https://www.zameen.com/Property/north_nazimabad_north_nazimabad_-_block_h_ground_plus_2_house_near_mahrose_beauty_parlour-54023548-7216-1.html,House,For Sale,200 Sq. Yd.,9.0,6.0,13 hours ago,PKR 6.3 Crore,"North Nazimabad - Block H, North Nazimabad",Karachi,Zameen,63000000.0,Sq. Yd.,1800.0,False
https://www.zameen.com/Property/scheme_33_sector_35_a_capital_cooperative_housing_society_brand_new_luxury_240_yards_g_1_house_for_sale_capital_cooperative_housing_society-54689164-8908-1.html,House,For Sale,240 Sq. Yd.,6.0,7.0,14 hours ago,PKR 6.5 Crore,"Capital Cooperative Housing Society, Scheme 33 - Sector 35-A",Karachi,Zameen,65000000.0,Sq. Yd.,2160.0,False
https://www.zameen.com/Property/dha_defence_dha_phase_6_for_sale_well-maintained_5-bedroom_bungalow_muhafiz_street_dha_phase_6_karachi-54622561-1483-1.html,Room,For Sale,500 Sq. Yd.,5.0,6.0,2 hours ago,PKR 16.5 Crore,"DHA Phase 6, DHA Defence",Karachi,Zameen,165000000.0,Sq. Yd.,4500.0,False
https://www.zameen.com/Property/dha_phase_8_dha_phase_8_-_zone_b_furnished_luxury_mansion_500_sq_yds_prime_phase_8_dha-53926727-6678-1.html,Other,For Sale,500 Sq. Yd.,6.0,7.0,2 hours ago,PKR 30 Crore,"DHA Phase 8 - Zone B, DHA Phase 8",Karachi,Zameen,300000000.0,Sq. Yd.,4500.0,False
https://www.zameen.com/Property/bahria_town_karachi_bahria_heights_prime_location_1100_square_feet_flat_for_sale_in_bahria_heights-54688677-11761-1.html,Apartment,For Sale,122 Sq. Yd.,2.0,2.0,4 hours ago,PKR 1.15 Crore,"Bahria Heights, Bahria Town Karachi",Karachi,Zameen,11500000.0,Sq. Yd.,1098.0,False
https://www.zameen.com/Property/bahria_town_precinct_12_bahria_town_-_ali_block_your_dream_prime_location_125_square_yards_house_is_available_in_bahria_town_-_ali_block-54688674-10023-1.html,House,For Sale,125 Sq. Yd.,4.0,4.0,4 hours ago,PKR 1.5 Crore,"Bahria Town - Ali Block, Bahria Town - Precinct 12",Karachi,Zameen,15000000.0,Sq. Yd.,1125.0,False
https://www.zameen.com/Property/bahria_town_karachi_bahria_sports_city_350_sq_yd_sports_city_villa_in_precinct_35_bahria_town_karachi-54665595-10061-1.html,Villa,For Sale,350 Sq. Yd.,4.0,4.0,5 hours ago,PKR 2.1 Crore,"Bahria Sports City, Bahria Town Karachi",Karachi,Zameen,21000000.0,Sq. Yd.,3150.0,False
https://www.zameen.com/Property/bahria_town_karachi_bahria_town_-_precinct_15_125_sq_yards_3_bed_villa_for_sale_in_bahria_town_karachi_precinct_15_a_construction-54670881-10025-1.html,Villa,For Sale,125 Sq. Yd.,3.0,3.0,5 hours ago,PKR 1.1 Crore,"Bahria Town - Precinct 15, Bahria Town Karachi",Karachi,Zameen,11000000.0,Sq. Yd.,1125.0,False
https://www.zameen.com/Property/bahria_town_karachi_bahria_town_-_precinct_12_prime_residential_villa_for_sale_in_precinct_12_ali_block_bahria_town_karachi_ideal_family_home_excellent_investment_opportunity-54682066-10022-1.html,Villa,For Sale,125 Sq. Yd.,3.0,3.0,5 hours ago,PKR 1.48 Crore,"Bahria Town - Precinct 12, Bahria Town Karachi",Karachi,Zameen,14800000.0,Sq. Yd.,1125.0,False
https://www.zameen.com/Property/dha_phase_8_emaar_crescent_bay_4_bed_full_sea_facing_west_open_apartment_for_sale_in_coral_tower-54122545-8503-1.html,Apartment,For Sale,300 Sq. Yd.,4.0,5.0,4 hours ago,PKR 8.5 Crore,"Emaar Crescent Bay, DHA Phase 8",Karachi,Zameen,85000000.0,Sq. Yd.,2700.0,False
https://www.zameen.com/Property/gulshan_e_iqbal_town_gulshan-e-jamal_bungalow_for_sale_gulshan-e-jamal_120_sq_yd_g_2_2_bed_dd_each_floor_demand_4_15_cr-54691913-13-1.html,Other,For Sale,120 Sq. Yd.,6.0,6.0,4 hours ago,PKR 4.15 Crore,"Gulshan-e-Jamal, Gulshan-e-Iqbal Town",Karachi,Zameen,41500000.0,Sq. Yd.,1080.0,False
https://www.zameen.com/Property/bahria_town_karachi_bahria_town_-_precinct_15_smart_village_on_booking_residential_villas_project_located_in_the_heart_of_precinct_15-54044172-10025-1.html,Villa,For Sale,125 Sq. Yd.,3.0,3.0,4 hours ago,PKR 1.65 Crore,"Bahria Town - Precinct 15, Bahria Town Karachi",Karachi,Zameen,16500000.0,Sq. Yd.,1125.0,False
https://www.zameen.com/Property/dha_phase_8_al-murtaza_commercial_area_branded_3bedroom_apartment_ready_for_possession_huge_lounge_backup_generator_best_for_investment_living_sale-54661643-10370-1.html,Room,For Sale,150 Sq. Yd.,3.0,3.0,5 hours ago,PKR 4.55 Crore,"Al-Murtaza Commercial Area, DHA Phase 8",Karachi,Zameen,45500000.0,Sq. Yd.,1350.0,False
https://www.zameen.com/Property/dha_phase_8_al-murtaza_commercial_area_brand_new_4_bedroom_apartment_with_reserve_car_parking_huge_lounge_american_kitchen_ideal_for_family_living_rental_investment_sale-52762394-10370-1.html,Room,For Sale,222 Sq. Yd.,4.0,4.0,5 hours ago,PKR 5.8 Crore,"Al-Murtaza Commercial Area, DHA Phase 8",Karachi,Zameen,58000000.0,Sq. Yd.,1998.0,False
https://www.zameen.com/Property/bahria_town_precinct_11_bahria_town_-_precinct_11-a_200_yards_villa_for_sale_in_precinct_11-a_bahria_town_karachi-54671627-10020-1.html,Villa,For Sale,200 Sq. Yd.,3.0,3.0,5 hours ago,PKR 2 Crore,"Bahria Town - Precinct 11-A, Bahria Town - Precinct 11",Karachi,Zameen,20000000.0,Sq. Yd.,1800.0,False
https://www.zameen.com/Property/dha_phase_8_al-murtaza_commercial_area_flat_for_sale_is_readily_available_in_prime_location_of_al-murtaza_commercial_area-52986290-10370-1.html,Apartment,For Sale,107 Sq. Yd.,3.0,3.0,5 hours ago,PKR 3.5 Crore,"Al-Murtaza Commercial Area, DHA Phase 8",Karachi,Zameen,35000000.0,Sq. Yd.,963.0,False
https://www.zameen.com/Property/bahria_town_precinct_11_bahria_town_-_precinct_11-a_152_yards_beautiful_spacious_villa_for_sale_in_prime_location_of_precinct_11-a_bahria_town_karachi-54671642-10020-1.html,Villa,For Sale,152 Sq. Yd.,3.0,3.0,5 hours ago,PKR 1.5 Crore,"Bahria Town - Precinct 11-A, Bahria Town - Precinct 11",Karachi,Zameen,15000000.0,Sq. Yd.,1368.0,False
https://www.zameen.com/Property/bahria_town_karachi_bahria_town_-_precinct_19_ready_to_move_950_square_feet_2_bedroom_flats_available_for_sale_in_precinct-19_bahria_apartments_bahria_town_karachi-54585181-10030-1.html,Room,For Sale,106 Sq. Yd.,2.0,2.0,2 days ago,PKR 70 Lakh,"Bahria Town - Precinct 19, Bahria Town Karachi",Karachi,Zameen,7000000.0,Sq. Yd.,954.0,False
https://www.zameen.com/Property/dha_defence_dha_phase_6_300_yards_brand_new_bungalow_semi_furnished_available_for_sale-54623416-1483-1.html,Other,For Sale,300 Sq. Yd.,4.0,5.0,2 days ago,PKR 14 Crore,"DHA Phase 6, DHA Defence",Karachi,Zameen,140000000.0,Sq. Yd.,2700.0,False
https://www.zameen.com/Property/bahria_town_precinct_12_bahria_town_-_ali_block_ready_to_move_125_square_yards_villas_available_for_sale_in_precinct-12_ali_block_bahria_town_karachi-54573779-10023-1.html,Villa,For Sale,125 Sq. Yd.,3.0,3.0,3 days ago,PKR 1.4 Crore,"Bahria Town - Ali Block, Bahria Town - Precinct 12",Karachi,Zameen,14000000.0,Sq. Yd.,1125.0,False
https://www.zameen.com/Property/university_road_burj-ul-harmain_brand_new_project_burj-ul-harmain_at_main_safoora_chowrangi-51360497-9674-1.html,Other,For Sale,209 Sq. Yd.,3.0,4.0,3 days ago,PKR 2 Crore,"Burj-Ul-Harmain, University Road",Karachi,Zameen,20000000.0,Sq. Yd.,1881.0,False
https://www.zameen.com/Property/gulistan_e_jauhar_askari_4_premium_apartment_investment_opportunity_in_askari-4-54635532-6648-1.html,Apartment,For Sale,300 Sq. Yd.,3.0,4.0,3 days ago,PKR 7 Crore,"Askari 4, Gulistan-e-Jauhar",Karachi,Zameen,70000000.0,Sq. Yd.,2700.0,False
https://www.zameen.com/Property/north_nazimabad_north_nazimabad_-_block_f_luxury_house_for_sale_in_the_heart_of_north_nazimabad-54688888-7214-1.html,House,For Sale,422 Sq. Yd.,6.0,6.0,14 hours ago,PKR 16.5 Crore,"North Nazimabad - Block F, North Nazimabad",Karachi,Zameen,165000000.0,Sq. Yd.,3798.0,False
https://www.zameen.com/Property/jinnah_avenue_aman_golf_view_aman_golf_view_apartment_for_sale-54247329-18350-1.html,Apartment,For Sale,208 Sq. Yd.,3.0,4.0,16 hours ago,PKR 2.5 Crore,"Aman Golf View, Jinnah Avenue",Karachi,Zameen,25000000.0,Sq. Yd.,1872.0,False
https://www.zameen.com/Property/dha_defence_dha_phase_6_house_available_for_sale_in_dha_phase_6_karachi-54572459-1483-1.html,House,For Sale,700 Sq. Yd.,4.0,4.0,16 hours ago,PKR 25 Crore,"DHA Phase 6, DHA Defence",Karachi,Zameen,250000000.0,Sq. Yd.,6300.0,False
https://www.zameen.com/Property/gulistan_e_jauhar_gulistan-e-jauhar_-_block_15_unique_classic_3b_d_flat_available_for_sale-54677443-6839-1.html,Apartment,For Sale,150 Sq. Yd.,3.0,3.0,21 hours ago,PKR 1.35 Crore,"Gulistan-e-Jauhar - Block 15, Gulistan-e-Jauhar",Karachi,Zameen,13500000.0,Sq. Yd.,1350.0,False
https://www.zameen.com/Property/dha_defence_dha_phase_5_chance_deal_available_attractive_price_1000_yards_bungalow_for_sale_compact_house_huge_garden_parking-53008050-1482-1.html,House,For Sale,"1,000 Sq. Yd.",4.0,5.0,21 hours ago,PKR 15.5 Crore,"DHA Phase 5, DHA Defence",Karachi,Zameen,155000000.0,Sq. Yd.,9000.0,False
https://www.zameen.com/Property/dha_defence_dha_phase_5_ultraluxe_signature_living_690_sq_yd_architectural_bungalow_for_sale_in_dha_phase_5-54345435-1482-1.html,Other,For Sale,690 Sq. Yd.,6.0,7.0,2 hours ago,PKR 44 Crore,"DHA Phase 5, DHA Defence",Karachi,Zameen,440000000.0,Sq. Yd.,6210.0,False
https://www.zameen.com/Property/dha_defence_dha_phase_5_prime_3-bedroom_sea_view_apartment_for_sale_in_dha_phase_5_karachi-54515669-1482-1.html,Room,For Sale,256 Sq. Yd.,3.0,4.0,2 hours ago,PKR 6.2 Crore,"DHA Phase 5, DHA Defence",Karachi,Zameen,62000000.0,Sq. Yd.,2304.0,False
https://www.zameen.com/Property/jinnah_avenue_metropolis_residency_become_owner_of_your_flat_today_which_is_centrally_located_in_metropolis_residency_in_karachi-54540844-11073-1.html,Apartment,For Sale,217 Sq. Yd.,4.0,5.0,5 hours ago,PKR 3.1 Crore,"Metropolis Residency, Jinnah Avenue",Karachi,Zameen,31000000.0,Sq. Yd.,1953.0,False
https://www.zameen.com/Property/karachi_jinnah_avenue_buy_your_ideal_prime_location_1950_square_feet_flat_in_a_prime_location_of_jinnah_avenue-54540840-9059-1.html,Apartment,For Sale,217 Sq. Yd.,4.0,5.0,5 hours ago,PKR 3.1 Crore,"Jinnah Avenue, Karachi",Karachi,Zameen,31000000.0,Sq. Yd.,1953.0,False
https://www.zameen.com/Property/gulistan_e_jauhar_kings_presidency_flat_for_sale-54650734-9174-1.html,Apartment,For Sale,167 Sq. Yd.,3.0,4.0,5 hours ago,PKR 2.9 Crore,"Kings Presidency, Gulistan-e-Jauhar",Karachi,Zameen,29000000.0,Sq. Yd.,1503.0,False
https://www.zameen.com/Property/dha_defence_dha_phase_5_beautiful_luxry_ultra_modern_500_yards_two_unit_bungalow_for_sale_6_specious_bedroom_basement_swimming_pool_lift-54690224-1482-1.html,Room,For Sale,500 Sq. Yd.,6.0,6.0,5 hours ago,PKR 24 Crore,"DHA Phase 5, DHA Defence",Karachi,Zameen,240000000.0,Sq. Yd.,4500.0,False
https://www.zameen.com/Property/karachi_clifton_brand_new_apartment_available_for_sale-50853526-5-1.html,Apartment,For Sale,244 Sq. Yd.,3.0,4.0,5 hours ago,PKR 5.75 Crore,"Clifton, Karachi",Karachi,Zameen,57500000.0,Sq. Yd.,2196.0,False
https://www.zameen.com/Property/bahria_town_karachi_bahria_town_-_precinct_10-b_125_yards_beautiful_spacious_villa_for_sale_in_prime_location_of_precinct_10-b_bahria_town_karachi-54671690-18126-1.html,Villa,For Sale,125 Sq. Yd.,3.0,3.0,5 hours ago,PKR 1.12 Crore,"Bahria Town - Precinct 10-B, Bahria Town Karachi",Karachi,Zameen,11200000.000000002,Sq. Yd.,1125.0,False
https://www.zameen.com/Property/bahria_town_karachi_bahria_town_-_precinct_10-b_152_yards_bahria_homes_villa_for_sale_in_prime_location_of_precinct_10-b_bahria_town_karachi-54671715-18126-1.html,Villa,For Sale,152 Sq. Yd.,3.0,3.0,5 hours ago,PKR 1.35 Crore,"Bahria Town - Precinct 10-B, Bahria Town Karachi",Karachi,Zameen,13500000.0,Sq. Yd.,1368.0,False
https://www.zameen.com/Property/bahria_town_precinct_11_bahria_town_-_precinct_11-b_152_yards_bahria_homes_villa_for_sale_in_prime_location_of_precinct_11-b_bahria_town_karachi-54671908-10021-1.html,Villa,For Sale,152 Sq. Yd.,3.0,3.0,5 hours ago,PKR 1.45 Crore,"Bahria Town - Precinct 11-B, Bahria Town - Precinct 11",Karachi,Zameen,14500000.0,Sq. Yd.,1368.0,False
https://www.zameen.com/Property/bahria_town_precinct_11_bahria_town_-_precinct_11-b_125_yards_beautiful_spacious_villa_for_sale_in_prime_location_of_precinct_11-b_bahria_town_karachi-54672000-10021-1.html,Villa,For Sale,125 Sq. Yd.,3.0,3.0,5 hours ago,PKR 1.25 Crore,"Bahria Town - Precinct 11-B, Bahria Town - Precinct 11",Karachi,Zameen,12500000.0,Sq. Yd.,1125.0,False
https://www.zameen.com/Property/bahria_town_karachi_bahria_town_-_precinct_16_272_yards_spacious_beautiful_villa_for_sale_in_prime_location_of_precinct_16_bahria_town_karachi-54672062-10027-1.html,Villa,For Sale,272 Sq. Yd.,5.0,5.0,5 hours ago,PKR 2.75 Crore,"Bahria Town - Precinct 16, Bahria Town Karachi",Karachi,Zameen,27500000.0,Sq. Yd.,2448.0,False
https://www.zameen.com/Property/bahria_town_karachi_bahria_town_-_precinct_6_272_yards_luxury_spacious_villa_for_sale_in_prime_location_of_precinct_8_bahria_town_karachi-54672120-10014-1.html,Villa,For Sale,272 Sq. Yd.,5.0,5.0,5 hours ago,PKR 3.28 Crore,"Bahria Town - Precinct 6, Bahria Town Karachi",Karachi,Zameen,32800000.0,Sq. Yd.,2448.0,False
https://www.zameen.com/Property/bahria_town_karachi_bahria_town_-_precinct_6_272_yards_spacious_beautiful_villa_for_sale_in_prime_location_of_precinct_6_bahria_town_karachi-54672384-10014-1.html,Villa,For Sale,272 Sq. Yd.,5.0,5.0,5 hours ago,PKR 3.11 Crore,"Bahria Town - Precinct 6, Bahria Town Karachi",Karachi,Zameen,31100000.0,Sq. Yd.,2448.0,False
https://www.zameen.com/Property/dha_phase_8_al-murtaza_commercial_area_brand_new_outclass_apartment_3bedroom_with_car_parking_lift_backup_generator_sale-53782926-10370-1.html,Room,For Sale,174 Sq. Yd.,3.0,3.0,5 hours ago,PKR 4.55 Crore,"Al-Murtaza Commercial Area, DHA Phase 8",Karachi,Zameen,45500000.0,Sq. Yd.,1566.0,False
https://www.zameen.com/Property/gulshan_e_iqbal_block_10_a_callachi_cooperative_housing_society_4_bed_drawing_dinning-54679754-12954-1.html,Other,For Sale,251 Sq. Yd.,4.0,5.0,3 days ago,PKR 4.25 Crore,"Callachi Cooperative Housing Society, Gulshan-e-Iqbal - Block 10-A",Karachi,Zameen,42500000.0,Sq. Yd.,2259.0,False
https://www.zameen.com/Property/karachi_khalid_bin_walid_road_3_bed_drawing_dining_west_open-54679799-253-1.html,Other,For Sale,222 Sq. Yd.,3.0,4.0,3 days ago,PKR 5.5 Crore,"Khalid Bin Walid Road, Karachi",Karachi,Zameen,55000000.0,Sq. Yd.,1998.0,False
https://www.zameen.com/Property/karachi_scheme_33_sawera_enclave_a_signature_project_by_ok_estate_builderd_flat_for_sale-53601556-495-1.html,Apartment,For Sale,132 Sq. Yd.,2.0,2.0,3 days ago,PKR 1.45 Crore,"Scheme 33, Karachi",Karachi,Zameen,14500000.0,Sq. Yd.,1188.0,False
https://www.zameen.com/Property/clifton_clifton_-_block_9_experience_luxury_living_at_sawera_sky_tower_located_near_ocean_mall_clifton_block_9_with_flexible_instalment_plans_to_make_your_dream_home_a_reality-50359280-1671-1.html,Other,For Sale,247 Sq. Yd.,3.0,4.0,3 days ago,PKR 6.2 Crore,"Clifton - Block 9, Clifton",Karachi,Zameen,62000000.0,Sq. Yd.,2223.0,False
https://www.zameen.com/Property/askari_5_askari_5_-_sector_j_with_extra_land_prime_location_west_open_corner_askari_5_-_sector_j_house_sized_700_square_yards_available_for_sale-52936018-17289-1.html,House,For Sale,700 Sq. Yd.,5.0,5.0,3 days ago,PKR 13 Crore,"Askari 5 - Sector J, Askari 5",Karachi,Zameen,130000000.0,Sq. Yd.,6300.0,False
https://www.zameen.com/Property/pechs_pechs_block_3_fully_renovated_house_for_sale_at_pechs_block_3-54053988-6934-1.html,House,For Sale,250 Sq. Yd.,8.0,6.0,1 day ago,PKR 13.25 Crore,"PECHS Block 3, PECHS",Karachi,Zameen,132500000.0,Sq. Yd.,2250.0,False
https://www.zameen.com/Property/pechs_pechs_block_3_pair_apartment_for_sale_at_dulara_empire-54604242-6934-1.html,Apartment,For Sale,600 Sq. Yd.,8.0,6.0,1 day ago,PKR 17 Crore,"PECHS Block 3, PECHS",Karachi,Zameen,170000000.0,Sq. Yd.,5400.0,False
https://www.zameen.com/Property/scheme_33_chapal_sun_city_flat_with_roof_top-54688188-15265-1.html,Apartment,For Sale,111 Sq. Yd.,3.0,3.0,1 day ago,PKR 1.15 Crore,"Chapal Sun City, Scheme 33",Karachi,Zameen,11500000.0,Sq. Yd.,999.0,False
https://www.zameen.com/Property/naya_nazimabad_naya_nazimabad_-_block_c_beautiful_banglow_for_sale_in_naya_nazimabad_block_c-54670737-14293-1.html,Other,For Sale,120 Sq. Yd.,4.0,4.0,1 day ago,PKR 4.5 Crore,"Naya Nazimabad - Block C, Naya Nazimabad",Karachi,Zameen,45000000.0,Sq. Yd.,1080.0,False
https://www.zameen.com/Property/jinnah_avenue_aman_golf_view_corner_2260_square_feet_flat_for_sale_in_aman_golf_view_karachi-52361826-18350-1.html,Apartment,For Sale,251 Sq. Yd.,4.0,5.0,1 day ago,PKR 3.4 Crore,"Aman Golf View, Jinnah Avenue",Karachi,Zameen,34000000.0,Sq. Yd.,2259.0,False
https://www.zameen.com/Property/dha_defence_dha_phase_6_luxurious_owner_built_6-bedroom_dual_unit_house_for_sale_in_dha_phase_6_karachi-54516352-1483-1.html,Room,For Sale,500 Sq. Yd.,6.0,6.0,2 hours ago,PKR 18.5 Crore,"DHA Phase 6, DHA Defence",Karachi,Zameen,185000000.0,Sq. Yd.,4500.0,False
https://www.zameen.com/Property/dha_defence_dha_phase_8_brand_new_500_sq_yd_luxury_bungalow_for_sale_dha_phase_8_karachi-54620266-1485-1.html,Other,For Sale,500 Sq. Yd.,5.0,5.0,2 hours ago,PKR 28 Crore,"DHA Phase 8, DHA Defence",Karachi,Zameen,280000000.0,Sq. Yd.,4500.0,False
https://www.zameen.com/Property/dha_phase_8_emaar_crescent_bay_emaar_new_tower_fresh_booking_flat_for_sale-50113520-8503-1.html,Apartment,For Sale,289 Sq. Yd.,3.0,4.0,5 hours ago,PKR 11.5 Crore,"Emaar Crescent Bay, DHA Phase 8",Karachi,Zameen,115000000.0,Sq. Yd.,2601.0,False
https://www.zameen.com/Property/gulistan_e_jauhar_gulistan-e-jauhar_-_block_15_flat_for_sell_in_gulistan-e-jauhar_block_15-54186911-6839-1.html,Apartment,For Sale,200 Sq. Yd.,4.0,4.0,5 hours ago,PKR 6.25 Crore,"Gulistan-e-Jauhar - Block 15, Gulistan-e-Jauhar",Karachi,Zameen,62500000.0,Sq. Yd.,1800.0,False
https://www.zameen.com/Property/gulistan_e_jauhar_gulistan-e-jauhar_-_block_13_flat_for_sell_in_gulistan-e-jauhar_block_13-54133665-6837-1.html,Apartment,For Sale,333 Sq. Yd.,4.0,4.0,5 hours ago,PKR 3.3 Crore,"Gulistan-e-Jauhar - Block 13, Gulistan-e-Jauhar",Karachi,Zameen,33000000.0,Sq. Yd.,2997.0,False
https://www.zameen.com/Property/dha_phase_5_badar_commercial_area_prime_location_1700_square_feet_flat_is_available_in_badar_commercial_area-54668268-8484-1.html,Apartment,For Sale,189 Sq. Yd.,3.0,3.0,6 hours ago,PKR 2.7 Crore,"Badar Commercial Area, DHA Phase 5",Karachi,Zameen,27000000.0,Sq. Yd.,1701.0,False
https://www.zameen.com/Property/dha_defence_dha_phase_6_brand_new_3_bed_dd_apartment_bungalow_facing_in_dha_phase_6-54691585-1483-1.html,Apartment,For Sale,122 Sq. Yd.,3.0,3.0,6 hours ago,PKR 3.45 Crore,"DHA Phase 6, DHA Defence",Karachi,Zameen,34500000.0,Sq. Yd.,1098.0,False
https://www.zameen.com/Property/dha_phase_8_zulfiqar_commercial_area_brand_new_2bedroom_apartment_with_lift_backup_generator_best_for_living_investment_purpose_sale-54224460-10369-1.html,Room,For Sale,100 Sq. Yd.,2.0,2.0,5 hours ago,PKR 3.25 Crore,"Zulfiqar Commercial Area, DHA Phase 8",Karachi,Zameen,32500000.0,Sq. Yd.,900.0,False
https://www.zameen.com/Property/dha_phase_8_zulfiqar_commercial_area_branded_3bedroom_apartment_parking_facing_3_side_corner_lift_backup_generator_ideal_for_investment_sale-54657315-10369-1.html,Room,For Sale,128 Sq. Yd.,3.0,4.0,5 hours ago,PKR 3.9 Crore,"Zulfiqar Commercial Area, DHA Phase 8",Karachi,Zameen,39000000.0,Sq. Yd.,1152.0,False
https://www.zameen.com/Property/dha_phase_8_dha_phase_8_-_zone_a_666_yards_brand_new_villa_phase_viii_for_tasteful_buyer-52985671-6677-1.html,Villa,For Sale,666 Sq. Yd.,6.0,6.0,5 hours ago,PKR 35 Crore,"DHA Phase 8 - Zone A, DHA Phase 8",Karachi,Zameen,350000000.0,Sq. Yd.,5994.0,False
https://www.zameen.com/Property/dha_defence_dha_phase_8_1000_yards_100_owner_built_bungalow_with_pool_basement_available_for_sale-53259834-1485-1.html,Other,For Sale,"1,000 Sq. Yd.",7.0,5.0,5 hours ago,PKR 30 Crore,"DHA Phase 8, DHA Defence",Karachi,Zameen,300000000.0,Sq. Yd.,9000.0,False
https://www.zameen.com/Property/dha_defence_dha_phase_8_666_yards_top_quality_bungalow_semi_furnished_with_pool_basement_lift_available_for_tasteful_buyer-53614071-1485-1.html,Other,For Sale,666 Sq. Yd.,7.0,5.0,5 hours ago,PKR 42 Crore,"DHA Phase 8, DHA Defence",Karachi,Zameen,420000000.0,Sq. Yd.,5994.0,False
https://www.zameen.com/Property/dha_defence_dha_phase_8_666_yards_modern_architecture_bungalow_with_pool_basement_available_for_sale-53340522-1485-1.html,Other,For Sale,666 Sq. Yd.,6.0,6.0,5 hours ago,PKR 45 Crore,"DHA Phase 8, DHA Defence",Karachi,Zameen,450000000.0,Sq. Yd.,5994.0,False
https://www.zameen.com/Property/jinnah_avenue_metropolis_residency_brand_new_flat_for_sale-54540846-11073-1.html,Apartment,For Sale,300 Sq. Yd.,3.0,3.0,5 hours ago,PKR 3.15 Crore,"Metropolis Residency, Jinnah Avenue",Karachi,Zameen,31500000.0,Sq. Yd.,2700.0,False
https://www.zameen.com/Property/jinnah_avenue_metropolis_residency_brand_new_flat_for_sale-54540841-11073-1.html,Apartment,For Sale,267 Sq. Yd.,4.0,5.0,5 hours ago,PKR 3.1 Crore,"Metropolis Residency, Jinnah Avenue",Karachi,Zameen,31000000.0,Sq. Yd.,2403.0,False
https://www.zameen.com/Property/naya_nazimabad_naya_nazimabad_-_block_a_120_square_yard_house_near_entrance_naya_nazimabad-54115825-14291-1.html,House,For Sale,120 Sq. Yd.,4.0,4.0,3 days ago,PKR 4.35 Crore,"Naya Nazimabad - Block A, Naya Nazimabad",Karachi,Zameen,43500000.0,Sq. Yd.,1080.0,False
https://www.zameen.com/Property/bahria_town_karachi_bahria_sports_city_350_sq_yd_4_bed_ddl_sports_villas_with_100_sq_yard_backyard_lawn_at_lowest_rate_of_market-53100823-10061-1.html,Villa,For Sale,350 Sq. Yd.,4.0,4.0,3 days ago,PKR 2.18 Crore,"Bahria Sports City, Bahria Town Karachi",Karachi,Zameen,21800000.0,Sq. Yd.,3150.0,False
https://www.zameen.com/Property/dha_defence_dha_phase_6_buy_a_centrally_located_prime_location_1000_square_yards_house_in_dha_phase_6-54662790-1483-1.html,House,For Sale,"1,000 Sq. Yd.",7.0,6.0,3 days ago,PKR 36 Crore,"DHA Phase 6, DHA Defence",Karachi,Zameen,360000000.0,Sq. Yd.,9000.0,False
https://www.zameen.com/Property/bahria_town_karachi_bahria_town_-_precinct_27_ready_to_move_125sq_yd_3bed_ddl_villas_for_sale_at_precinct-27_close_to_jinnah_avenue_and_london_bridge-54595568-10040-1.html,Villa,For Sale,125 Sq. Yd.,3.0,3.0,3 days ago,PKR 1.45 Crore,"Bahria Town - Precinct 27, Bahria Town Karachi",Karachi,Zameen,14500000.0,Sq. Yd.,1125.0,False
https://www.zameen.com/Property/dha_phase_8_creek_vista_luxury_renovated_4-bedroom_sea-facing_apartment_for_sale_in_creek_vistas_dha_phase_8_karachi-54562001-9058-1.html,Room,For Sale,417 Sq. Yd.,4.0,5.0,3 days ago,PKR 13.85 Crore,"Creek Vista, DHA Phase 8",Karachi,Zameen,138500000.0,Sq. Yd.,3753.0,False
https://www.zameen.com/Property/scheme_33_saadi_town_2_bed_dd_flat_for_sale_bank_loan_not_applicable-54431562-6853-1.html,Apartment,For Sale,100 Sq. Yd.,2.0,2.0,1 day ago,PKR 85 Lakh,"Saadi Town, Scheme 33",Karachi,Zameen,8500000.0,Sq. Yd.,900.0,False
https://www.zameen.com/Property/bahria_town_karachi_bahria_town_-_precinct_10-a_3bed_ddl_200sq_yd_villa_for_sale_all_amenities_nearby_including_parks_mosques_and_gallery-54686606-18125-1.html,Villa,For Sale,200 Sq. Yd.,3.0,3.0,1 day ago,PKR 2 Crore,"Bahria Town - Precinct 10-A, Bahria Town Karachi",Karachi,Zameen,20000000.0,Sq. Yd.,1800.0,False
https://www.zameen.com/Property/karachi_naya_nazimabad_possession_ready2_bed_drawing_dining_apartment_for_sale_1250_sq_ft_2_3_crore-54588116-10079-1.html,Apartment,For Sale,139 Sq. Yd.,2.0,3.0,1 day ago,PKR 2.3 Crore,"Naya Nazimabad, Karachi",Karachi,Zameen,23000000.0,Sq. Yd.,1251.0,False
https://www.zameen.com/Property/gulshan_e_iqbal_town_bahadurabad_3_bed_dd_flat_available_for_sale-54237426-524-1.html,Apartment,For Sale,178 Sq. Yd.,3.0,3.0,1 day ago,PKR 3.2 Crore,"Bahadurabad, Gulshan-e-Iqbal Town",Karachi,Zameen,32000000.0,Sq. Yd.,1602.0,False
https://www.zameen.com/Property/scheme_33_scheme_33_-_sector_17-a_likely_brand_new_120_sq_yd_ground_1_house_for_sale_state_bank_society_sec_17a_sch_33_near_by_al_masood_super_market-54666811-9298-1.html,House,For Sale,120 Sq. Yd.,4.0,4.0,1 day ago,PKR 3.4 Crore,"Scheme 33 - Sector 17-A, Scheme 33",Karachi,Zameen,34000000.0,Sq. Yd.,1080.0,False
https://www.zameen.com/Property/dha_phase_8_dha_phase_8_-_zone_a_brand_new_ultra-luxury_bungalow_for_sale_street_7_khayaban-e-zulfiqar_dha_phase_8_zone_a_karachi-54644185-6677-1.html,Other,For Sale,500 Sq. Yd.,6.0,6.0,2 hours ago,PKR 26 Crore,"DHA Phase 8 - Zone A, DHA Phase 8",Karachi,Zameen,260000000.0,Sq. Yd.,4500.0,False
https://www.zameen.com/Property/dha_defence_dha_phase_6_for_sale_luxury_1_000_sq_yd_owner-built_7-bedroom_corner_bungalow_khayaban-e-hilal_dha_phase_6_karachi-54645015-1483-1.html,Room,For Sale,"1,000 Sq. Yd.",7.0,6.0,2 hours ago,PKR 34.5 Crore,"DHA Phase 6, DHA Defence",Karachi,Zameen,345000000.0,Sq. Yd.,9000.0,False
https://www.zameen.com/Property/dha_defence_dha_phase_6_park_facing_3_bed_dd_for_sale_west_open_in_ithad_commercial_area-54657959-1483-1.html,Other,For Sale,117 Sq. Yd.,3.0,3.0,6 hours ago,PKR 2.15 Crore,"DHA Phase 6, DHA Defence",Karachi,Zameen,21500000.0,Sq. Yd.,1053.0,False
https://www.zameen.com/Property/karachi_shaheed_millat_road_4_bed_dd_apartment_for_sale_in_shaheede_millat_road-54614978-413-1.html,Apartment,For Sale,278 Sq. Yd.,4.0,4.0,6 hours ago,PKR 6 Crore,"Shaheed Millat Road, Karachi",Karachi,Zameen,60000000.0,Sq. Yd.,2502.0,False
https://www.zameen.com/Property/gulshan_e_iqbal_gulshan-e-iqbal_-_block_13_d-1_240_sq_yards_2nd_floor_with_roof_like_brand_new_portion_for_sale-52916664-6875-1.html,Other,For Sale,240 Sq. Yd.,3.0,3.0,7 hours ago,PKR 3.5 Crore,"Gulshan-e-Iqbal - Block 13/D-1, Gulshan-e-Iqbal",Karachi,Zameen,35000000.0,Sq. Yd.,2160.0,False
https://www.zameen.com/Property/gulshan_e_iqbal_gulshan-e-iqbal_-_block_13_d-1_lease_120_square_yards_like_brand_new_40_feet_road_ground_floor_portion_for_sale-54130220-6875-1.html,Other,For Sale,120 Sq. Yd.,2.0,2.0,7 hours ago,PKR 1.35 Crore,"Gulshan-e-Iqbal - Block 13/D-1, Gulshan-e-Iqbal",Karachi,Zameen,13500000.0,Sq. Yd.,1080.0,False
https://www.zameen.com/Property/north_karachi_north_karachi_-_sector_11a_240_sq_yards_g_1_house_corner_60_yards_extra_land_west_open_for_sale-53282819-7184-1.html,House,For Sale,240 Sq. Yd.,5.0,5.0,7 hours ago,PKR 5.25 Crore,"North Karachi - Sector 11A, North Karachi",Karachi,Zameen,52500000.0,Sq. Yd.,2160.0,False
https://www.zameen.com/Property/malir_falcon_complex_new_malir_house_for_sale-54651351-9582-1.html,House,For Sale,350 Sq. Yd.,4.0,5.0,5 hours ago,PKR 8.5 Crore,"Falcon Complex New Malir, Malir",Karachi,Zameen,85000000.0,Sq. Yd.,3150.0,False
https://www.zameen.com/Property/federal_b_area_federal_b_area_-_block_13_ideal_prime_location_house_is_available_for_sale_in_karachi-54325033-6697-1.html,House,For Sale,550 Sq. Yd.,8.0,6.0,5 hours ago,PKR 10.5 Crore,"Federal B Area - Block 13, Federal B Area",Karachi,Zameen,105000000.0,Sq. Yd.,4950.0,False
https://www.zameen.com/Property/federal_b_area_federal_b_area_-_block_13_prime_location_400_square_yards_house_is_available_for_sale-54325030-6697-1.html,House,For Sale,400 Sq. Yd.,6.0,6.0,5 hours ago,PKR 9.5 Crore,"Federal B Area - Block 13, Federal B Area",Karachi,Zameen,95000000.0,Sq. Yd.,3600.0,False
https://www.zameen.com/Property/federal_b_area_federal_b_area_-_block_10_prime_location_400_square_yards_house_for_grabs_in_federal_b_area-54325027-6694-1.html,House,For Sale,400 Sq. Yd.,9.0,6.0,5 hours ago,PKR 9.25 Crore,"Federal B Area - Block 10, Federal B Area",Karachi,Zameen,92500000.0,Sq. Yd.,3600.0,False
https://www.zameen.com/Property/federal_b_area_federal_b_area_-_block_6_a_prime_location_400_square_yards_house_has_landed_on_market_in_federal_b_area_-_block_6_of_karachi-54325018-6690-1.html,House,For Sale,400 Sq. Yd.,5.0,5.0,5 hours ago,PKR 9 Crore,"Federal B Area - Block 6, Federal B Area",Karachi,Zameen,90000000.0,Sq. Yd.,3600.0,False
https://www.zameen.com/Property/federal_b_area_federal_b_area_-_block_12_prime_location_brand_new_house_for_sale_in_federal_b_area_-_block_12_house_sized_200_square_yards_for_sale-54004611-6696-1.html,House,For Sale,200 Sq. Yd.,5.0,5.0,5 hours ago,PKR 7.75 Crore,"Federal B Area - Block 12, Federal B Area",Karachi,Zameen,77500000.0,Sq. Yd.,1800.0,False
https://www.zameen.com/Property/gulshan_e_iqbal_gulshan-e-iqbal_-_block_6_120_sq_yards_g_1_corner_house_for_sale_west_open_40_ft_wide_road_gulshan_iqbal_block_06-54691801-6867-1.html,House,For Sale,120 Sq. Yd.,4.0,4.0,5 hours ago,PKR 4.75 Crore,"Gulshan-e-Iqbal - Block 6, Gulshan-e-Iqbal",Karachi,Zameen,47500000.0,Sq. Yd.,1080.0,False
https://www.zameen.com/Property/taiser_town_gulshan-e-kareem_cooperative_housing_society_100_square_yards_house_available_for_sale-54617740-15626-1.html,House,For Sale,100 Sq. Yd.,2.0,3.0,5 hours ago,PKR 1 Crore,"Gulshan-E-Kareem Cooperative Housing Society, Taiser Town",Karachi,Zameen,10000000.0,Sq. Yd.,900.0,False
https://www.zameen.com/Property/dha_city_sector_1_dha_oasis_prime_location_villas_30_down_payment_24-month_plan-54677476-11285-1.html,Villa,For Sale,222 Sq. Yd.,3.0,3.0,3 days ago,PKR 2.5 Crore,"DHA Oasis, DHA City - Sector 1",Karachi,Zameen,25000000.0,Sq. Yd.,1998.0,False
https://www.zameen.com/Property/dha_defence_dha_phase_8_brand_new_bungalow_for_sale_6_bedrooms_swimming_pool_basement_west_open_dha_phase_viii_karachi-54633086-1485-1.html,Room,For Sale,500 Sq. Yd.,6.0,7.0,3 days ago,PKR 33 Crore,"DHA Phase 8, DHA Defence",Karachi,Zameen,330000000.0,Sq. Yd.,4500.0,False
https://www.zameen.com/Property/dha_defence_dha_phase_8_brand_new_bungalow_for_sale_5_bedrooms_west_open_dha_phase_8_first_belt-54633110-1485-1.html,Room,For Sale,500 Sq. Yd.,7.0,7.0,3 days ago,PKR 28 Crore,"DHA Phase 8, DHA Defence",Karachi,Zameen,280000000.0,Sq. Yd.,4500.0,False
https://www.zameen.com/Property/dha_defence_dha_phase_8_brand_new_bungalow_for_sale_6_bedrooms_basement_dha_phase_8_off_khayaban-e-faisal-54637671-1485-1.html,Room,For Sale,500 Sq. Yd.,6.0,7.0,3 days ago,PKR 26.5 Crore,"DHA Phase 8, DHA Defence",Karachi,Zameen,265000000.0,Sq. Yd.,4500.0,False
https://www.zameen.com/Property/dha_defence_dha_phase_8_brand_new_architect_designed_bungalow_for_sale_west_open_dha_phase_8_first_belt-54637693-1485-1.html,Other,For Sale,500 Sq. Yd.,6.0,7.0,3 days ago,PKR 30 Crore,"DHA Phase 8, DHA Defence",Karachi,Zameen,300000000.0,Sq. Yd.,4500.0,False
https://www.zameen.com/Property/scheme_33_scheme_33_-_sector_17-a_brand_new_200_sq_yd_house_for_sale_gated_society_scheme_33_near_by_karachi_university_al_masood_super_market-54687570-9298-1.html,House,For Sale,200 Sq. Yd.,6.0,7.0,1 day ago,PKR 4.5 Crore,"Scheme 33 - Sector 17-A, Scheme 33",Karachi,Zameen,45000000.0,Sq. Yd.,1800.0,False
https://www.zameen.com/Property/scheme_33_scheme_33_-_sector_24-a_brand_new_120_sq_yd_house_for_sale_gated_society_scheme_33_near_by_karachi_university_al_masood_super_market-54687495-9314-1.html,House,For Sale,120 Sq. Yd.,4.0,5.0,1 day ago,PKR 2.65 Crore,"Scheme 33 - Sector 24-A, Scheme 33",Karachi,Zameen,26500000.0,Sq. Yd.,1080.0,False
https://www.zameen.com/Property/gulshan_e_iqbal_gulshan-e-iqbal_-_block_13_d_portion_for_sale_in_gulshan_e_iqbal_block_13d-54366523-6874-1.html,Other,For Sale,240 Sq. Yd.,4.0,4.0,1 day ago,PKR 3.3 Crore,"Gulshan-e-Iqbal - Block 13/D, Gulshan-e-Iqbal",Karachi,Zameen,33000000.0,Sq. Yd.,2160.0,False
https://www.zameen.com/Property/north_nazimabad_north_nazimabad_-_block_a_main_150_ft_road_house_for_sale-53468290-7209-1.html,House,For Sale,600 Sq. Yd.,5.0,7.0,1 day ago,PKR 14.5 Crore,"North Nazimabad - Block A, North Nazimabad",Karachi,Zameen,145000000.0,Sq. Yd.,5400.0,False
https://www.zameen.com/Property/north_nazimabad_north_nazimabad_-_block_n_double_story_brand_new_house_available_for_sale-54437215-7222-1.html,House,For Sale,400 Sq. Yd.,6.0,7.0,1 day ago,PKR 15 Crore,"North Nazimabad - Block N, North Nazimabad",Karachi,Zameen,150000000.0,Sq. Yd.,3600.0,False
https://www.zameen.com/Property/dha_phase_6_ittehad_commercial_area_for_sale_fully_renovated_950_sq_ft_2-bed_dd_apartment_ittehad_commercial_dha_phase_6_karachi-54646953-6673-1.html,Apartment,For Sale,106 Sq. Yd.,2.0,2.0,2 hours ago,PKR 2.85 Crore,"Ittehad Commercial Area, DHA Phase 6",Karachi,Zameen,28500000.0,Sq. Yd.,954.0,False
https://www.zameen.com/Property/dha_phase_8_dha_phase_8_-_zone_a_very_reasonable_5-bed_bungalow_for_sale_in_dha_phase_8_zone_a_2_kitchens_rooftop_garden_pkr_14_crore-54677952-6677-1.html,Other,For Sale,500 Sq. Yd.,5.0,6.0,2 hours ago,PKR 14 Crore,"DHA Phase 8 - Zone A, DHA Phase 8",Karachi,Zameen,140000000.0,Sq. Yd.,4500.0,False
https://www.zameen.com/Property/gulshan_e_iqbal_gulshan-e-iqbal_-_block_2_134_sq_yards_one_unit_house_for_sale-54657597-6862-1.html,House,For Sale,134 Sq. Yd.,4.0,3.0,7 hours ago,PKR 3.9 Crore,"Gulshan-e-Iqbal - Block 2, Gulshan-e-Iqbal",Karachi,Zameen,39000000.0,Sq. Yd.,1206.0,False
https://www.zameen.com/Property/gulshan_e_iqbal_gulshan-e-iqbal_-_block_5_220_sq_yards_corner_ground_floor_portion_west_open_for_sale-54664367-6866-1.html,Other,For Sale,220 Sq. Yd.,3.0,3.0,7 hours ago,PKR 2.85 Crore,"Gulshan-e-Iqbal - Block 5, Gulshan-e-Iqbal",Karachi,Zameen,28500000.0,Sq. Yd.,1980.0,False
https://www.zameen.com/Property/gulshan_e_iqbal_gulshan-e-iqbal_-_block_11_ground_floor_3_bed_dd_flat_available_for_sale-54649089-6872-1.html,Apartment,For Sale,189 Sq. Yd.,3.0,3.0,7 hours ago,PKR 1.8 Crore,"Gulshan-e-Iqbal - Block 11, Gulshan-e-Iqbal",Karachi,Zameen,18000000.0,Sq. Yd.,1701.0,False
https://www.zameen.com/Property/gulshan_e_iqbal_town_gulshan-e-iqbal_house_for_sale-54683068-233-1.html,House,For Sale,120 Sq. Yd.,6.0,6.0,7 hours ago,PKR 5.15 Crore,"Gulshan-e-Iqbal, Gulshan-e-Iqbal Town",Karachi,Zameen,51500000.0,Sq. Yd.,1080.0,False
https://www.zameen.com/Property/bahria_town_karachi_bahria_town_-_precinct_31_235sq_yd_villas_at_precinct-31_close_to_gallery_and_mosque_are_available_for_sale-54691035-10045-1.html,Villa,For Sale,235 Sq. Yd.,3.0,3.0,7 hours ago,PKR 1.65 Crore,"Bahria Town - Precinct 31, Bahria Town Karachi",Karachi,Zameen,16500000.0,Sq. Yd.,2115.0,False
https://www.zameen.com/Property/karachi_bath_island_sawera_grand_4_bed_dd_with_servant_quarter_luxury_apartments_at_prime_location_of_bath_island-51967653-198-1.html,Apartment,For Sale,332 Sq. Yd.,4.0,5.0,5 hours ago,PKR 11 Crore,"Bath Island, Karachi",Karachi,Zameen,110000000.0,Sq. Yd.,2988.0,False
https://www.zameen.com/Property/karachi_bath_island_brand_new_apartment_booking_available-52895950-198-1.html,Apartment,For Sale,279 Sq. Yd.,3.0,4.0,5 hours ago,PKR 8.25 Crore,"Bath Island, Karachi",Karachi,Zameen,82500000.0,Sq. Yd.,2511.0,False
https://www.zameen.com/Property/suparco_road_sawera_enclave_sawera_enclave_a_project_of_ok_estate_builders_at_prime_location_of_mosamiat_flat_for_sale-51968021-21849-1.html,Apartment,For Sale,186 Sq. Yd.,3.0,4.0,5 hours ago,PKR 2.1 Crore,"Sawera Enclave, Suparco Road",Karachi,Zameen,21000000.0,Sq. Yd.,1674.0,False
https://www.zameen.com/Property/clifton_clifton_-_block_9_5_sky_tower_by_sawera_a_project_by_ok_estate_builders_3_bed_dd_4_bed_dd_apartments_on_booking_at_prime_location_of_clifton_block_9-52183791-1671-1.html,Apartment,For Sale,430 Sq. Yd.,4.0,5.0,5 hours ago,PKR 9 Crore,"Clifton - Block 9, Clifton",Karachi,Zameen,90000000.0,Sq. Yd.,3870.0,False
https://www.zameen.com/Property/karachi_scheme_33_sawera_grand_enclave_a_project_by_ok_estate_builders_on_easy_installment_plan_at_scheme_33-53288216-495-1.html,Other,For Sale,101 Sq. Yd.,2.0,2.0,5 hours ago,PKR 95 Lakh,"Scheme 33, Karachi",Karachi,Zameen,9500000.0,Sq. Yd.,909.0,False
https://www.zameen.com/Property/karachi_khalid_bin_walid_road_a_stunning_flat_is_up_for_grabs_in_khalid_bin_walid_road_khalid_bin_walid_road-53618045-253-1.html,Apartment,For Sale,217 Sq. Yd.,3.0,4.0,5 hours ago,PKR 5.25 Crore,"Khalid Bin Walid Road, Karachi",Karachi,Zameen,52500000.0,Sq. Yd.,1953.0,False
https://www.zameen.com/Property/gulistan_e_jauhar_gulistan-e-jauhar_-_block_19_flat_for_sale_in_hina_garden_gulistan-e-jauhar_block_19-53901309-6843-1.html,Apartment,For Sale,150 Sq. Yd.,3.0,3.0,5 hours ago,PKR 1.1 Crore,"Gulistan-e-Jauhar - Block 19, Gulistan-e-Jauhar",Karachi,Zameen,11000000.0,Sq. Yd.,1350.0,False
https://www.zameen.com/Property/gulistan_e_jauhar_gulistan-e-jauhar_-_block_15_flat_for_sell_in_king_tower_gulistan-e-jauhar_block_15-53772132-6839-1.html,Apartment,For Sale,167 Sq. Yd.,3.0,3.0,5 hours ago,PKR 3 Crore,"Gulistan-e-Jauhar - Block 15, Gulistan-e-Jauhar",Karachi,Zameen,30000000.0,Sq. Yd.,1503.0,False
https://www.zameen.com/Property/dha_defence_dha_phase_6_fully_renovated_west_open_bungalow_for_sale_6_bedrooms_lush_green_lawn_dha_phase_vi-54660336-1483-1.html,Room,For Sale,"1,000 Sq. Yd.",6.0,7.0,3 days ago,PKR 40 Crore,"DHA Phase 6, DHA Defence",Karachi,Zameen,400000000.0,Sq. Yd.,9000.0,False
https://www.zameen.com/Property/karachi_bahria_town_karachi_theme_park_facing_exclusive_unit_3_bed_dd_1830_sqft_with_servant_quarter_a_built_quality_most_prime_location-54431913-8298-1.html,Other,For Sale,203 Sq. Yd.,3.0,4.0,3 days ago,PKR 2 Crore,"Bahria Town Karachi, Karachi",Karachi,Zameen,20000000.0,Sq. Yd.,1827.0,False
https://www.zameen.com/Property/bahria_town_karachi_bahria_town_-_precinct_31_ready_to_move_235_square_yards_villas_available_for_sale_in_precinct-31_bahria_town_karachi-54559015-10045-1.html,Villa,For Sale,235 Sq. Yd.,3.0,3.0,3 days ago,PKR 1.5 Crore,"Bahria Town - Precinct 31, Bahria Town Karachi",Karachi,Zameen,15000000.0,Sq. Yd.,2115.0,False
https://www.zameen.com/Property/gulshan_e_maymar_gulshan-e-maymar_-_sector_w_magnificent_brand_new_444_square_yard_corner_house_contemporary_luxury_redefined-54512986-6759-1.html,House,For Sale,444 Sq. Yd.,6.0,6.0,3 days ago,PKR 10.5 Crore,"Gulshan-e-Maymar - Sector W, Gulshan-e-Maymar",Karachi,Zameen,105000000.0,Sq. Yd.,3996.0,False
https://www.zameen.com/Property/dha_phase_6_khayaban-e-shahbaz_ultraluxe_signature_living_proper_2-unit_500_sq_yd_bungalow_for_sale_on_khayaban-e-shahbaz_dha_phase_6-54337059-20765-1.html,Other,For Sale,500 Sq. Yd.,6.0,7.0,4 days ago,PKR 22.5 Crore,"Khayaban-e-Shahbaz, DHA Phase 6",Karachi,Zameen,225000000.0,Sq. Yd.,4500.0,False
https://www.zameen.com/Property/north_nazimabad_north_nazimabad_-_block_b_double_storey_house_available_for_sale-54340472-7210-1.html,House,For Sale,500 Sq. Yd.,6.0,7.0,1 day ago,PKR 15.5 Crore,"North Nazimabad - Block B, North Nazimabad",Karachi,Zameen,155000000.0,Sq. Yd.,4500.0,False
https://www.zameen.com/Property/north_nazimabad_north_nazimabad_-_block_f_double_storey_house_available_for_sale-54529422-7214-1.html,House,For Sale,"1,000 Sq. Yd.",6.0,7.0,1 day ago,PKR 25 Crore,"North Nazimabad - Block F, North Nazimabad",Karachi,Zameen,250000000.0,Sq. Yd.,9000.0,False
https://www.zameen.com/Property/north_nazimabad_north_nazimabad_-_block_b_double_storey_house_available_for_sale-54473984-7210-1.html,House,For Sale,500 Sq. Yd.,6.0,7.0,1 day ago,PKR 14 Crore,"North Nazimabad - Block B, North Nazimabad",Karachi,Zameen,140000000.0,Sq. Yd.,4500.0,False
https://www.zameen.com/Property/bahria_town_karachi_bahria_town_-_precinct_12_125_sq_yd_3-bedroom_villa_in_ali_block_precinct_12_bahria_town_karachi-54665583-10022-1.html,Room,For Sale,125 Sq. Yd.,3.0,3.0,1 day ago,PKR 1.72 Crore,"Bahria Town - Precinct 12, Bahria Town Karachi",Karachi,Zameen,17200000.0,Sq. Yd.,1125.0,False
https://www.zameen.com/Property/dha_defence_dha_phase_8_brand_new_beautiful_house_in_dha_phase_8_karachi_prime_lovation-54686890-1485-1.html,House,For Sale,500 Sq. Yd.,6.0,6.0,1 day ago,PKR 31 Crore,"DHA Phase 8, DHA Defence",Karachi,Zameen,310000000.0,Sq. Yd.,4500.0,False
https://www.zameen.com/Property/emaar_crescent_bay_emaar_pearl_towers_for_sale_ultra-luxury_4-bedroom_full_sea-front_apartment_emaar_pearl_tower_1_dha_phase_8_karachi-54477426-10719-1.html,Room,For Sale,282 Sq. Yd.,4.0,6.0,2 hours ago,PKR 14.9 Crore,"Emaar Pearl Towers, Emaar Crescent Bay",Karachi,Zameen,149000000.0,Sq. Yd.,2538.0,False
https://www.zameen.com/Property/dha_defence_dha_phase_2_1000_yard_7_bed_full_basement_with_tiles_flooring-54692339-1479-1.html,Other,For Sale,"1,196 Sq. Yd.",7.0,6.0,3 hours ago,PKR 24 Crore,"DHA Phase 2, DHA Defence",Karachi,Zameen,240000000.0,Sq. Yd.,10764.0,False
https://www.zameen.com/Property/bahria_town_karachi_bahria_town_-_precinct_10-a_3bed_ddl_200sq_yd_villa_for_sale_all_amenities_nearby_including_parks_mosques_and_gallery-54690937-18125-1.html,Villa,For Sale,200 Sq. Yd.,3.0,3.0,7 hours ago,PKR 2.1 Crore,"Bahria Town - Precinct 10-A, Bahria Town Karachi",Karachi,Zameen,21000000.0,Sq. Yd.,1800.0,False
https://www.zameen.com/Property/dha_defence_dha_phase_2_bungalow_for_sale_dha_phase_2_location_near_abu_bakr_masjid_main_road-54691073-1479-1.html,Other,For Sale,"1,000 Sq. Yd.",11.0,7.0,7 hours ago,PKR 40 Crore,"DHA Phase 2, DHA Defence",Karachi,Zameen,400000000.0,Sq. Yd.,9000.0,False
https://www.zameen.com/Property/bahria_town_precinct_17_paragon_tower_1400sq_ft_2bhk_luxury_flat_ready_to_move_available_on_cash_instalments_paragon_towers_are_available_on_sale_at_minimum_prices-54688501-21833-1.html,Apartment,For Sale,156 Sq. Yd.,2.0,2.0,7 hours ago,PKR 1.05 Crore,"Paragon Tower, Bahria Town - Precinct 17",Karachi,Zameen,10500000.0,Sq. Yd.,1404.0,False
https://www.zameen.com/Property/bahria_town_precinct_17_paragon_tower_640sq_ft_1bed_luxury_flat_available_on_installments_in_paragon_tower_bahria_town_karachi-54650760-21833-1.html,Apartment,For Sale,71 Sq. Yd.,1.0,1.0,7 hours ago,PKR 20 Lakh,"Paragon Tower, Bahria Town - Precinct 17",Karachi,Zameen,2000000.0,Sq. Yd.,639.0,False
https://www.zameen.com/Property/bahria_town_karachi_bahria_town_-_precinct_6_ready_to_move_272sq_yd_5bedroom_ddl_luxury_villa_for_sale_only_3km_from_main_entrance_of_btk_near_midway_commercial_parks_masjid_and_gallery-54630778-10014-1.html,Room,For Sale,250 Sq. Yd.,5.0,5.0,7 hours ago,PKR 3 Crore,"Bahria Town - Precinct 6, Bahria Town Karachi",Karachi,Zameen,30000000.0,Sq. Yd.,2250.0,False
https://www.zameen.com/Property/gulistan_e_jauhar_gulistan-e-jauhar_-_block_15_flat_for_sell_in_gulistan-e-jauhar_block_15-53761158-6839-1.html,Apartment,For Sale,167 Sq. Yd.,3.0,3.0,5 hours ago,PKR 2.1 Crore,"Gulistan-e-Jauhar - Block 15, Gulistan-e-Jauhar",Karachi,Zameen,21000000.0,Sq. Yd.,1503.0,False
https://www.zameen.com/Property/gulistan_e_jauhar_gulistan-e-jauhar_-_block_15_flat_for_sell_in_gulistan-e-jauhar_block_15-53761076-6839-1.html,Apartment,For Sale,200 Sq. Yd.,3.0,3.0,5 hours ago,PKR 4 Crore,"Gulistan-e-Jauhar - Block 15, Gulistan-e-Jauhar",Karachi,Zameen,40000000.0,Sq. Yd.,1800.0,False
https://www.zameen.com/Property/gulistan_e_jauhar_gulistan-e-jauhar_-_block_14_flat_for_sell_in_gulistan-e-jauhar_block_14-53384758-6838-1.html,Apartment,For Sale,156 Sq. Yd.,2.0,2.0,5 hours ago,PKR 1.75 Crore,"Gulistan-e-Jauhar - Block 14, Gulistan-e-Jauhar",Karachi,Zameen,17500000.0,Sq. Yd.,1404.0,False
https://www.zameen.com/Property/karachi_gulistan-e-jauhar_shaez_1650_sq_feet_apartment_for_sale-52491444-232-1.html,Apartment,For Sale,183 Sq. Yd.,3.0,3.0,5 hours ago,PKR 2.5 Crore,"Gulistan-e-Jauhar, Karachi",Karachi,Zameen,25000000.0,Sq. Yd.,1647.0,False
https://www.zameen.com/Property/gulistan_e_jauhar_gulistan-e-jauhar_-_block_12_flat_for_sell_in_gulistan-e-jauhar_block_12-54186918-6836-1.html,Apartment,For Sale,111 Sq. Yd.,3.0,3.0,5 hours ago,PKR 1.35 Crore,"Gulistan-e-Jauhar - Block 12, Gulistan-e-Jauhar",Karachi,Zameen,13500000.0,Sq. Yd.,999.0,False
https://www.zameen.com/Property/gulistan_e_jauhar_gulistan-e-jauhar_-_block_3-a_flat_for_sell_in_gulistan-e-jauhar_block_13-a-54120667-6827-1.html,Apartment,For Sale,117 Sq. Yd.,2.0,2.0,5 hours ago,PKR 1.55 Crore,"Gulistan-e-Jauhar - Block 3-A, Gulistan-e-Jauhar",Karachi,Zameen,15500000.0,Sq. Yd.,1053.0,False
https://www.zameen.com/Property/gulistan_e_jauhar_gulistan-e-jauhar_-_block_15_flat_for_sell_in_gulistan-e-jauhar_block_15-54091136-6839-1.html,Apartment,For Sale,144 Sq. Yd.,3.0,3.0,5 hours ago,PKR 1.9 Crore,"Gulistan-e-Jauhar - Block 15, Gulistan-e-Jauhar",Karachi,Zameen,19000000.0,Sq. Yd.,1296.0,False
https://www.zameen.com/Property/karachi_gulistan-e-jauhar_flat_for_sell_in_gulistan-e-jauhar-54077239-232-1.html,Apartment,For Sale,133 Sq. Yd.,3.0,3.0,5 hours ago,PKR 1.5 Crore,"Gulistan-e-Jauhar, Karachi",Karachi,Zameen,15000000.0,Sq. Yd.,1197.0,False
https://www.zameen.com/Property/scheme_33_sector_35_a_capital_cooperative_housing_society_luxury_brand_new_240_sq_yards_house_for_sale_in_capital_housing_society_scheme_33-54619542-8908-1.html,House,For Sale,240 Sq. Yd.,6.0,6.0,4 days ago,PKR 6 Crore,"Capital Cooperative Housing Society, Scheme 33 - Sector 35-A",Karachi,Zameen,60000000.0,Sq. Yd.,2160.0,False
https://www.zameen.com/Property/dha_defence_dha_phase_8_bangalow_for_sale_dha_phase_8_main_shujjat-54487210-1485-1.html,Other,For Sale,500 Sq. Yd.,6.0,6.0,4 days ago,PKR 26 Crore,"DHA Phase 8, DHA Defence",Karachi,Zameen,260000000.0,Sq. Yd.,4500.0,False
https://www.zameen.com/Property/dha_defence_dha_phase_8_bungalow_for_sale_500_square_yards_in_dha_phase_8-54528152-1485-1.html,Other,For Sale,500 Sq. Yd.,6.0,7.0,4 days ago,PKR 28 Crore,"DHA Phase 8, DHA Defence",Karachi,Zameen,280000000.0,Sq. Yd.,4500.0,False
https://www.zameen.com/Property/dha_phase_5_the_trillium_luxury_2_bed_sea-facing_apartment_the_trillium_gated_community_flexible_payment_plan-54473680-22580-1.html,Apartment,For Sale,209 Sq. Yd.,2.0,3.0,4 days ago,PKR 9.97 Crore,"The Trillium, DHA Phase 5",Karachi,Zameen,99700000.0,Sq. Yd.,1881.0,False
https://www.zameen.com/Property/dha_phase_5_the_trillium_luxury_3_bed_maid_room_the_trillium_dha_phase_5_4-year_payment_plan-54584637-22580-1.html,Room,For Sale,385 Sq. Yd.,3.0,4.0,4 days ago,PKR 20.17 Crore,"The Trillium, DHA Phase 5",Karachi,Zameen,201700000.00000003,Sq. Yd.,3465.0,False
https://www.zameen.com/Property/dha_defence_dha_phase_8_brand_new_beautiful_house_in_prime_location_of_dha_phase_8-54686963-1485-1.html,House,For Sale,300 Sq. Yd.,5.0,5.0,1 day ago,PKR 16.5 Crore,"DHA Phase 8, DHA Defence",Karachi,Zameen,165000000.0,Sq. Yd.,2700.0,False
https://www.zameen.com/Property/dha_phase_5_dha_phase_5_extension_first_floor_apartment_for_sale-54686958-1673-1.html,Apartment,For Sale,100 Sq. Yd.,2.0,2.0,1 day ago,PKR 2.25 Crore,"DHA Phase 5 Extension, DHA Phase 5",Karachi,Zameen,22500000.0,Sq. Yd.,900.0,False
https://www.zameen.com/Property/karachi_sea_view_apartments_fair-priced_prime_location_2300_square_feet_flat_available_in_sea_view_apartments-54605420-7292-1.html,Apartment,For Sale,256 Sq. Yd.,3.0,3.0,1 day ago,PKR 6.25 Crore,"Sea View Apartments, Karachi",Karachi,Zameen,62500000.0,Sq. Yd.,2304.0,False
https://www.zameen.com/Property/dha_phase_5_badar_commercial_area_get_a_prime_location_1150_square_feet_flat_for_sale_in_badar_commercial_area-54636434-8484-1.html,Apartment,For Sale,128 Sq. Yd.,2.0,2.0,1 day ago,PKR 1.8 Crore,"Badar Commercial Area, DHA Phase 5",Karachi,Zameen,18000000.0,Sq. Yd.,1152.0,False
https://www.zameen.com/Property/dha_phase_5_badar_commercial_area_prominently-located_prime_location_flat_available_in_badar_commercial_area_for_sale-54636435-8484-1.html,Apartment,For Sale,167 Sq. Yd.,3.0,3.0,1 day ago,PKR 2.45 Crore,"Badar Commercial Area, DHA Phase 5",Karachi,Zameen,24500000.0,Sq. Yd.,1503.0,False
https://www.zameen.com/Property/dha_defence_dha_phase_5_khay_tanzeem_prime_location-54692292-1482-1.html,Other,For Sale,500 Sq. Yd.,5.0,6.0,3 hours ago,PKR 19 Crore,"DHA Phase 5, DHA Defence",Karachi,Zameen,190000000.0,Sq. Yd.,4500.0,False
https://www.zameen.com/Property/dha_defence_dha_phase_6_prime_location_of_phase_6-54692247-1483-1.html,Other,For Sale,500 Sq. Yd.,5.0,6.0,3 hours ago,PKR 18 Crore,"DHA Phase 6, DHA Defence",Karachi,Zameen,180000000.0,Sq. Yd.,4500.0,False
https://www.zameen.com/Property/bahria_town_karachi_bahria_town_-_precinct_10-b_3bed_ddl_125_sq_yd_villa_for_sale_at_precicnt-10b_all_amenities_nearby_heighted_location_investor_rates-54630761-18126-1.html,Villa,For Sale,125 Sq. Yd.,3.0,3.0,7 hours ago,PKR 1.38 Crore,"Bahria Town - Precinct 10-B, Bahria Town Karachi",Karachi,Zameen,13799999.999999998,Sq. Yd.,1125.0,False
https://www.zameen.com/Property/bahria_town_karachi_bahria_town_-_precinct_8_272_sqyd_designer_villa_precinct_8_ultra-modern_272_sqyd_designer_villa_for_sale_in_bahria_town_karachi_precinct_8-54609012-10016-1.html,Villa,For Sale,272 Sq. Yd.,5.0,5.0,7 hours ago,PKR 3.95 Crore,"Bahria Town - Precinct 8, Bahria Town Karachi",Karachi,Zameen,39500000.0,Sq. Yd.,2448.0,False
https://www.zameen.com/Property/north_nazimabad_north_nazimabad_-_block_d_ground_2_2bed_dd_on_3rd-54690894-7212-1.html,Other,For Sale,200 Sq. Yd.,10.0,6.0,8 hours ago,PKR 7.25 Crore,"North Nazimabad - Block D, North Nazimabad",Karachi,Zameen,72500000.0,Sq. Yd.,1800.0,False
https://www.zameen.com/Property/gulistan_e_jauhar_gulistan-e-jauhar_-_block_13_upper_portion_for_sale-54634392-6837-1.html,Upper Portion,For Sale,200 Sq. Yd.,3.0,3.0,8 hours ago,PKR 2.35 Crore,"Gulistan-e-Jauhar - Block 13, Gulistan-e-Jauhar",Karachi,Zameen,23500000.0,Sq. Yd.,1800.0,False
https://www.zameen.com/Property/bahria_hills_dascon_tower_1100_sq_ft_dascon_tower_available_for_sale_in_bahria_town_karachi-54667929-22084-1.html,Other,For Sale,122 Sq. Yd.,2.0,2.0,8 hours ago,PKR 85 Lakh,"Dascon Tower, Bahria Hills",Karachi,Zameen,8500000.0,Sq. Yd.,1098.0,False
https://www.zameen.com/Property/gulistan_e_jauhar_gulistan-e-jauhar_-_block_10_flat_for_sell_in_gulistan-e-jauhar_block_10-54077226-6834-1.html,Apartment,For Sale,200 Sq. Yd.,4.0,4.0,5 hours ago,PKR 2.3 Crore,"Gulistan-e-Jauhar - Block 10, Gulistan-e-Jauhar",Karachi,Zameen,23000000.0,Sq. Yd.,1800.0,False
https://www.zameen.com/Property/gulistan_e_jauhar_gulistan-e-jauhar_-_block_12_flat_for_sell_in_gulistan-e-jauhar_block_12-54038013-6836-1.html,Apartment,For Sale,156 Sq. Yd.,3.0,3.0,5 hours ago,PKR 1.45 Crore,"Gulistan-e-Jauhar - Block 12, Gulistan-e-Jauhar",Karachi,Zameen,14500000.0,Sq. Yd.,1404.0,False
https://www.zameen.com/Property/gulistan_e_jauhar_gulistan-e-jauhar_-_block_11_flat_for_sell_in_gulistan-e-jauhar_block_11-53974114-6835-1.html,Apartment,For Sale,106 Sq. Yd.,2.0,2.0,5 hours ago,PKR 95 Lakh,"Gulistan-e-Jauhar - Block 11, Gulistan-e-Jauhar",Karachi,Zameen,9500000.0,Sq. Yd.,954.0,False
https://www.zameen.com/Property/gulistan_e_jauhar_gulistan-e-jauhar_-_block_13_flat_for_sell_in_gulistan-e-jauhar_block_13-54447285-6837-1.html,Apartment,For Sale,122 Sq. Yd.,2.0,2.0,5 hours ago,PKR 1.65 Crore,"Gulistan-e-Jauhar - Block 13, Gulistan-e-Jauhar",Karachi,Zameen,16500000.0,Sq. Yd.,1098.0,False
https://www.zameen.com/Property/gulistan_e_jauhar_gulistan-e-jauhar_-_block_20_flat_for_sell_in_gulistan-e-jauhar_block_20-54447267-6844-1.html,Apartment,For Sale,178 Sq. Yd.,4.0,4.0,5 hours ago,PKR 2.1 Crore,"Gulistan-e-Jauhar - Block 20, Gulistan-e-Jauhar",Karachi,Zameen,21000000.0,Sq. Yd.,1602.0,False
https://www.zameen.com/Property/gulistan_e_jauhar_gulistan-e-jauhar_-_block_12_flat_for_sell_in_gulistan-e-jauhar_block_12-54340904-6836-1.html,Apartment,For Sale,133 Sq. Yd.,3.0,3.0,5 hours ago,PKR 1.2 Crore,"Gulistan-e-Jauhar - Block 12, Gulistan-e-Jauhar",Karachi,Zameen,12000000.0,Sq. Yd.,1197.0,False
https://www.zameen.com/Property/gulistan_e_jauhar_gulistan-e-jauhar_-_block_13_flat_for_sell_in_gulistan-e-jauhar_block_13-54340891-6837-1.html,Apartment,For Sale,156 Sq. Yd.,3.0,3.0,5 hours ago,PKR 1.55 Crore,"Gulistan-e-Jauhar - Block 13, Gulistan-e-Jauhar",Karachi,Zameen,15500000.0,Sq. Yd.,1404.0,False
https://www.zameen.com/Property/gulistan_e_jauhar_gulistan-e-jauhar_-_block_12_flat_for_sell_in_gulistan-e-jauhar_block_12-54325800-6836-1.html,Apartment,For Sale,178 Sq. Yd.,3.0,3.0,5 hours ago,PKR 1.9 Crore,"Gulistan-e-Jauhar - Block 12, Gulistan-e-Jauhar",Karachi,Zameen,19000000.0,Sq. Yd.,1602.0,False
https://www.zameen.com/Property/dha_defence_dha_defence_phase_5_5_marla_house_for_sale_in_dha_phase_5_prime_location-54284067-10991-1.html,House,For Sale,5 Marla,3.0,4.0,4 hours ago,PKR 4.15 Crore,"DHA Defence Phase 5, DHA Defence",Islamabad,Zameen,41500000.0,Marla,1361.25,False
https://www.zameen.com/Property/dha_defence_dha_defence_phase_2_1_kanal_owner_built_double_unit_house_for_sale_in_dha_phase_2_islamabad-54583534-339-1.html,House,For Sale,1 Kanal,6.0,6.0,5 hours ago,PKR 8.25 Crore,"DHA Defence Phase 2, DHA Defence",Islamabad,Zameen,82500000.0,Kanal,5445.0,False
https://www.zameen.com/Property/gulberg_greens_gulberg_greens_-_block_c_luxury_6-kanal_corner_farmhouse_for_sale_in_gulberg_greens_block_c_swimming_pool_premium_features-54606095-8315-1.html,House,For Sale,6 Kanal,5.0,7.0,10 hours ago,PKR 40 Crore,"Gulberg Greens - Block C, Gulberg Greens",Islamabad,Zameen,400000000.0,Kanal,32670.0,False
https://www.zameen.com/Property/bahria_town_bahria_enclave_prime_location_10_marla_4_bedrooms_owner_build_house_for_sale_in_bahria_enclave_islamabad_sector_c2-54424148-1705-1.html,Room,For Sale,10 Marla,4.0,5.0,12 hours ago,PKR 5.5 Crore,"Bahria Enclave, Bahria Town",Islamabad,Zameen,55000000.0,Marla,2722.5,False
https://www.zameen.com/Property/mumtaz_city_mumtaz_city_-_ravi_block_double_storey_6_marla_house_for_sale_in_mumtaz_city_-_ravi_block_islamabad-54684367-14996-1.html,House,For Sale,6 Marla,4.0,4.0,15 hours ago,PKR 2.5 Crore,"Mumtaz City - Ravi Block, Mumtaz City",Islamabad,Zameen,25000000.0,Marla,1633.5,False
https://www.zameen.com/Property/gulberg_greens_gulberg_greens_-_block_c_4_kanal_farm_house_for_sale_at_prime_location_in_gulberg_greens_islamabad-52531533-8315-1.html,Farm House,For Sale,4 Kanal,7.0,6.0,4 hours ago,PKR 9 Crore,"Gulberg Greens - Block C, Gulberg Greens",Islamabad,Zameen,90000000.0,Kanal,21780.0,False
https://www.zameen.com/Property/g_11_g-11_3_g-11_3_front_facing_corner_2bed_apartment_available_for_sale-54514186-3332-1.html,Apartment,For Sale,7.3 Marla,2.0,2.0,4 hours ago,PKR 2.95 Crore,"G-11/3, G-11",Islamabad,Zameen,29500000.0,Marla,1987.425,False
https://www.zameen.com/Property/islamabad_naval_anchorage_1_kanal_house_for_sale_in_islamabad_pakistan_kanal_house_for_sale_cda_approved_all_facilities_available-53702815-375-1.html,House,For Sale,1 Kanal,7.0,6.0,4 hours ago,PKR 8.8 Crore,"Naval Anchorage, Islamabad",Islamabad,Zameen,88000000.0,Kanal,5445.0,False
https://www.zameen.com/Property/g_14_g-14_4_house_for_sale_on_excellent_location-54688911-3346-1.html,House,For Sale,1.3 Kanal,10.0,6.0,10 hours ago,PKR 16.5 Crore,"G-14/4, G-14",Islamabad,Zameen,165000000.0,Kanal,7078.5,False
https://www.zameen.com/Property/g_14_g-14_3_brand_new_house_for_sale-54479339-3345-1.html,House,For Sale,14.2 Marla,6.0,6.0,10 hours ago,PKR 9.5 Crore,"G-14/3, G-14",Islamabad,Zameen,95000000.0,Marla,3865.95,False
https://www.zameen.com/Property/islamabad_d-12_brand_new_house_for_sale_in_cda_sector_d12_islamabad-53781659-160-1.html,House,For Sale,8 Marla,5.0,6.0,34 minutes ago,PKR 9 Crore,"D-12, Islamabad",Islamabad,Zameen,90000000.0,Marla,2178.0,False
https://www.zameen.com/Property/islamabad_d-12_brand_new_14_marla_house_for_sale_in_cda_sector_d12_islamabad-53718220-160-1.html,House,For Sale,14.2 Marla,5.0,5.0,35 minutes ago,PKR 14.5 Crore,"D-12, Islamabad",Islamabad,Zameen,145000000.0,Marla,3865.95,False
https://www.zameen.com/Property/mpchs_multi_gardens_mpchs_-_block_e_investor_rate_8_marla_30x60_house_available_for_sale_b-17_islamabad_e_block-54477772-3120-1.html,House,For Sale,8 Marla,4.0,4.0,23 minutes ago,PKR 3.1 Crore,"MPCHS - Block E, MPCHS - Multi Gardens",Islamabad,Zameen,31000000.0,Marla,2178.0,False
https://www.zameen.com/Property/b_17_mpchs_-_multi_gardens_a_house_of_10_marla_in_islamabad-54593794-3115-1.html,House,For Sale,10 Marla,5.0,5.0,23 minutes ago,PKR 6.25 Crore,"MPCHS - Multi Gardens, B-17",Islamabad,Zameen,62500000.0,Marla,2722.5,False
https://www.zameen.com/Property/dha_defence_phase_2_dha_phase_2_-_sector_b_1_kanal_newly_built_luxury_designer_house_for_sale-54692565-3197-1.html,House,For Sale,1 Kanal,6.0,6.0,47 minutes ago,PKR 11.5 Crore,"DHA Phase 2 - Sector B, DHA Defence Phase 2",Islamabad,Zameen,115000000.0,Kanal,5445.0,False
https://www.zameen.com/Property/islamabad_b-17_b-17_safa_burj_mall_apartments_on_25_dp_easy_inastallment_in_5_years-52140670-616-1.html,Apartment,For Sale,3.8 Marla,1.0,1.0,1 hour ago,PKR 1.44 Crore,"B-17, Islamabad",Islamabad,Zameen,14400000.0,Marla,1034.55,False
https://www.zameen.com/Property/bahria_town_bahria_enclave_5_marla_house_for_sale-54686977-1705-1.html,House,For Sale,5 Marla,4.0,4.0,1 hour ago,PKR 3.35 Crore,"Bahria Enclave, Bahria Town",Islamabad,Zameen,33500000.0,Marla,1361.25,False
https://www.zameen.com/Property/gulberg_greens_gulberg_arena_mall_premium_2bed_for_sale_in_arena_mall_gulberg_greens-54505284-19297-1.html,Other,For Sale,7.9 Marla,2.0,2.0,5 minutes ago,PKR 2.5 Crore,"Gulberg Arena Mall, Gulberg Greens",Islamabad,Zameen,25000000.0,Marla,2150.775,False
https://www.zameen.com/Property/gulberg_greens_gulberg_greens_-_block_b_farm_house_for_sale_in_gulberg_greens_islamabad-54687881-8314-1.html,Farm House,For Sale,5 Kanal,8.0,6.0,6 minutes ago,PKR 35 Crore,"Gulberg Greens - Block B, Gulberg Greens",Islamabad,Zameen,350000000.0,Kanal,27225.0,False
https://www.zameen.com/Property/dha_defence_phase_2_dha_phase_2_-_sector_g_1_kanal_brand_new_designer_top_location_house_available_for_sale_in_dha_phase_2_islamabad-53349444-3202-1.html,House,For Sale,1 Kanal,5.0,6.0,14 minutes ago,PKR 13.9 Crore,"DHA Phase 2 - Sector G, DHA Defence Phase 2",Islamabad,Zameen,139000000.0,Kanal,5445.0,False
https://www.zameen.com/Property/dha_defence_phase_2_dha_phase_2_-_sector_g_1_kanal_designer_house_available_for_sale_in_dha_phase_2_islamabad-54108999-3202-1.html,House,For Sale,1 Kanal,5.0,6.0,15 minutes ago,PKR 11.5 Crore,"DHA Phase 2 - Sector G, DHA Defence Phase 2",Islamabad,Zameen,115000000.0,Kanal,5445.0,False
https://www.zameen.com/Property/mpchs_multi_gardens_mpchs_-_block_e_buying_a_corner_house_in_mpchs_-_block_e_islamabad-54627663-3120-1.html,House,For Sale,8 Marla,5.0,6.0,21 minutes ago,PKR 4.4 Crore,"MPCHS - Block E, MPCHS - Multi Gardens",Islamabad,Zameen,44000000.0,Marla,2178.0,False
https://www.zameen.com/Property/b_17_mpchs_-_multi_gardens_17_marla_designer_house_for_sale_b17_islamabad_block_b_cda-54382828-3115-1.html,House,For Sale,17 Marla,6.0,6.0,23 minutes ago,PKR 8.5 Crore,"MPCHS - Multi Gardens, B-17",Islamabad,Zameen,85000000.0,Marla,4628.25,False
https://www.zameen.com/Property/naval_anchorage_naval_anchorage_-_block_g_naval_anchorage_designer_house_for_sale-54521649-9158-1.html,House,For Sale,5 Marla,4.0,5.0,30 minutes ago,PKR 2.4 Crore,"Naval Anchorage - Block G, Naval Anchorage",Islamabad,Zameen,24000000.0,Marla,1361.25,False
https://www.zameen.com/Property/gulberg_greens_gulberg_greens_-_block_b_gulberg_greens_luxury_farm_house_for_sale-54161064-8314-1.html,Farm House,For Sale,4 Kanal,9.0,7.0,32 minutes ago,PKR 35 Crore,"Gulberg Greens - Block B, Gulberg Greens",Islamabad,Zameen,350000000.0,Kanal,21780.0,False
https://www.zameen.com/Property/mpchs_multi_gardens_mpchs_-_block_f_designer_5_marla_house_for_sale_in_f_block-54666070-8527-1.html,House,For Sale,5 Marla,4.0,5.0,15 hours ago,PKR 2.35 Crore,"MPCHS - Block F, MPCHS - Multi Gardens",Islamabad,Zameen,23500000.0,Marla,1361.25,False
https://www.zameen.com/Property/mpchs_multi_gardens_mpchs_-_block_c1_designer_10_marla_house_for_sale_in_c_block-54679064-12607-1.html,House,For Sale,10 Marla,5.0,6.0,15 hours ago,PKR 5.25 Crore,"MPCHS - Block C1, MPCHS - Multi Gardens",Islamabad,Zameen,52500000.0,Marla,2722.5,False
https://www.zameen.com/Property/g_11_g-11_1_6_marla_beautiful_house_for_sale_in_g-11_1-54646882-3330-1.html,House,For Sale,6 Marla,5.0,4.0,16 hours ago,PKR 5.5 Crore,"G-11/1, G-11",Islamabad,Zameen,55000000.0,Marla,1633.5,False
https://www.zameen.com/Property/dha_defence_dha_defence_phase_2_fully_furnished_1_kanal_stylish_house_for_sale_in_dha_phase_2_islamabad-54495231-339-1.html,House,For Sale,1 Kanal,5.0,6.0,23 hours ago,PKR 15 Crore,"DHA Defence Phase 2, DHA Defence",Islamabad,Zameen,150000000.0,Kanal,5445.0,False
https://www.zameen.com/Property/top_city_1_top_city_1_-_kanwar_moiz_block_executive_one_bed_exactive_balcony-54602357-22390-1.html,Other,For Sale,2.2 Marla,1.0,1.0,1 day ago,PKR 75 Lakh,"Top City 1 - Kanwar Moiz Block, Top City 1",Islamabad,Zameen,7500000.0,Marla,598.95,False
https://www.zameen.com/Property/bahria_enclave_bahria_enclave_-_sector_c1_10_marla_beautiful_house_available_for_sale_just_1_mnt_drive_from_the_main_gate-52795090-11987-1.html,House,For Sale,10 Marla,5.0,6.0,11 hours ago,PKR 5.1 Crore,"Bahria Enclave - Sector C1, Bahria Enclave",Islamabad,Zameen,51000000.0,Marla,2722.5,False
https://www.zameen.com/Property/bahria_enclave_bahria_enclave_-_sector_n_bahria_enclave_islamabad_owner_built_house-54552071-11975-1.html,House,For Sale,8 Marla,5.0,6.0,11 hours ago,PKR 3.95 Crore,"Bahria Enclave - Sector N, Bahria Enclave",Islamabad,Zameen,39500000.0,Marla,2178.0,False
https://www.zameen.com/Property/g_15_zarkon_heights_4_bedroom_duplex_apartment_for_sale_in_zarkon_heights_islamabad-54689146-10169-1.html,Room,For Sale,16.6 Marla,4.0,6.0,11 hours ago,PKR 3.75 Crore,"Zarkon Heights, G-15",Islamabad,Zameen,37500000.0,Marla,4519.35,False
https://www.zameen.com/Property/mpchs_multi_gardens_mpchs_-_block_c1_8_marla_corner_30_60_triple_story_luxury_house_for_sale_block_c_1_mpchs_multi_gardens_b-17_islamabad-54688436-12607-1.html,House,For Sale,8 Marla,6.0,5.0,11 hours ago,PKR 7 Crore,"MPCHS - Block C1, MPCHS - Multi Gardens",Islamabad,Zameen,70000000.0,Marla,2178.0,False
https://www.zameen.com/Property/dha_defence_phase_5_dha_phase_5_-_sector_d_a_prime_location_1_kanal_house_has_landed_on_market_in_dha_phase_5_-_sector_d_of_islamabad-54688480-8403-1.html,House,For Sale,1 Kanal,9.0,6.0,11 hours ago,PKR 11.5 Crore,"DHA Phase 5 - Sector D, DHA Defence Phase 5",Islamabad,Zameen,115000000.0,Kanal,5445.0,False
https://www.zameen.com/Property/islamabad_d-12_brand_new_house_for_sale_in_cda_sector_d12_islamabad-53202006-160-1.html,House,For Sale,10 Marla,6.0,7.0,36 minutes ago,PKR 11.5 Crore,"D-12, Islamabad",Islamabad,Zameen,115000000.0,Marla,2722.5,False
https://www.zameen.com/Property/d_12_d-12_4_brand_new_5_marla_house_for_sale_in_cda_sector_d12_4_islamabad-54181058-3157-1.html,House,For Sale,5.6 Marla,4.0,5.0,47 minutes ago,PKR 6.4 Crore,"D-12/4, D-12",Islamabad,Zameen,64000000.0,Marla,1524.6,False
https://www.zameen.com/Property/f_10_silver_oaks_apartments_beautiful_2bed_furnished_apartment_available_for_sale_in_silver_oaks_f-10_with_beautiful_view-54294898-11308-1.html,Apartment,For Sale,5.4 Marla,2.0,1.0,1 hour ago,PKR 4.75 Crore,"Silver Oaks Apartments, F-10",Islamabad,Zameen,47500000.0,Marla,1470.15,False
https://www.zameen.com/Property/f_11_park_avenue_beautiful_3bed_front_facing_park_margalla_view_apartment_available_for_in_park_avenue_f11-54304412-10657-1.html,Apartment,For Sale,12.4 Marla,3.0,3.0,1 hour ago,PKR 5.9 Crore,"Park Avenue, F-11",Islamabad,Zameen,59000000.0,Marla,3375.9,False
https://www.zameen.com/Property/g_11_3_capital_heights_beautiful_brand_new_2bed_corner_apartment_available_for_sale_in_capital_heights_g-11-54468712-13256-1.html,Apartment,For Sale,6.6 Marla,2.0,2.0,1 hour ago,PKR 3.35 Crore,"Capital Heights, G-11/3",Islamabad,Zameen,33500000.0,Marla,1796.85,False
https://www.zameen.com/Property/e_11_e-11_3_beautiful_6-bed_proper_double_unit_double_gate_house_available_for_sale_ideal_location_e-11_3-54648910-3238-1.html,House,For Sale,1 Kanal,6.0,6.0,1 hour ago,PKR 15 Crore,"E-11/3, E-11",Islamabad,Zameen,150000000.0,Kanal,5445.0,False
https://www.zameen.com/Property/e_11_e-11_4_e-11_4_madina_tower_2_bedroom_apartment_available_for_sale-54555822-3241-1.html,Room,For Sale,5.1 Marla,2.0,2.0,1 hour ago,PKR 1.5 Crore,"E-11/4, E-11",Islamabad,Zameen,15000000.0,Marla,1388.475,False
https://www.zameen.com/Property/islamabad_d-12_14_marla_brand_new_house_for_sale_in_cda_sector_d12-53710088-160-1.html,House,For Sale,14.2 Marla,7.0,7.0,35 minutes ago,PKR 22 Crore,"D-12, Islamabad",Islamabad,Zameen,220000000.0,Marla,3865.95,False
https://www.zameen.com/Property/jinnah_gardens_jinnah_gardens_phase_1_7_marla_house_for_sale_in_jinnah_garden_islamabad-54692585-1421-1.html,House,For Sale,7 Marla,5.0,5.0,41 minutes ago,PKR 3.55 Crore,"Jinnah Gardens Phase 1, Jinnah Gardens",Islamabad,Zameen,35500000.0,Marla,1905.75,False
https://www.zameen.com/Property/islamabad_d-12_4_marla_luxury_house_for_sale_in_cda_sector_d12-54085418-160-1.html,House,For Sale,4 Marla,3.0,3.0,43 minutes ago,PKR 4.5 Crore,"D-12, Islamabad",Islamabad,Zameen,45000000.0,Marla,1089.0,False
https://www.zameen.com/Property/islamabad_e-11_elegant_2-bed_apartment-54294960-329-1.html,Apartment,For Sale,5.6 Marla,2.0,2.0,1 hour ago,PKR 1.7 Crore,"E-11, Islamabad",Islamabad,Zameen,17000000.0,Marla,1524.6,False
https://www.zameen.com/Property/islamabad_e-11_e-11_4_madina_tower_2_bedroom_apartment_available_for_sale_unfurnished-54553768-329-1.html,Room,For Sale,5.3 Marla,2.0,2.0,1 hour ago,PKR 1.45 Crore,"E-11, Islamabad",Islamabad,Zameen,14500000.0,Marla,1442.925,False
https://www.zameen.com/Property/islamabad_e-11_e-11_2_main_markaz_aria_tower_studio_apartment_available_for_sale-54614904-329-1.html,Apartment,For Sale,1.4 Marla,2.0,1.0,1 hour ago,PKR 55 Lakh,"E-11, Islamabad",Islamabad,Zameen,5500000.0,Marla,381.15,False
https://www.zameen.com/Property/e_11_1_the_veranda_residence_e-11_1_veranda_residencia_2_bedroom_apartment_available_for_sale-54553781-9702-1.html,Room,For Sale,7.5 Marla,2.0,2.0,1 hour ago,PKR 3.15 Crore,"The Veranda Residence, E-11/1",Islamabad,Zameen,31500000.0,Marla,2041.875,False
https://www.zameen.com/Property/islamabad_top_city_1_10_marla_brand_new_house_for_sale_topcity1_islamabad_kashmir_highway_road_motorway_toll_plaza_ka-54607469-1383-1.html,House,For Sale,10 Marla,5.0,6.0,1 day ago,PKR 4.85 Crore,"Top City 1, Islamabad",Islamabad,Zameen,48500000.0,Marla,2722.5,False
https://www.zameen.com/Property/islamabad_mumtaz_city_6_marla_brand_new_house_for_sale_airport_faic_prime_location_mumtaz_city_islamabad_visit_anytime-54655505-3464-1.html,House,For Sale,6 Marla,6.0,7.0,1 day ago,PKR 3.2 Crore,"Mumtaz City, Islamabad",Islamabad,Zameen,32000000.0,Marla,1633.5,False
https://www.zameen.com/Property/gulberg_gulberg_greens_one_bed_apartment_for_sale_in_gulberg_greens_islamabad_easy_instalment_payment_plan-54687670-8312-1.html,Apartment,For Sale,2.5 Marla,1.0,1.0,1 day ago,PKR 1.25 Crore,"Gulberg Greens, Gulberg",Islamabad,Zameen,12500000.0,Marla,680.625,False
https://www.zameen.com/Property/gulberg_gulberg_business_park_premium_residential_apartments_2-bed_apartments_for_sale_in_gulberg_greens_islamabad-54687128-11451-1.html,Apartment,For Sale,2.5 Marla,1.0,1.0,1 day ago,PKR 1.25 Crore,"Gulberg Business Park, Gulberg",Islamabad,Zameen,12500000.0,Marla,680.625,False
https://www.zameen.com/Property/islamabad_g-13_01_kanal_50x90_luxury_designer_house_for_sale_in_g-13_islamabad-54683853-330-1.html,House,For Sale,1 Kanal,7.0,7.0,1 day ago,PKR 15.5 Crore,"G-13, Islamabad",Islamabad,Zameen,155000000.0,Kanal,5445.0,False
https://www.zameen.com/Property/university_town_university_town_-_block_a_5_marla_double_unit_house_is_available_for_sale_in_university_town_block_a_islamabad-54688739-3501-1.html,House,For Sale,5 Marla,5.0,5.0,11 hours ago,PKR 1.82 Crore,"University Town - Block A, University Town",Islamabad,Zameen,18200000.0,Marla,1361.25,False
https://www.zameen.com/Property/islamabad_d-17_2100_sq_ft_30_70_in_block_a_sun_face_house_double_unit_house_available_for_sale_in_margalla_view_co-operative_housing_society_mvchs_d-17_sector_d-17_2_islamabad-54688305-737-1.html,House,For Sale,9.3 Marla,4.0,6.0,11 hours ago,PKR 3.5 Crore,"D-17, Islamabad",Islamabad,Zameen,35000000.0,Marla,2531.925,False
https://www.zameen.com/Property/bahria_enclave_bahria_enclave_-_sector_a_10_marla_house_with_2_marla_extra_land_available_for_sale_in_bahria_enclave_islamabad-54689868-11970-1.html,House,For Sale,10 Marla,5.0,5.0,12 hours ago,PKR 6.3 Crore,"Bahria Enclave - Sector A, Bahria Enclave",Islamabad,Zameen,63000000.0,Marla,2722.5,False
https://www.zameen.com/Property/bahria_enclave_bahria_enclave_-_sector_c1_bahria_enclave_islamabad_10_marla_modern_beautiful_house_for_sale-54315967-11987-1.html,House,For Sale,10 Marla,5.0,6.0,12 hours ago,PKR 5.5 Crore,"Bahria Enclave - Sector C1, Bahria Enclave",Islamabad,Zameen,55000000.0,Marla,2722.5,False
https://www.zameen.com/Property/bahria_enclave_bahria_enclave_-_sector_h_5_marla_luxury_modern_house_available_for_sale_in_bahria_enclave_islamabad-54551174-11983-1.html,House,For Sale,5 Marla,3.0,5.0,12 hours ago,PKR 3 Crore,"Bahria Enclave - Sector H, Bahria Enclave",Islamabad,Zameen,30000000.0,Marla,1361.25,False
https://www.zameen.com/Property/dha_defence_dha_defence_phase_2_10_marla_corner_house_for_sale_prime_location_with_solar_system-53206980-339-1.html,House,For Sale,10 Marla,5.0,5.0,2 hours ago,PKR 6.75 Crore,"DHA Defence Phase 2, DHA Defence",Islamabad,Zameen,67500000.0,Marla,2722.5,False
https://www.zameen.com/Property/dha_defence_dha_defence_phase_2_1_kanal_modern_house_for_sale_in_dha_phase_2_islamabad-53583492-339-1.html,House,For Sale,1 Kanal,6.0,6.0,2 hours ago,PKR 13.75 Crore,"DHA Defence Phase 2, DHA Defence",Islamabad,Zameen,137500000.0,Kanal,5445.0,False
https://www.zameen.com/Property/islamabad_e-11_e-11_2_capital_apartment_2_studio_apartment_available_for_sale-54553808-329-1.html,Apartment,For Sale,2.2 Marla,2.0,1.0,1 hour ago,PKR 73 Lakh,"E-11, Islamabad",Islamabad,Zameen,7300000.0,Marla,598.95,False
https://www.zameen.com/Property/e_11_e-11_2_e-11_2_puran_arcade_2_bedroom_apartment_available_for_sale-54554830-3233-1.html,Room,For Sale,4.4 Marla,2.0,2.0,1 hour ago,PKR 1.48 Crore,"E-11/2, E-11",Islamabad,Zameen,14800000.0,Marla,1197.9,False
https://www.zameen.com/Property/f_17_telegardens_t_t_echs_8_marla_new_house_for_sale_f-17_islamabad-54512815-12136-1.html,House,For Sale,8 Marla,5.0,7.0,2 hours ago,PKR 2.95 Crore,"Telegardens (T&T ECHS), F-17",Islamabad,Zameen,29500000.0,Marla,2178.0,False
https://www.zameen.com/Property/f_17_telegardens_t_t_echs_8_marla_new_house_for_sale_f-17_islamabad-54512811-12136-1.html,House,For Sale,8 Marla,5.0,7.0,2 hours ago,PKR 2.98 Crore,"Telegardens (T&T ECHS), F-17",Islamabad,Zameen,29800000.0,Marla,2178.0,False
https://www.zameen.com/Property/f_17_telegardens_t_t_echs_10_marla_35_70_new_house_for_sale_tele_garden_tnt_f-17_islamabad-54561835-12136-1.html,House,For Sale,10 Marla,6.0,6.0,2 hours ago,PKR 3.5 Crore,"Telegardens (T&T ECHS), F-17",Islamabad,Zameen,35000000.0,Marla,2722.5,False
https://www.zameen.com/Property/islamabad_e-11_e-11_2_crown_business_center-54553787-329-1.html,Other,For Sale,2.2 Marla,1.0,1.0,1 hour ago,PKR 62 Lakh,"E-11, Islamabad",Islamabad,Zameen,6200000.0,Marla,598.95,False
https://www.zameen.com/Property/f_10_sukh_chayn_residence_brand_new_apartment_available_for_sale_in_sukh_chyan_residency-51994210-13589-1.html,Apartment,For Sale,11.7 Marla,4.0,5.0,2 hours ago,PKR 13.5 Crore,"Sukh Chayn Residence, F-10",Islamabad,Zameen,135000000.0,Marla,3185.325,False
https://www.zameen.com/Property/cbr_town_phase_1_cbr_town_phase_1_-_block_c_golden_opportunity_this_house_reasonable_price_7_marla_beautiful_double_story_house_for_sale_in_cbr_town_cba_approved_society_gas_available_this_house-53961794-3149-1.html,House,For Sale,7 Marla,6.0,7.0,2 hours ago,PKR 2.8 Crore,"CBR Town Phase 1 - Block C, CBR Town Phase 1",Islamabad,Zameen,28000000.0,Marla,1905.75,False
https://www.zameen.com/Property/islamabad_g-13_30x60_solid_constructed_house_for_sale-54497264-330-1.html,House,For Sale,7 Marla,5.0,5.0,2 hours ago,PKR 5.5 Crore,"G-13, Islamabad",Islamabad,Zameen,55000000.0,Marla,1905.75,False
https://www.zameen.com/Property/b_17_faisal_margalla_city_in_faisal_margalla_city_house_for_sale_sized_5_marla-54692414-13424-1.html,House,For Sale,5 Marla,4.0,4.0,2 hours ago,PKR 2.8 Crore,"Faisal Margalla City, B-17",Islamabad,Zameen,28000000.0,Marla,1361.25,False
https://www.zameen.com/Property/dha_defence_dha_defence_phase_2_modern_design_double_unit_1_kanal_brand_new_designer_house_ready_for_sale_in_dha_defence_phase_2_islamabad-54247327-339-1.html,House,For Sale,1 Kanal,6.0,6.0,2 hours ago,PKR 10 Crore,"DHA Defence Phase 2, DHA Defence",Islamabad,Zameen,100000000.0,Kanal,5445.0,False
https://www.zameen.com/Property/dha_defence_dha_defence_phase_2_1_kanal_double_unit_brand_new_designer_house_ready_for_sale_in_dha_defence_phase_2_islamabad-54358431-339-1.html,House,For Sale,1 Kanal,6.0,6.0,2 hours ago,PKR 11 Crore,"DHA Defence Phase 2, DHA Defence",Islamabad,Zameen,110000000.0,Kanal,5445.0,False
https://www.zameen.com/Property/dha_defence_dha_defence_phase_2_american_design_1_kanal_house_ready_for_sale_in_dha_defence_phase_2_islamabad-54246081-339-1.html,House,For Sale,1 Kanal,5.0,6.0,2 hours ago,PKR 11.8 Crore,"DHA Defence Phase 2, DHA Defence",Islamabad,Zameen,118000000.0,Kanal,5445.0,False
https://www.zameen.com/Property/g_13_g-13_2_07_marla_30x60_brand_new_designer_house_for_sale_in_g-13_2_islamabad-54683874-3338-1.html,House,For Sale,7 Marla,4.0,6.0,1 day ago,PKR 6.9 Crore,"G-13/2, G-13",Islamabad,Zameen,69000000.0,Marla,1905.75,False
https://www.zameen.com/Property/gulberg_greens_block_b_luxus_mall_and_residency_perfect_950_square_feet_flat_in_luxus_mall_and_residency_for_sale-54687279-10572-1.html,Apartment,For Sale,4.2 Marla,2.0,2.0,1 day ago,PKR 1.85 Crore,"Luxus Mall and Residency, Gulberg Greens - Block B",Islamabad,Zameen,18500000.0,Marla,1143.45,False
https://www.zameen.com/Property/dha_defence_phase_2_dha_phase_2_-_sector_d_1_kanal_masterpiece_corner_in_dha_phase_2_islamabad_5_bedrooms_with_attached_baths_spacious_lounges_amp_premium_finishes-54088922-3199-1.html,Room,For Sale,1 Kanal,5.0,6.0,1 day ago,PKR 13.8 Crore,"DHA Phase 2 - Sector D, DHA Defence Phase 2",Islamabad,Zameen,138000000.0,Kanal,5445.0,False
https://www.zameen.com/Property/dha_defence_dha_defence_phase_2_one_kanal_designer_house_for_sale_in_dha_defence_phase_2_islamabad-54670133-339-1.html,House,For Sale,1 Kanal,6.0,6.0,1 day ago,PKR 11.22 Crore,"DHA Defence Phase 2, DHA Defence",Islamabad,Zameen,112200000.0,Kanal,5445.0,False
https://www.zameen.com/Property/i_8_i-8_3_street_end_corner_with_extra_land_-_triple_storey_spacious_house_-_peaceful_prime_location_of_i-8_3_islamabad-54687104-3443-1.html,House,For Sale,12.4 Marla,10.0,7.0,1 day ago,PKR 17 Crore,"I-8/3, I-8",Islamabad,Zameen,170000000.0,Marla,3375.9,False
https://www.zameen.com/Property/mumtaz_city_mumtaz_city_-_chanab_block_424_square_feet_spacious_flat_available_in_mumtaz_city_-_chanab_block_for_sale-54594863-14993-1.html,Apartment,For Sale,1.9 Marla,1.0,1.0,12 hours ago,PKR 76.48 Lakh,"Mumtaz City - Chanab Block, Mumtaz City",Islamabad,Zameen,7648000.0,Marla,517.275,False
https://www.zameen.com/Property/dha_defence_dha_defence_phase_1_dha_phase_1_sector_f_1_kanal_owner_built_back_open_hill_view_house_for_sale-54573331-376-1.html,House,For Sale,1 Kanal,6.0,7.0,13 hours ago,PKR 12.25 Crore,"DHA Defence Phase 1, DHA Defence",Islamabad,Zameen,122500000.0,Kanal,5445.0,False
https://www.zameen.com/Property/islamabad_mumtaz_city_idyllic_flat_available_in_mumtaz_city_for_sale-54685864-3464-1.html,Apartment,For Sale,1.9 Marla,1.0,1.0,13 hours ago,PKR 76.48 Lakh,"Mumtaz City, Islamabad",Islamabad,Zameen,7648000.0,Marla,517.275,False
https://www.zameen.com/Property/islamabad_bani_gala_10_marla_brand_new_luxury_house_for_sale-54558685-340-1.html,House,For Sale,10 Marla,4.0,5.0,13 hours ago,PKR 4.6 Crore,"Bani Gala, Islamabad",Islamabad,Zameen,46000000.0,Marla,2722.5,False
https://www.zameen.com/Property/dha_defence_dha_defence_phase_2_1_kanal_brand_new_ultra_designer_luxury_house_for_sale_dha_phase_2_islambad-54170916-339-1.html,House,For Sale,1 Kanal,6.0,6.0,13 hours ago,PKR 11.25 Crore,"DHA Defence Phase 2, DHA Defence",Islamabad,Zameen,112500000.0,Kanal,5445.0,False
https://www.zameen.com/Property/dha_defence_dha_defence_phase_5_1_kanal_house_for_sale_dha_phase_2_islamabad-53730140-10991-1.html,House,For Sale,1 Kanal,5.0,5.0,2 hours ago,PKR 10.5 Crore,"DHA Defence Phase 5, DHA Defence",Islamabad,Zameen,105000000.0,Kanal,5445.0,False
https://www.zameen.com/Property/top_city_1_top_city_1_-_block_a_10_marla_brand_new_house_for_sale_in_top_city-1_block_a_prime_location_near_to_park_masjid_school_hospital_main_markaz-54692368-9231-1.html,House,For Sale,10 Marla,5.0,6.0,3 hours ago,PKR 5.2 Crore,"Top City 1 - Block A, Top City 1",Islamabad,Zameen,52000000.0,Marla,2722.5,False
https://www.zameen.com/Property/islamabad_f-17_flat_for_sale-54692521-335-1.html,Apartment,For Sale,3.8 Marla,2.0,2.0,2 hours ago,PKR 47 Lakh,"F-17, Islamabad",Islamabad,Zameen,4700000.0,Marla,1034.55,False
https://www.zameen.com/Property/islamabad_f-17_900_square_feet_2_bedroom_ready_to_move_flat_for_sale_multi_f-17_islamabad-54645689-335-1.html,Room,For Sale,4 Marla,2.0,2.0,2 hours ago,PKR 69 Lakh,"F-17, Islamabad",Islamabad,Zameen,6900000.0,Marla,1089.0,False
https://www.zameen.com/Property/dha_defence_dha_defence_phase_1_1_kanal_double-unit_house_for_sale_in_dha_phase_1_islamabad-54692442-376-1.html,House,For Sale,1 Kanal,6.0,7.0,2 hours ago,PKR 11.25 Crore,"DHA Defence Phase 1, DHA Defence",Islamabad,Zameen,112500000.0,Kanal,5445.0,False
https://www.zameen.com/Property/dha_defence_dha_defence_phase_2_double_story_luxury_house_for_sale_dha_2-54635291-339-1.html,House,For Sale,10 Marla,5.0,7.0,2 hours ago,PKR 7.5 Crore,"DHA Defence Phase 2, DHA Defence",Islamabad,Zameen,75000000.0,Marla,2722.5,False
https://www.zameen.com/Property/dha_defence_phase_2_defence_residency_defense_residency_block_17_flat_for_sale-54692445-9914-1.html,Apartment,For Sale,3.6 Marla,2.0,2.0,2 hours ago,PKR 1.08 Crore,"Defence Residency, DHA Defence Phase 2",Islamabad,Zameen,10800000.0,Marla,980.1,False
https://www.zameen.com/Property/c_18_rawalpindi_housing_society_perfect_4_marla_house_in_rawalpindi_housing_society_for_sale-54314970-8562-1.html,House,For Sale,4 Marla,4.0,6.0,3 hours ago,PKR 1.3 Crore,"Rawalpindi Housing Society, C-18",Islamabad,Zameen,13000000.0,Marla,1089.0,False
https://www.zameen.com/Property/islamabad_i-9_double_story_house_for_sale_location_i-9_size_6_marla-53366934-175-1.html,House,For Sale,6.7 Marla,5.0,5.0,3 hours ago,PKR 4.9 Crore,"I-9, Islamabad",Islamabad,Zameen,49000000.0,Marla,1824.075,False
https://www.zameen.com/Property/ghauri_town_ghauri_town_phase_4a_7_marla_2_5_storey_house_available_on_sale_in_ghauri_town_phase_4a-54692371-14956-1.html,House,For Sale,7 Marla,8.0,6.0,3 hours ago,PKR 3.1 Crore,"Ghauri Town Phase 4A, Ghauri Town",Islamabad,Zameen,31000000.0,Marla,1905.75,False
https://www.zameen.com/Property/dha_defence_dha_defence_phase_2_1_kanal_brand_new_beautiful_lowest_price_house_up_for_sale_in_dha2_islamabad-53303489-339-1.html,House,For Sale,1 Kanal,6.0,6.0,3 hours ago,PKR 11.25 Crore,"DHA Defence Phase 2, DHA Defence",Islamabad,Zameen,112500000.0,Kanal,5445.0,False
https://www.zameen.com/Property/dha_defence_dha_defence_phase_2_brand_new_1_kanal_designer_and_spanish_style_house_up_for_sale_in_dha_2_islamabad-54041811-339-1.html,House,For Sale,1 Kanal,5.0,6.0,3 hours ago,PKR 13.5 Crore,"DHA Defence Phase 2, DHA Defence",Islamabad,Zameen,135000000.0,Kanal,5445.0,False
https://www.zameen.com/Property/dha_defence_dha_defence_phase_2_1_kanal_owner_biult_beautiful_used_house_upfor_sale_in_dha2_islamabad-54544536-339-1.html,House,For Sale,1 Kanal,5.0,6.0,3 hours ago,PKR 9.49 Crore,"DHA Defence Phase 2, DHA Defence",Islamabad,Zameen,94900000.0,Kanal,5445.0,False
https://www.zameen.com/Property/dha_defence_dha_defence_phase_2_one_kanal_brand_new_luxurious_designer_house_prime_location_of_dha2-52508657-339-1.html,House,For Sale,1 Kanal,6.0,6.0,3 hours ago,PKR 11.9 Crore,"DHA Defence Phase 2, DHA Defence",Islamabad,Zameen,119000000.0,Kanal,5445.0,False
https://www.zameen.com/Property/dha_defence_dha_defence_phase_2_dha_2_one_kanal_brand_new_designer_house_prime_location_of_dha_2_in_islamabad-52508698-339-1.html,House,For Sale,1 Kanal,6.0,6.0,3 hours ago,PKR 13.9 Crore,"DHA Defence Phase 2, DHA Defence",Islamabad,Zameen,139000000.0,Kanal,5445.0,False
https://www.zameen.com/Property/dha_defence_dha_defence_phase_2_one_kanal_beautiful_luxurious_full_furnished_house_prime_location_of_dha2-52696760-339-1.html,House,For Sale,1 Kanal,5.0,6.0,1 day ago,PKR 10.9 Crore,"DHA Defence Phase 2, DHA Defence",Islamabad,Zameen,109000000.0,Kanal,5445.0,False
https://www.zameen.com/Property/top_city_1_top_city_1_-_block_d_1280_sq_ft_flat_2nd_floor_for_monthly_installments_for_sale_in_topcity1_islamabad-54686253-9233-1.html,Apartment,For Sale,5.7 Marla,2.0,2.0,1 day ago,PKR 2.25 Crore,"Top City 1 - Block D, Top City 1",Islamabad,Zameen,22500000.0,Marla,1551.825,False
https://www.zameen.com/Property/dha_defence_dha_defence_phase_2_1_kanal_brand_new_designer_house_available_for_sale_in_dha_2_islamabad-53479637-339-1.html,House,For Sale,1 Kanal,5.0,6.0,1 day ago,PKR 13.9 Crore,"DHA Defence Phase 2, DHA Defence",Islamabad,Zameen,139000000.0,Kanal,5445.0,False
https://www.zameen.com/Property/g_10_g-10_1_house_for_sale_in_g_10_1_islamabad-54650738-3324-1.html,House,For Sale,10.9 Marla,4.0,5.0,1 day ago,PKR 8.9 Crore,"G-10/1, G-10",Islamabad,Zameen,89000000.0,Marla,2967.525,False
https://www.zameen.com/Property/bahria_enclave_cube_apartments_bahria_enclave_1_bed_cube_apartment_brand_new_7th_floor_children_park_facing_1058_sq_feet_possession_utility_circulation_and_parking_charges_paid_available_for_sale-54662602-21520-1.html,Apartment,For Sale,4.9 Marla,1.0,2.0,2 days ago,PKR 1.25 Crore,"Cube Apartments, Bahria Enclave",Islamabad,Zameen,12500000.0,Marla,1334.025,False
https://www.zameen.com/Property/bahria_enclave_cube_apartments_luxury_1-bedroom_apartments_for_sale_cube_apartments_bahria_enclave_islamabad-54689296-21520-1.html,Room,For Sale,4.9 Marla,1.0,2.0,13 hours ago,PKR 1.3 Crore,"Cube Apartments, Bahria Enclave",Islamabad,Zameen,13000000.0,Marla,1334.025,False
https://www.zameen.com/Property/bahria_enclave_bahria_enclave_-_sector_c3_luxury_9_marla_owner-built_house_for_sale_bahria_enclave_islamabad_sector_c-3-54662047-11989-1.html,House,For Sale,9 Marla,5.0,6.0,14 hours ago,PKR 4.8 Crore,"Bahria Enclave - Sector C3, Bahria Enclave",Islamabad,Zameen,48000000.0,Marla,2450.25,False
https://www.zameen.com/Property/g_13_g-13_1_g_13_1_size_25x40_4_marla_brand_new_house_for_sale_beautiful_location-54586877-3337-1.html,House,For Sale,4 Marla,4.0,5.0,14 hours ago,PKR 4.3 Crore,"G-13/1, G-13",Islamabad,Zameen,43000000.0,Marla,1089.0,False
https://www.zameen.com/Property/mumtaz_city_mumtaz_city_-_chanab_block_brand_new_elegant_home_for_sale-54609950-14993-1.html,Other,For Sale,7 Marla,5.0,6.0,14 hours ago,PKR 3.4 Crore,"Mumtaz City - Chanab Block, Mumtaz City",Islamabad,Zameen,34000000.0,Marla,1905.75,False
https://www.zameen.com/Property/islamabad_bani_gala_9_marla_house_in_bani_gala_is_available_for_sale-54679501-340-1.html,House,For Sale,9 Marla,4.0,6.0,14 hours ago,PKR 4 Crore,"Bani Gala, Islamabad",Islamabad,Zameen,40000000.0,Marla,2450.25,False
https://www.zameen.com/Property/dha_defence_dha_defence_phase_2_10_marla_brand_new_beautiful_and_stylish_house_up_for_sale_in_dha_phase_2_islamabad-53437899-339-1.html,House,For Sale,10 Marla,5.0,6.0,3 hours ago,PKR 7.5 Crore,"DHA Defence Phase 2, DHA Defence",Islamabad,Zameen,75000000.0,Marla,2722.5,False
https://www.zameen.com/Property/dha_defence_dha_defence_phase_2_dha_2_one_kanal_brand_new_designer_park_face_house_for_sale-52510436-339-1.html,House,For Sale,1 Kanal,5.0,6.0,3 hours ago,PKR 11.5 Crore,"DHA Defence Phase 2, DHA Defence",Islamabad,Zameen,115000000.0,Kanal,5445.0,False
https://www.zameen.com/Property/g_13_g-13_2_40x80_brand_new_house_for_sale_in_g13-54499704-3338-1.html,House,For Sale,14 Marla,7.0,6.0,2 hours ago,PKR 11.5 Crore,"G-13/2, G-13",Islamabad,Zameen,115000000.0,Marla,3811.5,False
https://www.zameen.com/Property/dha_defence_dha_defence_phase_2_1_kanal_house_with_premium_drawing_room_with_imported_furniture-54238693-339-1.html,Room,For Sale,1 Kanal,5.0,7.0,3 hours ago,PKR 11.75 Crore,"DHA Defence Phase 2, DHA Defence",Islamabad,Zameen,117500000.0,Kanal,5445.0,False
https://www.zameen.com/Property/dha_defence_dha_defence_phase_2_single_unit_ultra_luxury_house_on_prime_location_at_dha_2-54238692-339-1.html,House,For Sale,1 Kanal,5.0,7.0,3 hours ago,PKR 11.75 Crore,"DHA Defence Phase 2, DHA Defence",Islamabad,Zameen,117500000.0,Kanal,5445.0,False
https://www.zameen.com/Property/jinnah_gardens_jinnah_gardens_phase_1_house_for_sale_in_islamabad_pakistan_7_marla_brand_new_house_for_sale_in_islamabad_8_marla_house_for_sale_in_islamabad-53843682-1421-1.html,House,For Sale,7 Marla,5.0,6.0,4 hours ago,PKR 3.3 Crore,"Jinnah Gardens Phase 1, Jinnah Gardens",Islamabad,Zameen,33000000.0,Marla,1905.75,False
https://www.zameen.com/Property/islamabad_islamabad_highway_beautiful_house_for_sale_in_islamabad_pakistan_cda_approved_brand_new_house_for_sale_luxury_house_for_sale_used_house_for_sale-53885552-1561-1.html,House,For Sale,7 Marla,4.0,5.0,4 hours ago,PKR 2.7 Crore,"Islamabad Highway, Islamabad",Islamabad,Zameen,27000000.0,Marla,1905.75,False
https://www.zameen.com/Property/dha_defence_dha_defence_phase_2_10_marla_brand_new_beautiful_house-54042057-339-1.html,House,For Sale,10 Marla,5.0,6.0,3 hours ago,PKR 7.75 Crore,"DHA Defence Phase 2, DHA Defence",Islamabad,Zameen,77500000.0,Marla,2722.5,False
https://www.zameen.com/Property/dha_defence_dha_defence_phase_2_dha2_26_marla_brand_new_luxurious_full_furnished_house_with_basement_prime_location_of_dha2-52510478-339-1.html,House,For Sale,1.3 Kanal,6.0,6.0,3 hours ago,PKR 24 Crore,"DHA Defence Phase 2, DHA Defence",Islamabad,Zameen,240000000.0,Kanal,7078.5,False
https://www.zameen.com/Property/dha_defence_dha_defence_phase_2_dha_2_one_kanal_brand_new_luxurious_house-52691402-339-1.html,House,For Sale,1 Kanal,5.0,6.0,3 hours ago,PKR 10.9 Crore,"DHA Defence Phase 2, DHA Defence",Islamabad,Zameen,109000000.0,Kanal,5445.0,False
https://www.zameen.com/Property/dha_defence_dha_defence_phase_2_dha2_1_5_kanal_brand_new_luxurious_designer_full_furnished_house-52911426-339-1.html,House,For Sale,1.5 Kanal,6.0,6.0,3 hours ago,PKR 18 Crore,"DHA Defence Phase 2, DHA Defence",Islamabad,Zameen,180000000.0,Kanal,8167.5,False
https://www.zameen.com/Property/dha_defence_dha_defence_phase_2_dha2_one_kanal_brand_new_luxurious_designer_house_for_sale-52911572-339-1.html,House,For Sale,1 Kanal,5.0,6.0,3 hours ago,PKR 13.4 Crore,"DHA Defence Phase 2, DHA Defence",Islamabad,Zameen,134000000.0,Kanal,5445.0,False
https://www.zameen.com/Property/bahria_town_bahria_enclave_428_square_feet_flat_in_bahria_enclave_is_available-54692316-1705-1.html,Apartment,For Sale,1.9 Marla,2.0,2.0,3 hours ago,PKR 70 Lakh,"Bahria Enclave, Bahria Town",Islamabad,Zameen,7000000.0,Marla,517.275,False
https://www.zameen.com/Property/dha_defence_dha_defence_phase_2_prime_location_1_kanal_luxurious_house_for_sale_at_dha_2-54013586-339-1.html,House,For Sale,1 Kanal,7.0,7.0,3 hours ago,PKR 12.95 Crore,"DHA Defence Phase 2, DHA Defence",Islamabad,Zameen,129500000.0,Kanal,5445.0,False
https://www.zameen.com/Property/dha_defence_dha_defence_phase_2_deal_directly_with_the_owner_for_a_smooth_and_cost-effective_purchase_house_for_sale-54405821-339-1.html,House,For Sale,1 Kanal,5.0,7.0,3 hours ago,PKR 13.9 Crore,"DHA Defence Phase 2, DHA Defence",Islamabad,Zameen,139000000.0,Kanal,5445.0,False
https://www.zameen.com/Property/islamabad_f-11_investors_should_sale_this_house_located_ideally_in_f-11-54546284-163-1.html,House,For Sale,10 Marla,7.0,5.0,2 days ago,PKR 9.5 Crore,"F-11, Islamabad",Islamabad,Zameen,95000000.0,Marla,2722.5,False
https://www.zameen.com/Property/gulberg_greens_block_b_luxus_mall_and_residency_idyllic_flat_available_in_luxus_mall_and_residency_for_sale-54621672-10572-1.html,Apartment,For Sale,4.5 Marla,2.0,2.0,2 days ago,PKR 1.95 Crore,"Luxus Mall and Residency, Gulberg Greens - Block B",Islamabad,Zameen,19500000.0,Marla,1225.125,False
https://www.zameen.com/Property/bahria_enclave_the_galleria_the_galleria_3_bed_apartment_1695_square_feet_brand_new_on_6th_floor_sun_facing_available_for_sale-53557692-10002-1.html,Apartment,For Sale,7.5 Marla,3.0,3.0,2 days ago,PKR 1.45 Crore,"The Galleria, Bahria Enclave",Islamabad,Zameen,14500000.0,Marla,2041.875,False
https://www.zameen.com/Property/gulberg_greens_mashallah_heights_1-bed_apartment_for_sale_in_mashaallah_heights_easy_2_5-year_installments-54632792-20155-1.html,Apartment,For Sale,3.5 Marla,1.0,1.0,2 days ago,PKR 1.76 Crore,"Mashallah Heights, Gulberg Greens",Islamabad,Zameen,17600000.0,Marla,952.875,False
https://www.zameen.com/Property/dha_defence_dha_defence_phase_2_ultra_luxurious_designer_house_for_sale-52401411-339-1.html,House,For Sale,1 Kanal,5.0,6.0,2 days ago,PKR 10.5 Crore,"DHA Defence Phase 2, DHA Defence",Islamabad,Zameen,105000000.0,Kanal,5445.0,False
https://www.zameen.com/Property/dha_valley_oleander_sector_oleander_sector_-_dha_homes_8_marla_house_for_sale_oleander_block_dha_homes_dha_phase_7-54347601-16825-1.html,House,For Sale,8 Marla,3.0,3.0,16 hours ago,PKR 1.87 Crore,"Oleander Sector - DHA Homes, DHA Valley - Oleander Sector",Islamabad,Zameen,18700000.0,Marla,2178.0,False
https://www.zameen.com/Property/dha_defence_dha_defence_phase_2_elegant_house_with_complete_marghalla_view_from_terrace-52751497-339-1.html,House,For Sale,1 Kanal,5.0,7.0,16 hours ago,PKR 11.6 Crore,"DHA Defence Phase 2, DHA Defence",Islamabad,Zameen,116000000.0,Kanal,5445.0,False
https://www.zameen.com/Property/islamabad_g-13_on_excellent_location_1_kanal_house_is_available_in_affordable_price_in_g-13-54642425-330-1.html,House,For Sale,1 Kanal,6.0,6.0,16 hours ago,PKR 14.75 Crore,"G-13, Islamabad",Islamabad,Zameen,147500000.0,Kanal,5445.0,False
https://www.zameen.com/Property/islamabad_g-13_on_excellent_location_14_marla_spacious_house_is_available_in_g-13_for_sale-54642424-330-1.html,House,For Sale,14 Marla,6.0,6.0,16 hours ago,PKR 11.75 Crore,"G-13, Islamabad",Islamabad,Zameen,117500000.0,Marla,3811.5,False
https://www.zameen.com/Property/islamabad_g-13_brand_new_corner_1_kanal_5090_luxury_house_for_sale_prime_location_g-13_2_islamabad-54614773-330-1.html,House,For Sale,1 Kanal,7.0,6.0,17 hours ago,PKR 17.99 Crore,"G-13, Islamabad",Islamabad,Zameen,179899999.99999997,Kanal,5445.0,False
https://www.zameen.com/Property/dha_defence_dha_defence_phase_2_dha_2_one_kanal_brand_new_corner_house_on_main_boulevard_with_swimming_pool-53966465-339-1.html,House,For Sale,1 Kanal,5.0,6.0,3 hours ago,PKR 13.9 Crore,"DHA Defence Phase 2, DHA Defence",Islamabad,Zameen,139000000.0,Kanal,5445.0,False
https://www.zameen.com/Property/dha_defence_phase_2_al-ghurair_giga_1_bed_margalla_facing_apartment_for_sale_in_al_ghurair_giga_islamabad_925_square_feet_installments-54599631-15113-1.html,Apartment,For Sale,4.1 Marla,1.0,1.0,4 hours ago,PKR 2.03 Crore,"Al-Ghurair Giga, DHA Defence Phase 2",Islamabad,Zameen,20300000.0,Marla,1116.225,False
https://www.zameen.com/Property/islamabad_lahore_-_islamabad_motorway_farm_house_near_dha_on_m-2_motorway_islamabad-52247698-21101-1.html,Farm House,For Sale,20 Kanal,3.0,2.0,4 hours ago,PKR 2 Crore,"Lahore - Islamabad Motorway, Islamabad",Islamabad,Zameen,20000000.0,Kanal,108900.0,False
https://www.zameen.com/Property/islamabad_e-11_fully_furnished_2_bedroom_apartment_for_sale_e-11_2_islamabad-45697189-329-1.html,Room,For Sale,4 Marla,2.0,2.0,5 hours ago,PKR 1.3 Crore,"E-11, Islamabad",Islamabad,Zameen,13000000.0,Marla,1089.0,False
https://www.zameen.com/Property/islamabad_e-11_2_bedroom_luxury_apartments_for_sale_in_e-11-52975017-329-1.html,Room,For Sale,6.2 Marla,2.0,2.0,5 hours ago,PKR 2.45 Crore,"E-11, Islamabad",Islamabad,Zameen,24500000.0,Marla,1687.95,False
https://www.zameen.com/Property/dha_defence_dha_defence_phase_2_12_marla_house_available_for_sale_in_dha_phase_2-54681760-339-1.html,House,For Sale,12 Marla,5.0,6.0,6 hours ago,PKR 6.5 Crore,"DHA Defence Phase 2, DHA Defence",Islamabad,Zameen,65000000.0,Marla,3267.0,False
https://www.zameen.com/Property/bahria_enclave_bahria_enclave_-_sector_b1_5_marla_house_available_for_sale_in_bahria_enclave_islamabad-54650835-11972-1.html,House,For Sale,5 Marla,3.0,3.0,6 hours ago,PKR 2.5 Crore,"Bahria Enclave - Sector B1, Bahria Enclave",Islamabad,Zameen,25000000.0,Marla,1361.25,False
https://www.zameen.com/Property/dha_defence_dha_defence_phase_2_prime_location_1_kanal_luxurious_house_for_sale_at_dha_2-54405822-339-1.html,House,For Sale,1 Kanal,6.0,7.0,3 hours ago,PKR 12.4 Crore,"DHA Defence Phase 2, DHA Defence",Islamabad,Zameen,124000000.0,Kanal,5445.0,False
https://www.zameen.com/Property/dha_defence_dha_defence_phase_2_latest_design_ultra_luxurious_house_for_sale_at_dha_islamabad-54405823-339-1.html,House,For Sale,1 Kanal,5.0,6.0,3 hours ago,PKR 11.6 Crore,"DHA Defence Phase 2, DHA Defence",Islamabad,Zameen,116000000.0,Kanal,5445.0,False
https://www.zameen.com/Property/gulberg_greens_gulberg_greens_-_block_b_gulberg_greens_islamabad_farmhouse_available_for_sale_full_furnished_farmhouse-53055526-8314-1.html,House,For Sale,5 Kanal,10.0,6.0,4 hours ago,PKR 30 Crore,"Gulberg Greens - Block B, Gulberg Greens",Islamabad,Zameen,300000000.0,Kanal,27225.0,False
https://www.zameen.com/Property/gulberg_gulberg_residencia_gulberg_residencia_f-block_beautiful_luxury_home_designer_house-53033936-8319-1.html,House,For Sale,7 Marla,5.0,5.0,4 hours ago,PKR 4 Crore,"Gulberg Residencia, Gulberg",Islamabad,Zameen,40000000.0,Marla,1905.75,False
https://www.zameen.com/Property/g_11_3_the_arch_g-11_3_investor_price_2_bed_apartment_available_for_sale-53701871-12793-1.html,Apartment,For Sale,7.3 Marla,2.0,3.0,4 hours ago,PKR 3.25 Crore,"The Arch, G-11/3",Islamabad,Zameen,32500000.0,Marla,1987.425,False
https://www.zameen.com/Property/f_11_f-11_markaz_f-11_renovated_2bed_apartment_available_for_sale-54140292-3286-1.html,Apartment,For Sale,9.4 Marla,2.0,3.0,4 hours ago,PKR 3 Crore,"F-11 Markaz, F-11",Islamabad,Zameen,30000000.0,Marla,2559.15,False
https://www.zameen.com/Property/g_11_3_the_arch_g-11_investor_price_the_arch_2bedroom_apartment_available_for_sale-54526162-12793-1.html,Room,For Sale,6.4 Marla,2.0,2.0,4 hours ago,PKR 2.85 Crore,"The Arch, G-11/3",Islamabad,Zameen,28500000.0,Marla,1742.4,False
https://www.zameen.com/Property/f_11_f-11_markaz_f-11_investor_price_1bed_renovated_fully_furnished_apartment_available_for_sale-54543425-3286-1.html,Apartment,For Sale,5.6 Marla,1.0,1.0,4 hours ago,PKR 2.6 Crore,"F-11 Markaz, F-11",Islamabad,Zameen,26000000.0,Marla,1524.6,False
https://www.zameen.com/Property/dha_defence_dha_defence_phase_2_1_kanal_brand_new_designer_house_available_for_sale_in_prime_location_of_dha_2_islamabad-54417552-339-1.html,House,For Sale,1 Kanal,7.0,6.0,1 day ago,PKR 8.5 Crore,"DHA Defence Phase 2, DHA Defence",Islamabad,Zameen,85000000.0,Kanal,5445.0,False
https://www.zameen.com/Property/islamabad_e-7_1000_sq_yds_house_for_sale_in_e-7_islamabad-54647110-343-1.html,House,For Sale,2 Kanal,7.0,6.0,2 days ago,PKR 70 Crore,"E-7, Islamabad",Islamabad,Zameen,700000000.0,Kanal,10890.0,False
https://www.zameen.com/Property/dha_defence_dha_defence_phase_2_1_kanal_brand_new_designer_house_available_for_sale_in_dha_phase_2_islamabad-53772394-339-1.html,House,For Sale,1 Kanal,5.0,6.0,1 day ago,PKR 10.9 Crore,"DHA Defence Phase 2, DHA Defence",Islamabad,Zameen,109000000.0,Kanal,5445.0,False
https://www.zameen.com/Property/b_17_j7_emporium_radisson_1_bed_luxury_apartment_at_j7_emporium_islamabad-54098646-17263-1.html,Apartment,For Sale,3.3 Marla,1.0,1.0,2 days ago,PKR 1.88 Crore,"J7 Emporium, B-17",Islamabad,Zameen,18800000.0,Marla,898.425,False
https://www.zameen.com/Property/dha_defence_phase_5_dha_phase_5_-_sector_a_dha_5_34_marla_brand_new_full_furnished_house_prime_location_of_dha2-52509727-8400-1.html,House,For Sale,1.7 Kanal,6.0,6.0,2 days ago,PKR 22 Crore,"DHA Phase 5 - Sector A, DHA Defence Phase 5",Islamabad,Zameen,220000000.0,Kanal,9256.5,False
https://www.zameen.com/Property/g_11_g-11_1_prime_7_marla_corner_house_for_sale_in_g-11_islamabad_bedrooms_4_spacious_bedrooms_with_attached_bathrooms_living_spaces_2_drawing_dining_areas_2_tv_lounges_kitchens_2_kitchens_outdoor_extra_space_beautiful_attached_garden-54645085-3330-1.html,Room,For Sale,7 Marla,4.0,4.0,1 day ago,PKR 8.5 Crore,"G-11/1, G-11",Islamabad,Zameen,85000000.0,Marla,1905.75,False
https://www.zameen.com/Property/islamabad_e-11_2_bedroom_flat_for_sale_in_makkah_tower_e-11_high_rental_income_prime_investment-54427133-329-1.html,Room,For Sale,7.1 Marla,2.0,3.0,1 day ago,PKR 1.83 Crore,"E-11, Islamabad",Islamabad,Zameen,18300000.0,Marla,1932.975,False
https://www.zameen.com/Property/dha_defence_phase_2_dha_phase_2_-_sector_e_kanal_brand_new_house_available_for_sale_in_dha_phase_2_islamabad-50887304-3200-1.html,House,For Sale,1 Kanal,5.0,6.0,1 day ago,PKR 14.75 Crore,"DHA Phase 2 - Sector E, DHA Defence Phase 2",Islamabad,Zameen,147500000.0,Kanal,5445.0,False
https://www.zameen.com/Property/b_17_mpchs_-_multi_gardens_brand_new_house_for_sale_to_live_and_investment_with_one_room_basement-54561768-3115-1.html,Room,For Sale,18 Marla,6.0,6.0,1 day ago,PKR 6.5 Crore,"MPCHS - Multi Gardens, B-17",Islamabad,Zameen,65000000.0,Marla,4900.5,False
https://www.zameen.com/Property/mpchs_multi_gardens_mpchs_-_block_e_brand_new_house_for_sale_to_live_and_investment-54612533-3120-1.html,House,For Sale,8 Marla,6.0,6.0,1 day ago,PKR 4.4 Crore,"MPCHS - Block E, MPCHS - Multi Gardens",Islamabad,Zameen,44000000.0,Marla,2178.0,False
https://www.zameen.com/Property/dha_defence_dha_defence_phase_2_your_dream_one_kanal_house_in_islamabad_dha_phase_2-54405797-339-1.html,House,For Sale,1 Kanal,6.0,6.0,4 hours ago,PKR 10.9 Crore,"DHA Defence Phase 2, DHA Defence",Islamabad,Zameen,109000000.0,Kanal,5445.0,False
https://www.zameen.com/Property/dha_defence_dha_defence_phase_2_1_kanal_luxury_house_for_sale_in_dha_phase_2_islamabad_prime_location-54471181-339-1.html,House,For Sale,1 Kanal,3.0,4.0,4 hours ago,PKR 14.9 Crore,"DHA Defence Phase 2, DHA Defence",Islamabad,Zameen,149000000.0,Kanal,5445.0,False
https://www.zameen.com/Property/f_10_sukh_chayn_residence_3_bedrooms_apartment_on_investor_rate_available_for_sale_in_sukh_chyn_f10-52246112-13589-1.html,Room,For Sale,8.7 Marla,3.0,3.0,6 hours ago,PKR 8.5 Crore,"Sukh Chayn Residence, F-10",Islamabad,Zameen,85000000.0,Marla,2368.575,False
https://www.zameen.com/Property/f_10_sukh_chayn_residence_sukhchyn_f10_3_bedrooms_apartment_available_for_sale_with_modern_infrastructure_and_amenities-52173753-13589-1.html,Room,For Sale,9 Marla,3.0,4.0,6 hours ago,PKR 9 Crore,"Sukh Chayn Residence, F-10",Islamabad,Zameen,90000000.0,Marla,2450.25,False
https://www.zameen.com/Property/e_11_e-11_3_double_unit_house_for_sale_in_e-11_3_mpchs_islamabad_prime_margalla_facing_location-54638252-3238-1.html,House,For Sale,1 Kanal,6.0,7.0,7 hours ago,PKR 14 Crore,"E-11/3, E-11",Islamabad,Zameen,140000000.0,Kanal,5445.0,False
https://www.zameen.com/Property/b_17_capital_square_2_bed_furnished_apartment_available_for_sale_in_capital_square_shopping_mall-54691195-11252-1.html,Apartment,For Sale,5.4 Marla,2.0,2.0,7 hours ago,PKR 1.05 Crore,"Capital Square, B-17",Islamabad,Zameen,10500000.0,Marla,1470.15,False
https://www.zameen.com/Property/dha_defence_dha_defence_phase_2_1_kanal_brand_new_designer_luxury_house_for_sale_dha_phase_2-54022910-339-1.html,House,For Sale,1 Kanal,5.0,6.0,7 hours ago,PKR 10.95 Crore,"DHA Defence Phase 2, DHA Defence",Islamabad,Zameen,109500000.0,Kanal,5445.0,False
https://www.zameen.com/Property/f_11_f-11_markaz_f-11_investor_price_1_bed_apartment_available_for_sale_investor_price_rent_coming_90000-54116038-3286-1.html,Apartment,For Sale,5.6 Marla,1.0,1.0,4 hours ago,PKR 2.35 Crore,"F-11 Markaz, F-11",Islamabad,Zameen,23500000.0,Marla,1524.6,False
https://www.zameen.com/Property/g_11_3_the_arch_g-11_the_arch_brand_new_investor_price_3bed_apartment_available_for_sale-54526093-12793-1.html,Apartment,For Sale,9.6 Marla,3.0,3.0,4 hours ago,PKR 4.2 Crore,"The Arch, G-11/3",Islamabad,Zameen,42000000.0,Marla,2613.6,False
https://www.zameen.com/Property/islamabad_g-11_nice_location_single_story_park_facing_house-54583426-168-1.html,House,For Sale,4 Marla,2.0,1.0,4 hours ago,PKR 3.35 Crore,"G-11, Islamabad",Islamabad,Zameen,33500000.0,Marla,1089.0,False
https://www.zameen.com/Property/gulberg_greens_diamond_mall_residency_one_bedroom_luxurious_furnished_apartment_available_for_sale-54410428-10982-1.html,Room,For Sale,3.1 Marla,1.0,1.0,4 hours ago,PKR 95 Lakh,"Diamond Mall & Residency, Gulberg Greens",Islamabad,Zameen,9500000.0,Marla,843.975,False
https://www.zameen.com/Property/gulberg_greens_gulberg_heights_two_bedroom_luxurious_furnished_apartment_available_for_sale-54410478-19298-1.html,Room,For Sale,4.9 Marla,2.0,3.0,4 hours ago,PKR 1.6 Crore,"Gulberg Heights, Gulberg Greens",Islamabad,Zameen,16000000.0,Marla,1334.025,False
https://www.zameen.com/Property/pwd_housing_scheme_pwd_housing_society_-_block_a_16_marla_house_for_sale_in_islamabad_pwd_cda_approved_pakistan_brand_new_house_for_sale-53744245-15004-1.html,House,For Sale,16 Marla,7.0,6.0,4 hours ago,PKR 6.5 Crore,"PWD Housing Society - Block A, PWD Housing Scheme",Islamabad,Zameen,65000000.0,Marla,4356.0,False
https://www.zameen.com/Property/gulberg_greens_smama_star_mall_residency_two_bedroom_luxurious_furnished_apartment_available_for_sale-54555071-11278-1.html,Room,For Sale,4 Marla,2.0,2.0,4 hours ago,PKR 1.3 Crore,"Smama Star Mall & Residency, Gulberg Greens",Islamabad,Zameen,13000000.0,Marla,1089.0,False
https://www.zameen.com/Property/islamabad_bani_gala_1_5_50-54691924-340-1.html,Other,For Sale,5 Marla,3.0,3.0,4 hours ago,PKR 1.25 Crore,"Bani Gala, Islamabad",Islamabad,Zameen,12500000.0,Marla,1361.25,False
https://www.zameen.com/Property/islamabad_top_city_1_1_kanal_brand_new_luxury_double_storey_house_for_sale_in_topcity_islamabad-54622911-1383-1.html,House,For Sale,1 Kanal,7.0,5.0,2 days ago,PKR 12 Crore,"Top City 1, Islamabad",Islamabad,Zameen,120000000.0,Kanal,5445.0,False
https://www.zameen.com/Property/dha_defence_dha_defence_phase_2_fully_furnished_1_kanal_spanish_style_house_for_sale_in_dha_phase_2-54480942-339-1.html,House,For Sale,1 Kanal,5.0,6.0,2 days ago,PKR 15 Crore,"DHA Defence Phase 2, DHA Defence",Islamabad,Zameen,150000000.0,Kanal,5445.0,False
https://www.zameen.com/Property/dha_defence_dha_defence_phase_2_ultra_modern_fully_furnished_1_kanal_designer_house_ready_for_sale_in_dha_defence_phase_2_islamabad-54530474-339-1.html,House,For Sale,1 Kanal,5.0,6.0,2 days ago,PKR 11 Crore,"DHA Defence Phase 2, DHA Defence",Islamabad,Zameen,110000000.0,Kanal,5445.0,False
https://www.zameen.com/Property/mpchs_multi_gardens_mpchs_-_block_c1_designer_house_for_sale-54453450-12607-1.html,House,For Sale,5 Marla,4.0,6.0,3 days ago,PKR 2.85 Crore,"MPCHS - Block C1, MPCHS - Multi Gardens",Islamabad,Zameen,28500000.0,Marla,1361.25,False
https://www.zameen.com/Property/bahria_enclave_bahria_enclave_-_sector_a_luxury_01_kanal_designer_house_with_basement_25_kw_solar_street_12_sector_a-54675962-11970-1.html,House,For Sale,1 Kanal,9.0,7.0,3 days ago,PKR 11.5 Crore,"Bahria Enclave - Sector A, Bahria Enclave",Islamabad,Zameen,115000000.0,Kanal,5445.0,False
https://www.zameen.com/Property/islamabad_naval_anchorage_naval_anchorage_1_kanal_luxury_designer_house_available_for_sale-54687366-375-1.html,House,For Sale,1 Kanal,6.0,6.0,1 day ago,PKR 9.5 Crore,"Naval Anchorage, Islamabad",Islamabad,Zameen,95000000.0,Kanal,5445.0,False
https://www.zameen.com/Property/mpchs_multi_gardens_mpchs_-_block_f_10-_marla_house_available_sale-54687648-8527-1.html,House,For Sale,10 Marla,5.0,6.0,1 day ago,PKR 4.95 Crore,"MPCHS - Block F, MPCHS - Multi Gardens",Islamabad,Zameen,49500000.0,Marla,2722.5,False
https://www.zameen.com/Property/park_view_city_park_view_-_block_h_park_view_city_block-h_corner_villa-54668608-16868-1.html,Villa,For Sale,5 Marla,4.0,4.0,1 day ago,PKR 3.3 Crore,"Park View - Block H, Park View City",Islamabad,Zameen,33000000.0,Marla,1361.25,False
https://www.zameen.com/Property/park_view_city_park_view_-_block_h_park_view_city_h-block_8_marla_luxury_villa-54668775-16868-1.html,Villa,For Sale,8 Marla,5.0,5.0,1 day ago,PKR 5 Crore,"Park View - Block H, Park View City",Islamabad,Zameen,50000000.0,Marla,2178.0,False
https://www.zameen.com/Property/dha_defence_dha_defence_phase_2_one_kanal_ultra_luxury_house_for_sale_in_dha_2_islamabad-54105234-339-1.html,House,For Sale,1 Kanal,5.0,6.0,1 day ago,PKR 7.5 Crore,"DHA Defence Phase 2, DHA Defence",Islamabad,Zameen,75000000.0,Kanal,5445.0,False
https://www.zameen.com/Property/dha_defence_dha_defence_phase_2_2_kanal_ultra_modern_corner_house_with_solar_for_sale_at_peak_location_in_dha-2-54238551-339-1.html,House,For Sale,2 Kanal,6.0,7.0,4 hours ago,PKR 18 Crore,"DHA Defence Phase 2, DHA Defence",Islamabad,Zameen,180000000.0,Kanal,10890.0,False
https://www.zameen.com/Property/dha_defence_dha_defence_phase_2_luxurious_1_kanal_dream_home_with_private_pool_in_dha_2_prime_location_near_mcdonalds-51321594-339-1.html,Other,For Sale,1 Kanal,6.0,6.0,4 hours ago,PKR 13.9 Crore,"DHA Defence Phase 2, DHA Defence",Islamabad,Zameen,139000000.0,Kanal,5445.0,False
https://www.zameen.com/Property/dha_defence_dha_defence_phase_2_1_kanal_brand_new_designer_luxury_house_for_sale_dha_phade_2_islamabada-54628935-339-1.html,House,For Sale,1 Kanal,5.0,6.0,7 hours ago,PKR 11.8 Crore,"DHA Defence Phase 2, DHA Defence",Islamabad,Zameen,118000000.0,Kanal,5445.0,False
https://www.zameen.com/Property/dha_defence_dha_defence_phase_5_5_marla_brand_new_designer_luxury_house_for_sale_dha_phase_5_islamabad-54629077-10991-1.html,House,For Sale,5 Marla,5.0,5.0,7 hours ago,PKR 4.15 Crore,"DHA Defence Phase 5, DHA Defence",Islamabad,Zameen,41500000.0,Marla,1361.25,False
https://www.zameen.com/Property/dha_defence_dha_defence_phase_2_5_marla_brand_new_designer_luxury_house_for_sale_dha_phase_2_islambad-54629100-339-1.html,House,For Sale,5 Marla,4.0,5.0,7 hours ago,PKR 5.25 Crore,"DHA Defence Phase 2, DHA Defence",Islamabad,Zameen,52500000.0,Marla,1361.25,False
https://www.zameen.com/Property/dha_defence_dha_defence_phase_5_5_marla_brand_new_dsigner_luxury_house_for_sale_dha_5_islamabad-54629126-10991-1.html,House,For Sale,5 Marla,4.0,4.0,7 hours ago,PKR 3.8 Crore,"DHA Defence Phase 5, DHA Defence",Islamabad,Zameen,38000000.0,Marla,1361.25,False
https://www.zameen.com/Property/dha_defence_dha_defence_phase_2_10_marla_brand_new_designer_luxury_house_for_sale_dha_phase_2-54632591-339-1.html,House,For Sale,10 Marla,5.0,6.0,7 hours ago,PKR 7.8 Crore,"DHA Defence Phase 2, DHA Defence",Islamabad,Zameen,78000000.0,Marla,2722.5,False
https://www.zameen.com/Property/dha_defence_dha_defence_phase_2_1_kanal_luxury_house_for_sale_in_dha_phase_2_islamabad-53583485-339-1.html,House,For Sale,1 Kanal,5.0,6.0,4 hours ago,PKR 12.25 Crore,"DHA Defence Phase 2, DHA Defence",Islamabad,Zameen,122500000.0,Kanal,5445.0,False
https://www.zameen.com/Property/dha_defence_dha_defence_phase_2_spacious_one_kanal_house_for_sale_in_dha_phase_2_islamabad-53730148-339-1.html,House,For Sale,1 Kanal,5.0,6.0,4 hours ago,PKR 13.99 Crore,"DHA Defence Phase 2, DHA Defence",Islamabad,Zameen,139900000.0,Kanal,5445.0,False
https://www.zameen.com/Property/dha_defence_dha_defence_phase_2_european_design_1_kanal_brand_new_designer_house_ready_for_sale_in_dha_defence_phase_2_islamabad-54246392-339-1.html,House,For Sale,1 Kanal,5.0,6.0,5 hours ago,PKR 9.8 Crore,"DHA Defence Phase 2, DHA Defence",Islamabad,Zameen,98000000.0,Kanal,5445.0,False
https://www.zameen.com/Property/dha_defence_dha_defence_phase_2_american_design_fully_furnished_1_kanal_brand_new_designer_house_ready_for_sale_in_dha_defence_phase_2_islamabad-54410149-339-1.html,House,For Sale,1 Kanal,5.0,6.0,5 hours ago,PKR 12.5 Crore,"DHA Defence Phase 2, DHA Defence",Islamabad,Zameen,125000000.0,Kanal,5445.0,False
https://www.zameen.com/Property/dha_defence_dha_defence_phase_2_straight_line_design_1_kanal_brand_new_house_with_gas_meter_installed_is_ready_for_sale_in_dha_defence_phase_2_islamabad-54347009-339-1.html,House,For Sale,1 Kanal,5.0,6.0,5 hours ago,PKR 11.5 Crore,"DHA Defence Phase 2, DHA Defence",Islamabad,Zameen,115000000.0,Kanal,5445.0,False
https://www.zameen.com/Property/dha_defence_dha_defence_phase_2_park_face_double_unit_house_for_sale-52491708-339-1.html,House,For Sale,1 Kanal,6.0,6.0,5 hours ago,PKR 9.9 Crore,"DHA Defence Phase 2, DHA Defence",Islamabad,Zameen,99000000.0,Kanal,5445.0,False
https://www.zameen.com/Property/dha_defence_dha_defence_phase_2_slightly_used_owner_build_house_for_sale-52491772-339-1.html,House,For Sale,1 Kanal,6.0,6.0,5 hours ago,PKR 8.8 Crore,"DHA Defence Phase 2, DHA Defence",Islamabad,Zameen,88000000.0,Kanal,5445.0,False
https://www.zameen.com/Property/dha_defence_dha_defence_phase_2_slightly_used_good_location_house_for_sale-52502236-339-1.html,House,For Sale,1 Kanal,6.0,6.0,5 hours ago,PKR 8.4 Crore,"DHA Defence Phase 2, DHA Defence",Islamabad,Zameen,84000000.0,Kanal,5445.0,False
https://www.zameen.com/Property/bahria_enclave_bahria_enclave_-_sector_i_5_marla_brand_new_house_for_sale_sector_i_bahria_enclave_islamabad-54493439-11982-1.html,House,For Sale,5 Marla,3.0,3.0,3 days ago,PKR 2.65 Crore,"Bahria Enclave - Sector I, Bahria Enclave",Islamabad,Zameen,26500000.0,Marla,1361.25,False
https://www.zameen.com/Property/gulberg_greens_gulberg_greens_-_block_b_the_afson_one_premium_apartments_for_sale_in_gulberg_greens_islamabad-54617293-8314-1.html,Apartment,For Sale,2.4 Marla,1.0,1.0,3 days ago,PKR 75 Lakh,"Gulberg Greens - Block B, Gulberg Greens",Islamabad,Zameen,7500000.0,Marla,653.4,False
https://www.zameen.com/Property/islamabad_g-13_sector_g-13_ultra-modern_35x70_house_brand_new_look_finish-54595918-330-1.html,House,For Sale,10 Marla,7.0,6.0,3 days ago,PKR 7.8 Crore,"G-13, Islamabad",Islamabad,Zameen,78000000.0,Marla,2722.5,False
https://www.zameen.com/Property/islamabad_f-7_investor_alert_ultra-premium_f-7_property_islamabad_1_777_sq_yards_margalla_facing_3-side_open_massive_lawn-54119721-165-1.html,Other,For Sale,3.6 Kanal,4.0,5.0,3 days ago,PKR 84 Crore,"F-7, Islamabad",Islamabad,Zameen,840000000.0,Kanal,19602.0,False
https://www.zameen.com/Property/islamabad_f-6_investor_alert_prime_f-6_property_for_sale_sector_f-6_islamabad_margalla_view_facing_1146_sq_yards_corner_plot_prime_investment_opportunity-54418179-164-1.html,Plot,For Sale,2.3 Kanal,4.0,5.0,3 days ago,PKR 55 Crore,"F-6, Islamabad",Islamabad,Zameen,550000000.0,Kanal,12523.499999999998,False
https://www.zameen.com/Property/dha_defence_phase_2_lignum_tower_open_view_3_bed_apartment_lignum_tower_dha_phase_2_gas_available-54503313-9913-1.html,Apartment,For Sale,7.9 Marla,3.0,3.0,1 day ago,PKR 2.15 Crore,"Lignum Tower, DHA Defence Phase 2",Islamabad,Zameen,21500000.0,Marla,2150.775,False
https://www.zameen.com/Property/national_police_foundation_o_9_national_police_foundation_o-9_-_block_c_prime_location_house_spread_over_2275_square_feet_in_national_police_foundation_o-9_-_block_c_available-54671542-16427-1.html,House,For Sale,10.1 Marla,5.0,6.0,1 day ago,PKR 4.7 Crore,"National Police Foundation O-9 - Block C, National Police Foundation O-9",Islamabad,Zameen,47000000.0,Marla,2749.725,False
https://www.zameen.com/Property/islamabad_f-8_house_for_sale_in_the_heart_of_islamabad_sector_f8-1-54198008-166-1.html,House,For Sale,1 Kanal,6.0,6.0,1 day ago,PKR 18 Crore,"F-8, Islamabad",Islamabad,Zameen,180000000.0,Kanal,5445.0,False
https://www.zameen.com/Property/al_ghurair_giga_al-ghurair_giga_-_block_14_one_bedroom_available_for_sale_in_dha_phase_2_islamabad-54518479-15118-1.html,Room,For Sale,2.7 Marla,1.0,1.0,1 day ago,PKR 76 Lakh,"Al-Ghurair Giga - Block 14, Al-Ghurair Giga",Islamabad,Zameen,7600000.0,Marla,735.075,False
https://www.zameen.com/Property/g_11_g-11_3_4th_floor_corner_furnished_flat_for_sale_in_crown_tower_g-11_3_islamabad-54500519-3332-1.html,Apartment,For Sale,7.4 Marla,3.0,2.0,1 day ago,PKR 2.1 Crore,"G-11/3, G-11",Islamabad,Zameen,21000000.0,Marla,2014.65,False
https://www.zameen.com/Property/gulberg_gulberg_business_square_studio_1-bedroom_apartments_delivery_in_4_months-54688553-11450-1.html,Room,For Sale,2.9 Marla,2.0,3.0,5 hours ago,PKR 1.1 Crore,"Gulberg Business Square, Gulberg",Islamabad,Zameen,11000000.0,Marla,789.525,False
https://www.zameen.com/Property/dha_defence_dha_defence_phase_2_corner_park_facing_house_for_sale_near_central_park-52503557-339-1.html,House,For Sale,2 Kanal,8.0,6.0,5 hours ago,PKR 14.8 Crore,"DHA Defence Phase 2, DHA Defence",Islamabad,Zameen,148000000.0,Kanal,10890.0,False
https://www.zameen.com/Property/dha_defence_dha_defence_phase_2_10_marla_brand_new_ultra_designer_house_for_sale_dha_2_islambad-54653130-339-1.html,House,For Sale,10 Marla,5.0,6.0,7 hours ago,PKR 7.15 Crore,"DHA Defence Phase 2, DHA Defence",Islamabad,Zameen,71500000.0,Marla,2722.5,False
https://www.zameen.com/Property/dha_defence_dha_defence_phase_5_5_marla_brand_new_ultra_designer_house_for_sale_dha_phase_5_islmabad-54653230-10991-1.html,House,For Sale,5 Marla,4.0,4.0,7 hours ago,PKR 3.95 Crore,"DHA Defence Phase 5, DHA Defence",Islamabad,Zameen,39500000.0,Marla,1361.25,False
https://www.zameen.com/Property/dha_defence_dha_defence_phase_5_5_marla_brand_new_ultra_designer_house_for_sale_dha_phase_5_islambad-54653250-10991-1.html,House,For Sale,5 Marla,4.0,4.0,7 hours ago,PKR 3.8 Crore,"DHA Defence Phase 5, DHA Defence",Islamabad,Zameen,38000000.0,Marla,1361.25,False
https://www.zameen.com/Property/d_12_d-12_4_d-12-4_main_location_brand_new_14_marla_house_for_sale-54418987-3157-1.html,House,For Sale,14 Marla,6.0,6.0,7 hours ago,PKR 15.5 Crore,"D-12/4, D-12",Islamabad,Zameen,155000000.0,Marla,3811.5,False
https://www.zameen.com/Property/islamabad_d-12_d-12_brand_new_house_for_sale-54427021-160-1.html,House,For Sale,10 Marla,5.0,5.0,7 hours ago,PKR 11.5 Crore,"D-12, Islamabad",Islamabad,Zameen,115000000.0,Marla,2722.5,False
https://www.zameen.com/Property/dha_defence_dha_defence_phase_2_used_owner_build_house_for_sale-52502307-339-1.html,House,For Sale,1 Kanal,5.0,6.0,5 hours ago,PKR 8.7 Crore,"DHA Defence Phase 2, DHA Defence",Islamabad,Zameen,87000000.0,Kanal,5445.0,False
https://www.zameen.com/Property/mpchs_multi_gardens_mpchs_-_block_e_premium_8_marla_house_brand_new_construction_b-17_e_block-54580342-3120-1.html,House,For Sale,8 Marla,5.0,5.0,5 hours ago,PKR 4 Crore,"MPCHS - Block E, MPCHS - Multi Gardens",Islamabad,Zameen,40000000.0,Marla,2178.0,False
https://www.zameen.com/Property/islamabad_faisal_town_-_f-18_5_marla_brand_new_house_available_for_sale-54444015-8260-1.html,House,For Sale,5 Marla,5.0,5.0,5 hours ago,PKR 2.5 Crore,"Faisal Town - F-18, Islamabad",Islamabad,Zameen,25000000.0,Marla,1361.25,False
https://www.zameen.com/Property/dha_defence_dha_defence_phase_5_5_marla_designer_house_for_sale_in_dha_phase_5-54691687-10991-1.html,House,For Sale,5 Marla,4.0,5.0,6 hours ago,PKR 3.75 Crore,"DHA Defence Phase 5, DHA Defence",Islamabad,Zameen,37500000.0,Marla,1361.25,False
https://www.zameen.com/Property/bahria_enclave_bahria_enclave_-_sector_f1_8_marla_brand_new_house_available_for_sale_in_bahria_enclave_islamabad-54373945-11986-1.html,House,For Sale,8 Marla,5.0,6.0,6 hours ago,PKR 3.7 Crore,"Bahria Enclave - Sector F1, Bahria Enclave",Islamabad,Zameen,37000000.0,Marla,2178.0,False
https://www.zameen.com/Property/bahria_enclave_bahria_enclave_-_sector_f_brand_new_luxury_house_available_for_sale_in_bahria_enclave_islamabad-54366968-11985-1.html,House,For Sale,10 Marla,5.0,5.0,6 hours ago,PKR 5.4 Crore,"Bahria Enclave - Sector F, Bahria Enclave",Islamabad,Zameen,54000000.0,Marla,2722.5,False
https://www.zameen.com/Property/bahria_enclave_bahria_enclave_-_sector_f_10_marla_designer_house_for_sale_back_open_sector_f_bahria_enclave_islamabad-54345952-11985-1.html,House,For Sale,10 Marla,5.0,5.0,6 hours ago,PKR 5.3 Crore,"Bahria Enclave - Sector F, Bahria Enclave",Islamabad,Zameen,53000000.0,Marla,2722.5,False
https://www.zameen.com/Property/bahria_enclave_bahria_enclave_-_sector_c1_10_marla_brand_new_house_for_sale_in_bahria_enclave_islamabad-54339551-11987-1.html,House,For Sale,10 Marla,5.0,6.0,6 hours ago,PKR 5.7 Crore,"Bahria Enclave - Sector C1, Bahria Enclave",Islamabad,Zameen,57000000.0,Marla,2722.5,False
https://www.zameen.com/Property/islamabad_f-17_2_bed_ready_to_move_flat_for_sale_multi_f-17_islamabad_all_facility_available_cda_pproved_sector_mpchs-54676066-335-1.html,Apartment,For Sale,4 Marla,2.0,2.0,4 days ago,PKR 69 Lakh,"F-17, Islamabad",Islamabad,Zameen,6900000.0,Marla,1089.0,False
https://www.zameen.com/Property/islamabad_f-6_elite_f-6_property_for_sale_11_bedrooms_margalla_facing-54648578-164-1.html,Room,For Sale,2 Kanal,11.0,7.0,4 days ago,PKR 58 Crore,"F-6, Islamabad",Islamabad,Zameen,580000000.0,Kanal,10890.0,False
https://www.zameen.com/Property/f_6_f-6_3_a_true_gem_of_islamabad_f-6_3_islamabad-54646931-3301-1.html,Other,For Sale,4 Kanal,8.0,7.0,4 days ago,PKR 1.9 Arab,"F-6/3, F-6",Islamabad,Zameen,1900000000.0,Kanal,21780.0,False
https://www.zameen.com/Property/islamabad_f-6_5_kanal_front_back_open_main_margalla_road-54495994-164-1.html,Other,For Sale,5 Kanal,8.0,7.0,4 days ago,PKR 2.1 Arab,"F-6, Islamabad",Islamabad,Zameen,2100000000.0,Kanal,27225.0,False
https://www.zameen.com/Property/islamabad_d-12_beautiful_location_brand_new_house_for_sale-54530029-160-1.html,House,For Sale,5 Marla,4.0,5.0,4 days ago,PKR 6.5 Crore,"D-12, Islamabad",Islamabad,Zameen,65000000.0,Marla,1361.25,False
https://www.zameen.com/Property/f_10_f-10_markaz_premium_residential_building_a_lifestyle_investment_opportunity-52943028-3280-1.html,Building,For Sale,7.1 Marla,2.0,3.0,1 day ago,PKR 11 Crore,"F-10 Markaz, F-10",Islamabad,Zameen,110000000.0,Marla,1932.975,False
https://www.zameen.com/Property/f_10_f-10_markaz_flat_available_for_sale_on_easy_instalments_in_f-10-52779066-3280-1.html,Apartment,For Sale,8.2 Marla,2.0,3.0,1 day ago,PKR 10 Crore,"F-10 Markaz, F-10",Islamabad,Zameen,100000000.0,Marla,2232.45,False
https://www.zameen.com/Property/islamabad_f-10_prime_location_and_fully_modern_style_apartment_available_for_sale-52482909-162-1.html,Apartment,For Sale,7.6 Marla,2.0,3.0,1 day ago,PKR 10.5 Crore,"F-10, Islamabad",Islamabad,Zameen,105000000.0,Marla,2069.1,False
https://www.zameen.com/Property/d_12_d-12_1_brand-new_luxury_house_for_sale_in_sector_d-12_islamabad-54606037-3154-1.html,House,For Sale,4 Marla,3.0,4.0,1 day ago,PKR 5.3 Crore,"D-12/1, D-12",Islamabad,Zameen,53000000.0,Marla,1089.0,False
https://www.zameen.com/Property/islamabad_d-12_d-12_brand_new_triple_storey_beautiful_house-54606063-160-1.html,House,For Sale,14 Marla,9.0,5.0,1 day ago,PKR 19 Crore,"D-12, Islamabad",Islamabad,Zameen,190000000.0,Marla,3811.5,False
https://www.zameen.com/Property/b_17_j7_emporium_2_bed_luxury_apartment_for_sale_in_j7_emporium_on_installments_2025_sq_ft-54182492-17263-1.html,Apartment,For Sale,9 Marla,2.0,2.0,6 hours ago,PKR 3.34 Crore,"J7 Emporium, B-17",Islamabad,Zameen,33400000.0,Marla,2450.25,False
https://www.zameen.com/Property/dha_defence_dha_defence_phase_2_dha2_2_kanal_luxurious_designer_house-54377817-339-1.html,House,For Sale,2 Kanal,6.0,6.0,6 hours ago,PKR 30 Crore,"DHA Defence Phase 2, DHA Defence",Islamabad,Zameen,300000000.0,Kanal,10890.0,False
https://www.zameen.com/Property/e_11_e-11_3_e-11-3_mpchs_prime_location_double-story_corner_house_available_for_sale_in_e-11_3-54445067-3238-1.html,House,For Sale,1 Kanal,6.0,6.0,7 hours ago,PKR 13.5 Crore,"E-11/3, E-11",Islamabad,Zameen,135000000.0,Kanal,5445.0,False
https://www.zameen.com/Property/islamabad_d-12_8_marla_house_for_sale_in_d-12_brand_new_triple_storey-54440917-160-1.html,House,For Sale,8 Marla,8.0,7.0,7 hours ago,PKR 9.75 Crore,"D-12, Islamabad",Islamabad,Zameen,97500000.0,Marla,2178.0,False
https://www.zameen.com/Property/f_10_sukh_chayn_residence_luxury_5_bedroom_flat_available_for_sale_in_f-10_sukh_chayn-53109903-13589-1.html,Room,For Sale,1 Kanal,5.0,7.0,7 hours ago,PKR 30 Crore,"Sukh Chayn Residence, F-10",Islamabad,Zameen,300000000.0,Kanal,5445.0,False
https://www.zameen.com/Property/f_10_sukh_chayn_residence_one_bed_apartment_available_for_sale_in_sukh_chayn_residence_f-10-54248161-13589-1.html,Apartment,For Sale,3.8 Marla,1.0,1.0,7 hours ago,PKR 5.4 Crore,"Sukh Chayn Residence, F-10",Islamabad,Zameen,54000000.0,Marla,1034.55,False
https://www.zameen.com/Property/faisal_town_f_18_faisal_town_phase_1_5_marla_designer_house_faisal_town_for_sale-53330480-16415-1.html,House,For Sale,5 Marla,4.0,4.0,8 hours ago,PKR 3 Crore,"Faisal Town Phase 1, Faisal Town - F-18",Islamabad,Zameen,30000000.0,Marla,1361.25,False
https://www.zameen.com/Property/bahria_enclave_bahria_enclave_-_sector_h_brand_new_house_available_for_sale_in_bahria_enclave_islamabad-54439489-11983-1.html,House,For Sale,5 Marla,3.0,4.0,6 hours ago,PKR 2.9 Crore,"Bahria Enclave - Sector H, Bahria Enclave",Islamabad,Zameen,29000000.0,Marla,1361.25,False
https://www.zameen.com/Property/bahria_enclave_bahria_enclave_-_sector_c2_ideal_house_is_available_for_sale_in_islamabad-54448230-11988-1.html,House,For Sale,10 Marla,5.0,5.0,6 hours ago,PKR 5.5 Crore,"Bahria Enclave - Sector C2, Bahria Enclave",Islamabad,Zameen,55000000.0,Marla,2722.5,False
https://www.zameen.com/Property/bahria_enclave_bahria_enclave_-_sector_n_brand_new_house_available_for_sale_in_bahria_enclave_islamabad-54577651-11975-1.html,House,For Sale,8 Marla,5.0,6.0,6 hours ago,PKR 4.25 Crore,"Bahria Enclave - Sector N, Bahria Enclave",Islamabad,Zameen,42500000.0,Marla,2178.0,False
https://www.zameen.com/Property/bahria_enclave_bahria_enclave_-_sector_c_kanal_house_available_for_sale_in_bahria_enclave_islamabad-54650877-11973-1.html,House,For Sale,1 Kanal,6.0,7.0,6 hours ago,PKR 10.5 Crore,"Bahria Enclave - Sector C, Bahria Enclave",Islamabad,Zameen,105000000.0,Kanal,5445.0,False
https://www.zameen.com/Property/bahria_enclave_bahria_enclave_-_sector_i_5_marla_house_available_for_sale_in_bahria_enclave_islamabad-54650912-11982-1.html,House,For Sale,5 Marla,3.0,4.0,6 hours ago,PKR 2.9 Crore,"Bahria Enclave - Sector I, Bahria Enclave",Islamabad,Zameen,29000000.0,Marla,1361.25,False
https://www.zameen.com/Property/bahria_enclave_bahria_enclave_-_sector_f1_8_marla_brand_new_house_available_for_sale_in_bahria_enclave_islamabad-54664436-11986-1.html,House,For Sale,8 Marla,4.0,5.0,6 hours ago,PKR 4.25 Crore,"Bahria Enclave - Sector F1, Bahria Enclave",Islamabad,Zameen,42500000.0,Marla,2178.0,False
https://www.zameen.com/Property/bahria_enclave_bahria_enclave_-_sector_f_10_marla_brand_new_fully_furnished_house_available_for_sale_in_bahria_enclave_islamabad-54664452-11985-1.html,House,For Sale,10 Marla,5.0,6.0,6 hours ago,PKR 6 Crore,"Bahria Enclave - Sector F, Bahria Enclave",Islamabad,Zameen,60000000.0,Marla,2722.5,False
https://www.zameen.com/Property/bahria_enclave_bahria_enclave_-_sector_a_kanal_house_with_basement_available_for_sale_in_bahria_enclave_islamabad-54664462-11970-1.html,House,For Sale,1.2 Kanal,7.0,7.0,6 hours ago,PKR 11.5 Crore,"Bahria Enclave - Sector A, Bahria Enclave",Islamabad,Zameen,115000000.0,Kanal,6534.0,False
https://www.zameen.com/Property/bahria_enclave_bahria_enclave_-_sector_c1_sector_c1_10_marla_corner_house_available_for_sale-54629524-11987-1.html,House,For Sale,10 Marla,5.0,5.0,4 days ago,PKR 6.5 Crore,"Bahria Enclave - Sector C1, Bahria Enclave",Islamabad,Zameen,65000000.0,Marla,2722.5,False
https://www.zameen.com/Property/f_6_f-6_3_investor_price_house_available_for_sale_in_f6_3-50510847-3301-1.html,House,For Sale,2 Kanal,6.0,6.0,4 days ago,PKR 55 Crore,"F-6/3, F-6",Islamabad,Zameen,550000000.0,Kanal,10890.0,False
https://www.zameen.com/Property/f_6_f-6_2_beautiful_house_of_a_prime_location_available_for_sale_in_f6_3-52276600-3300-1.html,House,For Sale,2 Kanal,9.0,5.0,4 days ago,PKR 80 Crore,"F-6/2, F-6",Islamabad,Zameen,800000000.0,Kanal,10890.0,False
https://www.zameen.com/Property/islamabad_f-6_beautiful_house_available_for_sale_in_f6-52276724-164-1.html,House,For Sale,5 Kanal,10.0,5.0,4 days ago,PKR 1.3 Arab,"F-6, Islamabad",Islamabad,Zameen,1300000000.0,Kanal,27225.0,False
https://www.zameen.com/Property/islamabad_top_city_1_10_marla_house_in_top_city_1_is_available_for_sale-54416158-1383-1.html,House,For Sale,10 Marla,5.0,5.0,4 days ago,PKR 6.1 Crore,"Top City 1, Islamabad",Islamabad,Zameen,61000000.0,Marla,2722.5,False
https://www.zameen.com/Property/f_10_f-10_1_f-10-1_duplex_house_511_squired_yard-47592578-3276-1.html,House,For Sale,1 Kanal,5.0,6.0,1 day ago,PKR 17 Crore,"F-10/1, F-10",Islamabad,Zameen,170000000.0,Kanal,5445.0,False
https://www.zameen.com/Property/dha_defence_phase_2_dha_phase_2_-_sector_b_corner_1_kanal_house_for_sale_is_available_in_dha_phase_2_-_sector_b-54684414-3197-1.html,House,For Sale,1 Kanal,6.0,6.0,1 day ago,PKR 16.5 Crore,"DHA Phase 2 - Sector B, DHA Defence Phase 2",Islamabad,Zameen,165000000.0,Kanal,5445.0,False
https://www.zameen.com/Property/dha_defence_phase_2_dha_phase_2_-_sector_f_a_spacious_prime_location_1_kanal_house_in_dha_phase_2_-_sector_f-54684415-3201-1.html,House,For Sale,1 Kanal,6.0,6.0,1 day ago,PKR 14.85 Crore,"DHA Phase 2 - Sector F, DHA Defence Phase 2",Islamabad,Zameen,148500000.0,Kanal,5445.0,False
https://www.zameen.com/Property/f_6_f-6_3_out_class_location_house-54533319-3301-1.html,House,For Sale,4.4 Kanal,6.0,5.0,2 days ago,PKR 1.05 Arab,"F-6/3, F-6",Islamabad,Zameen,1050000000.0,Kanal,23958.000000000004,False
https://www.zameen.com/Property/islamabad_b-17_7_marla_brand_new_house_for_sale_in_b_17_islamabad-54608929-616-1.html,House,For Sale,7 Marla,5.0,7.0,2 days ago,PKR 4.25 Crore,"B-17, Islamabad",Islamabad,Zameen,42500000.0,Marla,1905.75,False
https://www.zameen.com/Property/dha_defence_dha_defence_phase_2_dha_2_one_kanal_brand_new_luxurious_designer_furnished_house-54059995-339-1.html,House,For Sale,1 Kanal,5.0,6.0,6 hours ago,PKR 11.9 Crore,"DHA Defence Phase 2, DHA Defence",Islamabad,Zameen,119000000.0,Kanal,5445.0,False
https://www.zameen.com/Property/dha_defence_dha_defence_phase_2_1_kanal_luxury_house_for_sale_in_dha_phase_2_islamabad-53583491-339-1.html,House,For Sale,1 Kanal,5.0,6.0,6 hours ago,PKR 12.5 Crore,"DHA Defence Phase 2, DHA Defence",Islamabad,Zameen,125000000.0,Kanal,5445.0,False
https://www.zameen.com/Property/mpchs_multi_gardens_mpchs_-_block_f_prime_location_5_marla_double_storey_house_on_main_double_road-54690292-8527-1.html,House,For Sale,5 Marla,5.0,5.0,8 hours ago,PKR 2.5 Crore,"MPCHS - Block F, MPCHS - Multi Gardens",Islamabad,Zameen,25000000.0,Marla,1361.25,False
https://www.zameen.com/Property/dha_defence_dha_defence_phase_2_10_marla_house_available_for_sale_in_dha_phase_2-48625457-339-1.html,House,For Sale,10 Marla,5.0,6.0,8 hours ago,PKR 6.5 Crore,"DHA Defence Phase 2, DHA Defence",Islamabad,Zameen,65000000.0,Marla,2722.5,False
https://www.zameen.com/Property/g_10_g-10_4_1500_square_feet_house_up_for_sale_in_g-10_4-54424648-3327-1.html,House,For Sale,6.7 Marla,3.0,3.0,8 hours ago,PKR 5.2 Crore,"G-10/4, G-10",Islamabad,Zameen,52000000.0,Marla,1824.075,False
https://www.zameen.com/Property/islamabad_bani_gala_house_for_sale-54690659-340-1.html,House,For Sale,6.3 Marla,2.0,3.0,8 hours ago,PKR 1.6 Crore,"Bani Gala, Islamabad",Islamabad,Zameen,16000000.0,Marla,1715.175,False
https://www.zameen.com/Property/b_17_j7_emporium_cheapest_deal_2_bed_apartment_1731sq_ft_11_floor_j7_emporium_b-17_islamabad-54677487-17263-1.html,Apartment,For Sale,7.7 Marla,2.0,2.0,9 hours ago,PKR 2.85 Crore,"J7 Emporium, B-17",Islamabad,Zameen,28500000.0,Marla,2096.3250000000003,False
https://www.zameen.com/Property/bahria_enclave_bahria_enclave_-_sector_b1_8_marla_house_available_for_sale_in_bahria_enclave_islamabad-54667817-11972-1.html,House,For Sale,8 Marla,4.0,5.0,6 hours ago,PKR 4.8 Crore,"Bahria Enclave - Sector B1, Bahria Enclave",Islamabad,Zameen,48000000.0,Marla,2178.0,False
https://www.zameen.com/Property/dha_defence_dha_defence_phase_2_one_kanal_brand_new_home_for_sale_in_dha_ii_islamabad-52363768-339-1.html,Other,For Sale,1 Kanal,6.0,6.0,6 hours ago,PKR 13.75 Crore,"DHA Defence Phase 2, DHA Defence",Islamabad,Zameen,137500000.0,Kanal,5445.0,False
https://www.zameen.com/Property/dha_defence_dha_defence_phase_2_well-constructed_corner_brand_new_house_available_for_sale_in_dha_2-52070671-339-1.html,House,For Sale,1 Kanal,6.0,7.0,6 hours ago,PKR 9.85 Crore,"DHA Defence Phase 2, DHA Defence",Islamabad,Zameen,98500000.0,Kanal,5445.0,False
https://www.zameen.com/Property/dha_defence_dha_defence_phase_2_luxurious_1_kanal_house_for_sale_in_dha_phase_2_islamabad-51900928-339-1.html,House,For Sale,1 Kanal,6.0,6.0,6 hours ago,PKR 10.5 Crore,"DHA Defence Phase 2, DHA Defence",Islamabad,Zameen,105000000.0,Kanal,5445.0,False
https://www.zameen.com/Property/dha_defence_dha_defence_phase_2_1_kanal_corner_house_available_for_sale_at_dha_2-54105181-339-1.html,House,For Sale,1 Kanal,6.0,7.0,6 hours ago,PKR 11 Crore,"DHA Defence Phase 2, DHA Defence",Islamabad,Zameen,110000000.0,Kanal,5445.0,False
https://www.zameen.com/Property/dha_defence_dha_defence_phase_2_one_kanal_ultra_luxury_house_for_sale_in_dha_phase_2_islamabad-54104545-339-1.html,House,For Sale,1 Kanal,5.0,6.0,6 hours ago,PKR 11.8 Crore,"DHA Defence Phase 2, DHA Defence",Islamabad,Zameen,118000000.0,Kanal,5445.0,False
https://www.zameen.com/Property/d_12_d-12_1_4_marla_brand_new_house_for_sale-53870788-3154-1.html,House,For Sale,4 Marla,4.0,5.0,6 hours ago,PKR 4.8 Crore,"D-12/1, D-12",Islamabad,Zameen,48000000.0,Marla,1089.0,False
https://www.zameen.com/Property/d_12_d-12_4_14_marla_corner_house_for_sale-53145900-3157-1.html,House,For Sale,14 Marla,5.0,5.0,6 hours ago,PKR 16 Crore,"D-12/4, D-12",Islamabad,Zameen,160000000.0,Marla,3811.5,False
https://www.zameen.com/Property/top_city_1_top_city_1_-_block_d_brand_new_designer_corner_house_for_sale_top_city_1-54675640-9233-1.html,House,For Sale,10 Marla,5.0,5.0,4 days ago,PKR 6.3 Crore,"Top City 1 - Block D, Top City 1",Islamabad,Zameen,63000000.0,Marla,2722.5,False
https://www.zameen.com/Property/mpchs_multi_gardens_mpchs_-_block_e_double_basement_house_for_sale-54461739-3120-1.html,House,For Sale,7 Marla,10.0,6.0,3 days ago,PKR 4 Crore,"MPCHS - Block E, MPCHS - Multi Gardens",Islamabad,Zameen,40000000.0,Marla,1905.75,False
https://www.zameen.com/Property/mpchs_multi_gardens_mpchs_-_block_c1_brand_new_house_for_sale-54453591-12607-1.html,House,For Sale,5 Marla,4.0,6.0,3 days ago,PKR 2.7 Crore,"MPCHS - Block C1, MPCHS - Multi Gardens",Islamabad,Zameen,27000000.0,Marla,1361.25,False
https://www.zameen.com/Property/b_17_mpchs_-_multi_gardens_8_marla_double_basement_house_for_sale_in_multi_garden_b_17_islamabad-54446219-3115-1.html,House,For Sale,8 Marla,10.0,5.0,3 days ago,PKR 4 Crore,"MPCHS - Multi Gardens, B-17",Islamabad,Zameen,40000000.0,Marla,2178.0,False
https://www.zameen.com/Property/islamabad_i-12_i-12_1_pha_flat_for_sale_on_7th_floor-54679918-1418-1.html,Apartment,For Sale,3.9 Marla,2.0,2.0,3 days ago,PKR 75 Lakh,"I-12, Islamabad",Islamabad,Zameen,7500000.0,Marla,1061.775,False
https://www.zameen.com/Property/dha_defence_phase_1_dha_phase_1_-_sector_b_a_on_excellent_location_1_kanal_house_located_in_dha_phase_1_-_sector_b_is_available_for_sale-54684352-3190-1.html,House,For Sale,1 Kanal,6.0,5.0,2 days ago,PKR 10.75 Crore,"DHA Phase 1 - Sector B, DHA Defence Phase 1",Islamabad,Zameen,107500000.0,Kanal,5445.0,False
https://www.zameen.com/Property/gulberg_greens_smama_star_mall_residency_3_bed_apartment_with_stunning_view_for_sale_in_samama_stars-53604607-11278-1.html,Apartment,For Sale,5.5 Marla,3.0,3.0,2 days ago,PKR 1.85 Crore,"Smama Star Mall & Residency, Gulberg Greens",Islamabad,Zameen,18500000.0,Marla,1497.375,False
https://www.zameen.com/Property/islamabad_d-12_brand_new_luxurious_designer_villa_modern_elevation_with_premium_finishes_panoramic_roof_terrace-54590696-160-1.html,Villa,For Sale,4 Marla,4.0,5.0,2 days ago,PKR 5.4 Crore,"D-12, Islamabad",Islamabad,Zameen,54000000.0,Marla,1089.0,False
https://www.zameen.com/Property/islamabad_zaraj_housing_scheme_12_marla_5_bedroom_house_available_for_sale_in_zaraj_housing_scheme-54684849-3508-1.html,Room,For Sale,12 Marla,5.0,6.0,2 days ago,PKR 6 Crore,"Zaraj Housing Scheme, Islamabad",Islamabad,Zameen,60000000.0,Marla,3267.0,False
https://www.zameen.com/Property/soan_garden_soan_garden_-_block_b_ideal_main_road_house_available_for_sale_in_islamabad-54641633-3492-1.html,House,For Sale,12 Marla,5.0,6.0,2 days ago,PKR 4.8 Crore,"Soan Garden - Block B, Soan Garden",Islamabad,Zameen,48000000.0,Marla,3267.0,False
https://www.zameen.com/Property/dha_defence_dha_defence_phase_2_build_your_dream_1_kanal_house_in_dha_phase_2_islamabad_starting_from_pkr_8_90_crore-53730146-339-1.html,House,For Sale,1 Kanal,6.0,6.0,6 hours ago,PKR 8.95 Crore,"DHA Defence Phase 2, DHA Defence",Islamabad,Zameen,89500000.0,Kanal,5445.0,False
https://www.zameen.com/Property/dha_defence_dha_defence_phase_2_1_kanal_used_house_available_for_sale_in_dha_2_islamabad-54611745-339-1.html,House,For Sale,1 Kanal,6.0,6.0,6 hours ago,PKR 7.75 Crore,"DHA Defence Phase 2, DHA Defence",Islamabad,Zameen,77500000.0,Kanal,5445.0,False
https://www.zameen.com/Property/islamabad_shehzad_town_8_marla_double_storey_house_for_sale_park_road_shahzad_town_islamabad_cda_transfer_best_location_all_facilities_available_serious_buyers_contact-54644917-1007-1.html,House,For Sale,8 Marla,6.0,6.0,9 hours ago,PKR 5.2 Crore,"Shehzad Town, Islamabad",Islamabad,Zameen,52000000.0,Marla,2178.0,False
https://www.zameen.com/Property/lehtrar_road_rahman_enclave_10_marla_triple_storey_gray_structure_for_sale_rahman_enclave_lehtrar_road_islamabad_cda_noc_approved_road_50_feet_best_location_near_park_and_masjid_reasonable_price-54684379-17143-1.html,Other,For Sale,10 Marla,9.0,6.0,9 hours ago,PKR 4.4 Crore,"Rahman Enclave, Lehtrar Road",Islamabad,Zameen,44000000.0,Marla,2722.5,False
https://www.zameen.com/Property/dha_defence_dha_defence_phase_3_house_for_sale_dha_phase_3-54614882-8412-1.html,House,For Sale,9.8 Marla,4.0,5.0,10 hours ago,PKR 4 Crore,"DHA Defence Phase 3, DHA Defence",Islamabad,Zameen,40000000.0,Marla,2668.05,False
https://www.zameen.com/Property/dha_defence_phase_2_defence_residency_two_bedrooms_flat_for_sale_in_defence_residency_dha-2_islamabad-54684774-9914-1.html,Room,For Sale,3.6 Marla,2.0,2.0,10 hours ago,PKR 95 Lakh,"Defence Residency, DHA Defence Phase 2",Islamabad,Zameen,9500000.0,Marla,980.1,False
https://www.zameen.com/Property/kashmir_highway_eighteen_fully_fitted_studio_apartment_for_sale_770_sq_ft_eighteen_islamabad_kashmir_highway-54450144-12602-1.html,Apartment,For Sale,3.4 Marla,1.0,1.0,10 hours ago,PKR 2 Crore,"Eighteen, Kashmir Highway",Islamabad,Zameen,20000000.0,Marla,925.65,False
https://www.zameen.com/Property/islamabad_e-11_e-11_npf_full_renovated_house_for_sale-54551556-329-1.html,House,For Sale,1 Kanal,10.0,6.0,6 hours ago,PKR 15.5 Crore,"E-11, Islamabad",Islamabad,Zameen,155000000.0,Kanal,5445.0,False
https://www.zameen.com/Property/islamabad_g-13_g-13_double_unit_house_for_sale_brand_new_more_information_call_me-54575970-330-1.html,House,For Sale,7 Marla,5.0,5.0,6 hours ago,PKR 7.25 Crore,"G-13, Islamabad",Islamabad,Zameen,72500000.0,Marla,1905.75,False
https://www.zameen.com/Property/islamabad_f-11_10-bedroom_triple-storey_house_for_sale_in_f-11_2_islamabad_marble_flooring-54686289-163-1.html,Room,For Sale,16 Marla,10.0,7.0,7 hours ago,PKR 17 Crore,"F-11, Islamabad",Islamabad,Zameen,170000000.0,Marla,4356.0,False
https://www.zameen.com/Property/dha_defence_dha_defence_phase_2_luxury_1_kanal_corner_full_furnished_house_for_sale_dha_phase_2_islamabad_demand_14_crore_very_reasonable_price-54431516-339-1.html,House,For Sale,1 Kanal,6.0,6.0,7 hours ago,PKR 14 Crore,"DHA Defence Phase 2, DHA Defence",Islamabad,Zameen,140000000.0,Kanal,5445.0,False
https://www.zameen.com/Property/dha_defence_phase_2_dha_phase_2_-_sector_g_luxury_10_marla_used_house_for_sale_in_dha_phase_2-54454591-3202-1.html,House,For Sale,10 Marla,5.0,6.0,7 hours ago,PKR 5.75 Crore,"DHA Phase 2 - Sector G, DHA Defence Phase 2",Islamabad,Zameen,57500000.0,Marla,2722.5,False
https://www.zameen.com/Property/dha_defence_dha_defence_phase_2_1_kanal_single_unit_house_for_sale_in_dha_phase_2_islamabad_demand_8_crore_very_reasonable_price_prime_location-54518091-339-1.html,House,For Sale,1 Kanal,5.0,6.0,7 hours ago,PKR 8 Crore,"DHA Defence Phase 2, DHA Defence",Islamabad,Zameen,80000000.0,Kanal,5445.0,False
https://www.zameen.com/Property/dha_defence_dha_defence_phase_2_luxury_3_bedroom_apartment_for_sale_overseas_block_in_dha_phase_02_islamabad-54551671-339-1.html,Room,For Sale,5.1 Marla,3.0,3.0,7 hours ago,PKR 1.65 Crore,"DHA Defence Phase 2, DHA Defence",Islamabad,Zameen,16500000.0,Marla,1388.475,False
https://www.zameen.com/Property/islamabad_f-7_beautiful_furnished_house_available_for_sale_on_prime_location-54139316-165-1.html,House,For Sale,1.3 Kanal,5.0,6.0,7 hours ago,PKR 40 Crore,"F-7, Islamabad",Islamabad,Zameen,400000000.0,Kanal,7078.5,False
https://www.zameen.com/Property/bahria_enclave_bahria_enclave_-_sector_g_elevated_luxury_living_in_sector_g_bahria_enclave_premium_front_tile_finishes_sophisticated_modern_interiors-54650508-11984-1.html,Other,For Sale,8 Marla,5.0,6.0,3 days ago,PKR 3.95 Crore,"Bahria Enclave - Sector G, Bahria Enclave",Islamabad,Zameen,39500000.0,Marla,2178.0,False
https://www.zameen.com/Property/islamabad_f-6_house_available_for_sale_on_margalla_road-53449323-164-1.html,House,For Sale,6.2 Kanal,10.0,5.0,4 days ago,PKR 1.65 Arab,"F-6, Islamabad",Islamabad,Zameen,1650000000.0,Kanal,33759.0,False
https://www.zameen.com/Property/islamabad_i-11_beautiful_and_best_located_house_is_available_for_sale-54609565-706-1.html,House,For Sale,4 Marla,4.0,4.0,4 days ago,PKR 2.8 Crore,"I-11, Islamabad",Islamabad,Zameen,28000000.0,Marla,1089.0,False
https://www.zameen.com/Property/bahria_enclave_bahria_enclave_-_sector_c1_10_marla_brand_new_luxury_house_for_sale_bahria_enclave_islamabad-54680371-11987-1.html,House,For Sale,10 Marla,5.0,5.0,3 days ago,PKR 5.6 Crore,"Bahria Enclave - Sector C1, Bahria Enclave",Islamabad,Zameen,56000000.0,Marla,2722.5,False
https://www.zameen.com/Property/top_city_1_top_city_1_-_kanwar_moiz_block_high-roi_luxury_apartments_on_5th_floor_with_beautiful_balcony_topcity-1-54609641-22390-1.html,Apartment,For Sale,1.8 Marla,1.0,2.0,3 days ago,PKR 60 Lakh,"Top City 1 - Kanwar Moiz Block, Top City 1",Islamabad,Zameen,6000000.0,Marla,490.05,False
https://www.zameen.com/Property/gulberg_residencia_gulberg_residencia_-_block_l_buy_a_centrally_located_prime_location_7_marla_house_in_gulberg_residencia_-_block_l-54448558-9122-1.html,House,For Sale,7 Marla,4.0,4.0,2 days ago,PKR 3.9 Crore,"Gulberg Residencia - Block L, Gulberg Residencia",Islamabad,Zameen,39000000.0,Marla,1905.75,False
https://www.zameen.com/Property/bahria_enclave_the_royal_mall_and_residency_2_bedroom_fully_furnished_apartment_for_sale_royal_mall_bahria_enclave-54658880-10909-1.html,Room,For Sale,6.4 Marla,2.0,2.0,2 days ago,PKR 1.85 Crore,"The Royal Mall and Residency, Bahria Enclave",Islamabad,Zameen,18500000.0,Marla,1742.4,False
https://www.zameen.com/Property/naval_anchorage_naval_anchorage_-_block_f_good_quality_house-54631612-3472-1.html,House,For Sale,1 Kanal,7.0,7.0,2 days ago,PKR 7 Crore,"Naval Anchorage - Block F, Naval Anchorage",Islamabad,Zameen,70000000.0,Kanal,5445.0,False
https://www.zameen.com/Property/dha_defence_dha_defence_phase_2_40_marla_with_attached_corner_plot_available_nearly_central_park-54001042-339-1.html,Plot,For Sale,2 Kanal,5.0,7.0,2 days ago,PKR 12.7 Crore,"DHA Defence Phase 2, DHA Defence",Islamabad,Zameen,127000000.0,Kanal,10890.0,False
https://www.zameen.com/Property/jinnah_gardens_jinnah_gardens_phase_1_unoccupied_house_of_7_marla_is_available_for_sale_in_fechs-54438837-1421-1.html,House,For Sale,7 Marla,5.0,6.0,2 days ago,PKR 3.85 Crore,"Jinnah Gardens Phase 1, Jinnah Gardens",Islamabad,Zameen,38500000.0,Marla,1905.75,False
https://www.zameen.com/Property/dha_defence_dha_defence_phase_2_1_kanal_house_for_sale_dha_phase_2_islamabad-52826706-339-1.html,House,For Sale,1 Kanal,5.0,6.0,7 hours ago,PKR 11.5 Crore,"DHA Defence Phase 2, DHA Defence",Islamabad,Zameen,115000000.0,Kanal,5445.0,False
https://www.zameen.com/Property/dha_defence_dha_defence_phase_2_luxurious_1_kanal_house_in_dha_defence_phase_2-52365306-339-1.html,House,For Sale,1 Kanal,6.0,7.0,7 hours ago,PKR 11.65 Crore,"DHA Defence Phase 2, DHA Defence",Islamabad,Zameen,116500000.0,Kanal,5445.0,False
https://www.zameen.com/Property/g_13_g-13_1_25x40_4_marla_house_for_sale_g-13_1-54635316-3337-1.html,House,For Sale,4 Marla,4.0,4.0,10 hours ago,PKR 3.5 Crore,"G-13/1, G-13",Islamabad,Zameen,35000000.0,Marla,1089.0,False
https://www.zameen.com/Property/bahria_town_bahria_enclave_house_in_bahria_enclave_islamabad-54615936-1705-1.html,House,For Sale,10 Marla,5.0,6.0,11 hours ago,PKR 5.1 Crore,"Bahria Enclave, Bahria Town",Islamabad,Zameen,51000000.0,Marla,2722.5,False
https://www.zameen.com/Property/bahria_enclave_bahria_enclave_-_sector_a_10_marla_beautiful_design_house_available_for_sale-53485127-11970-1.html,House,For Sale,10 Marla,5.0,6.0,11 hours ago,PKR 5.5 Crore,"Bahria Enclave - Sector A, Bahria Enclave",Islamabad,Zameen,55000000.0,Marla,2722.5,False
https://www.zameen.com/Property/bahria_enclave_bahria_enclave_-_sector_c1_10_marla_beautiful_brand_new_house_available_for_sale_2_unit_house_with_separate_entrance-50191108-11987-1.html,House,For Sale,10 Marla,5.0,6.0,11 hours ago,PKR 5.2 Crore,"Bahria Enclave - Sector C1, Bahria Enclave",Islamabad,Zameen,52000000.0,Marla,2722.5,False
https://www.zameen.com/Property/bahria_enclave_bahria_enclave_-_sector_j_beautiful_8_marla_house_available_for_sale_with_front_view_open_with_huge_green_patch-50174932-11981-1.html,House,For Sale,8 Marla,5.0,6.0,11 hours ago,PKR 3.75 Crore,"Bahria Enclave - Sector J, Bahria Enclave",Islamabad,Zameen,37500000.0,Marla,2178.0,False
https://www.zameen.com/Property/dha_defence_dha_defence_phase_2_1_kanal_corner_houses_for_sale_main_blvd_sectors-_f_d_dha-2-52550958-339-1.html,House,For Sale,1 Kanal,9.0,7.0,7 hours ago,PKR 10 Crore,"DHA Defence Phase 2, DHA Defence",Islamabad,Zameen,100000000.0,Kanal,5445.0,False
https://www.zameen.com/Property/dha_defence_dha_defence_phase_2_1_kanal_double_unit_corner_house_for_sale_in_dha_phase_2_islamabad_park_facing_5kw_solar_most_cheapest_house_of_dha_phase_2_islamabad-54671561-339-1.html,House,For Sale,1 Kanal,8.0,6.0,7 hours ago,PKR 7.45 Crore,"DHA Defence Phase 2, DHA Defence",Islamabad,Zameen,74500000.0,Kanal,5445.0,False
https://www.zameen.com/Property/f_8_f-8_3_f-8_brand_new_house_for_sale-49452597-3316-1.html,House,For Sale,17.8 Marla,6.0,5.0,7 hours ago,PKR 45 Crore,"F-8/3, F-8",Islamabad,Zameen,450000000.0,Marla,4846.05,False
https://www.zameen.com/Property/islamabad_f-6_luxury_ambassadors_level_house_for_sale_in_f6_on_prime_location_incoming_rent_10000_usd_per_month-54554789-164-1.html,House,For Sale,2 Kanal,7.0,6.0,7 hours ago,PKR 1 Arab,"F-6, Islamabad",Islamabad,Zameen,1000000000.0,Kanal,10890.0,False
https://www.zameen.com/Property/islamabad_f-7_f-7_house_for_sale_investor_price-54533935-165-1.html,House,For Sale,1.3 Kanal,8.0,5.0,7 hours ago,PKR 36 Crore,"F-7, Islamabad",Islamabad,Zameen,360000000.0,Kanal,7078.5,False
https://www.zameen.com/Property/islamabad_g-6_g6_3_most_prime_location_house_for_sale-54533387-169-1.html,House,For Sale,3.3 Kanal,6.0,6.0,7 hours ago,PKR 61 Crore,"G-6, Islamabad",Islamabad,Zameen,610000000.0,Kanal,17968.5,False
https://www.zameen.com/Property/dha_defence_dha_defence_phase_2_10_marla_brand_new_ultra_designer_house_for_sale_dha_2_islamabad-54653113-339-1.html,House,For Sale,10 Marla,5.0,6.0,7 hours ago,PKR 7.25 Crore,"DHA Defence Phase 2, DHA Defence",Islamabad,Zameen,72500000.0,Marla,2722.5,False
https://www.zameen.com/Property/dha_defence_dha_defence_phase_2_luxury_2_bedrooms_apartment_in_giga_goldcrest_views_dha_defence_phase_2-52363774-339-1.html,Room,For Sale,8.9 Marla,2.0,2.0,7 hours ago,PKR 2.5 Crore,"DHA Defence Phase 2, DHA Defence",Islamabad,Zameen,25000000.0,Marla,2423.025,False
https://www.zameen.com/Property/bahria_enclave_bahria_enclave_-_sector_c1_sector_c1_10_marla_house_for_sale_bahria_enclave_islamabad-54675691-11987-1.html,House,For Sale,10 Marla,5.0,5.0,4 days ago,PKR 5.25 Crore,"Bahria Enclave - Sector C1, Bahria Enclave",Islamabad,Zameen,52500000.0,Marla,2722.5,False
https://www.zameen.com/Property/dha_defence_dha_defence_phase_2_dha2_one_kanal_owner_built_designer_house-52491800-339-1.html,House,For Sale,1 Kanal,5.0,6.0,4 days ago,PKR 11.9 Crore,"DHA Defence Phase 2, DHA Defence",Islamabad,Zameen,119000000.0,Kanal,5445.0,False
https://www.zameen.com/Property/top_city_1_top_city_1_-_block_a_house_spread_over_10_marla_in_top_city_1_-_block_a_available-54594321-9231-1.html,House,For Sale,10 Marla,6.0,5.0,4 days ago,PKR 5 Crore,"Top City 1 - Block A, Top City 1",Islamabad,Zameen,50000000.0,Marla,2722.5,False
https://www.zameen.com/Property/islamabad_margalla_orchard_20_kanal_luxury_farmhouse_for_sale_2_mins_from_serena_islamabad_club-54612978-21948-1.html,House,For Sale,20 Kanal,9.0,7.0,4 days ago,PKR 1.5 Arab,"Margalla Orchard, Islamabad",Islamabad,Zameen,1500000000.0,Kanal,108900.0,False
https://www.zameen.com/Property/dha_defence_dha_defence_phase_2_1_kanal_brand_new_designer_and_stylish_house_up_for_sale_in_dha2_islamabad-54094140-339-1.html,House,For Sale,1 Kanal,5.0,6.0,4 days ago,PKR 10.9 Crore,"DHA Defence Phase 2, DHA Defence",Islamabad,Zameen,109000000.0,Kanal,5445.0,False
https://www.zameen.com/Property/jinnah_gardens_jinnah_gardens_phase_1_buying_a_house_in_jinnah_gardens_phase_1-54438839-1421-1.html,House,For Sale,7 Marla,5.0,6.0,2 days ago,PKR 3.5 Crore,"Jinnah Gardens Phase 1, Jinnah Gardens",Islamabad,Zameen,35000000.0,Marla,1905.75,False
https://www.zameen.com/Property/jinnah_gardens_jinnah_gardens_phase_1_7_marla_house_in_central_jinnah_gardens_phase_1_for_sale-54438838-1421-1.html,House,For Sale,7 Marla,5.0,6.0,2 days ago,PKR 4 Crore,"Jinnah Gardens Phase 1, Jinnah Gardens",Islamabad,Zameen,40000000.0,Marla,1905.75,False
https://www.zameen.com/Property/jinnah_gardens_jinnah_gardens_phase_1_800_square_feet_flat_in_jinnah_gardens_phase_1_for_sale_at_good_location-54667458-1421-1.html,Apartment,For Sale,3.6 Marla,2.0,2.0,2 days ago,PKR 62 Lakh,"Jinnah Gardens Phase 1, Jinnah Gardens",Islamabad,Zameen,6200000.0,Marla,980.1,False
https://www.zameen.com/Property/fechs_jinnah_gardens_7_marla_beautiful_new_bran_new_house_available_for_sale_in_jinnah_garden-54669563-1420-1.html,House,For Sale,7 Marla,6.0,7.0,2 days ago,PKR 3.45 Crore,"Jinnah Gardens, FECHS",Islamabad,Zameen,34500000.0,Marla,1905.75,False
https://www.zameen.com/Property/e_11_e-11_3_e11_3_npf_500syd_beautiful_house_for_investor-54684443-3238-1.html,House,For Sale,1 Kanal,7.0,6.0,2 days ago,PKR 12.25 Crore,"E-11/3, E-11",Islamabad,Zameen,122500000.0,Kanal,5445.0,False
https://www.zameen.com/Property/dha_defence_dha_defence_phase_2_luxury_house_brand_new_for_sale_at_reasonable_demand-52503565-339-1.html,House,For Sale,1 Kanal,6.0,6.0,7 hours ago,PKR 9.25 Crore,"DHA Defence Phase 2, DHA Defence",Islamabad,Zameen,92500000.0,Kanal,5445.0,False
https://www.zameen.com/Property/dha_defence_dha_defence_phase_2_spanish_designer_house_for_sale-52510378-339-1.html,House,For Sale,1 Kanal,6.0,6.0,7 hours ago,PKR 9.5 Crore,"DHA Defence Phase 2, DHA Defence",Islamabad,Zameen,95000000.0,Kanal,5445.0,False
https://www.zameen.com/Property/bahria_enclave_bahria_enclave_-_sector_c1_10_marla_brand_new_owner_built_house_available_for_sale_just_1_mint_drive_from_the_main_gate-53418971-11987-1.html,House,For Sale,10 Marla,5.0,5.0,11 hours ago,PKR 5.6 Crore,"Bahria Enclave - Sector C1, Bahria Enclave",Islamabad,Zameen,56000000.0,Marla,2722.5,False
https://www.zameen.com/Property/bahria_town_bahria_enclave_5_marla_beautiful_design_house_available_for_sale_most_populated_sector_in_bahria_enclave_islamabad-53430892-1705-1.html,House,For Sale,5 Marla,3.0,5.0,11 hours ago,PKR 2.75 Crore,"Bahria Enclave, Bahria Town",Islamabad,Zameen,27500000.0,Marla,1361.25,False
https://www.zameen.com/Property/bahria_enclave_bahria_enclave_-_sector_c_1_kanal_designer_brand_new_house_available_for_sale_just_30_second_drive_from_the_main_gate-53557667-11973-1.html,House,For Sale,1 Kanal,5.0,6.0,11 hours ago,PKR 12.5 Crore,"Bahria Enclave - Sector C, Bahria Enclave",Islamabad,Zameen,125000000.0,Kanal,5445.0,False
https://www.zameen.com/Property/bahria_town_bahria_enclave_8_marla_beautiful_house_available_for_sale_most_populated_sector-53431171-1705-1.html,House,For Sale,8 Marla,5.0,5.0,11 hours ago,PKR 3.85 Crore,"Bahria Enclave, Bahria Town",Islamabad,Zameen,38500000.0,Marla,2178.0,False
https://www.zameen.com/Property/bahria_enclave_bahria_enclave_-_sector_m_10_marla_most_beautiful_house_is_available_for_sale_most_populated_sector_in_bahria_enclave_islamabad-53759162-11977-1.html,House,For Sale,10 Marla,5.0,6.0,11 hours ago,PKR 4.65 Crore,"Bahria Enclave - Sector M, Bahria Enclave",Islamabad,Zameen,46500000.0,Marla,2722.5,False
https://www.zameen.com/Property/islamabad_bani_gala_9_marla_corner_double_story_house_for_sale_bani_gala_bank_financing_available-54691056-340-1.html,House,For Sale,9 Marla,5.0,5.0,7 hours ago,PKR 4 Crore,"Bani Gala, Islamabad",Islamabad,Zameen,40000000.0,Marla,2450.25,False
https://www.zameen.com/Property/dha_defence_dha_defence_phase_2_ultra_modern_designer_house_fully_furnished_with_solar_with_pool_for_sale-52503172-339-1.html,House,For Sale,1 Kanal,5.0,6.0,7 hours ago,PKR 11.5 Crore,"DHA Defence Phase 2, DHA Defence",Islamabad,Zameen,115000000.0,Kanal,5445.0,False
https://www.zameen.com/Property/dha_defence_dha_defence_phase_2_most_beautiful_designer_40_marla_house_for_sale-52503202-339-1.html,House,For Sale,2 Kanal,6.0,6.0,7 hours ago,PKR 16.5 Crore,"DHA Defence Phase 2, DHA Defence",Islamabad,Zameen,165000000.0,Kanal,10890.0,False
https://www.zameen.com/Property/dha_defence_dha_defence_phase_2_luxury_designer_house_for_sale_near_family_park-52503543-339-1.html,House,For Sale,1 Kanal,5.0,6.0,7 hours ago,PKR 10.9 Crore,"DHA Defence Phase 2, DHA Defence",Islamabad,Zameen,109000000.0,Kanal,5445.0,False
https://www.zameen.com/Property/dha_defence_dha_defence_phase_2_slightly_used_designer_house_for_sale-52503550-339-1.html,House,For Sale,1 Kanal,5.0,6.0,7 hours ago,PKR 9.4 Crore,"DHA Defence Phase 2, DHA Defence",Islamabad,Zameen,94000000.0,Kanal,5445.0,False
https://www.zameen.com/Property/dha_defence_dha_defence_phase_2_designer_house_for_sale_near_jacranda_club-52503570-339-1.html,House,For Sale,1 Kanal,5.0,6.0,7 hours ago,PKR 9.8 Crore,"DHA Defence Phase 2, DHA Defence",Islamabad,Zameen,98000000.0,Kanal,5445.0,False
https://www.zameen.com/Property/dha_defence_dha_defence_phase_2_modern_design_house_near_to_central_park_for_sale-52503576-339-1.html,House,For Sale,1 Kanal,5.0,6.0,7 hours ago,PKR 10.9 Crore,"DHA Defence Phase 2, DHA Defence",Islamabad,Zameen,109000000.0,Kanal,5445.0,False
https://www.zameen.com/Property/dha_defence_dha_defence_phase_2_attractive_20_marla_designer_house_for_sale-52503588-339-1.html,House,For Sale,1 Kanal,5.0,6.0,7 hours ago,PKR 10.8 Crore,"DHA Defence Phase 2, DHA Defence",Islamabad,Zameen,108000000.0,Kanal,5445.0,False
https://www.zameen.com/Property/b_17_faisal_margalla_city_brand_new_5_marla_double_unit_house_for_sale_faisal_margalla_city_islamabad-54424564-13424-1.html,House,For Sale,5 Marla,4.0,6.0,4 days ago,PKR 2.95 Crore,"Faisal Margalla City, B-17",Islamabad,Zameen,29500000.0,Marla,1361.25,False
https://www.zameen.com/Property/bahria_enclave_bahria_enclave_-_sector_n_sector_n_5_marla_brand_new_designer_house_excellent_construction_quality_sun_facing_house_available_for_sale_on_one_year_easy_installment_plan-54613547-11975-1.html,House,For Sale,5 Marla,3.0,4.0,4 days ago,PKR 3 Crore,"Bahria Enclave - Sector N, Bahria Enclave",Islamabad,Zameen,30000000.0,Marla,1361.25,False
https://www.zameen.com/Property/islamabad_f-7_brand_new_luxury_residence_with_pool_sauna_jacuzzi-54626860-165-1.html,Other,For Sale,1.3 Kanal,6.0,7.0,4 days ago,PKR 60 Crore,"F-7, Islamabad",Islamabad,Zameen,600000000.0,Kanal,7078.5,False
https://www.zameen.com/Property/islamabad_f-7_1000_sqyd_like-new_house_for_sale_in_f-7_islamabad-54647855-165-1.html,House,For Sale,2 Kanal,11.0,7.0,4 days ago,PKR 69 Crore,"F-7, Islamabad",Islamabad,Zameen,690000000.0,Kanal,10890.0,False
https://www.zameen.com/Property/islamabad_f-7_three_sides_corner_666_square_yards_house-54500669-165-1.html,House,For Sale,1.3 Kanal,9.0,7.0,4 days ago,PKR 40 Crore,"F-7, Islamabad",Islamabad,Zameen,400000000.0,Kanal,7078.5,False
https://www.zameen.com/Property/dha_defence_phase_5_dha_phase_5_-_sector_b_10_marla_full_house_available_for_sale_in_dha_ph_5_islamabad-54649092-8401-1.html,House,For Sale,10 Marla,5.0,6.0,2 days ago,PKR 5.8 Crore,"DHA Phase 5 - Sector B, DHA Defence Phase 5",Islamabad,Zameen,58000000.0,Marla,2722.5,False
https://www.zameen.com/Property/dha_defence_dha_defence_phase_2_1_kanal_full_house_available_for_sale_in_dha_phase_2_islamabad_sector_a_b_c_h_f-54344437-339-1.html,House,For Sale,1 Kanal,6.0,6.0,2 days ago,PKR 10 Crore,"DHA Defence Phase 2, DHA Defence",Islamabad,Zameen,100000000.0,Kanal,5445.0,False
https://www.zameen.com/Property/islamabad_naval_anchorage_1_kanal_house_designer_house-54431806-375-1.html,House,For Sale,1 Kanal,6.0,6.0,2 days ago,PKR 8.8 Crore,"Naval Anchorage, Islamabad",Islamabad,Zameen,88000000.0,Kanal,5445.0,False
https://www.zameen.com/Property/g_14_g-14_4_g_14_4_size_35x70_10_marla_brand_new_house_for_sale_beautiful_location-54363668-3346-1.html,House,For Sale,10 Marla,6.0,6.0,2 days ago,PKR 10 Crore,"G-14/4, G-14",Islamabad,Zameen,100000000.0,Marla,2722.5,False
https://www.zameen.com/Property/dha_defence_phase_2_dha_phase_2_-_sector_e_1_kanal_double_unit_house_for_sale_in_dha_phase_2_islamabad-54586875-3200-1.html,House,For Sale,1 Kanal,7.0,6.0,7 hours ago,PKR 13.9 Crore,"DHA Phase 2 - Sector E, DHA Defence Phase 2",Islamabad,Zameen,139000000.0,Kanal,5445.0,False
https://www.zameen.com/Property/dha_defence_dha_defence_phase_2_dha_2_one_kanal_brand_new_luxurious_designer_house_with_swimming_pool-53157757-339-1.html,House,For Sale,1 Kanal,6.0,6.0,8 hours ago,PKR 10.9 Crore,"DHA Defence Phase 2, DHA Defence",Islamabad,Zameen,109000000.0,Kanal,5445.0,False
https://www.zameen.com/Property/bahria_enclave_bahria_enclave_-_sector_h_5_marla_brand_new_house_available_for_sale_near_to_main_entrance_hospital_mosque_school_park-54417661-11983-1.html,House,For Sale,5 Marla,3.0,5.0,11 hours ago,PKR 2.75 Crore,"Bahria Enclave - Sector H, Bahria Enclave",Islamabad,Zameen,27500000.0,Marla,1361.25,False
https://www.zameen.com/Property/bahria_enclave_bahria_enclave_-_sector_h_5_marla_modern_design_brand_new_house_available_for_sale_most_populated_sector_in_bahria_enclave_islamabad-53838994-11983-1.html,House,For Sale,5 Marla,3.0,5.0,11 hours ago,PKR 3.1 Crore,"Bahria Enclave - Sector H, Bahria Enclave",Islamabad,Zameen,31000000.0,Marla,1361.25,False
https://www.zameen.com/Property/bahria_enclave_bahria_enclave_-_sector_c1_10_marla_park_facing_brand_new_designer_house_available_for_sale_just_2_mnt_drive_from_the_main_gate-54417717-11987-1.html,House,For Sale,10 Marla,5.0,6.0,11 hours ago,PKR 5.95 Crore,"Bahria Enclave - Sector C1, Bahria Enclave",Islamabad,Zameen,59500000.0,Marla,2722.5,False
https://www.zameen.com/Property/bahria_enclave_bahria_enclave_-_sector_c2_non_furnished_park_facing_beautiful_house_available_for_sale_just_1_mnt_drive_from_the_main_gate-54424755-11988-1.html,House,For Sale,10 Marla,5.0,6.0,11 hours ago,PKR 5.5 Crore,"Bahria Enclave - Sector C2, Bahria Enclave",Islamabad,Zameen,55000000.0,Marla,2722.5,False
https://www.zameen.com/Property/bahria_enclave_bahria_enclave_-_sector_j_10_marla_beautiful_house_available_for_sale_back_open_house_with_green_land-54425704-11981-1.html,House,For Sale,10 Marla,5.0,6.0,11 hours ago,PKR 5 Crore,"Bahria Enclave - Sector J, Bahria Enclave",Islamabad,Zameen,50000000.0,Marla,2722.5,False
https://www.zameen.com/Property/f_10_sukh_chayn_residence_investor_price_apartment_available_for_urgent_sale_brand_new_3_bed_apartment_available_for_sale_in_the_heart_of_islamabad_all_facilities_available-52465161-13589-1.html,Apartment,For Sale,9 Marla,3.0,3.0,7 hours ago,PKR 8.25 Crore,"Sukh Chayn Residence, F-10",Islamabad,Zameen,82500000.0,Marla,2450.25,False
https://www.zameen.com/Property/f_10_sukh_chayn_residence_brand_new_3_bed_apartment_available_for_sale_in_the_heart_of_islamabad_all_facilities_available-53210408-13589-1.html,Apartment,For Sale,8.7 Marla,3.0,3.0,7 hours ago,PKR 7.98 Crore,"Sukh Chayn Residence, F-10",Islamabad,Zameen,79800000.0,Marla,2368.575,False
https://www.zameen.com/Property/islamabad_f-7_4_kanal_2000_sq_yard_house_available_for_sale-54043676-165-1.html,House,For Sale,4 Kanal,7.0,6.0,7 hours ago,PKR 1.75 Arab,"F-7, Islamabad",Islamabad,Zameen,1750000000.0,Kanal,21780.0,False
https://www.zameen.com/Property/f_10_4_garden_residence_looking_for_a_flat_in_islamabad-53680981-22194-1.html,Apartment,For Sale,7.1 Marla,2.0,2.0,7 hours ago,PKR 10.5 Crore,"Garden Residence, F-10/4",Islamabad,Zameen,105000000.0,Marla,1932.975,False
https://www.zameen.com/Property/blue_area_citadel_7_looking_for_a_flat_in_citadel_7_islamabad-53714638-19542-1.html,Apartment,For Sale,3 Marla,2.0,2.0,7 hours ago,PKR 7.4 Crore,"Citadel 7, Blue Area",Islamabad,Zameen,74000000.0,Marla,816.75,False
https://www.zameen.com/Property/islamabad_new_blue_area_ready_to_buy_a_flat_in_new_blue_area_new_blue_area-53867758-16810-1.html,Apartment,For Sale,3.9 Marla,2.0,2.0,7 hours ago,PKR 8.75 Crore,"New Blue Area, Islamabad",Islamabad,Zameen,87500000.0,Marla,1061.775,False
https://www.zameen.com/Property/f_10_sukh_chayn_residence_one_bed_margalla_view_apartment_available_for_sale_in_sukh_chayn_residence-54248140-13589-1.html,Apartment,For Sale,3.8 Marla,1.0,2.0,7 hours ago,PKR 5.75 Crore,"Sukh Chayn Residence, F-10",Islamabad,Zameen,57500000.0,Marla,1034.55,False
https://www.zameen.com/Property/g_11_g-11_3_700_square_feet_apartment_available_for_sale_in_g_11_3_new_pha_isb-53988968-3332-1.html,Apartment,For Sale,3.1 Marla,2.0,2.0,8 hours ago,PKR 1.7 Crore,"G-11/3, G-11",Islamabad,Zameen,17000000.0,Marla,843.975,False
https://www.zameen.com/Property/bahria_town_rawalpindi_bahria_town_phase_2_brand_new_designer_house_for_sale_bharia_town_phase_2-54533309-3035-1.html,House,For Sale,10 Marla,5.0,6.0,12 hours ago,PKR 5.95 Crore,"Bahria Town Phase 2, Bahria Town Rawalpindi",Rawalpindi,Zameen,59500000.0,Marla,2722.5,False
https://www.zameen.com/Property/bahria_town_rawalpindi_bahria_town_phase_4_10_marla_double_unit_house_for_sale_bahria_town_phase_4-54620773-3041-1.html,House,For Sale,10 Marla,5.0,6.0,22 hours ago,PKR 4.5 Crore,"Bahria Town Phase 4, Bahria Town Rawalpindi",Rawalpindi,Zameen,45000000.0,Marla,2722.5,False
https://www.zameen.com/Property/bahria_town_phase_8_bahria_town_phase_8_-_block_p_32_marla_corner_luxury_house_for_sale-54687888-3065-1.html,House,For Sale,1.6 Kanal,5.0,6.0,1 day ago,PKR 11 Crore,"Bahria Town Phase 8 - Block P, Bahria Town Phase 8",Rawalpindi,Zameen,110000000.0,Kanal,8712.0,False
https://www.zameen.com/Property/bahria_greens_overseas_enclave_bahria_greens_-_overseas_enclave_-_sector_2_luxurious_10_marla_house_with_5_marla_extra_land-53181419-8301-1.html,House,For Sale,10 Marla,5.0,6.0,1 day ago,PKR 4.9 Crore,"Bahria Greens - Overseas Enclave - Sector 2, Bahria Greens - Overseas Enclave",Rawalpindi,Zameen,49000000.0,Marla,2722.5,False
https://www.zameen.com/Property/bahria_town_phase_8_bahria_town_phase_8_-_safari_valley_investor_price_7_marla_house_with_sui_gas_registry-54664384-3074-1.html,House,For Sale,7 Marla,4.0,5.0,1 day ago,PKR 2.35 Crore,"Bahria Town Phase 8 - Safari Valley, Bahria Town Phase 8",Rawalpindi,Zameen,23500000.0,Marla,1905.75,False
https://www.zameen.com/Property/bahria_town_phase_8_bahria_town_phase_8_-_block_d_26_marla_luxury_house_with_swimming_pool_phase_8-53092417-3052-1.html,House,For Sale,1.3 Kanal,7.0,5.0,4 hours ago,PKR 8.95 Crore,"Bahria Town Phase 8 - Block D, Bahria Town Phase 8",Rawalpindi,Zameen,89500000.0,Kanal,7078.5,False
https://www.zameen.com/Property/bahria_town_phase_8_safari_valley_bahria_town_phase_8_-_ali_block_highly-desirable_corner_5_5_marla_house_available_in_bahria_town_phase_8_-_ali_block-54659818-3070-1.html,House,For Sale,5.5 Marla,4.0,5.0,4 hours ago,PKR 2.5 Crore,"Bahria Town Phase 8 - Ali Block, Bahria Town Phase 8 - Safari Valley",Rawalpindi,Zameen,25000000.0,Marla,1497.375,False
https://www.zameen.com/Property/bahria_town_rawalpindi_bahria_town_phase_6_1_bedroom_fully_furnished_apartment_for_sale_in_bahria_town_phase_6_rawalpindi-54685634-3046-1.html,Room,For Sale,3.1 Marla,1.0,1.0,13 hours ago,PKR 65 Lakh,"Bahria Town Phase 6, Bahria Town Rawalpindi",Rawalpindi,Zameen,6500000.0,Marla,843.975,False
https://www.zameen.com/Property/bahria_town_rawalpindi_bahria_intellectual_village_brand_new_fully_furnished_house_for_sale-54689135-8256-1.html,House,For Sale,1.2 Kanal,5.0,6.0,14 hours ago,PKR 22.75 Crore,"Bahria Intellectual Village, Bahria Town Rawalpindi",Rawalpindi,Zameen,227500000.0,Kanal,6534.0,False
https://www.zameen.com/Property/bahria_town_phase_8_bahria_town_phase_8_-_safari_homes_5_marla_single-story_house_for_sale_safari_homes_bahria_town_phase_8-54605644-10610-1.html,House,For Sale,5 Marla,2.0,1.0,17 hours ago,PKR 1.3 Crore,"Bahria Town Phase 8 - Safari Homes, Bahria Town Phase 8",Rawalpindi,Zameen,13000000.0,Marla,1361.25,False
https://www.zameen.com/Property/gulshan_abad_gulshan_abad_sector_3_10_marla_single_story_brand_new_house_available_for_sale-54442080-14741-1.html,House,For Sale,10 Marla,3.0,4.0,28 minutes ago,PKR 2.25 Crore,"Gulshan Abad Sector 3, Gulshan Abad",Rawalpindi,Zameen,22500000.0,Marla,2722.5,False
https://www.zameen.com/Property/rawalpindi_gulshan_abad_7_marla_brand_new_double_story_house_available_for_sale-54583475-1058-1.html,House,For Sale,7 Marla,6.0,6.0,29 minutes ago,PKR 2.6 Crore,"Gulshan Abad, Rawalpindi",Rawalpindi,Zameen,26000000.0,Marla,1905.75,False
https://www.zameen.com/Property/rawalpindi_askari_14_3_bed_apartment_for_sale_in_askari_14_sector_d_-_excellent_condition-54692384-1504-1.html,Apartment,For Sale,11.1 Marla,3.0,3.0,3 hours ago,PKR 3.55 Crore,"Askari 14, Rawalpindi",Rawalpindi,Zameen,35500000.0,Marla,3021.975,False
https://www.zameen.com/Property/bahria_town_phase_8_bahria_town_phase_8_-_sector_e-1_beautiful_6_marla_house_phase_8-54374168-8360-1.html,House,For Sale,6 Marla,4.0,5.0,4 hours ago,PKR 2.75 Crore,"Bahria Town Phase 8 - Sector E-1, Bahria Town Phase 8",Rawalpindi,Zameen,27500000.0,Marla,1633.5,False
https://www.zameen.com/Property/bahria_town_phase_8_bahria_town_phase_8_-_rafi_block_5_marla_house_rafi_block_phase_8-54487386-3071-1.html,House,For Sale,5 Marla,3.0,4.0,4 hours ago,PKR 1.9 Crore,"Bahria Town Phase 8 - Rafi Block, Bahria Town Phase 8",Rawalpindi,Zameen,19000000.0,Marla,1361.25,False
https://www.zameen.com/Property/rawalpindi_chakri_road_near_dha_40_kanals_farm_house_near_dha-52247703-467-1.html,Farm House,For Sale,40 Kanal,5.0,3.0,4 hours ago,PKR 4 Crore,"Chakri Road, Rawalpindi",Rawalpindi,Zameen,40000000.0,Kanal,217800.0,False
https://www.zameen.com/Property/bahria_town_rawalpindi_bahria_town_phase_8_awami_villa_2_bedroom_ground_floor-54632244-3048-1.html,Room,For Sale,3.5 Marla,2.0,1.0,4 hours ago,PKR 82 Lakh,"Bahria Town Phase 8, Bahria Town Rawalpindi",Rawalpindi,Zameen,8200000.0,Marla,952.875,False
https://www.zameen.com/Property/rawalpindi_capital_smart_city_villa_appartment_5_m_capital_smart_city-53676425-11891-1.html,Villa,For Sale,5 Marla,3.0,1.0,59 minutes ago,PKR 65 Lakh,"Capital Smart City, Rawalpindi",Rawalpindi,Zameen,6500000.0,Marla,1361.25,False
https://www.zameen.com/Property/rawalpindi_askari_14_2_bed_apartment_for_sale_in_askari_14_rawalpindi-54692519-1504-1.html,Apartment,For Sale,8 Marla,2.0,2.0,2 hours ago,PKR 2.7 Crore,"Askari 14, Rawalpindi",Rawalpindi,Zameen,27000000.0,Marla,2178.0,False
https://www.zameen.com/Property/rawalpindi_khayaban-e-sir_syed_double_storey_house_for_sale_location_khayaban-e-sir-52937001-587-1.html,House,For Sale,4.8 Marla,4.0,4.0,3 hours ago,PKR 2.15 Crore,"Khayaban-e-Sir Syed, Rawalpindi",Rawalpindi,Zameen,21500000.0,Marla,1306.8,False
https://www.zameen.com/Property/bahria_town_rawalpindi_bahria_heights_1_one_bed_fully_luxury_furnished_apartment_available_for_sale_in_bahria_town_rawalpindi-54692366-12199-1.html,Apartment,For Sale,4.5 Marla,1.0,1.0,3 hours ago,PKR 2 Crore,"Bahria Heights 1, Bahria Town Rawalpindi",Rawalpindi,Zameen,20000000.0,Marla,1225.125,False
https://www.zameen.com/Property/bahria_town_rawalpindi_bahria_town_phase_7_two_bed_furnished_apartment_for_sale-54071943-3047-1.html,Apartment,For Sale,3.9 Marla,2.0,2.0,3 hours ago,PKR 88 Lakh,"Bahria Town Phase 7, Bahria Town Rawalpindi",Rawalpindi,Zameen,8800000.0,Marla,1061.775,False
https://www.zameen.com/Property/bahria_town_phase_4_bahria_town_-_civic_centre_furnished_apartment_for_sale-53043847-8974-1.html,Apartment,For Sale,2.3 Marla,1.0,1.0,3 hours ago,PKR 70 Lakh,"Bahria Town - Civic Centre, Bahria Town Phase 4",Rawalpindi,Zameen,7000000.0,Marla,626.175,False
https://www.zameen.com/Property/rawalpindi_satellite_town_house_in_satellite_town_rwp-54635966-433-1.html,House,For Sale,7 Marla,6.0,6.0,3 hours ago,PKR 5.5 Crore,"Satellite Town, Rawalpindi",Rawalpindi,Zameen,55000000.0,Marla,1905.75,False
https://www.zameen.com/Property/bahria_town_rawalpindi_bahria_town_phase_7_10_marla_beautiful_new_designer_house_available_for_sale-54603898-3047-1.html,House,For Sale,10 Marla,5.0,6.0,3 hours ago,PKR 4.35 Crore,"Bahria Town Phase 7, Bahria Town Rawalpindi",Rawalpindi,Zameen,43500000.0,Marla,2722.5,False
https://www.zameen.com/Property/bahria_town_phase_8_bahria_town_phase_8_-_block_c_elegant_10_marla_house_for_sale_in_phase_8-54523290-3051-1.html,House,For Sale,10 Marla,5.0,6.0,1 day ago,PKR 3.95 Crore,"Bahria Town Phase 8 - Block C, Bahria Town Phase 8",Rawalpindi,Zameen,39500000.0,Marla,2722.5,False
https://www.zameen.com/Property/bahria_town_phase_8_bahria_town_phase_8_-_block_c_elegant_14_marla_house_with_3_marla_extra_land-53795278-3051-1.html,House,For Sale,17 Marla,5.0,6.0,1 day ago,PKR 5.25 Crore,"Bahria Town Phase 8 - Block C, Bahria Town Phase 8",Rawalpindi,Zameen,52500000.0,Marla,4628.25,False
https://www.zameen.com/Property/bahria_town_phase_8_bahria_town_phase_8_-_sector_f-1_very_low_price_10_marla_owner-built_house_for_sale_bahria_town_phase_8_rawalpindi-54553221-3095-1.html,House,For Sale,10 Marla,5.0,6.0,2 days ago,PKR 4.1 Crore,"Bahria Town Phase 8 - Sector F-1, Bahria Town Phase 8",Rawalpindi,Zameen,41000000.0,Marla,2722.5,False
https://www.zameen.com/Property/bahria_greens_overseas_enclave_bahria_greens_-_overseas_enclave_-_sector_5_10_marla_double_unit_overseas_5_double-heighted_tv_lounge-52456241-8304-1.html,Other,For Sale,10 Marla,5.0,5.0,2 days ago,PKR 5.75 Crore,"Bahria Greens - Overseas Enclave - Sector 5, Bahria Greens - Overseas Enclave",Rawalpindi,Zameen,57500000.0,Marla,2722.5,False
https://www.zameen.com/Property/bahria_town_phase_8_bahria_town_phase_8_-_block_a_23_marla_house_a_block_bahria_town_rawalpindi-53831766-3049-1.html,House,For Sale,1.2 Kanal,5.0,6.0,2 days ago,PKR 9.65 Crore,"Bahria Town Phase 8 - Block A, Bahria Town Phase 8",Rawalpindi,Zameen,96500000.0,Kanal,6534.0,False
https://www.zameen.com/Property/bahria_town_phase_4_bahria_town_-_civic_centre_two_bed_apartment_sale_front_view-54396394-8974-1.html,Apartment,For Sale,4.4 Marla,2.0,2.0,18 hours ago,PKR 65 Lakh,"Bahria Town - Civic Centre, Bahria Town Phase 4",Rawalpindi,Zameen,6500000.0,Marla,1197.9,False
https://www.zameen.com/Property/bahria_town_phase_4_bahria_town_-_civic_centre_fully_furnished_one_bedroom_apartment_available_for_sale-53963472-8974-1.html,Room,For Sale,3.1 Marla,1.0,1.0,1 day ago,PKR 80 Lakh,"Bahria Town - Civic Centre, Bahria Town Phase 4",Rawalpindi,Zameen,8000000.0,Marla,843.975,False
https://www.zameen.com/Property/bahria_town_phase_4_bahria_town_-_civic_centre_apartment_available_for_sale-54627216-8974-1.html,Apartment,For Sale,3.5 Marla,1.0,1.0,1 day ago,PKR 95 Lakh,"Bahria Town - Civic Centre, Bahria Town Phase 4",Rawalpindi,Zameen,9500000.0,Marla,952.875,False
https://www.zameen.com/Property/bahria_town_phase_4_bahria_town_-_civic_centre_one_bedroom_unfurnished_apartment_available_for_sale-54634929-8974-1.html,Room,For Sale,3.1 Marla,1.0,1.0,1 day ago,PKR 55 Lakh,"Bahria Town - Civic Centre, Bahria Town Phase 4",Rawalpindi,Zameen,5500000.0,Marla,843.975,False
https://www.zameen.com/Property/bahria_town_phase_4_bahria_town_-_civic_centre_bahria_town_phase_civic_center_1_bed_apartment_for_sale-54665211-8974-1.html,Apartment,For Sale,2.3 Marla,1.0,1.0,1 day ago,PKR 50 Lakh,"Bahria Town - Civic Centre, Bahria Town Phase 4",Rawalpindi,Zameen,5000000.0,Marla,626.175,False
https://www.zameen.com/Property/rawalpindi_gulshan_abad_7_marla_1_5_story_house_available_for_sale-54604237-1058-1.html,House,For Sale,7 Marla,3.0,4.0,29 minutes ago,PKR 1.98 Crore,"Gulshan Abad, Rawalpindi",Rawalpindi,Zameen,19800000.0,Marla,1905.75,False
https://www.zameen.com/Property/adiala_road_snober_city_6_marla_brand_new_house_available_for_sale-54614152-11748-1.html,House,For Sale,6 Marla,3.0,4.0,29 minutes ago,PKR 1.5 Crore,"Snober City, Adiala Road",Rawalpindi,Zameen,15000000.0,Marla,1633.5,False
https://www.zameen.com/Property/rawalpindi_chakri_road_04_kanals_farm_house_for_sale-54128666-467-1.html,Farm House,For Sale,4 Kanal,2.0,2.0,4 hours ago,PKR 1.2 Crore,"Chakri Road, Rawalpindi",Rawalpindi,Zameen,12000000.0,Kanal,21780.0,False
https://www.zameen.com/Property/rawalpindi_chakri_road_15_kanals_farm_house_on_chakri_road-54128684-467-1.html,Farm House,For Sale,15 Kanal,4.0,3.0,4 hours ago,PKR 2.5 Crore,"Chakri Road, Rawalpindi",Rawalpindi,Zameen,25000000.0,Kanal,81675.0,False
https://www.zameen.com/Property/bahria_town_phase_4_bahria_town_-_civic_centre_one_bedroom_furnish_apartment_available_for_sale-54621284-8974-1.html,Room,For Sale,3.4 Marla,1.0,1.0,7 hours ago,PKR 1.15 Crore,"Bahria Town - Civic Centre, Bahria Town Phase 4",Rawalpindi,Zameen,11500000.0,Marla,925.65,False
https://www.zameen.com/Property/rawalpindi_chandni_chowk_a_flat_of_600_square_feet-53755735-439-1.html,Apartment,For Sale,2.7 Marla,2.0,2.0,8 hours ago,PKR 1.32 Crore,"Chandni Chowk, Rawalpindi",Rawalpindi,Zameen,13200000.0,Marla,735.075,False
https://www.zameen.com/Property/rawalpindi_new_lalazar_double_storey_house_for_sale_caltax_road_near_askria_14_gate_1-54491308-8336-1.html,House,For Sale,5 Marla,4.0,6.0,9 hours ago,PKR 2.48 Crore,"New Lalazar, Rawalpindi",Rawalpindi,Zameen,24800000.0,Marla,1361.25,False
https://www.zameen.com/Property/westridge_westridge_1_westridge_1_house_for_sale-53781977-6053-1.html,House,For Sale,1.2 Kanal,5.0,6.0,4 hours ago,PKR 7.15 Crore,"Westridge 1, Westridge",Rawalpindi,Zameen,71500000.0,Kanal,6534.0,False
https://www.zameen.com/Property/bahria_town_rawalpindi_bahria_town_phase_8_11_marla_proper_double_unit_house_for_sale_in_bahria_town_phase_8_block_f-1_demand_3_40_crore-54504120-3048-1.html,House,For Sale,11 Marla,4.0,4.0,7 hours ago,PKR 3.4 Crore,"Bahria Town Phase 8, Bahria Town Rawalpindi",Rawalpindi,Zameen,34000000.0,Marla,2994.75,False
https://www.zameen.com/Property/bahria_town_rawalpindi_bahria_town_phase_8_10_marla_new_house_for_sale_with_soler_bahria_town_rawalpindi_phase_8-54425305-3048-1.html,House,For Sale,10 Marla,5.0,6.0,8 hours ago,PKR 4.2 Crore,"Bahria Town Phase 8, Bahria Town Rawalpindi",Rawalpindi,Zameen,42000000.0,Marla,2722.5,False
https://www.zameen.com/Property/bahria_town_rawalpindi_bahria_town_phase_8_5_marla_brand_new_luxury_designer_house_for_sale_bahria_town_phase_8_rawalpindi_prime_location-54441713-3048-1.html,House,For Sale,5 Marla,3.0,4.0,8 hours ago,PKR 2.46 Crore,"Bahria Town Phase 8, Bahria Town Rawalpindi",Rawalpindi,Zameen,24600000.0,Marla,1361.25,False
https://www.zameen.com/Property/bahria_town_phase_8_bahria_town_phase_8_-_block_p_32_marla_designer_house_for_sale-54419783-3065-1.html,House,For Sale,1.6 Kanal,7.0,6.0,8 hours ago,PKR 8.9 Crore,"Bahria Town Phase 8 - Block P, Bahria Town Phase 8",Rawalpindi,Zameen,89000000.0,Kanal,8712.0,False
https://www.zameen.com/Property/rawalpindi_adiala_road_5_marla_1_5_storey_house_for_sale_with_2_kitchen_main_adiala_road_nearly_punjab_servant_government_housing_society_adaiyala_road_rawalpindi-54445212-478-1.html,House,For Sale,5 Marla,3.0,4.0,8 hours ago,PKR 1.35 Crore,"Adiala Road, Rawalpindi",Rawalpindi,Zameen,13500000.0,Marla,1361.25,False
https://www.zameen.com/Property/rawalpindi_media_town_12_marla_brand_new_house_for_sale-53854783-8157-1.html,House,For Sale,12 Marla,6.0,6.0,9 hours ago,PKR 5.9 Crore,"Media Town, Rawalpindi",Rawalpindi,Zameen,59000000.0,Marla,3267.0,False
https://www.zameen.com/Property/rawalpindi_adiala_road_double_unit_house_for_sale_adyala_road_nhs-54477668-478-1.html,House,For Sale,3 Marla,3.0,3.0,9 hours ago,PKR 88 Lakh,"Adiala Road, Rawalpindi",Rawalpindi,Zameen,8800000.0,Marla,816.75,False
https://www.zameen.com/Property/bahria_greens_overseas_enclave_bahria_greens_-_overseas_enclave_-_sector_5_10_marla_double_unit_designer_house_overseas_5_street_11_bahria_town_rawalpindi-54175276-8304-1.html,House,For Sale,10 Marla,5.0,6.0,2 days ago,PKR 5.75 Crore,"Bahria Greens - Overseas Enclave - Sector 5, Bahria Greens - Overseas Enclave",Rawalpindi,Zameen,57500000.0,Marla,2722.5,False
https://www.zameen.com/Property/bahria_greens_overseas_enclave_bahria_greens_-_overseas_enclave_-_sector_5_luxury_designer_house_with_home_theatre_15_kva_solar-54463554-8304-1.html,House,For Sale,1 Kanal,5.0,6.0,2 days ago,PKR 12.5 Crore,"Bahria Greens - Overseas Enclave - Sector 5, Bahria Greens - Overseas Enclave",Rawalpindi,Zameen,125000000.0,Kanal,5445.0,False
https://www.zameen.com/Property/bahria_town_rawalpindi_bahria_town_phase_7_10_marla_designer_house_phase_7-54608708-3047-1.html,House,For Sale,10 Marla,5.0,6.0,2 days ago,PKR 5.4 Crore,"Bahria Town Phase 7, Bahria Town Rawalpindi",Rawalpindi,Zameen,54000000.0,Marla,2722.5,False
https://www.zameen.com/Property/bahria_town_phase_8_safari_valley_bahria_town_phase_8_-_usman_block_registry_available_7_marla_owner_built_slightly_used_house_for_sale_bahria_town_ph_8_usman_block-54685085-3068-1.html,House,For Sale,7 Marla,4.0,5.0,2 days ago,PKR 2.73 Crore,"Bahria Town Phase 8 - Usman Block, Bahria Town Phase 8 - Safari Valley",Rawalpindi,Zameen,27300000.0,Marla,1905.75,False
https://www.zameen.com/Property/bahria_town_phase_8_bahria_town_phase_8_-_safari_homes_5_marla_single_storey_safari_home_is_available_for_sale_in_bahria_town_phase_8_rawalpindi-54668641-10610-1.html,Other,For Sale,5 Marla,2.0,2.0,3 days ago,PKR 1.45 Crore,"Bahria Town Phase 8 - Safari Homes, Bahria Town Phase 8",Rawalpindi,Zameen,14500000.0,Marla,1361.25,False
https://www.zameen.com/Property/bahria_town_phase_4_bahria_town_-_civic_centre_bahria_town_civic_centre_1_bed_fully_furnish_apartment_for_sale-54677100-8974-1.html,Apartment,For Sale,3.3 Marla,1.0,1.0,1 day ago,PKR 80 Lakh,"Bahria Town - Civic Centre, Bahria Town Phase 4",Rawalpindi,Zameen,8000000.0,Marla,898.425,False
https://www.zameen.com/Property/bahria_greens_overseas_enclave_bahria_greens_-_overseas_enclave_-_sector_5_5_5_marla_house_with_3_marla_c_category_lawn-54144789-8304-1.html,House,For Sale,5.5 Marla,3.0,4.0,1 day ago,PKR 2.5 Crore,"Bahria Greens - Overseas Enclave - Sector 5, Bahria Greens - Overseas Enclave",Rawalpindi,Zameen,25000000.0,Marla,1497.375,False
https://www.zameen.com/Property/bahria_town_rawalpindi_bahria_heights_1_fully_furnished_one_bedroom_apartment_for_sale-53930692-12199-1.html,Room,For Sale,3.6 Marla,1.0,2.0,1 day ago,PKR 1.25 Crore,"Bahria Heights 1, Bahria Town Rawalpindi",Rawalpindi,Zameen,12500000.0,Marla,980.1,False
https://www.zameen.com/Property/media_town_media_town_-_block_c_main_double_road_house_for_sale_in_media_town_-_block_c-54671544-16392-1.html,House,For Sale,12.4 Marla,6.0,6.0,1 day ago,PKR 7 Crore,"Media Town - Block C, Media Town",Rawalpindi,Zameen,70000000.0,Marla,3375.9,False
https://www.zameen.com/Property/media_town_media_town_-_block_a_prime_location_sale_a_house_in_rawalpindi_prime_location-54671543-16390-1.html,House,For Sale,12.4 Marla,6.0,6.0,1 day ago,PKR 6.5 Crore,"Media Town - Block A, Media Town",Rawalpindi,Zameen,65000000.0,Marla,3375.9,False
https://www.zameen.com/Property/bahria_town_rawalpindi_bahria_town_phase_3_1_kanal_brand_new_luxury_designer_house_available_for_sale-54537221-3036-1.html,House,For Sale,1 Kanal,6.0,6.0,11 hours ago,PKR 9.15 Crore,"Bahria Town Phase 3, Bahria Town Rawalpindi",Rawalpindi,Zameen,91500000.0,Kanal,5445.0,False
https://www.zameen.com/Property/bahria_town_rawalpindi_bahria_town_phase_5_1_kanal_house_for_sale_in_bahria_town_rawalpindi-49763694-3045-1.html,House,For Sale,1 Kanal,8.0,6.0,12 hours ago,PKR 8 Crore,"Bahria Town Phase 5, Bahria Town Rawalpindi",Rawalpindi,Zameen,80000000.0,Kanal,5445.0,False
https://www.zameen.com/Property/bahria_town_phase_8_safari_valley_bahria_town_phase_8_-_usman_block_7_marla_designer_house_for_sale_bahria_town_phase_8-54690501-3068-1.html,House,For Sale,7 Marla,5.0,6.0,9 hours ago,PKR 2.9 Crore,"Bahria Town Phase 8 - Usman Block, Bahria Town Phase 8 - Safari Valley",Rawalpindi,Zameen,29000000.0,Marla,1905.75,False
https://www.zameen.com/Property/rawalpindi_airport_housing_society_house_in_airport_housing_society_rawalpindi-51092873-426-1.html,House,For Sale,6 Marla,4.0,5.0,9 hours ago,PKR 2.6 Crore,"Airport Housing Society, Rawalpindi",Rawalpindi,Zameen,26000000.0,Marla,1633.5,False
https://www.zameen.com/Property/rawalpindi_airport_housing_society_brand_new_house_for_sale-52810747-426-1.html,House,For Sale,6 Marla,4.0,5.0,10 hours ago,PKR 2.5 Crore,"Airport Housing Society, Rawalpindi",Rawalpindi,Zameen,25000000.0,Marla,1633.5,False
https://www.zameen.com/Property/rawalpindi_airport_housing_society_brand_new_house_for_sale-52953357-426-1.html,House,For Sale,6 Marla,4.0,4.0,10 hours ago,PKR 2.3 Crore,"Airport Housing Society, Rawalpindi",Rawalpindi,Zameen,23000000.0,Marla,1633.5,False
https://www.zameen.com/Property/rawalpindi_rail_view_housing_society_reserve_a_centrally_located_house_in_rail_view_housing_society-54364752-9012-1.html,House,For Sale,4 Marla,2.0,3.0,10 hours ago,PKR 1.15 Crore,"Rail View Housing Society, Rawalpindi",Rawalpindi,Zameen,11500000.0,Marla,1089.0,False
https://www.zameen.com/Property/rawalpindi_adiala_road_5_marla_house_for_sale_sakndar_town_dahok_kaloor-54624446-478-1.html,House,For Sale,5 Marla,2.0,3.0,9 hours ago,PKR 70 Lakh,"Adiala Road, Rawalpindi",Rawalpindi,Zameen,7000000.0,Marla,1361.25,False
https://www.zameen.com/Property/rawalpindi_defence_road_5_marla_double_storey_house_for_sale-54657844-8144-1.html,House,For Sale,5 Marla,4.0,4.0,9 hours ago,PKR 2 Crore,"Defence Road, Rawalpindi",Rawalpindi,Zameen,20000000.0,Marla,1361.25,False
https://www.zameen.com/Property/rawalpindi_airport_housing_society_a_house_of_5_marla_in_airport_housing_society-53719207-426-1.html,House,For Sale,5 Marla,3.0,4.0,9 hours ago,PKR 1.6 Crore,"Airport Housing Society, Rawalpindi",Rawalpindi,Zameen,16000000.0,Marla,1361.25,False
https://www.zameen.com/Property/airport_housing_society_airport_housing_society_-_sector_4_prominently-located_house_available_in_airport_housing_society_-_sector_4_for_sale-51742651-9155-1.html,House,For Sale,5 Marla,4.0,5.0,9 hours ago,PKR 2.3 Crore,"Airport Housing Society - Sector 4, Airport Housing Society",Rawalpindi,Zameen,23000000.0,Marla,1361.25,False
https://www.zameen.com/Property/rawalpindi_airport_housing_society_house_in_airport_housings_society_rawalpindi-52435632-426-1.html,House,For Sale,5 Marla,3.0,4.0,9 hours ago,PKR 1.65 Crore,"Airport Housing Society, Rawalpindi",Rawalpindi,Zameen,16500000.0,Marla,1361.25,False
https://www.zameen.com/Property/rawalpindi_airport_housing_society_owner_build_brand_new_house_for_sale-53098825-426-1.html,House,For Sale,8 Marla,6.0,6.0,10 hours ago,PKR 3.5 Crore,"Airport Housing Society, Rawalpindi",Rawalpindi,Zameen,35000000.0,Marla,2178.0,False
https://www.zameen.com/Property/rawalpindi_airport_housing_society_house_is_available_for_sale_in_airport_housing_society_rawalpindi-54281892-426-1.html,House,For Sale,6 Marla,4.0,5.0,10 hours ago,PKR 2.2 Crore,"Airport Housing Society, Rawalpindi",Rawalpindi,Zameen,22000000.0,Marla,1633.5,False
https://www.zameen.com/Property/rawalpindi_airport_housing_society_airport_housing_soicty_rawalpindi-54657170-426-1.html,Other,For Sale,5 Marla,3.0,4.0,10 hours ago,PKR 1.85 Crore,"Airport Housing Society, Rawalpindi",Rawalpindi,Zameen,18500000.0,Marla,1361.25,False
https://www.zameen.com/Property/rawalpindi_gulshan_abad_1_kanal_double_storey_double_unit_house_available_for_sale_in_gulshan_abad-49318909-1058-1.html,House,For Sale,1 Kanal,8.0,5.0,3 days ago,PKR 5.15 Crore,"Gulshan Abad, Rawalpindi",Rawalpindi,Zameen,51500000.0,Kanal,5445.0,False
https://www.zameen.com/Property/rawalpindi_gulshan_abad_10_marla_brand_new_house_available_for_sale-53941994-1058-1.html,House,For Sale,10 Marla,7.0,5.0,3 days ago,PKR 3.75 Crore,"Gulshan Abad, Rawalpindi",Rawalpindi,Zameen,37500000.0,Marla,2722.5,False
https://www.zameen.com/Property/gulshan_abad_gulshan_abad_sector_1_10_marla_brand_new_house_available_for_sale-54301229-14736-1.html,House,For Sale,10 Marla,9.0,5.0,3 days ago,PKR 4.15 Crore,"Gulshan Abad Sector 1, Gulshan Abad",Rawalpindi,Zameen,41500000.0,Marla,2722.5,False
https://www.zameen.com/Property/bahria_town_rawalpindi_bahria_town_phase_3_10_marla_house_for_sale-54494423-3036-1.html,House,For Sale,10 Marla,5.0,6.0,4 days ago,PKR 5.5 Crore,"Bahria Town Phase 3, Bahria Town Rawalpindi",Rawalpindi,Zameen,55000000.0,Marla,2722.5,False
https://www.zameen.com/Property/bahria_greens_overseas_enclave_bahria_greens_-_overseas_enclave_-_sector_3_12_marla_designer_house_with_solar-54173803-8302-1.html,House,For Sale,12 Marla,4.0,6.0,4 days ago,PKR 4.65 Crore,"Bahria Greens - Overseas Enclave - Sector 3, Bahria Greens - Overseas Enclave",Rawalpindi,Zameen,46500000.0,Marla,3267.0,False
https://www.zameen.com/Property/bahria_town_rawalpindi_bahria_heights_1_studio_apartment_is_available_for_sale_in_bahria_heights_1_phase_1-47195800-12199-1.html,Apartment,For Sale,2 Marla,2.0,1.0,1 day ago,PKR 72 Lakh,"Bahria Heights 1, Bahria Town Rawalpindi",Rawalpindi,Zameen,7200000.0,Marla,544.5,False
https://www.zameen.com/Property/bahria_town_rawalpindi_bahria_heights_brand_new_full_furnished_studio_apartment_for_sale_in_bahria_height_2_phase_4-51976928-8506-1.html,Apartment,For Sale,1.4 Marla,2.0,1.0,1 day ago,PKR 80 Lakh,"Bahria Heights, Bahria Town Rawalpindi",Rawalpindi,Zameen,8000000.0,Marla,381.15,False
https://www.zameen.com/Property/bahria_town_rawalpindi_bahria_heights_1_d_block_bahria_heights_1_lavish_furnished_1_bedroom_for_sale_available_bahria_heights_1_bahria_town_rawalpindi_punjab-53929418-12199-1.html,Room,For Sale,5.1 Marla,1.0,2.0,1 day ago,PKR 2.2 Crore,"Bahria Heights 1, Bahria Town Rawalpindi",Rawalpindi,Zameen,22000000.0,Marla,1388.475,False
https://www.zameen.com/Property/bahria_town_rawalpindi_bahria_town_phase_3_this_is_your_chance_to_buy_corner_house_in_rawalpindi-54069688-3036-1.html,House,For Sale,1.5 Kanal,6.0,5.0,1 day ago,PKR 14 Crore,"Bahria Town Phase 3, Bahria Town Rawalpindi",Rawalpindi,Zameen,140000000.0,Kanal,8167.5,False
https://www.zameen.com/Property/bahria_town_rawalpindi_bahria_town_phase_5_prime_location_10_marla_brand_new_house_for_sale_in_bahria_town_rawalpindi-54641570-3045-1.html,House,For Sale,10 Marla,5.0,6.0,1 day ago,PKR 6.5 Crore,"Bahria Town Phase 5, Bahria Town Rawalpindi",Rawalpindi,Zameen,65000000.0,Marla,2722.5,False
https://www.zameen.com/Property/bahria_town_rawalpindi_bahria_town_phase_4_brand_new_designer_house_for_sale_bharia_town_phase_4-54345001-3041-1.html,House,For Sale,10 Marla,5.0,6.0,12 hours ago,PKR 6.25 Crore,"Bahria Town Phase 4, Bahria Town Rawalpindi",Rawalpindi,Zameen,62500000.0,Marla,2722.5,False
https://www.zameen.com/Property/bahria_town_rawalpindi_bahria_town_phase_2_this_is_your_chance_to_buy_corner_house_in_bahria_town_phase_2_rawalpindi-47464268-3035-1.html,House,For Sale,1 Kanal,5.0,5.0,12 hours ago,PKR 10.5 Crore,"Bahria Town Phase 2, Bahria Town Rawalpindi",Rawalpindi,Zameen,105000000.0,Kanal,5445.0,False
https://www.zameen.com/Property/rawalpindi_airport_housing_society_airport_housing_soicty_rawalpindi-54667351-426-1.html,Other,For Sale,6 Marla,4.0,5.0,10 hours ago,PKR 2.4 Crore,"Airport Housing Society, Rawalpindi",Rawalpindi,Zameen,24000000.0,Marla,1633.5,False
https://www.zameen.com/Property/airport_housing_society_airport_housing_society_-_sector_4_prime_location_6_marla_house_is_available_for_sale-54672374-9155-1.html,House,For Sale,6 Marla,4.0,4.0,10 hours ago,PKR 2.6 Crore,"Airport Housing Society - Sector 4, Airport Housing Society",Rawalpindi,Zameen,26000000.0,Marla,1633.5,False
https://www.zameen.com/Property/airport_housing_society_airport_housing_society_-_sector_4_prime_location_5_marla_house_for_sale_in_airport_housing_society_-_sector_4_rawalpindi-54672439-9155-1.html,House,For Sale,5 Marla,3.0,4.0,10 hours ago,PKR 1.7 Crore,"Airport Housing Society - Sector 4, Airport Housing Society",Rawalpindi,Zameen,17000000.0,Marla,1361.25,False
https://www.zameen.com/Property/rawalpindi_airport_housing_society_6_marla_1_5_unit_house-54674494-426-1.html,House,For Sale,6 Marla,3.0,4.0,10 hours ago,PKR 1.85 Crore,"Airport Housing Society, Rawalpindi",Rawalpindi,Zameen,18500000.0,Marla,1633.5,False
https://www.zameen.com/Property/bahria_town_rawalpindi_bahria_town_phase_8_10_marla_farnish_house_for_sale-54573738-3048-1.html,House,For Sale,10 Marla,5.0,6.0,10 hours ago,PKR 5.5 Crore,"Bahria Town Phase 8, Bahria Town Rawalpindi",Rawalpindi,Zameen,55000000.0,Marla,2722.5,False
https://www.zameen.com/Property/rawalpindi_airport_housing_society_airport_housing_soicty_rwp-54657562-426-1.html,Other,For Sale,5 Marla,4.0,6.0,10 hours ago,PKR 2.25 Crore,"Airport Housing Society, Rawalpindi",Rawalpindi,Zameen,22500000.0,Marla,1361.25,False
https://www.zameen.com/Property/rawalpindi_airport_housing_society_5_marla_double_story_house_for_sale_airport_hosing_society_rawalpindi_very_good_location-54660958-426-1.html,House,For Sale,5 Marla,4.0,5.0,10 hours ago,PKR 2.2 Crore,"Airport Housing Society, Rawalpindi",Rawalpindi,Zameen,22000000.0,Marla,1361.25,False
https://www.zameen.com/Property/rawalpindi_gulshan_abad_prime_location_house_for_sale_in_clifton_town_gulshan_abad-54530736-1058-1.html,House,For Sale,5 Marla,3.0,3.0,10 hours ago,PKR 1.35 Crore,"Gulshan Abad, Rawalpindi",Rawalpindi,Zameen,13500000.0,Marla,1361.25,False
https://www.zameen.com/Property/adiala_road_snober_city_buy_a_prime_location_6_marla_house_for_sale_in_snober_city-54508522-11748-1.html,House,For Sale,6 Marla,3.0,3.0,10 hours ago,PKR 1.55 Crore,"Snober City, Adiala Road",Rawalpindi,Zameen,15500000.0,Marla,1633.5,False
https://www.zameen.com/Property/bahria_town_rawalpindi_bahria_town_phase_3_1_5_kanal_corner_extraordinary_villa_for_sale_in_bahroa_town_phase_3-54690401-3036-1.html,Villa,For Sale,1.5 Kanal,6.0,6.0,10 hours ago,PKR 13 Crore,"Bahria Town Phase 3, Bahria Town Rawalpindi",Rawalpindi,Zameen,130000000.0,Kanal,8167.5,False
https://www.zameen.com/Property/bahria_town_rawalpindi_bahria_town_phase_8_7_marla_brand_new_luxury_double_unit_house_5_beds_abu_bakar_block_bahria_town_phase_8-54690375-3048-1.html,House,For Sale,7 Marla,5.0,6.0,10 hours ago,PKR 3.2 Crore,"Bahria Town Phase 8, Bahria Town Rawalpindi",Rawalpindi,Zameen,32000000.0,Marla,1905.75,False
https://www.zameen.com/Property/bahria_town_rawalpindi_bahria_town_phase_6_nearest_to_park_masjid_house_for_sale_in_bahria_town_phase_6-48069186-3046-1.html,House,For Sale,10 Marla,5.0,6.0,10 hours ago,PKR 4.6 Crore,"Bahria Town Phase 6, Bahria Town Rawalpindi",Rawalpindi,Zameen,46000000.0,Marla,2722.5,False
https://www.zameen.com/Property/bahria_town_phase_8_safari_valley_bahria_town_phase_8_-_abu_bakar_block_house_for_sale-54638661-3069-1.html,House,For Sale,8 Marla,5.0,2.0,10 hours ago,PKR 3.3 Crore,"Bahria Town Phase 8 - Abu Bakar Block, Bahria Town Phase 8 - Safari Valley",Rawalpindi,Zameen,33000000.0,Marla,2178.0,False
https://www.zameen.com/Property/bahria_town_rawalpindi_bahria_town_phase_8_elegant_designer_house_heighted_location-54601639-3048-1.html,House,For Sale,10 Marla,5.0,6.0,4 days ago,PKR 5.1 Crore,"Bahria Town Phase 8, Bahria Town Rawalpindi",Rawalpindi,Zameen,51000000.0,Marla,2722.5,False
https://www.zameen.com/Property/bahria_greens_overseas_enclave_bahria_greens_-_overseas_enclave_-_sector_7_luxurious_modern_designer_house-54601668-8306-1.html,House,For Sale,10 Marla,5.0,6.0,4 days ago,PKR 6.1 Crore,"Bahria Greens - Overseas Enclave - Sector 7, Bahria Greens - Overseas Enclave",Rawalpindi,Zameen,61000000.0,Marla,2722.5,False
https://www.zameen.com/Property/bahria_town_phase_8_bahria_town_phase_8_-_block_e_10_marla_brand_new_corner_house_for_sale_bahria_town_phase_8_block_e_rawalpindi-54338785-3053-1.html,House,For Sale,10 Marla,5.0,6.0,6 days ago,PKR 3.8 Crore,"Bahria Town Phase 8 - Block E, Bahria Town Phase 8",Rawalpindi,Zameen,38000000.0,Marla,2722.5,False
https://www.zameen.com/Property/bahria_town_rawalpindi_bahria_town_phase_3_luxury_designer_house_for_sale_fully_furnished_6_bedrooms_basement_swimming_pool_media_room-54606253-3036-1.html,Room,For Sale,1 Kanal,6.0,6.0,6 days ago,PKR 25 Crore,"Bahria Town Phase 3, Bahria Town Rawalpindi",Rawalpindi,Zameen,250000000.0,Kanal,5445.0,False
https://www.zameen.com/Property/bahria_town_phase_8_bahria_town_phase_8_-_block_a_luxurious_corner_house_with_two-side_elevation-51914137-3049-1.html,House,For Sale,2 Kanal,5.0,6.0,6 days ago,PKR 16.5 Crore,"Bahria Town Phase 8 - Block A, Bahria Town Phase 8",Rawalpindi,Zameen,165000000.0,Kanal,10890.0,False
https://www.zameen.com/Property/bahria_town_phase_8_bahria_town_phase_8_-_block_l_9_bedroom_brand_new_16_marla_house-54182248-3061-1.html,Room,For Sale,16 Marla,9.0,6.0,2 days ago,PKR 4.6 Crore,"Bahria Town Phase 8 - Block L, Bahria Town Phase 8",Rawalpindi,Zameen,46000000.0,Marla,4356.0,False
https://www.zameen.com/Property/bahria_town_phase_8_safari_valley_bahria_town_phase_8_-_ali_block_ali_block_5_marla_brand_new_designer_house_for_sale-54562785-3070-1.html,House,For Sale,5 Marla,4.0,5.0,2 days ago,PKR 2.35 Crore,"Bahria Town Phase 8 - Ali Block, Bahria Town Phase 8 - Safari Valley",Rawalpindi,Zameen,23500000.0,Marla,1361.25,False
https://www.zameen.com/Property/bahria_town_phase_8_bahria_town_phase_8_-_block_a_fully_furnished_272_square_yards_house_for_sale_in_bahria_town_phase_8_-_block_a_rawalpindi-54588938-3049-1.html,House,For Sale,10.9 Marla,5.0,6.0,2 days ago,PKR 4.5 Crore,"Bahria Town Phase 8 - Block A, Bahria Town Phase 8",Rawalpindi,Zameen,45000000.0,Marla,2967.525,False
https://www.zameen.com/Property/bahria_town_phase_8_bahria_town_phase_8_-_sector_f-1_double_storey_10_marla_house_available_in_bahria_town_phase_8_-_sector_f-1_for_sale-54670916-3095-1.html,House,For Sale,10 Marla,5.0,5.0,2 days ago,PKR 5.4 Crore,"Bahria Town Phase 8 - Sector F-1, Bahria Town Phase 8",Rawalpindi,Zameen,54000000.0,Marla,2722.5,False
https://www.zameen.com/Property/bahria_greens_overseas_enclave_bahria_greens_-_overseas_enclave_-_sector_5_5_marla_used_double_unit_house_for_sale_with_solar_system_installed-53789199-8304-1.html,House,For Sale,5 Marla,3.0,4.0,2 days ago,PKR 2.35 Crore,"Bahria Greens - Overseas Enclave - Sector 5, Bahria Greens - Overseas Enclave",Rawalpindi,Zameen,23500000.0,Marla,1361.25,False
https://www.zameen.com/Property/bahria_town_rawalpindi_bahria_town_phase_5_beautiful_luxury_fully_renovated_house_for_sale_in_bahria_town_phase_5-47846277-3045-1.html,House,For Sale,1 Kanal,8.0,5.0,12 hours ago,PKR 8 Crore,"Bahria Town Phase 5, Bahria Town Rawalpindi",Rawalpindi,Zameen,80000000.0,Kanal,5445.0,False
https://www.zameen.com/Property/bahria_town_rawalpindi_bahria_town_phase_3_brand_new_corner_house_for_sale_in_bahria_town_phase_3-51538156-3036-1.html,House,For Sale,1.2 Kanal,5.0,6.0,12 hours ago,PKR 14.95 Crore,"Bahria Town Phase 3, Bahria Town Rawalpindi",Rawalpindi,Zameen,149500000.0,Kanal,6534.0,False
https://www.zameen.com/Property/rawalpindi_adiala_road_8_marla_double_storey_house_for_sale_near_main_gulshanabad_gate-54322654-478-1.html,House,For Sale,8 Marla,6.0,5.0,10 hours ago,PKR 2 Crore,"Adiala Road, Rawalpindi",Rawalpindi,Zameen,20000000.0,Marla,2178.0,False
https://www.zameen.com/Property/bahria_town_rawalpindi_bahria_town_phase_7_investor_rate_10_marla_house_is_available_for_sale_in_rawalpindi_on_prime_location-54235152-3047-1.html,House,For Sale,10 Marla,5.0,6.0,12 hours ago,PKR 4.15 Crore,"Bahria Town Phase 7, Bahria Town Rawalpindi",Rawalpindi,Zameen,41500000.0,Marla,2722.5,False
https://www.zameen.com/Property/bahria_town_rawalpindi_bahria_town_phase_7_1-bed_luxury_apartment_for_sale_prime_location_bahria_town_phase_7-54642641-3047-1.html,Apartment,For Sale,2.4 Marla,1.0,1.0,12 hours ago,PKR 54 Lakh,"Bahria Town Phase 7, Bahria Town Rawalpindi",Rawalpindi,Zameen,5400000.0,Marla,653.4,False
https://www.zameen.com/Property/bahria_town_phase_8_bahria_town_phase_8_-_block_b_10_marla_solid_double-unit_house_for_sale_bahria_town_phase_8_sector_b-54689676-3050-1.html,House,For Sale,10 Marla,5.0,6.0,12 hours ago,PKR 4.5 Crore,"Bahria Town Phase 8 - Block B, Bahria Town Phase 8",Rawalpindi,Zameen,45000000.0,Marla,2722.5,False
https://www.zameen.com/Property/adiala_road_snober_city_lop_new_brand_a_centrally_located_house_is_available_for_sale_in_rawalpindi-54295057-11748-1.html,House,For Sale,5 Marla,3.0,3.0,13 hours ago,PKR 1.45 Crore,"Snober City, Adiala Road",Rawalpindi,Zameen,14500000.0,Marla,1361.25,False
https://www.zameen.com/Property/rawalpindi_peshawar_road_triple_storey_10_marla_home_in_prime_peshawar_road_location_rs_155_000_rental_potential-54031366-517-1.html,Other,For Sale,10 Marla,7.0,6.0,11 hours ago,PKR 3.9 Crore,"Peshawar Road, Rawalpindi",Rawalpindi,Zameen,39000000.0,Marla,2722.5,False
https://www.zameen.com/Property/bahria_town_rawalpindi_bahria_town_phase_8_reasonable_price_house_10_marla_for_sale-54241682-3048-1.html,House,For Sale,10 Marla,5.0,6.0,12 hours ago,PKR 3.3 Crore,"Bahria Town Phase 8, Bahria Town Rawalpindi",Rawalpindi,Zameen,33000000.0,Marla,2722.5,False
https://www.zameen.com/Property/bahria_town_phase_8_bahria_town_phase_8_-_safari_valley_designer_house_available_for_sale_7_marla-54636664-3074-1.html,House,For Sale,7 Marla,5.0,6.0,12 hours ago,PKR 3.4 Crore,"Bahria Town Phase 8 - Safari Valley, Bahria Town Phase 8",Rawalpindi,Zameen,34000000.0,Marla,1905.75,False
https://www.zameen.com/Property/rawalpindi_airport_housing_society_1_kanal_beautiful_double_storey_house_for_sale-53952290-426-1.html,House,For Sale,1 Kanal,8.0,5.0,12 hours ago,PKR 6 Crore,"Airport Housing Society, Rawalpindi",Rawalpindi,Zameen,60000000.0,Kanal,5445.0,False
https://www.zameen.com/Property/bahria_town_phase_8_bahria_town_phase_8_-_block_a_open_basement_corner_house_for_sale_in_phase_8_bahria_town-54350911-3049-1.html,House,For Sale,1.2 Kanal,7.0,7.0,12 hours ago,PKR 11 Crore,"Bahria Town Phase 8 - Block A, Bahria Town Phase 8",Rawalpindi,Zameen,110000000.0,Kanal,6534.0,False
https://www.zameen.com/Property/bahria_town_rawalpindi_bahria_town_phase_3_bahria_town_phase_3_10_marla_corner_designer_house_for_sale-52239723-3036-1.html,House,For Sale,10 Marla,5.0,6.0,13 hours ago,PKR 4.9 Crore,"Bahria Town Phase 3, Bahria Town Rawalpindi",Rawalpindi,Zameen,49000000.0,Marla,2722.5,False
https://www.zameen.com/Property/bahria_expressway_river_hills_two_bedroom_luxury_apartment_is_available_for_sale_at_river_hills_tower_2_bahria_town_phase_7_rawalpindi_islamabad-54421100-11347-1.html,Room,For Sale,4.8 Marla,2.0,2.0,13 hours ago,PKR 1.55 Crore,"River Hills, Bahria Expressway",Rawalpindi,Zameen,15500000.0,Marla,1306.8,False
https://www.zameen.com/Property/bahria_town_rawalpindi_bahria_town_phase_7_two_bedrooms_fully_furnished_apartment_for_sale_in_bahria_town_phase_7_rawalpindi_islamabad-54588755-3047-1.html,Room,For Sale,4 Marla,2.0,2.0,13 hours ago,PKR 90 Lakh,"Bahria Town Phase 7, Bahria Town Rawalpindi",Rawalpindi,Zameen,9000000.0,Marla,1089.0,False
https://www.zameen.com/Property/bahria_town_rawalpindi_bahria_town_phase_3_house_is_available_for_sale-54438870-3036-1.html,House,For Sale,10 Marla,5.0,6.0,1 week ago,PKR 4.75 Crore,"Bahria Town Phase 3, Bahria Town Rawalpindi",Rawalpindi,Zameen,47500000.0,Marla,2722.5,False
https://www.zameen.com/Property/bahria_town_phase_8_bahria_town_phase_8_-_block_c_10_marla_owner_built_designer_house_available_for_sale-54601457-3051-1.html,House,For Sale,10 Marla,5.0,6.0,1 week ago,PKR 3.7 Crore,"Bahria Town Phase 8 - Block C, Bahria Town Phase 8",Rawalpindi,Zameen,37000000.0,Marla,2722.5,False
https://www.zameen.com/Property/bahria_town_phase_8_safari_valley_bahria_town_phase_8_-_umer_block_7_marla_fully_furnished_luxury_designer_house_available_for_sale_in_umer_block_phase_8-54582690-3067-1.html,House,For Sale,7 Marla,4.0,5.0,1 week ago,PKR 3.65 Crore,"Bahria Town Phase 8 - Umer Block, Bahria Town Phase 8 - Safari Valley",Rawalpindi,Zameen,36500000.0,Marla,1905.75,False
https://www.zameen.com/Property/bahria_town_phase_8_safari_valley_bahria_town_phase_8_-_usman_block_7_marla_brand_new_luxury_house_for_sale_bahria_town_phase_8_rawalpindi-53647819-3068-1.html,House,For Sale,7 Marla,5.0,6.0,1 week ago,PKR 2.75 Crore,"Bahria Town Phase 8 - Usman Block, Bahria Town Phase 8 - Safari Valley",Rawalpindi,Zameen,27500000.0,Marla,1905.75,False
https://www.zameen.com/Property/bahria_town_rawalpindi_bahria_town_phase_2_10_marla_tripple_storey_used_house_is_available_for_sale_in_bahria_town_phase_2_islamabad_rwp-53942725-3035-1.html,House,For Sale,10 Marla,5.0,6.0,1 week ago,PKR 4.35 Crore,"Bahria Town Phase 2, Bahria Town Rawalpindi",Rawalpindi,Zameen,43500000.0,Marla,2722.5,False
https://www.zameen.com/Property/bahria_town_phase_8_bahria_town_phase_8_-_block_m_5_marla_brand_new_designer_house_for_sale-54644491-3062-1.html,House,For Sale,5 Marla,3.0,3.0,2 days ago,PKR 2.6 Crore,"Bahria Town Phase 8 - Block M, Bahria Town Phase 8",Rawalpindi,Zameen,26000000.0,Marla,1361.25,False
https://www.zameen.com/Property/bahria_town_phase_2_the_grande_fully_furnished_one_bedroom_apartment_for_sale_in_grande_phase_4-54647046-11040-1.html,Room,For Sale,3.1 Marla,1.0,1.0,2 days ago,PKR 85 Lakh,"The Grande, Bahria Town Phase 2",Rawalpindi,Zameen,8500000.0,Marla,843.975,False
https://www.zameen.com/Property/bahria_town_rawalpindi_bahria_town_phase_8_house_available_for_sale-54691920-3048-1.html,House,For Sale,1.1 Kanal,5.0,6.0,4 hours ago,PKR 10.85 Crore,"Bahria Town Phase 8, Bahria Town Rawalpindi",Rawalpindi,Zameen,108500000.0,Kanal,5989.500000000001,False
https://www.zameen.com/Property/bahria_town_phase_8_bahria_town_phase_8_-_block_m_m_block_5_marla_house_1446_boulevard_back_open_back_side_park_for_sale-54644025-3062-1.html,House,For Sale,5 Marla,3.0,4.0,1 day ago,PKR 2.18 Crore,"Bahria Town Phase 8 - Block M, Bahria Town Phase 8",Rawalpindi,Zameen,21800000.0,Marla,1361.25,False
https://www.zameen.com/Property/bahria_town_phase_8_safari_valley_bahria_town_phase_8_-_ali_block_cheapest_5_marla_brandnew_top_location_registery_area-54502292-3070-1.html,Other,For Sale,5 Marla,4.0,4.0,2 days ago,PKR 2.27 Crore,"Bahria Town Phase 8 - Ali Block, Bahria Town Phase 8 - Safari Valley",Rawalpindi,Zameen,22700000.0,Marla,1361.25,False
https://www.zameen.com/Property/bahria_town_rawalpindi_bahria_town_phase_2_10_marla_brand_new_house_available_for_sale-54485586-3035-1.html,House,For Sale,10 Marla,5.0,6.0,12 hours ago,PKR 6.2 Crore,"Bahria Town Phase 2, Bahria Town Rawalpindi",Rawalpindi,Zameen,62000000.0,Marla,2722.5,False
https://www.zameen.com/Property/bahria_town_rawalpindi_bahria_intellectual_village_brand_new_house_for_sale_bharia_intellectual_village-52374743-8256-1.html,House,For Sale,1.2 Kanal,5.0,6.0,12 hours ago,PKR 16.25 Crore,"Bahria Intellectual Village, Bahria Town Rawalpindi",Rawalpindi,Zameen,162500000.0,Kanal,6534.0,False
https://www.zameen.com/Property/rawalpindi_adiala_road_4_5_marla_single_storey_house_for_sale_on_installments_plan_adiala_road_abhid_homes_colony_opposte_panjab_housing_scheme_rawalpindi-53753693-478-1.html,House,For Sale,5 Marla,2.0,2.0,15 hours ago,PKR 75 Lakh,"Adiala Road, Rawalpindi",Rawalpindi,Zameen,7500000.0,Marla,1361.25,False
https://www.zameen.com/Property/bahria_town_rawalpindi_bahria_town_phase_8_rafi_block_5_marla_house_for_sale-49375049-3048-1.html,House,For Sale,5 Marla,3.0,3.0,15 hours ago,PKR 1.85 Crore,"Bahria Town Phase 8, Bahria Town Rawalpindi",Rawalpindi,Zameen,18500000.0,Marla,1361.25,False
https://www.zameen.com/Property/bahria_town_rawalpindi_bahria_town_phase_8_investor_price_5_marla_slightly_used_house_for_sale_bahria_town_islamabad_completion_2026-54596644-3048-1.html,House,For Sale,5 Marla,4.0,4.0,15 hours ago,PKR 1.8 Crore,"Bahria Town Phase 8, Bahria Town Rawalpindi",Rawalpindi,Zameen,18000000.0,Marla,1361.25,False
https://www.zameen.com/Property/bahria_town_rawalpindi_bahria_town_phase_8_7_marla_fully_designer_double_unit_house_for_sale_bahria_town_phase_8_islamabad-54621812-3048-1.html,House,For Sale,7 Marla,5.0,5.0,15 hours ago,PKR 2.85 Crore,"Bahria Town Phase 8, Bahria Town Rawalpindi",Rawalpindi,Zameen,28500000.0,Marla,1905.75,False
https://www.zameen.com/Property/bahria_town_rawalpindi_bahria_town_phase_7_one_bed_apartment_available_for_sale-53888168-3047-1.html,Apartment,For Sale,2.4 Marla,1.0,1.0,15 hours ago,PKR 55 Lakh,"Bahria Town Phase 7, Bahria Town Rawalpindi",Rawalpindi,Zameen,5500000.0,Marla,653.4,False
https://www.zameen.com/Property/rawalpindi_yousaf_colony_5_marla_brand_new_house_for_sale-54591535-6058-1.html,House,For Sale,5 Marla,5.0,6.0,13 hours ago,PKR 2.2 Crore,"Yousaf Colony, Rawalpindi",Rawalpindi,Zameen,22000000.0,Marla,1361.25,False
https://www.zameen.com/Property/rawalpindi_gulshan_abad_10_marla_owner-built_house_for_sale_in_rda_approved_clifton_town_rawalpindi-54689482-1058-1.html,House,For Sale,10 Marla,4.0,5.0,13 hours ago,PKR 2.35 Crore,"Gulshan Abad, Rawalpindi",Rawalpindi,Zameen,23500000.0,Marla,2722.5,False
https://www.zameen.com/Property/bahria_town_rawalpindi_bahria_town_phase_3_house_for_sale_bharia_town_phase_3-52874579-3036-1.html,House,For Sale,10 Marla,5.0,6.0,13 hours ago,PKR 4.75 Crore,"Bahria Town Phase 3, Bahria Town Rawalpindi",Rawalpindi,Zameen,47500000.0,Marla,2722.5,False
https://www.zameen.com/Property/bahria_business_district_bahria_business_district_-_block_a_2_bed_flat_for_sale_bahria_business_district_phase_8_rawalpindi-54689270-16285-1.html,Apartment,For Sale,5.6 Marla,2.0,2.0,14 hours ago,PKR 1.5 Crore,"Bahria Business District - Block A, Bahria Business District",Rawalpindi,Zameen,15000000.0,Marla,1524.6,False
https://www.zameen.com/Property/bahria_town_phase_8_bahria_town_phase_8_-_eden_lake_view_block_10_marla_brand_new_park_facing_modern_designer_house_for_sale_bahria_town_phase_8_rwp-54080077-3073-1.html,House,For Sale,10 Marla,5.0,6.0,14 hours ago,PKR 5.2 Crore,"Bahria Town Phase 8 - Eden Lake View Block, Bahria Town Phase 8",Rawalpindi,Zameen,52000000.0,Marla,2722.5,False
https://www.zameen.com/Property/rawalpindi_adiala_road_4_5_marla_single_storey_house_for_sale_on_installment_plan_very_ideal_location_opp_panjab_housing_scheme-47561033-478-1.html,House,For Sale,4.5 Marla,2.0,2.0,15 hours ago,PKR 75 Lakh,"Adiala Road, Rawalpindi",Rawalpindi,Zameen,7500000.0,Marla,1225.125,False
https://www.zameen.com/Property/rawalpindi_adiala_road_ready_house_for_sale_on_installment_plan-52589936-478-1.html,House,For Sale,5 Marla,2.0,2.0,15 hours ago,PKR 75 Lakh,"Adiala Road, Rawalpindi",Rawalpindi,Zameen,7500000.0,Marla,1361.25,False
https://www.zameen.com/Property/bahria_town_rawalpindi_bahria_town_phase_8_7_marla_fully_designer_double_unit_house_bahria_town_islamabad-54605906-3048-1.html,House,For Sale,7 Marla,5.0,6.0,15 hours ago,PKR 3.3 Crore,"Bahria Town Phase 8, Bahria Town Rawalpindi",Rawalpindi,Zameen,33000000.0,Marla,1905.75,False
https://www.zameen.com/Property/bahria_town_rawalpindi_bahria_town_phase_3_10_marla_ready_to_move_house_for_sale-54662097-3036-1.html,House,For Sale,10 Marla,5.0,6.0,1 week ago,PKR 4.75 Crore,"Bahria Town Phase 3, Bahria Town Rawalpindi",Rawalpindi,Zameen,47500000.0,Marla,2722.5,False
https://www.zameen.com/Property/bahria_town_phase_8_bahria_hamlet_3_kanal_designer_home_with_huge_lawn_20_kv_solar-53085114-10354-1.html,Other,For Sale,3 Kanal,6.0,7.0,1 week ago,PKR 16.5 Crore,"Bahria Hamlet, Bahria Town Phase 8",Rawalpindi,Zameen,165000000.0,Kanal,16335.0,False
https://www.zameen.com/Property/bahria_town_rawalpindi_bahria_town_phase_8_5_marla_brand_new_luxury_house_for_sale_bahria_town_phase_8_rawalpindi-53458926-3048-1.html,House,For Sale,5 Marla,3.0,4.0,1 week ago,PKR 2.1 Crore,"Bahria Town Phase 8, Bahria Town Rawalpindi",Rawalpindi,Zameen,21000000.0,Marla,1361.25,False
https://www.zameen.com/Property/gulshan_abad_gulshan_abad_sector_2_10_marla_double_storey_double_unit_brand_new_house_available_for_sale-54301097-14739-1.html,House,For Sale,10 Marla,6.0,6.0,1 week ago,PKR 3.45 Crore,"Gulshan Abad Sector 2, Gulshan Abad",Rawalpindi,Zameen,34500000.0,Marla,2722.5,False
https://www.zameen.com/Property/bahria_town_phase_8_bahria_town_phase_8_-_block_e_10_marla_house_designer_house_for_sale_in_bahria_town_phase_8_rawalpindi-54420182-3053-1.html,House,For Sale,10 Marla,5.0,6.0,2 weeks ago,PKR 5.1 Crore,"Bahria Town Phase 8 - Block E, Bahria Town Phase 8",Rawalpindi,Zameen,51000000.0,Marla,2722.5,False
https://www.zameen.com/Property/gulraiz_housing_scheme_gulraiz_housing_society_phase_2_investor_rate_11_marla_solid_house_available_for_sale_in_gulraiz_housing_scheme-54684854-14971-1.html,House,For Sale,11 Marla,8.0,7.0,2 days ago,PKR 3.3 Crore,"Gulraiz Housing Society Phase 2, Gulraiz Housing Scheme",Rawalpindi,Zameen,33000000.0,Marla,2994.75,False
https://www.zameen.com/Property/bahria_town_rawalpindi_bahria_town_phase_5_park_facing_10_marla_brand_new_house_for_sale_in_bahria_town_rawalpindi-54532981-3045-1.html,House,For Sale,10 Marla,5.0,6.0,1 day ago,PKR 5.95 Crore,"Bahria Town Phase 5, Bahria Town Rawalpindi",Rawalpindi,Zameen,59500000.0,Marla,2722.5,False
https://www.zameen.com/Property/chaklala_scheme_chaklala_scheme_3_house_for_sale_chaklala_scheme_3_rawalpindi-54568505-1312-1.html,House,For Sale,1.2 Kanal,6.0,6.0,14 hours ago,PKR 7.3 Crore,"Chaklala Scheme 3, Chaklala Scheme",Rawalpindi,Zameen,73000000.0,Kanal,6534.0,False
https://www.zameen.com/Property/bahria_town_phase_8_bahria_business_district_prime_location_new_one_bed_545_square_feet-54258085-9033-1.html,Other,For Sale,2.4 Marla,1.0,1.0,1 day ago,PKR 77 Lakh,"Bahria Business District, Bahria Town Phase 8",Rawalpindi,Zameen,7700000.0,Marla,653.4,False
https://www.zameen.com/Property/gulbahar_scheme_gulbahar_scheme_-_sector_1_2_5_storey_house_for_sale_best_location_near_main_highway_islamabad-54439960-10428-1.html,House,For Sale,2.8 Marla,4.0,4.0,2 days ago,PKR 1 Crore,"Gulbahar Scheme - Sector 1, Gulbahar Scheme",Rawalpindi,Zameen,10000000.0,Marla,762.3,False
https://www.zameen.com/Property/bahria_town_phase_8_safari_valley_bahria_town_phase_8_-_abu_bakar_block_very_affordable_price_7_marla_brand_new_designer_house_for_sale_bahria_town_phase_8_abu_baker_block-54074841-3069-1.html,House,For Sale,7 Marla,5.0,6.0,14 hours ago,PKR 3.1 Crore,"Bahria Town Phase 8 - Abu Bakar Block, Bahria Town Phase 8 - Safari Valley",Rawalpindi,Zameen,31000000.0,Marla,1905.75,False
https://www.zameen.com/Property/bahria_town_phase_8_safari_valley_bahria_town_phase_8_-_ali_block_registry_available_-_7_marla_brand_new_park-facing_designer_house_for_sale_bahria_town-54339397-3070-1.html,House,For Sale,7 Marla,5.0,6.0,14 hours ago,PKR 3.5 Crore,"Bahria Town Phase 8 - Ali Block, Bahria Town Phase 8 - Safari Valley",Rawalpindi,Zameen,35000000.0,Marla,1905.75,False
https://www.zameen.com/Property/bahria_town_rawalpindi_bahria_town_phase_7_one_bed_apartment_available_for_sale-53888165-3047-1.html,Apartment,For Sale,2.3 Marla,1.0,1.0,15 hours ago,PKR 65 Lakh,"Bahria Town Phase 7, Bahria Town Rawalpindi",Rawalpindi,Zameen,6500000.0,Marla,626.175,False
https://www.zameen.com/Property/bahria_town_rawalpindi_bahria_town_-_safari_villas_2bedroom_corner_luxury_apartments_for_sale_in_bharia_town_phase_1-54430463-3078-1.html,Room,For Sale,5.8 Marla,2.0,2.0,15 hours ago,PKR 95 Lakh,"Bahria Town - Safari Villas, Bahria Town Rawalpindi",Rawalpindi,Zameen,9500000.0,Marla,1579.05,False
https://www.zameen.com/Property/bahria_town_phase_8_bahria_town_phase_8_-_block_m_9_marla_designer_house_for_sale_proper_double_unit_double_height_covered_backside_lawn_5_bed_attached_baths_top_location-54387298-3062-1.html,House,For Sale,9 Marla,5.0,6.0,16 hours ago,PKR 3.6 Crore,"Bahria Town Phase 8 - Block M, Bahria Town Phase 8",Rawalpindi,Zameen,36000000.0,Marla,2450.25,False
https://www.zameen.com/Property/satellite_town_satellite_town_-_block_b_brand_new_triple_storey_house_for_sale_in_b_block_satellite_town_rawalpindi-54531905-6042-1.html,House,For Sale,4.9 Marla,6.0,6.0,16 hours ago,PKR 6.6 Crore,"Satellite Town - Block B, Satellite Town",Rawalpindi,Zameen,66000000.0,Marla,1334.025,False
https://www.zameen.com/Property/satellite_town_satellite_town_-_block_e_5_marla_premium_triple-story_house_for_sale_6_bedrooms_solid_construction_premium_woodwork_water_boring-54671625-10239-1.html,Room,For Sale,5 Marla,5.0,6.0,16 hours ago,PKR 6.25 Crore,"Satellite Town - Block E, Satellite Town",Rawalpindi,Zameen,62500000.0,Marla,1361.25,False
https://www.zameen.com/Property/bahria_town_rawalpindi_bahria_town_phase_8_7_marla_ultra-luxurious_fully_furnished_single_unit_house_for_sale_bahria_town_islamabad-54632517-3048-1.html,House,For Sale,7 Marla,4.0,6.0,15 hours ago,PKR 3.65 Crore,"Bahria Town Phase 8, Bahria Town Rawalpindi",Rawalpindi,Zameen,36500000.0,Marla,1905.75,False
https://www.zameen.com/Property/bahria_town_rawalpindi_bahria_town_phase_7_furnished_one_apartment_for_sale-54288999-3047-1.html,Apartment,For Sale,2.2 Marla,1.0,1.0,15 hours ago,PKR 54 Lakh,"Bahria Town Phase 7, Bahria Town Rawalpindi",Rawalpindi,Zameen,5400000.0,Marla,598.95,False
https://www.zameen.com/Property/bahria_town_phase_8_bahria_town_phase_8_-_block_m_5_marla_furnished_house_for_sale_in_m_block-51184392-3062-1.html,House,For Sale,5 Marla,3.0,4.0,15 hours ago,PKR 1.78 Crore,"Bahria Town Phase 8 - Block M, Bahria Town Phase 8",Rawalpindi,Zameen,17800000.0,Marla,1361.25,False
https://www.zameen.com/Property/bahria_town_rawalpindi_bahria_town_phase_7_1_bed_room_apartment_new_building-52956890-3047-1.html,Room,For Sale,2.4 Marla,1.0,1.0,15 hours ago,PKR 55.5 Lakh,"Bahria Town Phase 7, Bahria Town Rawalpindi",Rawalpindi,Zameen,5550000.0,Marla,653.4,False
https://www.zameen.com/Property/bahria_town_phase_8_safari_valley_bahria_town_phase_8_-_usman_block_7_marla_usman_block_used_house_for_sale-51293298-3068-1.html,House,For Sale,7 Marla,5.0,6.0,15 hours ago,PKR 2.5 Crore,"Bahria Town Phase 8 - Usman Block, Bahria Town Phase 8 - Safari Valley",Rawalpindi,Zameen,25000000.0,Marla,1905.75,False
https://www.zameen.com/Property/bahria_town_rawalpindi_bahria_town_phase_8_2_bed_luxury_apartment_for_sale_bahria_town_phase_8-51759731-3048-1.html,Apartment,For Sale,4.4 Marla,2.0,2.0,15 hours ago,PKR 80 Lakh,"Bahria Town Phase 8, Bahria Town Rawalpindi",Rawalpindi,Zameen,8000000.0,Marla,1197.9,False
https://www.zameen.com/Property/bahria_town_phase_8_bahria_business_district_900_square_feet_flat_situated_in_bahria_business_district_for_sale-53678566-9033-1.html,Apartment,For Sale,4 Marla,2.0,2.0,15 hours ago,PKR 80 Lakh,"Bahria Business District, Bahria Town Phase 8",Rawalpindi,Zameen,8000000.0,Marla,1089.0,False
https://www.zameen.com/Property/bahria_town_rawalpindi_bahria_town_phase_8_7_marla_designer_house_available_for_sale_in_usman_block-54069122-3048-1.html,House,For Sale,7 Marla,5.0,6.0,15 hours ago,PKR 3.5 Crore,"Bahria Town Phase 8, Bahria Town Rawalpindi",Rawalpindi,Zameen,35000000.0,Marla,1905.75,False
https://www.zameen.com/Property/bahria_town_rawalpindi_bahria_town_phase_3_aesthetic_house_of_1_kanal_for_sale_is_available-54616265-3036-1.html,House,For Sale,1 Kanal,6.0,5.0,2 weeks ago,PKR 25 Crore,"Bahria Town Phase 3, Bahria Town Rawalpindi",Rawalpindi,Zameen,250000000.0,Kanal,5445.0,False
https://www.zameen.com/Property/bahria_town_rawalpindi_bahria_town_phase_3_kanal_designer_house_for_sale_in_phase_3_bahria_town_rawalpindi-54596646-3036-1.html,House,For Sale,1 Kanal,6.0,6.0,2 weeks ago,PKR 25 Crore,"Bahria Town Phase 3, Bahria Town Rawalpindi",Rawalpindi,Zameen,250000000.0,Kanal,5445.0,False
https://www.zameen.com/Property/bahria_town_phase_8_safari_valley_bahria_town_phase_8_-_abu_bakar_block_7_marla_slightly_us_house_for_sale_with_register_intkal-54563361-3069-1.html,House,For Sale,7 Marla,5.0,6.0,2 weeks ago,PKR 2.7 Crore,"Bahria Town Phase 8 - Abu Bakar Block, Bahria Town Phase 8 - Safari Valley",Rawalpindi,Zameen,27000000.0,Marla,1905.75,False
https://www.zameen.com/Property/rawalpindi_media_town_12_marla_like_a_brand_new_house_for_sale_in_media_town_rawalpindi-54590604-8157-1.html,House,For Sale,12 Marla,6.0,6.0,2 weeks ago,PKR 5.1 Crore,"Media Town, Rawalpindi",Rawalpindi,Zameen,51000000.0,Marla,3267.0,False
https://www.zameen.com/Property/bahria_town_phase_8_bahria_town_phase_8_-_block_m_5_marla_brand_new_house_for_sale_in_phase_8-54568542-3062-1.html,House,For Sale,5 Marla,3.0,4.0,2 weeks ago,PKR 1.98 Crore,"Bahria Town Phase 8 - Block M, Bahria Town Phase 8",Rawalpindi,Zameen,19800000.0,Marla,1361.25,False
https://www.zameen.com/Property/bahria_town_phase_8_bahria_business_district_prime_location_2_bed_1090_square_feet_apartment-54287445-9033-1.html,Apartment,For Sale,4.8 Marla,2.0,2.0,1 day ago,PKR 1.58 Crore,"Bahria Business District, Bahria Town Phase 8",Rawalpindi,Zameen,15800000.0,Marla,1306.8,False
https://www.zameen.com/Property/westridge_westridge_1_westrige_very_prime_street_corner_house_available-54688381-6053-1.html,House,For Sale,1 Kanal,6.0,6.0,7 hours ago,PKR 12 Crore,"Westridge 1, Westridge",Rawalpindi,Zameen,120000000.0,Kanal,5445.0,False
https://www.zameen.com/Property/bahria_town_rawalpindi_bahria_town_phase_8_apartment_for_sale_in_bahria_town_phase_8_1_bed_luxury_apartment_in_domus_height-54674103-3048-1.html,Apartment,For Sale,3.4 Marla,1.0,2.0,2 days ago,PKR 1.23 Crore,"Bahria Town Phase 8, Bahria Town Rawalpindi",Rawalpindi,Zameen,12300000.0,Marla,925.65,False
https://www.zameen.com/Property/bahria_town_rawalpindi_bahria_town_phase_1_prime_location_and_double_unit_27_marla_house_for_sale_a_construction_bahria_town-53877037-3033-1.html,House,For Sale,1.3 Kanal,5.0,6.0,2 days ago,PKR 10.9 Crore,"Bahria Town Phase 1, Bahria Town Rawalpindi",Rawalpindi,Zameen,109000000.0,Kanal,7078.5,False
https://www.zameen.com/Property/bahria_town_phase_8_safari_valley_bahria_town_phase_8_-_umer_block_beautiful_front_lawn_front_open_7_marla_brand_new_designer_house_for_sale_bahria_town-54310601-3067-1.html,House,For Sale,7 Marla,5.0,6.0,14 hours ago,PKR 3.2 Crore,"Bahria Town Phase 8 - Umer Block, Bahria Town Phase 8 - Safari Valley",Rawalpindi,Zameen,32000000.0,Marla,1905.75,False
https://www.zameen.com/Property/bahria_town_phase_8_safari_valley_bahria_town_phase_8_-_umer_block_7_marla_duplex_brand_new_designer_house_for_sale_bahria_town_phase_8_umer_block_rwp-54339469-3067-1.html,House,For Sale,7 Marla,5.0,5.0,15 hours ago,PKR 3.2 Crore,"Bahria Town Phase 8 - Umer Block, Bahria Town Phase 8 - Safari Valley",Rawalpindi,Zameen,32000000.0,Marla,1905.75,False
https://www.zameen.com/Property/rawalpindi_airport_housing_society_6_marla_stylish_brand_new_1_8_storey_house_sector_water_bore_ready_house_few_days-54451687-426-1.html,House,For Sale,6 Marla,4.0,4.0,17 hours ago,PKR 2.2 Crore,"Airport Housing Society, Rawalpindi",Rawalpindi,Zameen,22000000.0,Marla,1633.5,False
https://www.zameen.com/Property/bahria_town_phase_4_bahria_town_-_civic_centre_bahria_heights_1_ext_furnish_one_bed_sale-53869287-8974-1.html,Other,For Sale,3.6 Marla,1.0,2.0,18 hours ago,PKR 1.3 Crore,"Bahria Town - Civic Centre, Bahria Town Phase 4",Rawalpindi,Zameen,13000000.0,Marla,980.1,False
https://www.zameen.com/Property/bahria_town_rawalpindi_bahria_town_phase_5_10_marla_single_unit_house_for_sale-53982485-3045-1.html,House,For Sale,10 Marla,4.0,5.0,19 hours ago,PKR 4.5 Crore,"Bahria Town Phase 5, Bahria Town Rawalpindi",Rawalpindi,Zameen,45000000.0,Marla,2722.5,False
https://www.zameen.com/Property/rawalpindi_media_town_12_marla_main_boulevard_well_maintained_double_unit_house_available_for_sale_in_media_town-53586463-8157-1.html,House,For Sale,12 Marla,6.0,6.0,1 day ago,PKR 5.5 Crore,"Media Town, Rawalpindi",Rawalpindi,Zameen,55000000.0,Marla,3267.0,False
https://www.zameen.com/Property/rawalpindi_media_town_deal_with_owner_corner_11_marla_double_story_house_for_sale-53561629-8157-1.html,House,For Sale,11 Marla,6.0,6.0,1 day ago,PKR 5.5 Crore,"Media Town, Rawalpindi",Rawalpindi,Zameen,55000000.0,Marla,2994.75,False
https://www.zameen.com/Property/bahria_town_phase_8_bahria_town_phase_8_-_awami_villas_2_house_5_marla_for_sale_in_bahria_town_phase_8_-_awami_villas_2-54101573-8207-1.html,House,For Sale,5 Marla,2.0,1.0,15 hours ago,PKR 1.05 Crore,"Bahria Town Phase 8 - Awami Villas 2, Bahria Town Phase 8",Rawalpindi,Zameen,10500000.0,Marla,1361.25,False
https://www.zameen.com/Property/bahria_town_rawalpindi_bahria_town_phase_8_7_marla_designer_house_available_for_sale_in_phase_8_umer_block-54419103-3048-1.html,House,For Sale,7 Marla,5.0,6.0,15 hours ago,PKR 2.75 Crore,"Bahria Town Phase 8, Bahria Town Rawalpindi",Rawalpindi,Zameen,27500000.0,Marla,1905.75,False
https://www.zameen.com/Property/bahria_town_phase_8_bahria_town_phase_8_-_rafi_block_double_unit_boulevard_5_marla_new_house_for_sale_bahria_town_phase_8_rafi_block_rawalpindi-51760978-3071-1.html,House,For Sale,5 Marla,3.0,5.0,15 hours ago,PKR 2.2 Crore,"Bahria Town Phase 8 - Rafi Block, Bahria Town Phase 8",Rawalpindi,Zameen,22000000.0,Marla,1361.25,False
https://www.zameen.com/Property/bahria_town_rawalpindi_bahria_town_-_safari_villas_2_bedroom_apartment_for_sale_excellent_opportunity-54458425-3078-1.html,Room,For Sale,5.8 Marla,2.0,3.0,15 hours ago,PKR 80 Lakh,"Bahria Town - Safari Villas, Bahria Town Rawalpindi",Rawalpindi,Zameen,8000000.0,Marla,1579.05,False
https://www.zameen.com/Property/bahria_town_rawalpindi_bahria_town_-_safari_villas_2_bedroom_apartment_available_for_sale_in_bharia_town_phase_1_safari_villas-54609649-3078-1.html,Room,For Sale,5.8 Marla,2.0,2.0,15 hours ago,PKR 90 Lakh,"Bahria Town - Safari Villas, Bahria Town Rawalpindi",Rawalpindi,Zameen,9000000.0,Marla,1579.05,False
https://www.zameen.com/Property/rawalpindi_gulraiz_housing_scheme_5_marla_double_story_4_bed_house_available_for_sell_in_gulraiz-54622107-438-1.html,House,For Sale,5 Marla,4.0,4.0,15 hours ago,PKR 2.2 Crore,"Gulraiz Housing Scheme, Rawalpindi",Rawalpindi,Zameen,22000000.0,Marla,1361.25,False
https://www.zameen.com/Property/bahria_town_phase_8_bahria_town_phase_8_-_block_p_36_marla_house_for_sale_in_rawalpindi-54688689-3065-1.html,House,For Sale,1.8 Kanal,6.0,5.0,16 hours ago,PKR 11 Crore,"Bahria Town Phase 8 - Block P, Bahria Town Phase 8",Rawalpindi,Zameen,110000000.0,Kanal,9801.0,False
https://www.zameen.com/Property/bahria_town_phase_8_bahria_town_phase_8_-_block_g_good_10_marla_house_for_sale_in_bahria_town_phase_8_-_block_g-54688688-3055-1.html,House,For Sale,10 Marla,5.0,6.0,16 hours ago,PKR 3.6 Crore,"Bahria Town Phase 8 - Block G, Bahria Town Phase 8",Rawalpindi,Zameen,36000000.0,Marla,2722.5,False
https://www.zameen.com/Property/bahria_town_phase_4_bahria_town_-_civic_centre_two_bedroom_apartment_for_sale_bahria_town_civic_center-54404033-8974-1.html,Room,For Sale,4 Marla,2.0,2.0,2 weeks ago,PKR 70 Lakh,"Bahria Town - Civic Centre, Bahria Town Phase 4",Rawalpindi,Zameen,7000000.0,Marla,1089.0,False
https://www.zameen.com/Property/bahria_town_phase_8_safari_valley_bahria_town_phase_8_-_usman_block_7_marla_brand_new_luxury_house_for_sale_bahria_town_phase_8_rawalpindi-53646355-3068-1.html,House,For Sale,7 Marla,5.0,6.0,2 weeks ago,PKR 2.95 Crore,"Bahria Town Phase 8 - Usman Block, Bahria Town Phase 8 - Safari Valley",Rawalpindi,Zameen,29500000.0,Marla,1905.75,False
https://www.zameen.com/Property/bahria_town_phase_8_safari_valley_bahria_town_phase_8_-_abu_bakar_block_7_marla_brand_new_luxury_house_for_sale_bahria_town_phase_8_rawalpindi-53742561-3069-1.html,House,For Sale,7 Marla,5.0,6.0,2 weeks ago,PKR 2.85 Crore,"Bahria Town Phase 8 - Abu Bakar Block, Bahria Town Phase 8 - Safari Valley",Rawalpindi,Zameen,28500000.0,Marla,1905.75,False
https://www.zameen.com/Property/rawalpindi_punjab_government_servant_housing_foundation_pgshf_7_marla_brand_new_house_available_for_sale-54614177-10424-1.html,House,For Sale,7 Marla,4.0,4.0,2 weeks ago,PKR 2.48 Crore,"Punjab Government Servant Housing Foundation (PGSHF), Rawalpindi",Rawalpindi,Zameen,24800000.0,Marla,1905.75,False
https://www.zameen.com/Property/bahria_greens_overseas_enclave_bahria_greens_-_overseas_enclave_-_sector_5_elegant_10_marla_house_premium_finishing_bahria_town-54567420-8304-1.html,House,For Sale,10 Marla,5.0,6.0,3 weeks ago,PKR 5.5 Crore,"Bahria Greens - Overseas Enclave - Sector 5, Bahria Greens - Overseas Enclave",Rawalpindi,Zameen,55000000.0,Marla,2722.5,False
https://www.zameen.com/Property/bahria_town_phase_8_bahria_business_district_stunning_main_double_road_flat_is_available_for_sale_in_bahria_business_district-54671547-9033-1.html,Apartment,For Sale,2.9 Marla,1.0,1.0,2 days ago,PKR 70 Lakh,"Bahria Business District, Bahria Town Phase 8",Rawalpindi,Zameen,7000000.0,Marla,789.525,False
https://www.zameen.com/Property/gulshan_abad_gulshan_abad_sector_1_3_marla_double-story_house_for_sale_in_gulshanabad_green_lane_6-54681429-14736-1.html,House,For Sale,3 Marla,3.0,3.0,2 days ago,PKR 1.35 Crore,"Gulshan Abad Sector 1, Gulshan Abad",Rawalpindi,Zameen,13500000.0,Marla,816.75,False
https://www.zameen.com/Property/bahria_town_rawalpindi_bahria_town_phase_2_beautifully_designed_brand_new_2nd_to_corner_house-54519848-3035-1.html,House,For Sale,10 Marla,5.0,5.0,2 days ago,PKR 5.95 Crore,"Bahria Town Phase 2, Bahria Town Rawalpindi",Rawalpindi,Zameen,59500000.0,Marla,2722.5,False
https://www.zameen.com/Property/bahria_town_rawalpindi_bahria_town_phase_8_2_bed_flat_sized_830_square_feet_for_sale-53065402-3048-1.html,Apartment,For Sale,3.8 Marla,2.0,2.0,2 days ago,PKR 65 Lakh,"Bahria Town Phase 8, Bahria Town Rawalpindi",Rawalpindi,Zameen,6500000.0,Marla,1034.55,False
https://www.zameen.com/Property/bahria_town_rawalpindi_bahria_town_phase_8_1_bedroom_apartment_for_sale_phase_8_bahria_town_rawalpindi-53352631-3048-1.html,Room,For Sale,2.4 Marla,1.0,1.0,2 days ago,PKR 50 Lakh,"Bahria Town Phase 8, Bahria Town Rawalpindi",Rawalpindi,Zameen,5000000.0,Marla,653.4,False
https://www.zameen.com/Property/bahria_town_rawalpindi_bahria_town_phase_8_2-bedroom_unit_1-bedroom_unit_3-bedroom_unit_2-years_easy_plan-53491827-3048-1.html,Room,For Sale,4.4 Marla,2.0,3.0,16 hours ago,PKR 2.86 Crore,"Bahria Town Phase 8, Bahria Town Rawalpindi",Rawalpindi,Zameen,28600000.0,Marla,1197.9,False
https://www.zameen.com/Property/bahria_town_rawalpindi_bahria_town_phase_7_15_marla_villa_-_owner_build_park_face_house-54247808-3047-1.html,House,For Sale,15 Marla,5.0,7.0,1 day ago,PKR 6.5 Crore,"Bahria Town Phase 7, Bahria Town Rawalpindi",Rawalpindi,Zameen,65000000.0,Marla,4083.75,False
https://www.zameen.com/Property/bahria_town_rawalpindi_bahria_town_phase_3_house_available_for_sale_in_bahria_town_phase_3-47775642-3036-1.html,House,For Sale,1 Kanal,6.0,6.0,1 day ago,PKR 7.5 Crore,"Bahria Town Phase 3, Bahria Town Rawalpindi",Rawalpindi,Zameen,75000000.0,Kanal,5445.0,False
https://www.zameen.com/Property/bahria_town_phase_8_bahria_town_phase_8_-_rafi_block_8_marla_house_for_sale_is_available_in_bahria_town_phase_8_-_rafi_block-54470716-3071-1.html,House,For Sale,8 Marla,5.0,5.0,1 day ago,PKR 2.78 Crore,"Bahria Town Phase 8 - Rafi Block, Bahria Town Phase 8",Rawalpindi,Zameen,27800000.0,Marla,2178.0,False
https://www.zameen.com/Property/bahria_town_phase_8_safari_valley_bahria_town_phase_8_-_usman_block_7_marla_house_for_sale_in_bahria_town_rawalpindi-54470723-3068-1.html,House,For Sale,7 Marla,5.0,5.0,1 day ago,PKR 2.77 Crore,"Bahria Town Phase 8 - Usman Block, Bahria Town Phase 8 - Safari Valley",Rawalpindi,Zameen,27700000.0,Marla,1905.75,False
https://www.zameen.com/Property/bahria_town_phase_8_bahria_town_phase_8_-_safari_valley_7_marla_house-54470725-3074-1.html,House,For Sale,7 Marla,5.0,5.0,1 day ago,PKR 2.85 Crore,"Bahria Town Phase 8 - Safari Valley, Bahria Town Phase 8",Rawalpindi,Zameen,28500000.0,Marla,1905.75,False
https://www.zameen.com/Property/bahria_town_rawalpindi_bahria_town_phase_8_5_marla_brand_new_house_on_invester_rate_for_sale-54686877-3048-1.html,House,For Sale,5 Marla,3.0,4.0,1 day ago,PKR 2.25 Crore,"Bahria Town Phase 8, Bahria Town Rawalpindi",Rawalpindi,Zameen,22500000.0,Marla,1361.25,False
https://www.zameen.com/Property/bahria_town_phase_8_bahria_town_phase_8_-_block_d_12_marla_house_is_available_for_sale_in_bahria_town_phase_8_-_block_d-54688687-3052-1.html,House,For Sale,12 Marla,5.0,6.0,16 hours ago,PKR 5.3 Crore,"Bahria Town Phase 8 - Block D, Bahria Town Phase 8",Rawalpindi,Zameen,53000000.0,Marla,3267.0,False
https://www.zameen.com/Property/bahria_town_phase_8_bahria_town_phase_8_-_block_m_book_a_house_of_5_marla_in_bahria_town_phase_8_-_block_m_rawalpindi-54688599-3062-1.html,House,For Sale,5 Marla,3.0,3.0,16 hours ago,PKR 2.35 Crore,"Bahria Town Phase 8 - Block M, Bahria Town Phase 8",Rawalpindi,Zameen,23500000.0,Marla,1361.25,False
https://www.zameen.com/Property/satellite_town_satellite_town_-_block_f_3_bed_apartment_for_sale_double_entrance_3rd_floor_rental_income_pkr_100_000_month-54500454-10240-1.html,Apartment,For Sale,4.9 Marla,3.0,3.0,16 hours ago,PKR 2.1 Crore,"Satellite Town - Block F, Satellite Town",Rawalpindi,Zameen,21000000.0,Marla,1334.025,False
https://www.zameen.com/Property/bahria_town_phase_8_safari_valley_bahria_town_phase_8_-_ali_block_500_sq_ft_fully_furnished_1_bed_apartment_for_sale_corner_unit_rented_pkr_40_000_family_building_bahria_transfer-54394731-3070-1.html,Apartment,For Sale,2.2 Marla,1.0,1.0,16 hours ago,PKR 53 Lakh,"Bahria Town Phase 8 - Ali Block, Bahria Town Phase 8 - Safari Valley",Rawalpindi,Zameen,5300000.0,Marla,598.95,False
https://www.zameen.com/Property/bahria_town_rawalpindi_bahria_town_phase_8_brand_new_luxury_2_bed_fully_furnished_apartment_for_sale_mosque_facing_front_back_open_bahria_transfer_registry_intiqal_available_high-rise_family_building-54387315-3048-1.html,Apartment,For Sale,5 Marla,2.0,2.0,16 hours ago,PKR 1.9 Crore,"Bahria Town Phase 8, Bahria Town Rawalpindi",Rawalpindi,Zameen,19000000.0,Marla,1361.25,False
https://www.zameen.com/Property/rawalpindi_samarzar_housing_society_3_marla_corner_category_house_for_sale_car_parking_rooftop_mumty_solid_construction_woodwork_prime_location-54387305-9179-1.html,House,For Sale,3 Marla,2.0,2.0,16 hours ago,PKR 68 Lakh,"Samarzar Housing Society, Rawalpindi",Rawalpindi,Zameen,6800000.0,Marla,816.75,False
https://www.zameen.com/Property/bahria_town_phase_8_bahria_town_phase_8_-_block_m_5_5_marla_owner-built_house_for_sale_like_brand_new_3_bed_back_open_with_lawn_furnished_non-furnished_options_top_location-54387304-3062-1.html,House,For Sale,5 Marla,3.0,4.0,16 hours ago,PKR 2.35 Crore,"Bahria Town Phase 8 - Block M, Bahria Town Phase 8",Rawalpindi,Zameen,23500000.0,Marla,1361.25,False
https://www.zameen.com/Property/bahria_town_phase_8_bahria_town_phase_8_-_block_i_10_marla_house_for_sale_in_bahria_town_phase_8_-_block_i_rawalpindi-54574470-3057-1.html,House,For Sale,10 Marla,5.0,6.0,16 hours ago,PKR 4.7 Crore,"Bahria Town Phase 8 - Block I, Bahria Town Phase 8",Rawalpindi,Zameen,47000000.0,Marla,2722.5,False
https://www.zameen.com/Property/bahria_town_phase_8_bahria_town_phase_8_-_block_m_high_quality_5_marla_house_for_sale_in_bahria_town_rawalpindi-54568252-3062-1.html,House,For Sale,5 Marla,3.0,4.0,3 weeks ago,PKR 2.45 Crore,"Bahria Town Phase 8 - Block M, Bahria Town Phase 8",Rawalpindi,Zameen,24500000.0,Marla,1361.25,False
https://www.zameen.com/Property/bahria_town_rawalpindi_bahria_town_phase_5_brand_new_luxury_designer_1_kanal_house_for_sale-54585360-3045-1.html,House,For Sale,1 Kanal,6.0,6.0,3 weeks ago,PKR 16.25 Crore,"Bahria Town Phase 5, Bahria Town Rawalpindi",Rawalpindi,Zameen,162500000.0,Kanal,5445.0,False
https://www.zameen.com/Property/bahria_town_rawalpindi_bahria_town_phase_2_house_of_10_marla_is_available_for_sale-54530757-3035-1.html,House,For Sale,10 Marla,5.0,5.0,3 weeks ago,PKR 5.95 Crore,"Bahria Town Phase 2, Bahria Town Rawalpindi",Rawalpindi,Zameen,59500000.0,Marla,2722.5,False
https://www.zameen.com/Property/gulshan_abad_gulshan_abad_sector_2_10_marla_single_storey_single_unit_house_available_for_sale-54593986-14739-1.html,House,For Sale,10 Marla,3.0,4.0,3 weeks ago,PKR 2.5 Crore,"Gulshan Abad Sector 2, Gulshan Abad",Rawalpindi,Zameen,25000000.0,Marla,2722.5,False
https://www.zameen.com/Property/rawalpindi_top_city-1_beutifull_brand_new_house_for_sale-54568466-10910-1.html,House,For Sale,1 Kanal,6.0,6.0,3 weeks ago,PKR 12 Crore,"Top City-1, Rawalpindi",Rawalpindi,Zameen,120000000.0,Kanal,5445.0,False
https://www.zameen.com/Property/bahria_town_phase_8_bahria_business_district_1_bedroom_luxury_apartment_corner_for_sale-54435157-9033-1.html,Room,For Sale,3.8 Marla,1.0,1.0,3 days ago,PKR 75 Lakh,"Bahria Business District, Bahria Town Phase 8",Rawalpindi,Zameen,7500000.0,Marla,1034.55,False
https://www.zameen.com/Property/bahria_greens_overseas_enclave_bahria_greens_-_overseas_enclave_-_sector_5_affordable_corner_house_of_1200_square_feet_is_available_for_sale-53790186-8304-1.html,House,For Sale,1.2 Kanal,5.0,6.0,3 days ago,PKR 7.9 Crore,"Bahria Greens - Overseas Enclave - Sector 5, Bahria Greens - Overseas Enclave",Rawalpindi,Zameen,79000000.0,Kanal,6534.0,False
https://www.zameen.com/Property/bahria_town_rawalpindi_bahria_town_-_safari_villas_luxury_2-bedroom_fully_furnished_apartment_for_sale-54456101-3078-1.html,Room,For Sale,5.5 Marla,2.0,2.0,3 days ago,PKR 1.25 Crore,"Bahria Town - Safari Villas, Bahria Town Rawalpindi",Rawalpindi,Zameen,12500000.0,Marla,1497.375,False
https://www.zameen.com/Property/bahria_town_phase_8_bahria_town_phase_8_-_block_l_best_options_for_on_excellent_location_house_is_available_for_sale_in_bahria_town_phase_8_-_block_l-54566988-3061-1.html,House,For Sale,10 Marla,5.0,6.0,3 days ago,PKR 4 Crore,"Bahria Town Phase 8 - Block L, Bahria Town Phase 8",Rawalpindi,Zameen,40000000.0,Marla,2722.5,False
https://www.zameen.com/Property/bahria_town_phase_8_bahria_business_district_on_excellent_location_flat_sized_1030_square_feet_is_available_for_sale_in_bahria_business_district-54566987-9033-1.html,Apartment,For Sale,4.6 Marla,2.0,2.0,3 days ago,PKR 1.2 Crore,"Bahria Business District, Bahria Town Phase 8",Rawalpindi,Zameen,12000000.0,Marla,1252.35,False
https://www.zameen.com/Property/gulshan_abad_gulshan_abad_sector_2_1_kanal_single_unit_house_available_for_sale-51891480-14739-1.html,House,For Sale,1 Kanal,5.0,5.0,1 day ago,PKR 3.7 Crore,"Gulshan Abad Sector 2, Gulshan Abad",Rawalpindi,Zameen,37000000.0,Kanal,5445.0,False
https://www.zameen.com/Property/gulshan_abad_gulshan_abad_sector_3_5_marla_double_story_double_unit_house_available_for_sale-54583437-14741-1.html,House,For Sale,5 Marla,4.0,6.0,1 day ago,PKR 1.8 Crore,"Gulshan Abad Sector 3, Gulshan Abad",Rawalpindi,Zameen,18000000.0,Marla,1361.25,False
https://www.zameen.com/Property/satellite_town_satellite_town_-_block_d_house_for_sale_in_satellite_town_e_block-54686673-6043-1.html,House,For Sale,7 Marla,6.0,7.0,1 day ago,PKR 6.5 Crore,"Satellite Town - Block D, Satellite Town",Rawalpindi,Zameen,65000000.0,Marla,1905.75,False
https://www.zameen.com/Property/rawalpindi_caltex_road_house_for_sale_caltex_road_exective_home-54605653-9457-1.html,House,For Sale,5 Marla,4.0,5.0,1 day ago,PKR 2.48 Crore,"Caltex Road, Rawalpindi",Rawalpindi,Zameen,24800000.0,Marla,1361.25,False
https://www.zameen.com/Property/rawalpindi_adiala_road_5_marla_double_unit_house_for_sale_janjua_town-54611899-478-1.html,House,For Sale,5 Marla,4.0,6.0,1 day ago,PKR 1.68 Crore,"Adiala Road, Rawalpindi",Rawalpindi,Zameen,16800000.0,Marla,1361.25,False
https://www.zameen.com/Property/rawalpindi_defence_road_double_story_house_for_sale_defiance_road_near_askria_14gate_2-54623342-8144-1.html,House,For Sale,3.2 Marla,3.0,2.0,1 day ago,PKR 95 Lakh,"Defence Road, Rawalpindi",Rawalpindi,Zameen,9500000.0,Marla,871.2,False
https://www.zameen.com/Property/bahria_town_rawalpindi_bahria_heights_one_bedroom_full_furnished_apartment_for_sale_in_bahria_height_2_extension-42964827-8506-1.html,Room,For Sale,4 Marla,1.0,2.0,1 day ago,PKR 1.5 Crore,"Bahria Heights, Bahria Town Rawalpindi",Rawalpindi,Zameen,15000000.0,Marla,1089.0,False
https://www.zameen.com/Property/bahria_town_phase_8_bahria_town_phase_8_-_block_m_house_of_5_marla_is_available_for_sale_in_bahria_town_phase_8_-_block_m-54568564-3062-1.html,House,For Sale,5 Marla,3.0,4.0,16 hours ago,PKR 2.55 Crore,"Bahria Town Phase 8 - Block M, Bahria Town Phase 8",Rawalpindi,Zameen,25500000.0,Marla,1361.25,False
https://www.zameen.com/Property/rawalpindi_gulshan-e-khurshid_road_rawalpindi_bank_loan_house_gulshan_e_khursheed_bhata_road_house_for_sale-54649719-16703-1.html,House,For Sale,4.9 Marla,4.0,3.0,17 hours ago,PKR 1.1 Crore,"Gulshan-e-Khurshid Road, Rawalpindi",Rawalpindi,Zameen,11000000.0,Marla,1334.025,False
https://www.zameen.com/Property/bahria_town_phase_8_safari_valley_bahria_town_phase_8_-_ali_block_7_marla_brand_new_designer_house_for_sale_park_facing_ali_block_bahria_town_phase_8-54605499-3070-1.html,House,For Sale,7 Marla,5.0,6.0,17 hours ago,PKR 3.5 Crore,"Bahria Town Phase 8 - Ali Block, Bahria Town Phase 8 - Safari Valley",Rawalpindi,Zameen,35000000.0,Marla,1905.75,False
https://www.zameen.com/Property/bahria_town_phase_8_safari_valley_bahria_town_phase_8_-_abu_bakar_block_7_marla_double_unit_house_for_sale_abu_bakar_block_bahria_town_phase_8_registery_available-54605406-3069-1.html,House,For Sale,7 Marla,5.0,6.0,17 hours ago,PKR 2.65 Crore,"Bahria Town Phase 8 - Abu Bakar Block, Bahria Town Phase 8 - Safari Valley",Rawalpindi,Zameen,26500000.0,Marla,1905.75,False
https://www.zameen.com/Property/bahria_town_phase_4_bahria_town_-_civic_centre_furnish_one_bedroom_apartment_in_family_plaza-54016545-8974-1.html,Room,For Sale,2.2 Marla,1.0,1.0,18 hours ago,PKR 52 Lakh,"Bahria Town - Civic Centre, Bahria Town Phase 4",Rawalpindi,Zameen,5200000.0,Marla,598.95,False
https://www.zameen.com/Property/bahria_town_rawalpindi_bahria_heights_luxury_apartments_furnish_one_bedroom-54558915-8506-1.html,Room,For Sale,3.7 Marla,1.0,2.0,18 hours ago,PKR 1.4 Crore,"Bahria Heights, Bahria Town Rawalpindi",Rawalpindi,Zameen,14000000.0,Marla,1007.325,False
https://www.zameen.com/Property/bahria_town_phase_4_bahria_town_-_civic_centre_brand_new_one_bedroom_apartment_for_sale-54150295-8974-1.html,Room,For Sale,2.4 Marla,1.0,1.0,18 hours ago,PKR 67 Lakh,"Bahria Town - Civic Centre, Bahria Town Phase 4",Rawalpindi,Zameen,6700000.0,Marla,653.4,False
https://www.zameen.com/Property/bahria_town_phase_4_bahria_town_-_civic_centre_brand_new_condition_two_bed_apartment_sale-54369552-8974-1.html,Apartment,For Sale,3.2 Marla,2.0,2.0,18 hours ago,PKR 80 Lakh,"Bahria Town - Civic Centre, Bahria Town Phase 4",Rawalpindi,Zameen,8000000.0,Marla,871.2,False
https://www.zameen.com/Property/gulshan_abad_gulshan_abad_sector_3_good_location_7_marla_house_for_sale_in_gulshan_abad_sector_3-53844526-14741-1.html,House,For Sale,7 Marla,6.0,5.0,3 weeks ago,PKR 2.55 Crore,"Gulshan Abad Sector 3, Gulshan Abad",Rawalpindi,Zameen,25500000.0,Marla,1905.75,False
https://www.zameen.com/Property/bahria_town_rawalpindi_bahria_town_phase_8_5_marla_brand_new_house_for_sale_in_bahria_town_phase_8_rawalpindi-54554358-3048-1.html,House,For Sale,5 Marla,3.0,4.0,3 weeks ago,PKR 2.2 Crore,"Bahria Town Phase 8, Bahria Town Rawalpindi",Rawalpindi,Zameen,22000000.0,Marla,1361.25,False
https://www.zameen.com/Property/bahria_town_rawalpindi_bahria_town_phase_8_14_marla_brand_new_luxury_house_for_sale_bahria_town_phase_8_rawalpindi-54554139-3048-1.html,House,For Sale,14 Marla,4.0,5.0,3 weeks ago,PKR 4.75 Crore,"Bahria Town Phase 8, Bahria Town Rawalpindi",Rawalpindi,Zameen,47500000.0,Marla,3811.5,False
https://www.zameen.com/Property/bahria_town_rawalpindi_bahria_town_phase_3_10_marla_used_house_is_for_sale-54586876-3036-1.html,House,For Sale,10 Marla,5.0,5.0,3 weeks ago,PKR 3.5 Crore,"Bahria Town Phase 3, Bahria Town Rawalpindi",Rawalpindi,Zameen,35000000.0,Marla,2722.5,False
https://www.zameen.com/Property/bahria_town_phase_8_bahria_town_phase_8_-_awami_villas_2_fair-priced_on_excellent_location_795_square_feet_flat_available_in_bahria_town_phase_8_-_awami_villas_2-54588870-8207-1.html,Apartment,For Sale,3.5 Marla,2.0,1.0,3 days ago,PKR 68 Lakh,"Bahria Town Phase 8 - Awami Villas 2, Bahria Town Phase 8",Rawalpindi,Zameen,6800000.0,Marla,952.875,False
https://www.zameen.com/Property/bahria_town_rawalpindi_bahria_town_phase_7_house_for_sale_in_bahria_town_rawalpindi-54677668-3047-1.html,House,For Sale,8.3 Marla,5.0,6.0,3 days ago,PKR 3.3 Crore,"Bahria Town Phase 7, Bahria Town Rawalpindi",Rawalpindi,Zameen,33000000.0,Marla,2259.675,False
https://www.zameen.com/Property/bahria_town_phase_8_bahria_town_phase_8_-_safari_valley_registry_transfer_new_5_marla_house-54677093-3074-1.html,House,For Sale,5 Marla,4.0,4.0,3 days ago,PKR 2.25 Crore,"Bahria Town Phase 8 - Safari Valley, Bahria Town Phase 8",Rawalpindi,Zameen,22500000.0,Marla,1361.25,False
https://www.zameen.com/Property/rawalpindi_askari_14_3_bed_house_for_sale-54481971-1504-1.html,House,For Sale,10 Marla,3.0,3.0,4 days ago,PKR 5.5 Crore,"Askari 14, Rawalpindi",Rawalpindi,Zameen,55000000.0,Marla,2722.5,False
https://www.zameen.com/Property/bahria_town_phase_8_bahria_town_phase_8_-_block_b_tripple_story_house_is_available_for_sale-54631840-3050-1.html,House,For Sale,19.7 Marla,7.0,5.0,4 days ago,PKR 8.25 Crore,"Bahria Town Phase 8 - Block B, Bahria Town Phase 8",Rawalpindi,Zameen,82500000.0,Marla,5363.325,False
https://www.zameen.com/Property/bahria_town_phase_8_bahria_town_phase_8_-_block_d_bahria_town_phase_8_d_block_10_marla_corner_house_5_beds_prime_location_350_lac-54675565-3052-1.html,House,For Sale,10 Marla,5.0,5.0,4 days ago,PKR 3.6 Crore,"Bahria Town Phase 8 - Block D, Bahria Town Phase 8",Rawalpindi,Zameen,36000000.0,Marla,2722.5,False
https://www.zameen.com/Property/rawalpindi_punjab_government_servant_housing_foundation_pgshf_1_karnal_designer_brand_new_house_available_for_sale-54614127-10424-1.html,House,For Sale,1 Kanal,6.0,6.0,1 day ago,PKR 5.35 Crore,"Punjab Government Servant Housing Foundation (PGSHF), Rawalpindi",Rawalpindi,Zameen,53500000.0,Kanal,5445.0,False
https://www.zameen.com/Property/rawalpindi_punjab_government_servant_housing_foundation_pgshf_7_marla_double_storey_double_unit_house_available_for_sale-54614193-10424-1.html,House,For Sale,7 Marla,4.0,4.0,1 day ago,PKR 2.4 Crore,"Punjab Government Servant Housing Foundation (PGSHF), Rawalpindi",Rawalpindi,Zameen,24000000.0,Marla,1905.75,False
https://www.zameen.com/Property/bahria_town_rawalpindi_bahria_heights_1_bahria_heights_1_extension_block_d_1_bedroom_semi_furnished_apartment_available_for_sale_bahria_town_rawalpindi_islamabad-37843085-12199-1.html,Room,For Sale,5 Marla,1.0,2.0,1 day ago,PKR 1.75 Crore,"Bahria Heights 1, Bahria Town Rawalpindi",Rawalpindi,Zameen,17500000.0,Marla,1361.25,False
https://www.zameen.com/Property/bahria_town_rawalpindi_bahria_heights_full_furnished_one_bedroom_flat_available_for_sale_in_bahria_height_3_phase_4-47195686-8506-1.html,Room,For Sale,3.3 Marla,1.0,1.0,1 day ago,PKR 1.15 Crore,"Bahria Heights, Bahria Town Rawalpindi",Rawalpindi,Zameen,11500000.0,Marla,898.425,False
https://www.zameen.com/Property/bahria_town_rawalpindi_bahria_town_phase_3_kanal_house_for_sale_phase_3-54499692-3036-1.html,House,For Sale,1 Kanal,7.0,6.0,2 days ago,PKR 8 Crore,"Bahria Town Phase 3, Bahria Town Rawalpindi",Rawalpindi,Zameen,80000000.0,Kanal,5445.0,False
https://www.zameen.com/Property/bahria_town_phase_8_bahria_town_phase_8_-_block_c_10_marla_owner_built_st_park_facing_complete_grey_structure_for_sale-54655470-3051-1.html,Other,For Sale,10 Marla,5.0,6.0,2 days ago,PKR 2.8 Crore,"Bahria Town Phase 8 - Block C, Bahria Town Phase 8",Rawalpindi,Zameen,28000000.0,Marla,2722.5,False
https://www.zameen.com/Property/bahria_town_rawalpindi_bahria_town_-_safari_villas_3_for_sale_two_bed_luxury_apartment_fully_furnished_in_bahria_town_phase_2-54304339-3080-1.html,Apartment,For Sale,7.6 Marla,2.0,2.0,2 days ago,PKR 2.6 Crore,"Bahria Town - Safari Villas 3, Bahria Town Rawalpindi",Rawalpindi,Zameen,26000000.0,Marla,2069.1,False
https://www.zameen.com/Property/bahria_town_rawalpindi_bahria_town_phase_4_house_of_10_marla_is_available_in_contemporary_neighborhood_of_bahria_town_rawalpindi-54688382-3041-1.html,House,For Sale,10 Marla,5.0,5.0,18 hours ago,PKR 4.5 Crore,"Bahria Town Phase 4, Bahria Town Rawalpindi",Rawalpindi,Zameen,45000000.0,Marla,2722.5,False
https://www.zameen.com/Property/bahria_town_rawalpindi_bahria_town_phase_8_1_bed_apartment_available_for_sale_in_bahria_town_phase_8-54688326-3048-1.html,Apartment,For Sale,2 Marla,1.0,1.0,18 hours ago,PKR 30 Lakh,"Bahria Town Phase 8, Bahria Town Rawalpindi",Rawalpindi,Zameen,3000000.0,Marla,544.5,False
https://www.zameen.com/Property/bahria_town_rawalpindi_bahria_town_phase_4_10_marla_house_for_sale-54151892-3041-1.html,House,For Sale,10 Marla,5.0,6.0,19 hours ago,PKR 3.85 Crore,"Bahria Town Phase 4, Bahria Town Rawalpindi",Rawalpindi,Zameen,38500000.0,Marla,2722.5,False
https://www.zameen.com/Property/bahria_town_phase_8_bahria_town_phase_8_-_block_p_luxurious_1_kanal_with_extra_land_designer_house_6_bedrooms_15_kw_solar_huge_back_lawn_skyline-54094561-3065-1.html,Room,For Sale,1.6 Kanal,6.0,7.0,21 hours ago,PKR 8.65 Crore,"Bahria Town Phase 8 - Block P, Bahria Town Phase 8",Rawalpindi,Zameen,86500000.0,Kanal,8712.0,False
https://www.zameen.com/Property/chaklala_scheme_chaklala_scheme_3_solidly_built_10_marla_double-story_house_for_sale_in_khayaban-e-tanveer_near_chaklala_scheme_3-54681805-1312-1.html,House,For Sale,10 Marla,6.0,6.0,21 hours ago,PKR 4 Crore,"Chaklala Scheme 3, Chaklala Scheme",Rawalpindi,Zameen,40000000.0,Marla,2722.5,False
https://www.zameen.com/Property/bahria_town_rawalpindi_bahria_town_phase_3_prime_location_1_kanal_house_in_bahria_town_rawalpindi_for_sale_at_good_location-40867654-3036-1.html,House,For Sale,1 Kanal,5.0,6.0,22 hours ago,PKR 8.5 Crore,"Bahria Town Phase 3, Bahria Town Rawalpindi",Rawalpindi,Zameen,85000000.0,Kanal,5445.0,False
https://www.zameen.com/Property/bahria_town_rawalpindi_bahria_intellectual_village_designer_house_for_sale_bahria_town_phase_7_islamabad_size_54_marla-45724127-8256-1.html,House,For Sale,2.7 Kanal,6.0,6.0,22 hours ago,PKR 26.5 Crore,"Bahria Intellectual Village, Bahria Town Rawalpindi",Rawalpindi,Zameen,265000000.0,Kanal,14701.500000000002,False
https://www.zameen.com/Property/bahria_town_rawalpindi_bahria_town_phase_2_corner_brand_new_ultra_modern_designer_house_for_sale-45574524-3035-1.html,House,For Sale,1 Kanal,5.0,6.0,22 hours ago,PKR 10.5 Crore,"Bahria Town Phase 2, Bahria Town Rawalpindi",Rawalpindi,Zameen,105000000.0,Kanal,5445.0,False
https://www.zameen.com/Property/bahria_town_phase_8_bahria_business_district_luxury_12_marla_penthouse_for_sale_business_district-54563149-9033-1.html,Penthouse,For Sale,12 Marla,3.0,4.0,3 days ago,PKR 99 Lakh,"Bahria Business District, Bahria Town Phase 8",Rawalpindi,Zameen,9900000.0,Marla,3267.0,False
https://www.zameen.com/Property/bahria_town_phase_8_bahria_business_district_corner_apartment_for_sale_horse_point_corner_plaza_phase_8_bahria_town_rawalpindi-54563176-9033-1.html,Apartment,For Sale,2.7 Marla,2.0,2.0,3 days ago,PKR 57 Lakh,"Bahria Business District, Bahria Town Phase 8",Rawalpindi,Zameen,5700000.0,Marla,735.075,False
https://www.zameen.com/Property/bahria_town_phase_4_bahria_town_-_civic_centre_1_bed_fully_furnish_apartment_for_sale_in_bahria_town_civic_centre-54506694-8974-1.html,Apartment,For Sale,2.2 Marla,1.0,1.0,4 days ago,PKR 76 Lakh,"Bahria Town - Civic Centre, Bahria Town Phase 4",Rawalpindi,Zameen,7600000.0,Marla,598.95,False
https://www.zameen.com/Property/airport_housing_society_airport_housing_society_-_sector_3_12_marla_house_for_sale_in_sector_3_most_beautiful_house-54487133-9154-1.html,House,For Sale,5.5 Marla,6.0,6.0,4 days ago,PKR 5.5 Crore,"Airport Housing Society - Sector 3, Airport Housing Society",Rawalpindi,Zameen,55000000.0,Marla,1497.375,False
https://www.zameen.com/Property/bahria_town_phase_8_bahria_town_phase_8_-_safari_homes_safari_home_sector_f_cornor_big_lawn_single_story_for_sale-54678084-10610-1.html,Other,For Sale,5 Marla,2.0,2.0,3 days ago,PKR 1.28 Crore,"Bahria Town Phase 8 - Safari Homes, Bahria Town Phase 8",Rawalpindi,Zameen,12800000.0,Marla,1361.25,False
https://www.zameen.com/Property/taj_residencia_taj_residencia_-_daffodils_block_4_marla_corner_villa_for_sale_in_taj_residencia_prime_location_luxury_living-54500472-18990-1.html,Villa,For Sale,4 Marla,4.0,4.0,4 days ago,PKR 1.7 Crore,"Taj Residencia - Daffodils Block, Taj Residencia",Rawalpindi,Zameen,17000000.0,Marla,1089.0,False
https://www.zameen.com/Property/media_town_media_town_-_block_a_12_marla_house_in_media_town_block_a_near_isb_express_highway-54600013-16390-1.html,House,For Sale,12.4 Marla,6.0,6.0,4 days ago,PKR 5.1 Crore,"Media Town - Block A, Media Town",Rawalpindi,Zameen,51000000.0,Marla,3375.9,False
https://www.zameen.com/Property/bahria_town_rawalpindi_bahria_town_phase_8_1-bed_apartment_for_sale_well-maintained_building_phase_8_bahria_town_rawalpindi-54531221-3048-1.html,Apartment,For Sale,2.5 Marla,1.0,1.0,2 days ago,PKR 50 Lakh,"Bahria Town Phase 8, Bahria Town Rawalpindi",Rawalpindi,Zameen,5000000.0,Marla,680.625,False
https://www.zameen.com/Property/bahria_town_rawalpindi_bahria_town_-_safari_villas_brand_new_fully_furnished_designer_house_for_sale-54153838-3078-1.html,House,For Sale,12 Marla,3.0,4.0,3 days ago,PKR 5.5 Crore,"Bahria Town - Safari Villas, Bahria Town Rawalpindi",Rawalpindi,Zameen,55000000.0,Marla,3267.0,False
https://www.zameen.com/Property/snober_city_snober_city_-_green_villas_snober_city_size_5_marla_single_storey_house_for_sale-54665657-16235-1.html,House,For Sale,5 Marla,2.0,3.0,4 days ago,PKR 1.1 Crore,"Snober City - Green Villas, Snober City",Rawalpindi,Zameen,11000000.0,Marla,1361.25,False
https://www.zameen.com/Property/rawalpindi_media_town_12_marla_brand_new_designer_house_for_sale_in_media_town_rawalpindi-54522574-8157-1.html,House,For Sale,12 Marla,6.0,6.0,1 day ago,PKR 6.5 Crore,"Media Town, Rawalpindi",Rawalpindi,Zameen,65000000.0,Marla,3267.0,False
https://www.zameen.com/Property/bahria_town_rawalpindi_bahria_town_phase_8_park_facing_1_kanal_designer_house_near_future_world_school-52846203-3048-1.html,House,For Sale,1.1 Kanal,5.0,6.0,1 day ago,PKR 10.5 Crore,"Bahria Town Phase 8, Bahria Town Rawalpindi",Rawalpindi,Zameen,105000000.0,Kanal,5989.500000000001,False
https://www.zameen.com/Property/bahria_town_rawalpindi_bahria_town_-_safari_villas_3_urgent_for_sale_two_bed_luxury_apartment_in_the_sanctuary_mall_bahria_town_phase_2-52285864-3080-1.html,Apartment,For Sale,7.3 Marla,2.0,2.0,2 days ago,PKR 2.6 Crore,"Bahria Town - Safari Villas 3, Bahria Town Rawalpindi",Rawalpindi,Zameen,26000000.0,Marla,1987.425,False
https://www.zameen.com/Property/bahria_town_rawalpindi_bahria_town_phase_3_1_kanal_brand_new_hauos_available_for_sale-54451237-3036-1.html,Other,For Sale,1 Kanal,6.0,6.0,2 days ago,PKR 11 Crore,"Bahria Town Phase 3, Bahria Town Rawalpindi",Rawalpindi,Zameen,110000000.0,Kanal,5445.0,False
https://www.zameen.com/Property/bahria_town_rawalpindi_bahria_town_phase_3_brend_new_10_marla_hauos_available_for_sale-54408888-3036-1.html,Other,For Sale,10 Marla,5.0,5.0,2 days ago,PKR 5.4 Crore,"Bahria Town Phase 3, Bahria Town Rawalpindi",Rawalpindi,Zameen,54000000.0,Marla,2722.5,False
https://www.zameen.com/Property/bahria_town_rawalpindi_bahria_town_phase_2_10_marla_brand_new_house_available_for_sale-54523213-3035-1.html,House,For Sale,10 Marla,5.0,6.0,2 days ago,PKR 5.95 Crore,"Bahria Town Phase 2, Bahria Town Rawalpindi",Rawalpindi,Zameen,59500000.0,Marla,2722.5,False
https://www.zameen.com/Property/bahria_town_rawalpindi_bahria_town_phase_1_flat_in_bharia_town_phase_1_suburbia_residence-54496916-3033-1.html,Apartment,For Sale,2.2 Marla,1.0,1.0,2 days ago,PKR 30 Lakh,"Bahria Town Phase 1, Bahria Town Rawalpindi",Rawalpindi,Zameen,3000000.0,Marla,598.95,False
https://www.zameen.com/Property/bahria_town_rawalpindi_bahria_town_phase_6_boulevard_brand_new_spanish_house_for_sale_in_phase_6_size_20_marla_al_most_final-43451159-3046-1.html,House,For Sale,1 Kanal,6.0,6.0,22 hours ago,PKR 12 Crore,"Bahria Town Phase 6, Bahria Town Rawalpindi",Rawalpindi,Zameen,120000000.0,Kanal,5445.0,False
https://www.zameen.com/Property/bahria_town_rawalpindi_bahria_intellectual_village_5390_square_feet_house_for_sale_is_available_in_bahria_intellectual_village-50399700-8256-1.html,House,For Sale,1 Kanal,5.0,6.0,22 hours ago,PKR 22.75 Crore,"Bahria Intellectual Village, Bahria Town Rawalpindi",Rawalpindi,Zameen,227500000.0,Kanal,5445.0,False
https://www.zameen.com/Property/bahria_town_rawalpindi_bahria_town_phase_3_fully_renovated_house_for_sale_in_phase_3-48283285-3036-1.html,House,For Sale,10 Marla,5.0,6.0,22 hours ago,PKR 4.1 Crore,"Bahria Town Phase 3, Bahria Town Rawalpindi",Rawalpindi,Zameen,41000000.0,Marla,2722.5,False
https://www.zameen.com/Property/bahria_town_rawalpindi_bahria_intellectual_village_brand_new_ultra_modern_designer_house_for_sale_size_24_marla-48151969-8256-1.html,House,For Sale,1.2 Kanal,6.0,6.0,22 hours ago,PKR 20 Crore,"Bahria Intellectual Village, Bahria Town Rawalpindi",Rawalpindi,Zameen,200000000.0,Kanal,6534.0,False
https://www.zameen.com/Property/bahria_town_phase_8_bahria_town_phase_8_-_block_a_modern_designer_house_for_sale-51962452-3049-1.html,House,For Sale,1.8 Kanal,6.0,6.0,22 hours ago,PKR 16.5 Crore,"Bahria Town Phase 8 - Block A, Bahria Town Phase 8",Rawalpindi,Zameen,165000000.0,Kanal,9801.0,False
https://www.zameen.com/Property/bahria_town_rawalpindi_bahria_town_-_safari_villas_3_very_prime_location_villa_for_sale-51641884-3080-1.html,Villa,For Sale,12 Marla,3.0,4.0,22 hours ago,PKR 4.8 Crore,"Bahria Town - Safari Villas 3, Bahria Town Rawalpindi",Rawalpindi,Zameen,48000000.0,Marla,3267.0,False
https://www.zameen.com/Property/bahria_town_rawalpindi_bahria_town_-_safari_villas_triple_unit_open_basement_villas_for_sale-51443084-3078-1.html,Villa,For Sale,14 Marla,5.0,6.0,22 hours ago,PKR 6.25 Crore,"Bahria Town - Safari Villas, Bahria Town Rawalpindi",Rawalpindi,Zameen,62500000.0,Marla,3811.5,False
https://www.zameen.com/Property/bahria_town_rawalpindi_bahria_town_phase_3_ideal_house_for_sale_in_heart_of_bahira-51357154-3036-1.html,House,For Sale,1 Kanal,5.0,6.0,22 hours ago,PKR 14.9 Crore,"Bahria Town Phase 3, Bahria Town Rawalpindi",Rawalpindi,Zameen,149000000.0,Kanal,5445.0,False
https://www.zameen.com/Property/bahria_greens_overseas_enclave_bahria_greens_-_overseas_enclave_-_sector_6_brand_new_12_marla_owner_built_designer_house_for_sale_registry_available-54674107-8305-1.html,House,For Sale,12 Marla,5.0,6.0,4 days ago,PKR 5.5 Crore,"Bahria Greens - Overseas Enclave - Sector 6, Bahria Greens - Overseas Enclave",Rawalpindi,Zameen,55000000.0,Marla,3267.0,False
https://www.zameen.com/Property/rawalpindi_gulraiz_housing_scheme_very_prime_located_brand_new_5_marla_double_storey_house_for_sell_in_gulraiz-54669760-438-1.html,House,For Sale,5 Marla,4.0,4.0,4 days ago,PKR 2.7 Crore,"Gulraiz Housing Scheme, Rawalpindi",Rawalpindi,Zameen,27000000.0,Marla,1361.25,False
https://www.zameen.com/Property/rawalpindi_professors_colony_house_5_marla_for_sale_in_professors_colony-54594377-6039-1.html,House,For Sale,5 Marla,5.0,5.0,4 days ago,PKR 3 Crore,"Professors Colony, Rawalpindi",Rawalpindi,Zameen,30000000.0,Marla,1361.25,False
https://www.zameen.com/Property/bahria_town_phase_8_mgc_jewel_book_on_excellent_location_flat_today_in_mgc_jewel-53626299-18833-1.html,Apartment,For Sale,2.5 Marla,1.0,1.0,4 days ago,PKR 1.68 Crore,"MGC Jewel, Bahria Town Phase 8",Rawalpindi,Zameen,16800000.0,Marla,680.625,False
https://www.zameen.com/Property/bahria_greens_overseas_enclave_bahria_greens_-_overseas_enclave_-_sector_5_8_marla_corner_house_fully_furnished_with_solar_and_double_gate_double_unit_for_sale_in_overseas_5-54673644-8304-1.html,House,For Sale,8 Marla,4.0,4.0,4 days ago,PKR 4.25 Crore,"Bahria Greens - Overseas Enclave - Sector 5, Bahria Greens - Overseas Enclave",Rawalpindi,Zameen,42500000.0,Marla,2178.0,False
https://www.zameen.com/Property/bahria_town_rawalpindi_bahria_heights_1_luxury_1_bedroom_apartment_available_for_sale_in_bahria_heights_1-54601636-12199-1.html,Room,For Sale,3.6 Marla,1.0,2.0,4 days ago,PKR 1.21 Crore,"Bahria Heights 1, Bahria Town Rawalpindi",Rawalpindi,Zameen,12100000.0,Marla,980.1,False
https://www.zameen.com/Property/bahria_town_phase_8_bahria_town_phase_8_-_block_m_you_can_find_a_gorgeous_house_for_sale_in_bahria_town_phase_8_-_block_m-54660617-3062-1.html,House,For Sale,5 Marla,3.0,3.0,5 days ago,PKR 2.6 Crore,"Bahria Town Phase 8 - Block M, Bahria Town Phase 8",Rawalpindi,Zameen,26000000.0,Marla,1361.25,False
https://www.zameen.com/Property/bahria_town_rawalpindi_bahria_intellectual_village_fully_furnished_beautiful_designer_luxury_house-43639626-8256-1.html,House,For Sale,1.2 Kanal,6.0,6.0,5 days ago,PKR 22.75 Crore,"Bahria Intellectual Village, Bahria Town Rawalpindi",Rawalpindi,Zameen,227500000.0,Kanal,6534.0,False
https://www.zameen.com/Property/bahria_town_rawalpindi_bahria_town_phase_8_12_marla_brand_new_house_with_lawn_for_sale_at_very_reasonable_price-54596753-3048-1.html,House,For Sale,12 Marla,5.0,6.0,5 days ago,PKR 2.9 Crore,"Bahria Town Phase 8, Bahria Town Rawalpindi",Rawalpindi,Zameen,29000000.0,Marla,3267.0,False
https://www.zameen.com/Property/bahria_town_rawalpindi_bahria_town_phase_8_12_marla_registry_elegant_brand_new_house_for_sale_prime_location_bahria_town-54597228-3048-1.html,House,For Sale,12 Marla,5.0,6.0,5 days ago,PKR 3.8 Crore,"Bahria Town Phase 8, Bahria Town Rawalpindi",Rawalpindi,Zameen,38000000.0,Marla,3267.0,False
https://www.zameen.com/Property/bahria_town_rawalpindi_bahria_town_phase_8_amazing_1_kanal_house_with_excellent_finish-51967005-3048-1.html,House,For Sale,1 Kanal,6.0,7.0,1 day ago,PKR 8.65 Crore,"Bahria Town Phase 8, Bahria Town Rawalpindi",Rawalpindi,Zameen,86500000.0,Kanal,5445.0,False
https://www.zameen.com/Property/bahria_town_rawalpindi_bahria_town_phase_3_investor_rate_house_for_sale_at_the_most_prime_location_of-48283901-3036-1.html,House,For Sale,10 Marla,5.0,6.0,1 day ago,PKR 3.95 Crore,"Bahria Town Phase 3, Bahria Town Rawalpindi",Rawalpindi,Zameen,39500000.0,Marla,2722.5,False
https://www.zameen.com/Property/bahria_town_phase_7_bahria_spring_north_house_for_sale-54634998-8322-1.html,House,For Sale,2 Kanal,7.0,6.0,2 days ago,PKR 22 Crore,"Bahria Spring North, Bahria Town Phase 7",Rawalpindi,Zameen,220000000.0,Kanal,10890.0,False
https://www.zameen.com/Property/bahria_town_rawalpindi_bahria_town_phase_8_5_marla_brand_new_designer_house_for_sale_on_invester_price-54667649-3048-1.html,House,For Sale,5 Marla,3.0,4.0,2 days ago,PKR 2.3 Crore,"Bahria Town Phase 8, Bahria Town Rawalpindi",Rawalpindi,Zameen,23000000.0,Marla,1361.25,False
https://www.zameen.com/Property/rawalpindi_asghar_mall_scheme_spacious_triple-storey_corner_house_for_sale_in_asghar_mall_scheme_rawalpindi-54606452-19084-1.html,House,For Sale,7.6 Marla,6.0,6.0,2 days ago,PKR 6.25 Crore,"Asghar Mall Scheme, Rawalpindi",Rawalpindi,Zameen,62500000.0,Marla,2069.1,False
https://www.zameen.com/Property/bahria_town_phase_8_bahria_business_district_2_bed_luxury_furnished_apartment_for_sale_in_b3_heights_bahria_town-53347957-9033-1.html,Apartment,For Sale,6.4 Marla,2.0,2.0,2 days ago,PKR 2.3 Crore,"Bahria Business District, Bahria Town Phase 8",Rawalpindi,Zameen,23000000.0,Marla,1742.4,False
https://www.zameen.com/Property/bahria_town_phase_8_bahria_town_phase_8_-_block_m_5_marla_brand_new_designer_house_for_sale_in_m_block_bahria_town-54645247-3062-1.html,House,For Sale,5 Marla,3.0,4.0,2 days ago,PKR 2.55 Crore,"Bahria Town Phase 8 - Block M, Bahria Town Phase 8",Rawalpindi,Zameen,25500000.0,Marla,1361.25,False
https://www.zameen.com/Property/bahria_town_rawalpindi_bahria_town_phase_4_luxurious_front_open_designer_house_for_sale-51228517-3041-1.html,House,For Sale,1 Kanal,5.0,6.0,22 hours ago,PKR 14.9 Crore,"Bahria Town Phase 4, Bahria Town Rawalpindi",Rawalpindi,Zameen,149000000.0,Kanal,5445.0,False
https://www.zameen.com/Property/bahria_town_rawalpindi_bahria_town_phase_2_tulip_road_used_house_for_sale_size_22_marla-50575273-3035-1.html,House,For Sale,1.1 Kanal,5.0,6.0,22 hours ago,PKR 10.5 Crore,"Bahria Town Phase 2, Bahria Town Rawalpindi",Rawalpindi,Zameen,105000000.0,Kanal,5989.500000000001,False
https://www.zameen.com/Property/bahria_town_rawalpindi_bahria_town_phase_2_fully_furnished_bahira_town_phase_2_double_unit_house_for_sale-53206734-3035-1.html,House,For Sale,1 Kanal,6.0,6.0,22 hours ago,PKR 9 Crore,"Bahria Town Phase 2, Bahria Town Rawalpindi",Rawalpindi,Zameen,90000000.0,Kanal,5445.0,False
https://www.zameen.com/Property/bahria_town_rawalpindi_bahria_town_phase_5_brand_new_park_face_modern_designer_house_for_sale-54276141-3045-1.html,House,For Sale,1 Kanal,6.0,6.0,22 hours ago,PKR 16.25 Crore,"Bahria Town Phase 5, Bahria Town Rawalpindi",Rawalpindi,Zameen,162500000.0,Kanal,5445.0,False
https://www.zameen.com/Property/bahria_town_rawalpindi_bahria_town_phase_3_24_marla_corner_house_for_sale_double_unit-54189384-3036-1.html,House,For Sale,1.2 Kanal,7.0,6.0,22 hours ago,PKR 8.75 Crore,"Bahria Town Phase 3, Bahria Town Rawalpindi",Rawalpindi,Zameen,87500000.0,Kanal,6534.0,False
https://www.zameen.com/Property/bahria_town_rawalpindi_bahria_town_phase_2_kanal_single_story_house_for_sale_on_boulevard_road_prime_location_bahria_town_phase_2-54164434-3035-1.html,House,For Sale,1 Kanal,3.0,4.0,22 hours ago,PKR 6 Crore,"Bahria Town Phase 2, Bahria Town Rawalpindi",Rawalpindi,Zameen,60000000.0,Kanal,5445.0,False
https://www.zameen.com/Property/bahria_town_rawalpindi_bahria_town_phase_2_10_marla_owner_built_house_for_sale_in_bahria_town_phase_2_prime_location_near_park_masjid_commercial-54115160-3035-1.html,House,For Sale,10 Marla,5.0,6.0,22 hours ago,PKR 6 Crore,"Bahria Town Phase 2, Bahria Town Rawalpindi",Rawalpindi,Zameen,60000000.0,Marla,2722.5,False
https://www.zameen.com/Property/rawalpindi_gulshan_abad_12_marla_1_5_story_luxury_house_available_for_sale_near_imam_bargah_gulshan_abad-53570224-1058-1.html,House,For Sale,12 Marla,4.0,4.0,1 day ago,PKR 2.4 Crore,"Gulshan Abad, Rawalpindi",Rawalpindi,Zameen,24000000.0,Marla,3267.0,False
https://www.zameen.com/Property/bahria_town_rawalpindi_bahria_town_phase_1_prime_location_1_kanal_house_in_bahria_town_phase_1_is_available_for_sale-54641629-3033-1.html,House,For Sale,1 Kanal,7.0,6.0,6 days ago,PKR 11 Crore,"Bahria Town Phase 1, Bahria Town Rawalpindi",Rawalpindi,Zameen,110000000.0,Kanal,5445.0,False
https://www.zameen.com/Property/bahria_town_rawalpindi_bahria_town_phase_1_prime_location_one_kanal_brand_new_house_for_sale_in_bahria_town_rawalpindi-54642692-3033-1.html,House,For Sale,1 Kanal,7.0,6.0,5 days ago,PKR 10 Crore,"Bahria Town Phase 1, Bahria Town Rawalpindi",Rawalpindi,Zameen,100000000.0,Kanal,5445.0,False
https://www.zameen.com/Property/airport_housing_society_airport_housing_society_-_sector_3_house_for_sale_in_airport_housing_society_rawalpindi-53673187-9154-1.html,House,For Sale,12.4 Marla,6.0,6.0,4 days ago,PKR 4.9 Crore,"Airport Housing Society - Sector 3, Airport Housing Society",Rawalpindi,Zameen,49000000.0,Marla,3375.9,False
https://www.zameen.com/Property/rawalpindi_askari_14_sd_house_5_bedroom_available_in_askari_14_sector_c-48803893-1504-1.html,Room,For Sale,10 Marla,5.0,6.0,1 week ago,PKR 6.5 Crore,"Askari 14, Rawalpindi",Rawalpindi,Zameen,65000000.0,Marla,2722.5,False
https://www.zameen.com/Property/bahria_town_rawalpindi_bahria_heights_1_1_bed_apartment_for_sale_in_bahria_heights_1-54591563-12199-1.html,Apartment,For Sale,4.6 Marla,1.0,2.0,1 week ago,PKR 1.26 Crore,"Bahria Heights 1, Bahria Town Rawalpindi",Rawalpindi,Zameen,12600000.0,Marla,1252.35,False
https://www.zameen.com/Property/bahria_town_phase_8_bahria_town_phase_8_-_rafi_block_beautiful_location_5_marla_double_storey_house_for_sale_in_rafi_block-53345580-3071-1.html,House,For Sale,5 Marla,3.0,4.0,1 week ago,PKR 1.9 Crore,"Bahria Town Phase 8 - Rafi Block, Bahria Town Phase 8",Rawalpindi,Zameen,19000000.0,Marla,1361.25,False
https://www.zameen.com/Property/bahria_town_phase_8_bahria_town_phase_8_-_eden_lake_view_block_on_excellent_location_house_of_10_marla_in_bahria_town_phase_8_-_eden_lake_view_block_is_available-54659817-3073-1.html,House,For Sale,10 Marla,5.0,6.0,1 week ago,PKR 5 Crore,"Bahria Town Phase 8 - Eden Lake View Block, Bahria Town Phase 8",Rawalpindi,Zameen,50000000.0,Marla,2722.5,False
https://www.zameen.com/Property/bahria_town_rawalpindi_bahria_town_phase_8_investor_price_double_unit_new_5_marla_house-54661599-3048-1.html,House,For Sale,5 Marla,3.0,3.0,1 week ago,PKR 2.1 Crore,"Bahria Town Phase 8, Bahria Town Rawalpindi",Rawalpindi,Zameen,21000000.0,Marla,1361.25,False
https://www.zameen.com/Property/rawalpindi_punjab_government_servant_housing_foundation_pgshf_punjab_housing_society_7_marla_home_sector_c_available_for_sale-54562801-10424-1.html,Other,For Sale,7 Marla,5.0,5.0,1 week ago,PKR 2.5 Crore,"Punjab Government Servant Housing Foundation (PGSHF), Rawalpindi",Rawalpindi,Zameen,25000000.0,Marla,1905.75,False
https://www.zameen.com/Property/bahria_town_rawalpindi_bahria_town_phase_8_10_marla_brand_new_house_double_unit_back_open_360_demand-54631531-3048-1.html,House,For Sale,10 Marla,5.0,6.0,1 week ago,PKR 3.6 Crore,"Bahria Town Phase 8, Bahria Town Rawalpindi",Rawalpindi,Zameen,36000000.0,Marla,2722.5,False
https://www.zameen.com/Property/bahria_town_rawalpindi_bahria_town_phase_3_boulevard_corner_24_marla_7_bed_investor_rate_house_for_sale-54511208-3036-1.html,House,For Sale,1.2 Kanal,7.0,7.0,1 day ago,PKR 8.75 Crore,"Bahria Town Phase 3, Bahria Town Rawalpindi",Rawalpindi,Zameen,87500000.0,Kanal,6534.0,False
https://www.zameen.com/Property/bahria_greens_overseas_enclave_bahria_greens_-_overseas_enclave_-_sector_5_registry_available_and_gas_meter_installed_10_marla_a_construction_house_for_sale_bahria_town-54520939-8304-1.html,House,For Sale,10 Marla,5.0,6.0,2 days ago,PKR 5.75 Crore,"Bahria Greens - Overseas Enclave - Sector 5, Bahria Greens - Overseas Enclave",Rawalpindi,Zameen,57500000.0,Marla,2722.5,False
https://www.zameen.com/Property/bahria_town_phase_8_bahria_town_phase_8_-_safari_homes_5_marla_single_storey_house_for_sale_safari_homes_sector_f-54645324-10610-1.html,House,For Sale,5 Marla,2.0,2.0,2 days ago,PKR 1.2 Crore,"Bahria Town Phase 8 - Safari Homes, Bahria Town Phase 8",Rawalpindi,Zameen,12000000.0,Marla,1361.25,False
https://www.zameen.com/Property/bahria_town_phase_8_bahria_town_phase_8_-_rafi_block_5_marla_beautiful_designer_house_available_for_sale-54611859-3071-1.html,House,For Sale,5 Marla,4.0,4.0,2 days ago,PKR 2.35 Crore,"Bahria Town Phase 8 - Rafi Block, Bahria Town Phase 8",Rawalpindi,Zameen,23500000.0,Marla,1361.25,False
https://www.zameen.com/Property/bahria_town_rawalpindi_bahria_town_-_safari_villas_3_sanctuary_mall_safari_villa_3_bahria_town_rawalpindi_two_bedrooms_apartment_furnished_for_sale-54657278-3080-1.html,Room,For Sale,7.3 Marla,2.0,2.0,2 days ago,PKR 2.5 Crore,"Bahria Town - Safari Villas 3, Bahria Town Rawalpindi",Rawalpindi,Zameen,25000000.0,Marla,1987.425,False
https://www.zameen.com/Property/bahria_greens_overseas_enclave_bahria_greens_-_overseas_enclave_-_sector_3_ideal_main_double_road_house_is_available_for_sale_in_rawalpindi-54373938-8302-1.html,House,For Sale,1 Kanal,5.0,6.0,2 days ago,PKR 10.95 Crore,"Bahria Greens - Overseas Enclave - Sector 3, Bahria Greens - Overseas Enclave",Rawalpindi,Zameen,109500000.0,Kanal,5445.0,False
https://www.zameen.com/Property/bahria_town_rawalpindi_bahria_heights_1_for_sale_one_bedroom_furnished_apartment_in_bahria_heights_1-53311995-12199-1.html,Room,For Sale,4.4 Marla,1.0,2.0,1 day ago,PKR 1.8 Crore,"Bahria Heights 1, Bahria Town Rawalpindi",Rawalpindi,Zameen,18000000.0,Marla,1197.9,False
https://www.zameen.com/Property/bahria_town_phase_8_bahria_town_phase_8_-_sector_f-1_10_marla_owner_built_st_park_facing_complete_grey_structure-54655532-3095-1.html,Other,For Sale,10 Marla,5.0,6.0,1 day ago,PKR 2.5 Crore,"Bahria Town Phase 8 - Sector F-1, Bahria Town Phase 8",Rawalpindi,Zameen,25000000.0,Marla,2722.5,False
https://www.zameen.com/Property/bahria_town_rawalpindi_bahria_town_phase_2_two_bed_furnished_flat_for_sale_in_grande_phase_2-54687433-3035-1.html,Apartment,For Sale,4.9 Marla,2.0,2.0,1 day ago,PKR 1.7 Crore,"Bahria Town Phase 2, Bahria Town Rawalpindi",Rawalpindi,Zameen,17000000.0,Marla,1334.025,False
https://www.zameen.com/Property/bahria_town_phase_8_bahria_town_phase_8_-_block_m_book_house_today_in_bahria_town_phase_8_-_block_m-54357687-3062-1.html,House,For Sale,5 Marla,3.0,3.0,1 day ago,PKR 1.98 Crore,"Bahria Town Phase 8 - Block M, Bahria Town Phase 8",Rawalpindi,Zameen,19800000.0,Marla,1361.25,False
https://www.zameen.com/Property/bahria_town_phase_8_bahria_town_phase_8_-_sector_e-1_stunning_6_marla_house_in_bahria_town_phase_8_-_sector_e-1_available-54470718-8360-1.html,House,For Sale,6 Marla,4.0,4.0,1 day ago,PKR 2.67 Crore,"Bahria Town Phase 8 - Sector E-1, Bahria Town Phase 8",Rawalpindi,Zameen,26700000.0,Marla,1633.5,False
https://www.zameen.com/Property/bahria_town_phase_8_safari_valley_bahria_town_phase_8_-_ali_block_7_marla_house_ideally_situated_in_bahria_town_phase_8_-_ali_block-54470720-3070-1.html,House,For Sale,7 Marla,5.0,5.0,1 day ago,PKR 2.6 Crore,"Bahria Town Phase 8 - Ali Block, Bahria Town Phase 8 - Safari Valley",Rawalpindi,Zameen,26000000.0,Marla,1905.75,False
https://www.zameen.com/Property/bahria_town_phase_8_bahria_town_phase_8_-_rafi_block_bahria_town_phase_8_-_rafi_block_house_sized_8_marla_for_sale-54470717-3071-1.html,House,For Sale,8 Marla,5.0,5.0,1 day ago,PKR 2.83 Crore,"Bahria Town Phase 8 - Rafi Block, Bahria Town Phase 8",Rawalpindi,Zameen,28300000.0,Marla,2178.0,False
https://www.zameen.com/Property/bahria_town_phase_8_safari_valley_bahria_town_phase_8_-_umer_block_reserve_a_house_of_7_marla_now_in_bahria_town_phase_8_-_umer_block-54470722-3067-1.html,House,For Sale,7 Marla,5.0,5.0,1 day ago,PKR 2.7 Crore,"Bahria Town Phase 8 - Umer Block, Bahria Town Phase 8 - Safari Valley",Rawalpindi,Zameen,27000000.0,Marla,1905.75,False
https://www.zameen.com/Property/bahria_town_phase_8_bahria_town_phase_8_-_safari_valley_9_marla_designer_brand_new_corner_house_for_sale_demand_3_90_crore-54649717-3074-1.html,House,For Sale,9 Marla,5.0,6.0,1 week ago,PKR 3.9 Crore,"Bahria Town Phase 8 - Safari Valley, Bahria Town Phase 8",Rawalpindi,Zameen,39000000.0,Marla,2450.25,False
https://www.zameen.com/Property/bahria_town_phase_8_bahria_town_phase_8_-_rafi_block_5_marla_park_face_proper_double_unit_house_for_sale-54567041-3071-1.html,House,For Sale,5 Marla,3.0,4.0,1 week ago,PKR 2.4 Crore,"Bahria Town Phase 8 - Rafi Block, Bahria Town Phase 8",Rawalpindi,Zameen,24000000.0,Marla,1361.25,False
https://www.zameen.com/Property/bahria_town_phase_8_bahria_town_phase_8_-_block_e_10_marla_low_price_house_320_demand_back_extra_land-54631356-3053-1.html,House,For Sale,10 Marla,5.0,6.0,1 week ago,PKR 3.2 Crore,"Bahria Town Phase 8 - Block E, Bahria Town Phase 8",Rawalpindi,Zameen,32000000.0,Marla,2722.5,False
https://www.zameen.com/Property/rawalpindi_askari_14_askari_14_rawalpindi_3_bedroom_apartment_available_for_sale_in_sector_d-53919547-1504-1.html,Room,For Sale,12.2 Marla,3.0,3.0,1 week ago,PKR 3.4 Crore,"Askari 14, Rawalpindi",Rawalpindi,Zameen,34000000.0,Marla,3321.45,False
https://www.zameen.com/Property/airport_housing_society_airport_housing_society_-_sector_4_prime_location_6_marla_house_for_sale_in_airport_housing_society_-_sector_4_rawalpindi-54659366-9155-1.html,House,For Sale,6 Marla,4.0,4.0,1 week ago,PKR 2.7 Crore,"Airport Housing Society - Sector 4, Airport Housing Society",Rawalpindi,Zameen,27000000.0,Marla,1633.5,False
https://www.zameen.com/Property/bahria_town_rawalpindi_bahria_heights_1_one_bedroom_apartments_for_sale-54489415-12199-1.html,Room,For Sale,3.8 Marla,1.0,2.0,1 week ago,PKR 1.22 Crore,"Bahria Heights 1, Bahria Town Rawalpindi",Rawalpindi,Zameen,12200000.0,Marla,1034.55,False
https://www.zameen.com/Property/bahria_town_rawalpindi_bahria_town_phase_8_luxury_furnished_house_for_sale-54599214-3048-1.html,House,For Sale,12 Marla,5.0,5.0,1 week ago,PKR 6.6 Crore,"Bahria Town Phase 8, Bahria Town Rawalpindi",Rawalpindi,Zameen,66000000.0,Marla,3267.0,False
https://www.zameen.com/Property/bahria_town_phase_4_pavilion_99_luxury_furnished_two_bedroom_apartment_available_for_sale-54597126-22091-1.html,Room,For Sale,6.2 Marla,2.0,2.0,1 week ago,PKR 3 Crore,"Pavilion 99, Bahria Town Phase 4",Rawalpindi,Zameen,30000000.0,Marla,1687.95,False
https://www.zameen.com/Property/bahria_town_phase_2_the_grande_fully_furnished_apartment_for_sale-54596479-11040-1.html,Apartment,For Sale,3.6 Marla,1.0,2.0,1 week ago,PKR 1.15 Crore,"The Grande, Bahria Town Phase 2",Rawalpindi,Zameen,11500000.0,Marla,980.1,False
https://www.zameen.com/Property/bahria_town_rawalpindi_bahria_town_phase_2_10_marla_house_for_sale-54579198-3035-1.html,House,For Sale,10 Marla,5.0,5.0,1 week ago,PKR 6.25 Crore,"Bahria Town Phase 2, Bahria Town Rawalpindi",Rawalpindi,Zameen,62500000.0,Marla,2722.5,False
https://www.zameen.com/Property/bahria_greens_overseas_enclave_bahria_greens_-_overseas_enclave_-_sector_3_beautifully_designed_11_marla_house_for_sale-39549743-8302-1.html,House,For Sale,11 Marla,4.0,5.0,2 days ago,PKR 4.65 Crore,"Bahria Greens - Overseas Enclave - Sector 3, Bahria Greens - Overseas Enclave",Rawalpindi,Zameen,46500000.0,Marla,2994.75,False
https://www.zameen.com/Property/bahria_greens_overseas_enclave_bahria_greens_-_overseas_enclave_-_sector_2_brand_new_16_marla_corner_house-50170458-8301-1.html,House,For Sale,16 Marla,5.0,6.0,2 days ago,PKR 7.95 Crore,"Bahria Greens - Overseas Enclave - Sector 2, Bahria Greens - Overseas Enclave",Rawalpindi,Zameen,79500000.0,Marla,4356.0,False
https://www.zameen.com/Property/rawalpindi_adiala_road_7_marla_1_5_story_house_available_for_sale_on_adiala_road_azmat_town_near_gulshan_abad_society_rawalpindi-54166464-478-1.html,House,For Sale,7 Marla,4.0,4.0,2 days ago,PKR 1.75 Crore,"Adiala Road, Rawalpindi",Rawalpindi,Zameen,17500000.0,Marla,1905.75,False
https://www.zameen.com/Property/rawalpindi_adiala_road_5_marla_double_storey_brand_new_luxury_house_for_sale_adiyala_road_askari_14_gate_no_1-54318868-478-1.html,House,For Sale,5 Marla,4.0,6.0,2 days ago,PKR 2.5 Crore,"Adiala Road, Rawalpindi",Rawalpindi,Zameen,25000000.0,Marla,1361.25,False
https://www.zameen.com/Property/adiala_road_snober_city_5_marla_brand_new_house_available_for_sale_in_snober_city_adiala_road_rawalpindi_only_cash_not_bank_loan-54568004-11748-1.html,House,For Sale,5 Marla,2.0,3.0,2 days ago,PKR 1.1 Crore,"Snober City, Adiala Road",Rawalpindi,Zameen,11000000.0,Marla,1361.25,False
https://www.zameen.com/Property/rawalpindi_gulraiz_housing_scheme_brand_new_5_marla_house_for_sale_gulraiz_phase_2-54684003-438-1.html,House,For Sale,5 Marla,4.0,5.0,2 days ago,PKR 2.7 Crore,"Gulraiz Housing Scheme, Rawalpindi",Rawalpindi,Zameen,27000000.0,Marla,1361.25,False
https://www.zameen.com/Property/rawalpindi_kahuta_11_marla_single-storey_house_for_sale_kahuta_hothla_rawalpindi_district-52929704-1414-1.html,House,For Sale,11 Marla,5.0,2.0,2 days ago,PKR 59 Lakh,"Kahuta, Rawalpindi",Rawalpindi,Zameen,5900000.0,Marla,2994.75,False
https://www.zameen.com/Property/bahria_town_phase_8_bahria_town_phase_8_-_rafi_block_stunning_house_is_available_for_sale_in_bahria_town_phase_8_-_rafi_block-54470715-3071-1.html,House,For Sale,8 Marla,5.0,5.0,1 day ago,PKR 2.73 Crore,"Bahria Town Phase 8 - Rafi Block, Bahria Town Phase 8",Rawalpindi,Zameen,27300000.0,Marla,2178.0,False
https://www.zameen.com/Property/bahria_town_phase_8_bahria_town_phase_8_-_sector_e-1_this_is_your_chance_to_buy_house_in_bahria_town_phase_8_-_sector_e-1_rawalpindi-54470719-8360-1.html,House,For Sale,6 Marla,4.0,4.0,1 day ago,PKR 2.75 Crore,"Bahria Town Phase 8 - Sector E-1, Bahria Town Phase 8",Rawalpindi,Zameen,27500000.0,Marla,1633.5,False
https://www.zameen.com/Property/bahria_town_rawalpindi_bahria_town_phase_8_house_for_sale_in_rs_28000000-54470724-3048-1.html,House,For Sale,7 Marla,5.0,5.0,1 day ago,PKR 2.8 Crore,"Bahria Town Phase 8, Bahria Town Rawalpindi",Rawalpindi,Zameen,28000000.0,Marla,1905.75,False
https://www.zameen.com/Property/bahria_town_phase_8_bahria_town_phase_8_-_safari_valley_corner_house_for_sale_bahria_phase_8-54540311-3074-1.html,House,For Sale,6 Marla,4.0,5.0,1 day ago,PKR 2.9 Crore,"Bahria Town Phase 8 - Safari Valley, Bahria Town Phase 8",Rawalpindi,Zameen,29000000.0,Marla,1633.5,False
https://www.zameen.com/Property/bahria_town_phase_8_bahria_town_phase_8_-_block_e_brand_new_designer_house_for_sale-54593583-3053-1.html,House,For Sale,10 Marla,5.0,6.0,1 day ago,PKR 5.1 Crore,"Bahria Town Phase 8 - Block E, Bahria Town Phase 8",Rawalpindi,Zameen,51000000.0,Marla,2722.5,False
https://www.zameen.com/Property/bahria_town_phase_4_bahria_town_-_civic_centre_1_bed_apartment_for_sale_in_bahria_town_phase_4_civic_center-54357731-8974-1.html,Apartment,For Sale,2.6 Marla,1.0,1.0,1 day ago,PKR 78 Lakh,"Bahria Town - Civic Centre, Bahria Town Phase 4",Rawalpindi,Zameen,7800000.0,Marla,707.85,False
https://www.zameen.com/Property/bahria_town_rawalpindi_bahria_heights_1_1_bed_furnished_apartment_for_sale_in_bahria_heights_1-54259548-12199-1.html,Apartment,For Sale,4.2 Marla,1.0,2.0,1 day ago,PKR 1.25 Crore,"Bahria Heights 1, Bahria Town Rawalpindi",Rawalpindi,Zameen,12500000.0,Marla,1143.45,False
https://www.zameen.com/Property/media_town_media_town_-_block_c_main_double_road_house_for_sale_situated_in_media_town_-_block_c-54513181-16392-1.html,House,For Sale,12.4 Marla,6.0,6.0,1 day ago,PKR 7 Crore,"Media Town - Block C, Media Town",Rawalpindi,Zameen,70000000.0,Marla,3375.9,False
https://www.zameen.com/Property/east_canal_road_abdullah_gardens_ultra_luxurious_spanish_1_kanal_brand_new_house_for_sale-54647494-4890-1.html,House,For Sale,1 Kanal,5.0,6.0,6 hours ago,PKR 15 Crore,"Abdullah Gardens, East Canal Road",Faisalabad,Zameen,150000000.0,Kanal,5445.0,False
https://www.zameen.com/Property/faisalabad_canal_road_14_5_marla_house_for_sale_in_officer_colony_gatwala_near_canal_road_faisalabad_-_best_for_investment-54648024-1140-1.html,House,For Sale,14.5 Marla,5.0,5.0,1 day ago,PKR 5.5 Crore,"Canal Road, Faisalabad",Faisalabad,Zameen,55000000.0,Marla,3947.625,False
https://www.zameen.com/Property/eden_gardens_eden_executive_5_marla_house_eden_executive-54614817-10765-1.html,House,For Sale,5 Marla,3.0,4.0,1 week ago,PKR 2.3 Crore,"Eden Executive, Eden Gardens",Faisalabad,Zameen,23000000.0,Marla,1361.25,False
https://www.zameen.com/Property/faisalabad_eden_valley_in_eden_valley_house_sized_5_marla_for_sale-54636625-8917-1.html,House,For Sale,5 Marla,5.0,5.0,1 week ago,PKR 2.9 Crore,"Eden Valley, Faisalabad",Faisalabad,Zameen,29000000.0,Marla,1361.25,False
https://www.zameen.com/Property/faisalabad_eden_gardens_reserve_a_house_now_in_eden_gardens-54600472-8296-1.html,House,For Sale,4 Marla,5.0,5.0,1 week ago,PKR 2 Crore,"Eden Gardens, Faisalabad",Faisalabad,Zameen,20000000.0,Marla,1089.0,False
https://www.zameen.com/Property/canal_road_divine_enclave_divine_enclave_house-54692530-21698-1.html,House,For Sale,13 Marla,5.0,6.0,2 hours ago,PKR 7.3 Crore,"Divine Enclave, Canal Road",Faisalabad,Zameen,73000000.0,Marla,3539.25,False
https://www.zameen.com/Property/faisalabad_al_najaf_colony_brand_new_2_5_marla_double_story_house_for_sale-54615181-4902-1.html,House,For Sale,2 Marla,4.0,4.0,2 days ago,PKR 1.5 Crore,"Al Najaf Colony, Faisalabad",Faisalabad,Zameen,15000000.0,Marla,544.5,False
https://www.zameen.com/Property/citi_housing_citi_housing_samundri_road_gry_5marla_home_in_citi_housing_samundri_road-54690374-11230-1.html,Other,For Sale,5 Marla,3.0,4.0,10 hours ago,PKR 1.35 Crore,"Citi Housing Samundri Road, Citi Housing",Faisalabad,Zameen,13500000.0,Marla,1361.25,False
https://www.zameen.com/Property/faisalabad_wapda_city_ideal_house_for_sale_in_wapda_city-53902263-501-1.html,House,For Sale,5 Marla,5.0,5.0,1 day ago,PKR 2.6 Crore,"Wapda City, Faisalabad",Faisalabad,Zameen,26000000.0,Marla,1361.25,False
https://www.zameen.com/Property/faisalabad_university_town_prime_opportunity_block_c_university_town_sargodha_road-54585788-5063-1.html,Other,For Sale,1 Kanal,6.0,6.0,3 days ago,PKR 5.95 Crore,"University Town, Faisalabad",Faisalabad,Zameen,59500000.0,Kanal,5445.0,False
https://www.zameen.com/Property/lower_canal_road_canal_avenue_luxury_5_marla_brand_new_house_for_sale-54602510-19682-1.html,House,For Sale,5 Marla,3.0,3.0,6 hours ago,PKR 1.75 Crore,"Canal Avenue, Lower Canal Road",Faisalabad,Zameen,17500000.0,Marla,1361.25,False
https://www.zameen.com/Property/faisalabad_wapda_city_1_kanal_house_main_boulevard_with_basement_wapda_city_f_block_faisalabad-54652302-501-1.html,House,For Sale,1 Kanal,5.0,7.0,1 day ago,PKR 13.5 Crore,"Wapda City, Faisalabad",Faisalabad,Zameen,135000000.0,Kanal,5445.0,False
https://www.zameen.com/Property/faisalabad_wapda_city_10-marla_brand_new_house_for_sale-53799953-501-1.html,House,For Sale,10 Marla,5.0,5.0,10 hours ago,PKR 3.75 Crore,"Wapda City, Faisalabad",Faisalabad,Zameen,37500000.0,Marla,2722.5,False
https://www.zameen.com/Property/citi_housing_citi_housing_sargodha_road_brand_new_5_marla_house_for_sale_in_citi_housing_faisalabad_prime_location_modern_design_ready_to_move-54563006-11229-1.html,House,For Sale,5 Marla,3.0,4.0,11 hours ago,PKR 1.85 Crore,"Citi Housing Sargodha Road, Citi Housing",Faisalabad,Zameen,18500000.0,Marla,1361.25,False
https://www.zameen.com/Property/faisalabad_eden_orchard_looking_for_a_house_in_eden_orchard-54490064-11162-1.html,House,For Sale,11 Marla,6.0,6.0,1 day ago,PKR 5.7 Crore,"Eden Orchard, Faisalabad",Faisalabad,Zameen,57000000.0,Marla,2994.75,False
https://www.zameen.com/Property/faisalabad_eden_orchard_11_marla_brand_new_luxurious_house_available_for_sale_in_eden_orchard_lasani_pulli_sargodha_road-54545939-11162-1.html,House,For Sale,11 Marla,5.0,6.0,1 day ago,PKR 6 Crore,"Eden Orchard, Faisalabad",Faisalabad,Zameen,60000000.0,Marla,2994.75,False
https://www.zameen.com/Property/faisalabad_eden_orchard_5_marla_double_storey_house_available_for_sale_in_eden_orchard_lasani_pulli_sargodha_road_faisalabad-54531171-11162-1.html,House,For Sale,5 Marla,3.0,4.0,2 days ago,PKR 2.2 Crore,"Eden Orchard, Faisalabad",Faisalabad,Zameen,22000000.0,Marla,1361.25,False
https://www.zameen.com/Property/faisalabad_canal_road_4_marla_house_for_sale-54690507-1140-1.html,House,For Sale,3.8 Marla,3.0,4.0,9 hours ago,PKR 1.55 Crore,"Canal Road, Faisalabad",Faisalabad,Zameen,15500000.0,Marla,1034.55,False
https://www.zameen.com/Property/eden_orchard_eden_orchard_block_y_eden_orchard_5_marla_brand_new_double_story_house_for_sale_prime_location-54350345-14658-1.html,House,For Sale,5 Marla,3.0,4.0,9 hours ago,PKR 2.8 Crore,"Eden Orchard Block Y, Eden Orchard",Faisalabad,Zameen,28000000.0,Marla,1361.25,False
https://www.zameen.com/Property/faisalabad_wapda_city_5-marla_brand_new_house_for_sale_wapda_city-54206643-501-1.html,House,For Sale,5 Marla,3.0,4.0,10 hours ago,PKR 1.8 Crore,"Wapda City, Faisalabad",Faisalabad,Zameen,18000000.0,Marla,1361.25,False
https://www.zameen.com/Property/faisalabad_canal_garden_3_75_marla_house_for_sale_in_canal_garden_canal_road_faisalabad-53938025-8588-1.html,House,For Sale,3.7 Marla,3.0,3.0,10 hours ago,PKR 2 Crore,"Canal Garden, Faisalabad",Faisalabad,Zameen,20000000.0,Marla,1007.325,False
https://www.zameen.com/Property/faisalabad_wapda_city_modern_10_marla_luxury_house_for_sale_in_wapda_city_canal_expressway_faisalabad-53938111-501-1.html,House,For Sale,10 Marla,4.0,4.0,10 hours ago,PKR 4.4 Crore,"Wapda City, Faisalabad",Faisalabad,Zameen,44000000.0,Marla,2722.5,False
https://www.zameen.com/Property/faisalabad_wapda_city_newly_10_marla_house_for_sale_in_wapda_city_canal_expressway_faisalabad-53938121-501-1.html,House,For Sale,10 Marla,4.0,4.0,10 hours ago,PKR 4.95 Crore,"Wapda City, Faisalabad",Faisalabad,Zameen,49500000.0,Marla,2722.5,False
https://www.zameen.com/Property/faisalabad_wapda_city_premium_25_marla_home_for_sale_in_wapda_city_canal_expressway_elegant_layout_modern_interiors_best_investment_opportunity-53938130-501-1.html,Other,For Sale,1.2 Kanal,5.0,5.0,10 hours ago,PKR 18.5 Crore,"Wapda City, Faisalabad",Faisalabad,Zameen,185000000.0,Kanal,6534.0,False
https://www.zameen.com/Property/faisalabad_wapda_city_corner_45_marla_brand_new_house_for_sale_in_wapda_city_canal_road_faisalabad-53938188-501-1.html,House,For Sale,2.3 Kanal,6.0,7.0,10 hours ago,PKR 30 Crore,"Wapda City, Faisalabad",Faisalabad,Zameen,300000000.0,Kanal,12523.499999999998,False
https://www.zameen.com/Property/faisalabad_eden_valley_house_for_grabs_in_4_marla_eden_valley-54636631-8917-1.html,House,For Sale,4 Marla,5.0,5.0,1 week ago,PKR 2.25 Crore,"Eden Valley, Faisalabad",Faisalabad,Zameen,22500000.0,Marla,1089.0,False
https://www.zameen.com/Property/faisalabad_eden_valley_5_marla_house_in_eden_valley_for_sale_at_good_location-54636628-8917-1.html,House,For Sale,5 Marla,5.0,5.0,1 week ago,PKR 2.75 Crore,"Eden Valley, Faisalabad",Faisalabad,Zameen,27500000.0,Marla,1361.25,False
https://www.zameen.com/Property/faisalabad_gulberg_valley_3_marla_brand_new_house_for_sale-54139501-10823-1.html,House,For Sale,3 Marla,3.0,3.0,1 week ago,PKR 1.2 Crore,"Gulberg Valley, Faisalabad",Faisalabad,Zameen,12000000.0,Marla,816.75,False
https://www.zameen.com/Property/eden_valley_eden_valley_-_block_a_7_marla_beautiful_house_available_for_sale-54654555-19076-1.html,House,For Sale,7 Marla,4.0,4.0,1 week ago,PKR 4.25 Crore,"Eden Valley - Block A, Eden Valley",Faisalabad,Zameen,42500000.0,Marla,1905.75,False
https://www.zameen.com/Property/wapda_city_wapda_city_-_block_m_10_marla_elegant_house_for_sale_in_m_block_wapda_city_faisalabad-54656599-5077-1.html,House,For Sale,10 Marla,4.0,5.0,1 week ago,PKR 5.5 Crore,"Wapda City - Block M, Wapda City",Faisalabad,Zameen,55000000.0,Marla,2722.5,False
https://www.zameen.com/Property/wapda_city_wapda_city_-_block_c_this_is_your_chance_to_buy_house_in_faisalabad-54563138-5068-1.html,House,For Sale,15 Marla,5.0,5.0,3 days ago,PKR 8 Crore,"Wapda City - Block C, Wapda City",Faisalabad,Zameen,80000000.0,Marla,4083.75,False
https://www.zameen.com/Property/canal_road_divine_enclave_divine_enclave_house-54571147-21698-1.html,House,For Sale,13 Marla,5.0,5.0,4 days ago,PKR 6.5 Crore,"Divine Enclave, Canal Road",Faisalabad,Zameen,65000000.0,Marla,3539.25,False
https://www.zameen.com/Property/faisalabad_wapda_city_used_5_marla_house_is_available_for_sale-54428116-501-1.html,House,For Sale,5 Marla,4.0,5.0,3 days ago,PKR 2.1 Crore,"Wapda City, Faisalabad",Faisalabad,Zameen,21000000.0,Marla,1361.25,False
https://www.zameen.com/Property/faisalabad_eden_valley_5_marla_luxury_house_for_sale-54527814-8917-1.html,House,For Sale,5 Marla,4.0,5.0,4 days ago,PKR 2.85 Crore,"Eden Valley, Faisalabad",Faisalabad,Zameen,28500000.0,Marla,1361.25,False
https://www.zameen.com/Property/east_canal_road_abdullah_gardens_1_kanal_luxury_corner_house_for_sale_in_abdulaha_garden-54674818-4890-1.html,House,For Sale,1 Kanal,6.0,6.0,4 days ago,PKR 15 Crore,"Abdullah Gardens, East Canal Road",Faisalabad,Zameen,150000000.0,Kanal,5445.0,False
https://www.zameen.com/Property/faisalabad_eden_valley_eden_valley_6_marla_house-54369558-8917-1.html,House,For Sale,6 Marla,5.0,6.0,2 days ago,PKR 3.6 Crore,"Eden Valley, Faisalabad",Faisalabad,Zameen,36000000.0,Marla,1633.5,False
https://www.zameen.com/Property/faisalabad_canal_road_7_marla_house_brand_new_for_sale-54665006-1140-1.html,House,For Sale,7 Marla,4.0,5.0,2 days ago,PKR 4.1 Crore,"Canal Road, Faisalabad",Faisalabad,Zameen,41000000.0,Marla,1905.75,False
https://www.zameen.com/Property/faisalabad_eden_valley_5_marla_brand_new_house_uktra_moderen_having_4_beds_for_details_plz_contact-54433991-8917-1.html,House,For Sale,5 Marla,4.0,5.0,2 days ago,PKR 2.95 Crore,"Eden Valley, Faisalabad",Faisalabad,Zameen,29500000.0,Marla,1361.25,False
https://www.zameen.com/Property/peoples_colony_no_1_peoples_colony_-_block_b_double_storey_house_for_sale-54577386-11504-1.html,House,For Sale,7.5 Marla,6.0,6.0,2 days ago,PKR 5 Crore,"Peoples Colony - Block B, Peoples Colony No 1",Faisalabad,Zameen,50000000.0,Marla,2041.875,False
https://www.zameen.com/Property/faisalabad_eden_valley_5_marla_brand_new_house_for_sale_in_eden_valley-54619702-8917-1.html,House,For Sale,5 Marla,3.0,4.0,2 days ago,PKR 2.65 Crore,"Eden Valley, Faisalabad",Faisalabad,Zameen,26500000.0,Marla,1361.25,False
https://www.zameen.com/Property/faisalabad_gulistan_colony_no_1_luxury_brand_new_house_available_for_sale-54619944-1073-1.html,House,For Sale,6 Marla,3.0,4.0,19 hours ago,PKR 1.75 Crore,"Gulistan Colony No 1, Faisalabad",Faisalabad,Zameen,17500000.0,Marla,1633.5,False
https://www.zameen.com/Property/faisalabad_satiana_road_centrally_located_prime_location_house_for_sale_in_satiana_road_available-54487908-534-1.html,House,For Sale,3 Marla,3.0,4.0,1 day ago,PKR 1.55 Crore,"Satiana Road, Faisalabad",Faisalabad,Zameen,15500000.0,Marla,816.75,False
https://www.zameen.com/Property/faisalabad_wapda_city_executive_10_marla_house_for_sale_in_wapda_city_canal_expressway_faisalabad-53938202-501-1.html,House,For Sale,10 Marla,4.0,4.0,10 hours ago,PKR 4.15 Crore,"Wapda City, Faisalabad",Faisalabad,Zameen,41500000.0,Marla,2722.5,False
https://www.zameen.com/Property/faisalabad_wapda_city_fine_10_marla_house_for_sale_in_wapda_city_canal_expressway_faisalabad-53938206-501-1.html,House,For Sale,10 Marla,4.0,4.0,10 hours ago,PKR 3.8 Crore,"Wapda City, Faisalabad",Faisalabad,Zameen,38000000.0,Marla,2722.5,False
https://www.zameen.com/Property/eden_gardens_eden_executive_ideal_5_marla_house_has_landed_on_market_in_eden_executive_faisalabad-54618095-10765-1.html,House,For Sale,5 Marla,5.0,5.0,12 hours ago,PKR 2.25 Crore,"Eden Executive, Eden Gardens",Faisalabad,Zameen,22500000.0,Marla,1361.25,False
https://www.zameen.com/Property/wapda_city_wapda_city_-_block_k_10_marla_brand_new_park_facing_house_for_sale-54688834-5075-1.html,House,For Sale,10 Marla,5.0,6.0,15 hours ago,PKR 4.5 Crore,"Wapda City - Block K, Wapda City",Faisalabad,Zameen,45000000.0,Marla,2722.5,False
https://www.zameen.com/Property/riaz_ul_jannah_riaz_ul_jannah_-_umer_block_brand_new_modern_house-54171490-18504-1.html,House,For Sale,6 Marla,4.0,5.0,1 day ago,PKR 3.5 Crore,"Riaz Ul Jannah - Umer Block, Riaz ul Jannah",Faisalabad,Zameen,35000000.0,Marla,1633.5,False
https://www.zameen.com/Property/riaz_ul_jannah_riaz_ul_jannah_-_umer_block_new_house-53848307-18504-1.html,House,For Sale,9 Marla,6.0,7.0,1 day ago,PKR 5.5 Crore,"Riaz Ul Jannah - Umer Block, Riaz ul Jannah",Faisalabad,Zameen,55000000.0,Marla,2450.25,False
https://www.zameen.com/Property/riaz_ul_jannah_riaz_ul_jannah_-_umer_block_brand_new_house_is_available_for_sale-53826993-18504-1.html,House,For Sale,6 Marla,5.0,6.0,1 day ago,PKR 2.85 Crore,"Riaz Ul Jannah - Umer Block, Riaz ul Jannah",Faisalabad,Zameen,28500000.0,Marla,1633.5,False
https://www.zameen.com/Property/faisalabad_wapda_city_luxury_10_marla_magnificent_house_for_sale_in_wapda_city_canal_expressway_faisalabad-53885901-501-1.html,House,For Sale,10 Marla,4.0,4.0,1 day ago,PKR 4.75 Crore,"Wapda City, Faisalabad",Faisalabad,Zameen,47500000.0,Marla,2722.5,False
https://www.zameen.com/Property/wapda_city_wapda_city_-_block_m_10_marla_brand_new_luxury_house_for_sale_in_wapda_city_m_block_near_to_school_near_to_park_near_to_gate-54581736-5077-1.html,House,For Sale,10 Marla,5.0,6.0,2 weeks ago,PKR 4.75 Crore,"Wapda City - Block M, Wapda City",Faisalabad,Zameen,47500000.0,Marla,2722.5,False
https://www.zameen.com/Property/canal_road_divine_enclave_11_marla_house_for_sale_in_divine_enclave-54605444-21698-1.html,House,For Sale,11 Marla,5.0,5.0,2 weeks ago,PKR 8.5 Crore,"Divine Enclave, Canal Road",Faisalabad,Zameen,85000000.0,Marla,2994.75,False
https://www.zameen.com/Property/canal_road_divine_enclave_7_marla_house_in_beautiful_location_of_divine_enclave_in_faisalabad-54600470-21698-1.html,House,For Sale,7 Marla,5.0,5.0,2 weeks ago,PKR 4.25 Crore,"Divine Enclave, Canal Road",Faisalabad,Zameen,42500000.0,Marla,1905.75,False
https://www.zameen.com/Property/faisalabad_eden_valley_get_in_touch_now_to_buy_a_prime_location_house_in_eden_valley-54611735-8917-1.html,House,For Sale,5 Marla,5.0,5.0,2 weeks ago,PKR 2.65 Crore,"Eden Valley, Faisalabad",Faisalabad,Zameen,26500000.0,Marla,1361.25,False
https://www.zameen.com/Property/faisalabad_eden_valley_prime_location_5_marla_house_in_eden_valley_is_available-54611731-8917-1.html,House,For Sale,5 Marla,5.0,5.0,2 weeks ago,PKR 2.6 Crore,"Eden Valley, Faisalabad",Faisalabad,Zameen,26000000.0,Marla,1361.25,False
https://www.zameen.com/Property/east_canal_road_abdullah_gardens_luxury_house_for_sale-54665400-4890-1.html,House,For Sale,1 Kanal,5.0,7.0,6 days ago,PKR 13 Crore,"Abdullah Gardens, East Canal Road",Faisalabad,Zameen,130000000.0,Kanal,5445.0,False
https://www.zameen.com/Property/satiana_road_sitara_gold_city_7_marla_2_storey_brand_new_house_for_sale_in_sitara_gold_city_satyana_road_faisalabad-53549520-10822-1.html,House,For Sale,7 Marla,5.0,5.0,1 week ago,PKR 3.45 Crore,"Sitara Gold City, Satiana Road",Faisalabad,Zameen,34500000.0,Marla,1905.75,False
https://www.zameen.com/Property/faisalabad_eden_valley_5_marla_lavish_luxury_house_for_sale_in_eden_velly-54622884-8917-1.html,House,For Sale,5 Marla,3.0,4.0,1 week ago,PKR 2.9 Crore,"Eden Valley, Faisalabad",Faisalabad,Zameen,29000000.0,Marla,1361.25,False
https://www.zameen.com/Property/wapda_city_wapda_city_-_block_f_22_marla_corner_brand_new_house_for_sale_wapda_city-54206646-5071-1.html,House,For Sale,1.1 Kanal,6.0,6.0,1 week ago,PKR 8 Crore,"Wapda City - Block F, Wapda City",Faisalabad,Zameen,80000000.0,Kanal,5989.500000000001,False
https://www.zameen.com/Property/faisalabad_eden_orchard_5_marla_brand_new_house_available_for_sale-54426382-11162-1.html,House,For Sale,5 Marla,3.0,5.0,2 weeks ago,PKR 2.65 Crore,"Eden Orchard, Faisalabad",Faisalabad,Zameen,26500000.0,Marla,1361.25,False
https://www.zameen.com/Property/faisalabad_eden_valley_5_marla_house_available_in_eden_valley_for_sale-54497803-8917-1.html,House,For Sale,5 Marla,3.0,4.0,2 days ago,PKR 2.7 Crore,"Eden Valley, Faisalabad",Faisalabad,Zameen,27000000.0,Marla,1361.25,False
https://www.zameen.com/Property/faisalabad_eden_valley_7_marla_house_eden_valley_you_can_find_the_perfect_house_for_sale-54497801-8917-1.html,House,For Sale,7 Marla,5.0,6.0,2 days ago,PKR 4.25 Crore,"Eden Valley, Faisalabad",Faisalabad,Zameen,42500000.0,Marla,1905.75,False
https://www.zameen.com/Property/eden_valley_eden_valley_-_block_c_avail_yourself_a_great_facing_park_5_marla_house_in_eden_valley_-_block_c-54498500-19078-1.html,House,For Sale,5 Marla,3.0,4.0,2 days ago,PKR 2.3 Crore,"Eden Valley - Block C, Eden Valley",Faisalabad,Zameen,23000000.0,Marla,1361.25,False
https://www.zameen.com/Property/eden_gardens_eden_executive_5_marla_house_good_condition_for_sale-54529388-10765-1.html,House,For Sale,5 Marla,3.0,4.0,2 days ago,PKR 2.3 Crore,"Eden Executive, Eden Gardens",Faisalabad,Zameen,23000000.0,Marla,1361.25,False
https://www.zameen.com/Property/faisalabad_ghalib_city_ghalib_city_house-54676338-10165-1.html,House,For Sale,5 Marla,4.0,5.0,4 days ago,PKR 1.7 Crore,"Ghalib City, Faisalabad",Faisalabad,Zameen,17000000.0,Marla,1361.25,False
https://www.zameen.com/Property/eden_gardens_eden_executive_eden_executive_house-54571121-10765-1.html,House,For Sale,5 Marla,3.0,4.0,4 days ago,PKR 2.1 Crore,"Eden Executive, Eden Gardens",Faisalabad,Zameen,21000000.0,Marla,1361.25,False
https://www.zameen.com/Property/faisalabad_eden_valley_eden_valley_house_for_sale-54576371-8917-1.html,House,For Sale,6 Marla,4.0,5.0,4 days ago,PKR 2.9 Crore,"Eden Valley, Faisalabad",Faisalabad,Zameen,29000000.0,Marla,1633.5,False
https://www.zameen.com/Property/faisalabad_judicial_employees_coop_housing_society_1_kanal_luxury_house_for_sale_in_judicial_housing_society_faisalabad-53886789-4969-1.html,House,For Sale,1 Kanal,4.0,5.0,1 day ago,PKR 5.5 Crore,"Judicial Employees Coop Housing Society, Faisalabad",Faisalabad,Zameen,55000000.0,Kanal,5445.0,False
https://www.zameen.com/Property/faisalabad_lower_canal_road_116_marla_farmhouse_for_sale_with_swimming_pool_on_main_lower_canal_road_faisalabad-54365660-12189-1.html,House,For Sale,5.8 Kanal,3.0,3.0,1 day ago,PKR 13.92 Crore,"Lower Canal Road, Faisalabad",Faisalabad,Zameen,139200000.0,Kanal,31581.0,False
https://www.zameen.com/Property/faisalabad_gulberg_valley_double_storey_house_for_sale-54536257-10823-1.html,House,For Sale,2 Marla,3.0,3.0,2 days ago,PKR 80 Lakh,"Gulberg Valley, Faisalabad",Faisalabad,Zameen,8000000.0,Marla,544.5,False
https://www.zameen.com/Property/faisalabad_jaranwala_road_double_storey_house_is_available_for_sale-54619090-9229-1.html,House,For Sale,5 Marla,5.0,3.0,2 days ago,PKR 1.4 Crore,"Jaranwala Road, Faisalabad",Faisalabad,Zameen,14000000.0,Marla,1361.25,False
https://www.zameen.com/Property/satiana_road_tech_town_tnt_colony_prime_location_house_for_sale_in_tech_town_tnt_colony-54640437-419-1.html,House,For Sale,5 Marla,3.0,3.0,2 days ago,PKR 1.1 Crore,"TECH Town (TNT Colony), Satiana Road",Faisalabad,Zameen,11000000.0,Marla,1361.25,False
https://www.zameen.com/Property/satiana_road_tech_town_tnt_colony_3_marla_house_in_tech_town_tnt_colony_for_sale_at_good_location-54640442-419-1.html,House,For Sale,3 Marla,3.0,3.0,2 days ago,PKR 85 Lakh,"TECH Town (TNT Colony), Satiana Road",Faisalabad,Zameen,8500000.0,Marla,816.75,False
https://www.zameen.com/Property/faisalabad_eden_valley_3_3_luxury_house_ready_for_sale-54684102-8917-1.html,House,For Sale,3.3 Marla,3.0,3.0,2 days ago,PKR 1.9 Crore,"Eden Valley, Faisalabad",Faisalabad,Zameen,19000000.0,Marla,898.425,False
https://www.zameen.com/Property/citi_housing_citi_housing_sargodha_road_5_marla_house_available_for_sale_in_citi_housing_sargodha_road_faislalabad-54610598-11229-1.html,House,For Sale,5 Marla,3.0,4.0,10 hours ago,PKR 1.85 Crore,"Citi Housing Sargodha Road, Citi Housing",Faisalabad,Zameen,18500000.0,Marla,1361.25,False
https://www.zameen.com/Property/faisalabad_eden_valley_prime_location_house_for_sale_in_eden_valley_eden_valley-54611728-8917-1.html,House,For Sale,7 Marla,5.0,5.0,2 weeks ago,PKR 3.7 Crore,"Eden Valley, Faisalabad",Faisalabad,Zameen,37000000.0,Marla,1905.75,False
https://www.zameen.com/Property/eden_gardens_eden_executive_get_a_prime_location_5_marla_house_for_sale_in_eden_executive-54611725-10765-1.html,House,For Sale,5 Marla,5.0,5.0,2 weeks ago,PKR 2.6 Crore,"Eden Executive, Eden Gardens",Faisalabad,Zameen,26000000.0,Marla,1361.25,False
https://www.zameen.com/Property/faisalabad_eden_orchard_avail_yourself_a_great_5_marla_house_in_eden_orchard-54605383-11162-1.html,House,For Sale,5 Marla,5.0,5.0,2 weeks ago,PKR 2.4 Crore,"Eden Orchard, Faisalabad",Faisalabad,Zameen,24000000.0,Marla,1361.25,False
https://www.zameen.com/Property/wapda_city_wapda_city_-_block_k_10_marla_brand_new_east_open_wireless_park_house_for_sale-54571527-5075-1.html,House,For Sale,10 Marla,5.0,6.0,3 weeks ago,PKR 4.6 Crore,"Wapda City - Block K, Wapda City",Faisalabad,Zameen,46000000.0,Marla,2722.5,False
https://www.zameen.com/Property/faisalabad_muslim_town_urgent_-_24_marla_corner_house_for_sale_in_muslim_town-54594311-1156-1.html,House,For Sale,1.2 Kanal,5.0,6.0,2 weeks ago,PKR 6.5 Crore,"Muslim Town, Faisalabad",Faisalabad,Zameen,65000000.0,Kanal,6534.0,False
https://www.zameen.com/Property/faisalabad_eden_valley_7_marla_brand_new_house_for_sale-54634087-8917-1.html,House,For Sale,7 Marla,5.0,5.0,2 weeks ago,PKR 4.25 Crore,"Eden Valley, Faisalabad",Faisalabad,Zameen,42500000.0,Marla,1905.75,False
https://www.zameen.com/Property/faisalabad_eden_orchard_11_marla_brand_new_luxury_house_for_sale_in_eden_orchard_sarghodha_road_near_pmc_faisalabad-54604116-11162-1.html,House,For Sale,11 Marla,5.0,6.0,3 weeks ago,PKR 6 Crore,"Eden Orchard, Faisalabad",Faisalabad,Zameen,60000000.0,Marla,2994.75,False
https://www.zameen.com/Property/faisalabad_jaranwala_road_affordable_prime_location_2_25_marla_house_available_for_sale_in_jaranwala_road-54518182-9229-1.html,House,For Sale,2.2 Marla,2.0,3.0,3 weeks ago,PKR 50 Lakh,"Jaranwala Road, Faisalabad",Faisalabad,Zameen,5000000.0,Marla,598.95,False
https://www.zameen.com/Property/citi_housing_citi_housing_samundri_road_park_facing_home_citi_housing_samundri_road-54586856-11230-1.html,Other,For Sale,5 Marla,5.0,6.0,3 weeks ago,PKR 1.9 Crore,"Citi Housing Samundri Road, Citi Housing",Faisalabad,Zameen,19000000.0,Marla,1361.25,False
https://www.zameen.com/Property/citi_housing_citi_housing_sargodha_road_5_marla_house_available_for_sale_in_citi_housing_sargodha_road-53958683-11229-1.html,House,For Sale,5 Marla,3.0,4.0,3 weeks ago,PKR 1.7 Crore,"Citi Housing Sargodha Road, Citi Housing",Faisalabad,Zameen,17000000.0,Marla,1361.25,False
https://www.zameen.com/Property/faisalabad_wapda_city-54684355-501-1.html,Other,For Sale,1.2 Kanal,8.0,6.0,12 hours ago,PKR 18 Crore,"Wapda City, Faisalabad",Faisalabad,Zameen,180000000.0,Kanal,6534.0,False
https://www.zameen.com/Property/lower_canal_road_canal_avenue_ultra_luxury_5_marla_brand_new_house_for_sale-54661739-19682-1.html,House,For Sale,5 Marla,3.0,4.0,6 hours ago,PKR 2 Crore,"Canal Avenue, Lower Canal Road",Faisalabad,Zameen,20000000.0,Marla,1361.25,False
https://www.zameen.com/Property/eden_gardens_eden_executive_5_marla_luxury_house_for_in_eden_executive-54675397-10765-1.html,House,For Sale,5 Marla,3.0,4.0,2 days ago,PKR 2.35 Crore,"Eden Executive, Eden Gardens",Faisalabad,Zameen,23500000.0,Marla,1361.25,False
https://www.zameen.com/Property/faisalabad_eden_valley_5_marla_luxurious_brand_new_house_for_sale-54674867-8917-1.html,House,For Sale,5 Marla,3.0,4.0,2 days ago,PKR 2.7 Crore,"Eden Valley, Faisalabad",Faisalabad,Zameen,27000000.0,Marla,1361.25,False
https://www.zameen.com/Property/faisalabad_eden_valley_7_marla_luxury_brand_new_house_for_sale-54531628-8917-1.html,House,For Sale,7 Marla,5.0,6.0,4 days ago,PKR 4.25 Crore,"Eden Valley, Faisalabad",Faisalabad,Zameen,42500000.0,Marla,1905.75,False
https://www.zameen.com/Property/east_canal_road_abdullah_gardens_9_marla_72_sqft-54683416-4890-1.html,Other,For Sale,10 Marla,5.0,6.0,2 days ago,PKR 7.15 Crore,"Abdullah Gardens, East Canal Road",Faisalabad,Zameen,71500000.0,Marla,2722.5,False
https://www.zameen.com/Property/eden_gardens_eden_executive_5_brand_new_luxurious_house_for_sale-54619721-10765-1.html,House,For Sale,5 Marla,3.0,4.0,4 days ago,PKR 2.45 Crore,"Eden Executive, Eden Gardens",Faisalabad,Zameen,24500000.0,Marla,1361.25,False
https://www.zameen.com/Property/faisalabad_peoples_colony_no_1_20_marla_double_storey_house_newly_constructed_house-54530589-535-1.html,House,For Sale,1 Kanal,5.0,5.0,12 hours ago,PKR 4.15 Crore,"Peoples Colony No 1, Faisalabad",Faisalabad,Zameen,41500000.0,Kanal,5445.0,False
https://www.zameen.com/Property/riaz_ul_jannah_riaz_ul_jannah_-_umer_block_brand_new_corner_house-54588174-18504-1.html,House,For Sale,6 Marla,4.0,5.0,1 day ago,PKR 3.4 Crore,"Riaz Ul Jannah - Umer Block, Riaz ul Jannah",Faisalabad,Zameen,34000000.0,Marla,1633.5,False
https://www.zameen.com/Property/lower_canal_road_green_orchard_4_marla_brand_new_house_for_sale_green_orchard-54370309-15298-1.html,House,For Sale,4 Marla,4.0,4.0,2 days ago,PKR 1.65 Crore,"Green Orchard, Lower Canal Road",Faisalabad,Zameen,16500000.0,Marla,1089.0,False
https://www.zameen.com/Property/canal_expressway_west_canal_residences_beautiful_furnished_apartment_available_on_prime_location-54640438-20236-1.html,Apartment,For Sale,2.5 Marla,1.0,1.0,2 days ago,PKR 1.32 Crore,"West Canal Residences, Canal Expressway",Faisalabad,Zameen,13200000.0,Marla,680.625,False
https://www.zameen.com/Property/faisalabad_al_najaf_colony_double_storey_house-54502380-4902-1.html,House,For Sale,5 Marla,7.0,4.0,2 days ago,PKR 1.4 Crore,"Al Najaf Colony, Faisalabad",Faisalabad,Zameen,14000000.0,Marla,1361.25,False
https://www.zameen.com/Property/faisalabad_al_najaf_colony_end_your_search_for_house_here_and_sale_now-54544104-4902-1.html,House,For Sale,10 Marla,6.0,4.0,2 days ago,PKR 3 Crore,"Al Najaf Colony, Faisalabad",Faisalabad,Zameen,30000000.0,Marla,2722.5,False
https://www.zameen.com/Property/faisalabad_al_najaf_colony_a_perfect_house_awaits_you_in_al_najaf_colony_al_najaf_colony-54544116-4902-1.html,House,For Sale,3 Marla,3.0,3.0,2 days ago,PKR 85 Lakh,"Al Najaf Colony, Faisalabad",Faisalabad,Zameen,8500000.0,Marla,816.75,False
https://www.zameen.com/Property/faisalabad_canal_expressway_beautiful_environment_farms_house_available_for_sale-53434508-12108-1.html,House,For Sale,4 Kanal,4.0,6.0,19 hours ago,PKR 7.2 Crore,"Canal Expressway, Faisalabad",Faisalabad,Zameen,72000000.0,Kanal,21780.0,False
https://www.zameen.com/Property/faisalabad_al_najaf_colony_5_marla_double_story_house_for_sale-54571839-4902-1.html,House,For Sale,5 Marla,5.0,4.0,4 weeks ago,PKR 1.9 Crore,"Al Najaf Colony, Faisalabad",Faisalabad,Zameen,19000000.0,Marla,1361.25,False
https://www.zameen.com/Property/wapda_city_wapda_city_-_block_m_ultra_modern_10_marla_brand_new_luxury_house_for_sale-54584764-5077-1.html,House,For Sale,10 Marla,4.0,5.0,3 weeks ago,PKR 4.75 Crore,"Wapda City - Block M, Wapda City",Faisalabad,Zameen,47500000.0,Marla,2722.5,False
https://www.zameen.com/Property/faisalabad_khayaban_colony_2_22_marla_lavish_house_for_sale_near_susan_road_faisalabad-53657911-9475-1.html,House,For Sale,1.1 Kanal,6.0,6.0,2 days ago,PKR 5.6 Crore,"Khayaban Colony 2, Faisalabad",Faisalabad,Zameen,56000000.0,Kanal,5989.500000000001,False
https://www.zameen.com/Property/faisalabad_abdullah_garden_15_marla_brand_new_lavish_house_for_sale_in_main_abdullah_garden_faisalabad-53482266-15268-1.html,House,For Sale,15 Marla,5.0,6.0,2 days ago,PKR 11 Crore,"Abdullah Garden, Faisalabad",Faisalabad,Zameen,110000000.0,Marla,4083.75,False
https://www.zameen.com/Property/faisalabad_abdullah_garden_20_marla_fully_furnished_modern_house_for_sale_in_abdullah_garden_main_canal_road-53482264-15268-1.html,House,For Sale,1 Kanal,5.0,6.0,2 days ago,PKR 14 Crore,"Abdullah Garden, Faisalabad",Faisalabad,Zameen,140000000.0,Kanal,5445.0,False
https://www.zameen.com/Property/faisalabad_canal_road_10_marla_modern_brand_new_house_for_sale_in_canal_garden_main_canal_road_faisalabad-53482339-1140-1.html,House,For Sale,10 Marla,4.0,5.0,2 days ago,PKR 5.15 Crore,"Canal Road, Faisalabad",Faisalabad,Zameen,51500000.0,Marla,2722.5,False
https://www.zameen.com/Property/faisalabad_abdullah_garden_15_marla_brand_new_lavish_house_for_sale_in_main_abdullah_garden_faisalabad-53482378-15268-1.html,House,For Sale,15 Marla,5.0,6.0,2 days ago,PKR 11 Crore,"Abdullah Garden, Faisalabad",Faisalabad,Zameen,110000000.0,Marla,4083.75,False
https://www.zameen.com/Property/faisalabad_gulberg_valley_5_marla_house_for_sale-54108598-10823-1.html,House,For Sale,5 Marla,4.0,4.0,4 days ago,PKR 1.6 Crore,"Gulberg Valley, Faisalabad",Faisalabad,Zameen,16000000.0,Marla,1361.25,False
https://www.zameen.com/Property/faisalabad_eden_valley_7_marla_house_used_double_story_eden_valley-54554101-8917-1.html,House,For Sale,7 Marla,5.0,6.0,6 days ago,PKR 3 Crore,"Eden Valley, Faisalabad",Faisalabad,Zameen,30000000.0,Marla,1905.75,False
https://www.zameen.com/Property/faisalabad_gulberg_valley_luxury_5_marla_brand_new_house_for_sale-54664283-10823-1.html,House,For Sale,5 Marla,4.0,5.0,6 days ago,PKR 1.85 Crore,"Gulberg Valley, Faisalabad",Faisalabad,Zameen,18500000.0,Marla,1361.25,False
https://www.zameen.com/Property/faisalabad_eden_valley_5_marla_4_bed_house_brand_new_eden_valley-54211300-8917-1.html,House,For Sale,5 Marla,4.0,5.0,1 week ago,PKR 2.7 Crore,"Eden Valley, Faisalabad",Faisalabad,Zameen,27000000.0,Marla,1361.25,False
https://www.zameen.com/Property/faisalabad_canal_road_26_marla_house_brand_new_at_canal_road_society-54665013-1140-1.html,House,For Sale,1.3 Kanal,6.0,6.0,6 days ago,PKR 13 Crore,"Canal Road, Faisalabad",Faisalabad,Zameen,130000000.0,Kanal,7078.5,False
https://www.zameen.com/Property/eden_gardens_eden_executive_affordable_house_for_sale_in_eden_executive-54591128-10765-1.html,House,For Sale,5 Marla,5.0,5.0,4 days ago,PKR 2.5 Crore,"Eden Executive, Eden Gardens",Faisalabad,Zameen,25000000.0,Marla,1361.25,False
https://www.zameen.com/Property/canal_road_model_city_1_model_city_house_is_for_sale-54571133-8590-1.html,House,For Sale,3 Marla,3.0,4.0,5 days ago,PKR 1.28 Crore,"Model City 1, Canal Road",Faisalabad,Zameen,12800000.0,Marla,816.75,False
https://www.zameen.com/Property/citi_housing_citi_housing_samundri_road_citi_housing_samundri_road_beautiful_registry_home_for_sale-54664143-11230-1.html,Other,For Sale,5 Marla,3.0,4.0,5 days ago,PKR 1.65 Crore,"Citi Housing Samundri Road, Citi Housing",Faisalabad,Zameen,16500000.0,Marla,1361.25,False
https://www.zameen.com/Property/faisalabad_university_town_1_kanal_beautiful_and_maintained_house_for_sale_in_university_town-54488770-5063-1.html,House,For Sale,1 Kanal,6.0,6.0,5 days ago,PKR 6.6 Crore,"University Town, Faisalabad",Faisalabad,Zameen,66000000.0,Kanal,5445.0,False
https://www.zameen.com/Property/faisalabad_faisal_town_11_5_marla_beautiful_maintained_house_for_sale_in_faisal_town_canal_road-54579336-1361-1.html,House,For Sale,11.5 Marla,4.0,6.0,5 days ago,PKR 3.85 Crore,"Faisal Town, Faisalabad",Faisalabad,Zameen,38500000.0,Marla,3130.875,False
https://www.zameen.com/Property/lower_canal_road_green_orchard_owner-built_6_bedroom_house_for_sale_green_orchard_lower_canal_faisalabad-54691864-15298-1.html,Room,For Sale,7 Marla,6.0,6.0,5 hours ago,PKR 3.55 Crore,"Green Orchard, Lower Canal Road",Faisalabad,Zameen,35500000.0,Marla,1905.75,False
https://www.zameen.com/Property/gulshan_e_madina_gulshan_e_madina_phase_1_double_story_house_for_sale_need_to_sell_urgently-54690743-18300-1.html,House,For Sale,10 Marla,4.0,5.0,8 hours ago,PKR 3.7 Crore,"Gulshan e Madina Phase 1, Gulshan e Madina",Faisalabad,Zameen,37000000.0,Marla,2722.5,False
https://www.zameen.com/Property/faisalabad_rehman_gardens_04_marla_house_for_sale_in_rehman_garden_styana_road_near_fish_farm_faisalabad-54507340-5037-1.html,House,For Sale,4 Marla,5.0,5.0,23 hours ago,PKR 1.85 Crore,"Rehman Gardens, Faisalabad",Faisalabad,Zameen,18500000.0,Marla,1089.0,False
https://www.zameen.com/Property/faisalabad_sargodha_road_11_kanal_farmhouse_for_sale_near_city_housing_metro_kfc-53940135-768-1.html,House,For Sale,11 Kanal,3.0,2.0,10 hours ago,PKR 15.4 Crore,"Sargodha Road, Faisalabad",Faisalabad,Zameen,154000000.0,Kanal,59895.0,False
https://www.zameen.com/Property/faisalabad_al_najaf_colony_double_storey_house_for_sale-54640439-4902-1.html,House,For Sale,5 Marla,6.0,2.0,2 days ago,PKR 1.5 Crore,"Al Najaf Colony, Faisalabad",Faisalabad,Zameen,15000000.0,Marla,1361.25,False
https://www.zameen.com/Property/satiana_road_sitara_gold_city_7_marla_modern_style_house_for_sale_in_sitara_gold_city-54688203-10822-1.html,House,For Sale,7 Marla,4.0,5.0,23 hours ago,PKR 3.45 Crore,"Sitara Gold City, Satiana Road",Faisalabad,Zameen,34500000.0,Marla,1905.75,False
https://www.zameen.com/Property/eden_gardens_eden_executive_beautiful_new_house_5_marla-54686336-10765-1.html,House,For Sale,5 Marla,4.0,4.0,1 day ago,PKR 2.6 Crore,"Eden Executive, Eden Gardens",Faisalabad,Zameen,26000000.0,Marla,1361.25,False
https://www.zameen.com/Property/faisalabad_al_najaf_colony_double_storey_house-54640436-4902-1.html,House,For Sale,5 Marla,7.0,4.0,2 days ago,PKR 1.4 Crore,"Al Najaf Colony, Faisalabad",Faisalabad,Zameen,14000000.0,Marla,1361.25,False
https://www.zameen.com/Property/faisalabad_canal_road_7_marla_brand_new_house_canal_road-53343727-1140-1.html,House,For Sale,7 Marla,4.0,5.0,1 week ago,PKR 4 Crore,"Canal Road, Faisalabad",Faisalabad,Zameen,40000000.0,Marla,1905.75,False
https://www.zameen.com/Property/faisalabad_canal_road_12_marla_house_divine_enclave-54333658-1140-1.html,House,For Sale,12 Marla,5.0,6.0,1 week ago,PKR 8.5 Crore,"Canal Road, Faisalabad",Faisalabad,Zameen,85000000.0,Marla,3267.0,False
https://www.zameen.com/Property/eden_gardens_eden_executive_8_marla_grey_structure_house-52752760-10765-1.html,House,For Sale,8 Marla,5.0,6.0,1 week ago,PKR 2.4 Crore,"Eden Executive, Eden Gardens",Faisalabad,Zameen,24000000.0,Marla,2178.0,False
https://www.zameen.com/Property/eden_gardens_eden_executive_7_marla_brand_new_house_for_sale_in_eden_executive-53198901-10765-1.html,House,For Sale,7 Marla,5.0,6.0,1 week ago,PKR 2.75 Crore,"Eden Executive, Eden Gardens",Faisalabad,Zameen,27500000.0,Marla,1905.75,False
https://www.zameen.com/Property/faisalabad_eden_valley_7_marla_brand_new_house-53809506-8917-1.html,House,For Sale,7 Marla,4.0,5.0,1 week ago,PKR 4.1 Crore,"Eden Valley, Faisalabad",Faisalabad,Zameen,41000000.0,Marla,1905.75,False
https://www.zameen.com/Property/lower_canal_road_green_orchard_luxury_4_marla_brand_new_house_for_sale-54333361-15298-1.html,House,For Sale,4 Marla,3.0,3.0,1 week ago,PKR 1.6 Crore,"Green Orchard, Lower Canal Road",Faisalabad,Zameen,16000000.0,Marla,1089.0,False
https://www.zameen.com/Property/lower_canal_road_oasis_one_ultra_luxury_4_marla_brand_new_house_for_sale-54586004-19684-1.html,House,For Sale,4 Marla,3.0,3.0,1 week ago,PKR 1.4 Crore,"Oasis One, Lower Canal Road",Faisalabad,Zameen,14000000.0,Marla,1089.0,False
https://www.zameen.com/Property/eden_valley_eden_valley_-_block_d_beautiful_7_marla_house_available_for_sale-54657443-19079-1.html,House,For Sale,7 Marla,4.0,5.0,1 week ago,PKR 4.25 Crore,"Eden Valley - Block D, Eden Valley",Faisalabad,Zameen,42500000.0,Marla,1905.75,False
https://www.zameen.com/Property/eden_valley_eden_valley_-_block_d_5_marla_house_for_sale-54657461-19079-1.html,House,For Sale,5 Marla,4.0,5.0,1 week ago,PKR 2 Crore,"Eden Valley - Block D, Eden Valley",Faisalabad,Zameen,20000000.0,Marla,1361.25,False
https://www.zameen.com/Property/canal_road_divine_enclave_buy_a_house_of_7_marla_in_divine_enclave-54600471-21698-1.html,House,For Sale,7 Marla,5.0,5.0,1 week ago,PKR 4.25 Crore,"Divine Enclave, Canal Road",Faisalabad,Zameen,42500000.0,Marla,1905.75,False
https://www.zameen.com/Property/canal_road_divine_enclave_book_a_11_marla_house_in_divine_enclave-54605464-21698-1.html,House,For Sale,11 Marla,5.0,5.0,1 week ago,PKR 8.5 Crore,"Divine Enclave, Canal Road",Faisalabad,Zameen,85000000.0,Marla,2994.75,False
https://www.zameen.com/Property/faisalabad_eden_orchard_house_sized_5_marla_in_eden_orchard-54605388-11162-1.html,House,For Sale,5 Marla,5.0,5.0,1 week ago,PKR 2.4 Crore,"Eden Orchard, Faisalabad",Faisalabad,Zameen,24000000.0,Marla,1361.25,False
https://www.zameen.com/Property/samundari_road_allied_city_market_brand_new_house_is_for_sale-54643600-16028-1.html,House,For Sale,4 Marla,3.0,4.0,5 days ago,PKR 1.6 Crore,"Allied City & Market, Samundari Road",Faisalabad,Zameen,16000000.0,Marla,1089.0,False
https://www.zameen.com/Property/eden_orchard_eden_orchard_block_x_11_marla_east_open_double_storey_designer_home_for_sale-54668716-14657-1.html,Other,For Sale,11 Marla,5.0,7.0,6 days ago,PKR 5.5 Crore,"Eden Orchard Block X, Eden Orchard",Faisalabad,Zameen,55000000.0,Marla,2994.75,False
https://www.zameen.com/Property/eden_gardens_eden_executive_eden_executive_house-54604285-10765-1.html,House,For Sale,6 Marla,4.0,5.0,5 days ago,PKR 2.4 Crore,"Eden Executive, Eden Gardens",Faisalabad,Zameen,24000000.0,Marla,1633.5,False
https://www.zameen.com/Property/faisalabad_eden_orchard_5_marla_brand_new_double_storey_house_available_for_sale_in_eden_orchard_lasani_puli_sargodha_road-54391165-11162-1.html,House,For Sale,5 Marla,4.0,5.0,6 days ago,PKR 2.6 Crore,"Eden Orchard, Faisalabad",Faisalabad,Zameen,26000000.0,Marla,1361.25,False
https://www.zameen.com/Property/eden_gardens_eden_executive_eden_executive_house_for_sale-54653989-10765-1.html,House,For Sale,6 Marla,4.0,5.0,5 days ago,PKR 2.45 Crore,"Eden Executive, Eden Gardens",Faisalabad,Zameen,24500000.0,Marla,1633.5,False
https://www.zameen.com/Property/satiana_road_tech_town_tnt_colony_5_marla_1_5_story_house-54683865-419-1.html,House,For Sale,5 Marla,4.0,4.0,2 days ago,PKR 82 Lakh,"TECH Town (TNT Colony), Satiana Road",Faisalabad,Zameen,8200000.0,Marla,1361.25,False
https://www.zameen.com/Property/east_canal_road_lyallpur_galleria_2_bed_apartment_for_sale_in_layalpur_galleria_east_canal_road_best_location_hot_location_near_commercial_near_food_court_best_rental_income_best_for_investment-54508437-10499-1.html,Apartment,For Sale,2.2 Marla,2.0,2.0,2 hours ago,PKR 1.3 Crore,"Lyallpur Galleria, East Canal Road",Faisalabad,Zameen,13000000.0,Marla,598.95,False
https://www.zameen.com/Property/eden_gardens_eden_executive_4_marla_house_in_eden_gardens_of_faisalabad_is_available_for_sale-54640657-10765-1.html,House,For Sale,4 Marla,5.0,5.0,12 hours ago,PKR 1.6 Crore,"Eden Executive, Eden Gardens",Faisalabad,Zameen,16000000.0,Marla,1089.0,False
https://www.zameen.com/Property/citi_housing_sargodha_road_citi_housing_sargodha_road_-_block_c_centrally_located_house_in_citi_housing_sargodha_road_-_block_c_is_available_for_sale-54653574-14611-1.html,House,For Sale,5 Marla,5.0,5.0,13 hours ago,PKR 1.95 Crore,"Citi Housing Sargodha Road - Block C, Citi Housing Sargodha Road",Faisalabad,Zameen,19500000.0,Marla,1361.25,False
https://www.zameen.com/Property/eden_valley_eden_valley_-_block_c_ideal_5_marla_house_available_in_eden_valley_-_block_c_faisalabad_for_sale-54653573-19078-1.html,House,For Sale,5 Marla,3.0,4.0,13 hours ago,PKR 2.4 Crore,"Eden Valley - Block C, Eden Valley",Faisalabad,Zameen,24000000.0,Marla,1361.25,False
https://www.zameen.com/Property/wapda_city_wapda_city_-_block_k_10_marla_brand_new_luxury_house_for_sale-54292341-5075-1.html,House,For Sale,10 Marla,4.0,5.0,15 hours ago,PKR 4.8 Crore,"Wapda City - Block K, Wapda City",Faisalabad,Zameen,48000000.0,Marla,2722.5,False
https://www.zameen.com/Property/wapda_city_wapda_city_-_block_m_10_marla_brand_new_luxury_house_available_for_sale-54297327-5077-1.html,House,For Sale,10 Marla,4.0,5.0,15 hours ago,PKR 4.7 Crore,"Wapda City - Block M, Wapda City",Faisalabad,Zameen,47000000.0,Marla,2722.5,False
https://www.zameen.com/Property/faisalabad_lasani_garden_new_house_for_sale-53030810-4984-1.html,House,For Sale,2 Marla,3.0,3.0,1 day ago,PKR 95 Lakh,"Lasani Garden, Faisalabad",Faisalabad,Zameen,9500000.0,Marla,544.5,False
https://www.zameen.com/Property/east_canal_road_abdullah_gardens_20_marla_very_beautiful_brand_new_house_available_in_abdullah_gardens_canal_road-54452433-4890-1.html,House,For Sale,1 Kanal,6.0,6.0,2 weeks ago,PKR 12.5 Crore,"Abdullah Gardens, East Canal Road",Faisalabad,Zameen,125000000.0,Kanal,5445.0,False
https://www.zameen.com/Property/faisalabad_eden_gardens_book_a_house_of_4_marla_in_eden_gardens_eden_gardens-54600473-8296-1.html,House,For Sale,4 Marla,5.0,5.0,2 weeks ago,PKR 2 Crore,"Eden Gardens, Faisalabad",Faisalabad,Zameen,20000000.0,Marla,1089.0,False
https://www.zameen.com/Property/canal_road_model_city_1_7_marla_house_double_storey_registry-54150958-8590-1.html,House,For Sale,7 Marla,4.0,5.0,2 weeks ago,PKR 3.5 Crore,"Model City 1, Canal Road",Faisalabad,Zameen,35000000.0,Marla,1905.75,False
https://www.zameen.com/Property/faisalabad_khayaban_colony_2_11_marla_house_khyaban_2_for_sale-54186399-9475-1.html,House,For Sale,11 Marla,5.0,6.0,2 weeks ago,PKR 3.75 Crore,"Khayaban Colony 2, Faisalabad",Faisalabad,Zameen,37500000.0,Marla,2994.75,False
https://www.zameen.com/Property/eden_gardens_eden_executive_5_marla_brand_new_house_is_available_for_sale_in_eden_executive-53809504-10765-1.html,House,For Sale,5 Marla,3.0,4.0,2 weeks ago,PKR 2.5 Crore,"Eden Executive, Eden Gardens",Faisalabad,Zameen,25000000.0,Marla,1361.25,False
https://www.zameen.com/Property/faisalabad_saeed_colony_14_marla_house_for_sale_in_saed_colony_2-54415432-582-1.html,House,For Sale,14 Marla,6.0,6.0,2 weeks ago,PKR 5 Crore,"Saeed Colony, Faisalabad",Faisalabad,Zameen,50000000.0,Marla,3811.5,False
https://www.zameen.com/Property/faisalabad_eden_valley_6_marla_5_bed_house_for_sale_in_eden_valley-54318366-8917-1.html,House,For Sale,6 Marla,5.0,6.0,2 weeks ago,PKR 3.6 Crore,"Eden Valley, Faisalabad",Faisalabad,Zameen,36000000.0,Marla,1633.5,False
https://www.zameen.com/Property/faisalabad_khayaban_colony_2_9_marla_double_story_house_khyaban_2-54485161-9475-1.html,House,For Sale,9 Marla,4.0,5.0,2 weeks ago,PKR 2.7 Crore,"Khayaban Colony 2, Faisalabad",Faisalabad,Zameen,27000000.0,Marla,2450.25,False
https://www.zameen.com/Property/eden_gardens_eden_executive_7_marla_facing_park_eden_executive-53766148-10765-1.html,Other,For Sale,7 Marla,4.0,5.0,2 weeks ago,PKR 3.2 Crore,"Eden Executive, Eden Gardens",Faisalabad,Zameen,32000000.0,Marla,1905.75,False
https://www.zameen.com/Property/east_canal_road_lyallpur_galleria_apartment_504_sqft_layelpur_galleria-54428649-10499-1.html,Apartment,For Sale,2.2 Marla,2.0,2.0,2 weeks ago,PKR 1.5 Crore,"Lyallpur Galleria, East Canal Road",Faisalabad,Zameen,15000000.0,Marla,598.95,False
https://www.zameen.com/Property/canal_road_model_city_1_7_marla_brand_new_house_model_city_1_for_sale-54306077-8590-1.html,House,For Sale,7 Marla,4.0,5.0,2 weeks ago,PKR 3.5 Crore,"Model City 1, Canal Road",Faisalabad,Zameen,35000000.0,Marla,1905.75,False
https://www.zameen.com/Property/susan_road_officers_colony_no_1_officer_1_madina_town_area-54613354-12593-1.html,Office,For Sale,1 Kanal,5.0,6.0,2 weeks ago,PKR 11.5 Crore,"Officers Colony No 1, Susan Road",Faisalabad,Zameen,115000000.0,Kanal,5445.0,False
https://www.zameen.com/Property/eden_gardens_eden_executive_eden_executive_house-54601506-10765-1.html,House,For Sale,5 Marla,3.0,4.0,5 days ago,PKR 2.2 Crore,"Eden Executive, Eden Gardens",Faisalabad,Zameen,22000000.0,Marla,1361.25,False
https://www.zameen.com/Property/faisalabad_eden_orchard_5_marla_brand_new_luxurious_house_available_for_sale_in_eden_orchard-54391163-11162-1.html,House,For Sale,5 Marla,3.0,4.0,6 days ago,PKR 2.35 Crore,"Eden Orchard, Faisalabad",Faisalabad,Zameen,23500000.0,Marla,1361.25,False
https://www.zameen.com/Property/faisalabad_wapda_city_buy_a_house_of_20_marla_in_wapda_city-54655245-501-1.html,House,For Sale,1 Kanal,5.0,5.0,6 days ago,PKR 11 Crore,"Wapda City, Faisalabad",Faisalabad,Zameen,110000000.0,Kanal,5445.0,False
https://www.zameen.com/Property/faisalabad_wapda_city_stunning_10_marla_house_in_wapda_city_available-54655243-501-1.html,House,For Sale,10 Marla,5.0,5.0,6 days ago,PKR 4 Crore,"Wapda City, Faisalabad",Faisalabad,Zameen,40000000.0,Marla,2722.5,False
https://www.zameen.com/Property/faisalabad_wapda_city_ready_to_buy_a_house_in_wapda_city_wapda_city-54655244-501-1.html,House,For Sale,5 Marla,5.0,5.0,6 days ago,PKR 2.25 Crore,"Wapda City, Faisalabad",Faisalabad,Zameen,22500000.0,Marla,1361.25,False
https://www.zameen.com/Property/rehman_gardens_rehman_gardens_-_executive_block_new_house_for_sale-53919097-21703-1.html,House,For Sale,5 Marla,3.0,4.0,1 day ago,PKR 1.7 Crore,"Rehman Gardens - Executive Block, Rehman Gardens",Faisalabad,Zameen,17000000.0,Marla,1361.25,False
https://www.zameen.com/Property/faisalabad_kareem_city_brand_new_single_storey_house-53919096-9452-1.html,House,For Sale,5 Marla,2.0,2.0,1 day ago,PKR 1.35 Crore,"Kareem City, Faisalabad",Faisalabad,Zameen,13500000.0,Marla,1361.25,False
https://www.zameen.com/Property/satiana_road_sitara_diamond_city_ideal_house_is_available_for_sale_in_faisalabad-54487905-10729-1.html,House,For Sale,3 Marla,3.0,4.0,1 day ago,PKR 1.55 Crore,"Sitara Diamond City, Satiana Road",Faisalabad,Zameen,15500000.0,Marla,816.75,False
https://www.zameen.com/Property/faisalabad_canal_road_house_available_for_sale-54654589-1140-1.html,House,For Sale,11 Marla,4.0,5.0,2 days ago,PKR 3.85 Crore,"Canal Road, Faisalabad",Faisalabad,Zameen,38500000.0,Marla,2994.75,False
https://www.zameen.com/Property/faisalabad_khawaja_islam_road_prime_location_house_for_sale_in_rs_150000000-54619092-11498-1.html,House,For Sale,2 Kanal,4.0,3.0,2 days ago,PKR 15 Crore,"Khawaja Islam Road, Faisalabad",Faisalabad,Zameen,150000000.0,Kanal,10890.0,False
https://www.zameen.com/Property/faisalabad_al_najaf_colony_al_najaf_colony_house_sized_11_marla_is_available_single_storey_lanter-54640441-4902-1.html,House,For Sale,11 Marla,3.0,3.0,2 days ago,PKR 3.5 Crore,"Al Najaf Colony, Faisalabad",Faisalabad,Zameen,35000000.0,Marla,2994.75,False
https://www.zameen.com/Property/faisalabad_eden_valley_must_visit_for_dream_house_for_sale_in_faisalabad-54600732-8917-1.html,House,For Sale,7 Marla,4.0,5.0,2 days ago,PKR 4.25 Crore,"Eden Valley, Faisalabad",Faisalabad,Zameen,42500000.0,Marla,1905.75,False
https://www.zameen.com/Property/rehman_gardens_rehman_gardens_-_executive_block_brand_new_house_is_for_sale-54470902-21703-1.html,House,For Sale,2 Marla,3.0,3.0,1 day ago,PKR 85 Lakh,"Rehman Gardens - Executive Block, Rehman Gardens",Faisalabad,Zameen,8500000.0,Marla,544.5,False
https://www.zameen.com/Property/faisalabad_gulberg_valley_3_marla_nearest_park_good_location_house_for_sale-54586496-10823-1.html,House,For Sale,3 Marla,3.0,4.0,3 weeks ago,PKR 1.1 Crore,"Gulberg Valley, Faisalabad",Faisalabad,Zameen,11000000.0,Marla,816.75,False
https://www.zameen.com/Property/faisalabad_gulberg_valley_2_5_marla_brand_new_house_for_sale-54586516-10823-1.html,House,For Sale,2.5 Marla,3.0,4.0,3 weeks ago,PKR 95 Lakh,"Gulberg Valley, Faisalabad",Faisalabad,Zameen,9500000.0,Marla,680.625,False
https://www.zameen.com/Property/lahore_sheikhupura_faisalabad_road_wadi-e-sitara_furnished_corner_13_5_marla_house_for_sale_in_wadie_sitara_faisalabad-53434038-12441-1.html,House,For Sale,13 Marla,4.0,5.0,3 weeks ago,PKR 8 Crore,"Wadi-e-Sitara, Lahore - Sheikhupura - Faisalabad Road",Faisalabad,Zameen,80000000.0,Marla,3539.25,False
https://www.zameen.com/Property/faisalabad_gulberg_valley_2_5_marla_brand_new_house_for_sale-54617296-10823-1.html,House,For Sale,2.5 Marla,3.0,3.0,2 weeks ago,PKR 95 Lakh,"Gulberg Valley, Faisalabad",Faisalabad,Zameen,9500000.0,Marla,680.625,False
https://www.zameen.com/Property/wapda_city_wapda_city_-_block_d_get_a_15_marla_house_for_sale_in_wapda_city_-_block_d-54561205-5069-1.html,House,For Sale,15 Marla,5.0,5.0,4 weeks ago,PKR 5.15 Crore,"Wapda City - Block D, Wapda City",Faisalabad,Zameen,51500000.0,Marla,4083.75,False
https://www.zameen.com/Property/faisalabad_satiana_road_a_2_marla_house_is_up_for_grabs_in_satiana_road-54502825-534-1.html,House,For Sale,2 Marla,5.0,5.0,4 days ago,PKR 43 Lakh,"Satiana Road, Faisalabad",Faisalabad,Zameen,4300000.0,Marla,544.5,False
https://www.zameen.com/Property/lower_canal_road_canal_valley_prime_location_house_of_5_marla_available_in_canal_valley-54581240-11632-1.html,House,For Sale,5 Marla,5.0,5.0,4 days ago,PKR 1.35 Crore,"Canal Valley, Lower Canal Road",Faisalabad,Zameen,13500000.0,Marla,1361.25,False
https://www.zameen.com/Property/lower_canal_road_canal_valley_brand_new_beautiful_house_double_storey-54502824-11632-1.html,House,For Sale,5 Marla,5.0,5.0,4 days ago,PKR 1.6 Crore,"Canal Valley, Lower Canal Road",Faisalabad,Zameen,16000000.0,Marla,1361.25,False
https://www.zameen.com/Property/east_canal_road_abdullah_gardens_luxury_house_for_sale-54665350-4890-1.html,House,For Sale,10 Marla,5.0,7.0,6 days ago,PKR 6 Crore,"Abdullah Gardens, East Canal Road",Faisalabad,Zameen,60000000.0,Marla,2722.5,False
https://www.zameen.com/Property/eden_gardens_eden_executive_5_marla_house_is_available_for_sale_in_eden_executive-54662212-10765-1.html,House,For Sale,5 Marla,5.0,5.0,1 week ago,PKR 2.45 Crore,"Eden Executive, Eden Gardens",Faisalabad,Zameen,24500000.0,Marla,1361.25,False
https://www.zameen.com/Property/faisalabad_eden_valley_prime_location_4_marla_house_in_only_rs_21500000-54656578-8917-1.html,House,For Sale,4 Marla,3.0,4.0,1 week ago,PKR 2.15 Crore,"Eden Valley, Faisalabad",Faisalabad,Zameen,21500000.0,Marla,1089.0,False
https://www.zameen.com/Property/eden_gardens_eden_executive_4_marla_lavish_house_for_sale-54643493-10765-1.html,House,For Sale,4 Marla,3.0,4.0,1 week ago,PKR 1.95 Crore,"Eden Executive, Eden Gardens",Faisalabad,Zameen,19500000.0,Marla,1089.0,False
https://www.zameen.com/Property/canal_road_divine_enclave_idyllic_prime_location_house_available_in_divine_enclave_for_sale-54656580-21698-1.html,House,For Sale,12 Marla,5.0,5.0,1 week ago,PKR 8.5 Crore,"Divine Enclave, Canal Road",Faisalabad,Zameen,85000000.0,Marla,3267.0,False
https://www.zameen.com/Property/citi_housing_citi_housing_samundri_road_buying_a_house_in_faisalabad-54647068-11230-1.html,House,For Sale,5 Marla,4.0,4.0,1 week ago,PKR 1.3 Crore,"Citi Housing Samundri Road, Citi Housing",Faisalabad,Zameen,13000000.0,Marla,1361.25,False
https://www.zameen.com/Property/east_canal_road_abdullah_gardens_prime_location_house_of_7_marla_is_available_for_sale_in_abdullah_gardens-54656582-4890-1.html,House,For Sale,7 Marla,5.0,5.0,1 week ago,PKR 4.5 Crore,"Abdullah Gardens, East Canal Road",Faisalabad,Zameen,45000000.0,Marla,1905.75,False
https://www.zameen.com/Property/faisalabad_saeed_colony_luxury_house_for_sale-54665314-582-1.html,House,For Sale,18 Marla,7.0,7.0,6 days ago,PKR 9 Crore,"Saeed Colony, Faisalabad",Faisalabad,Zameen,90000000.0,Marla,4900.5,False
https://www.zameen.com/Property/faisalabad_eden_valley_3_2_marla_beautiful_house_eden_velly-54623204-8917-1.html,House,For Sale,3.2 Marla,3.0,4.0,1 week ago,PKR 1.85 Crore,"Eden Valley, Faisalabad",Faisalabad,Zameen,18500000.0,Marla,871.2,False
https://www.zameen.com/Property/faisalabad_al_najaf_colony_single_storey_house_is_for_sale-54506132-4902-1.html,House,For Sale,12 Marla,3.0,3.0,2 days ago,PKR 3 Crore,"Al Najaf Colony, Faisalabad",Faisalabad,Zameen,30000000.0,Marla,3267.0,False
https://www.zameen.com/Property/faisalabad_eden_valley_east_open_3_marla_house_in_eden_valley_of_eden_valley_is_available_for_sale-54660832-8917-1.html,House,For Sale,3 Marla,5.0,5.0,2 days ago,PKR 1.9 Crore,"Eden Valley, Faisalabad",Faisalabad,Zameen,19000000.0,Marla,816.75,False
https://www.zameen.com/Property/faisalabad_eden_gardens_stunning_and_affordable_house_available_for_sale_in_eden_gardens-54660822-8296-1.html,House,For Sale,2 Marla,5.0,5.0,2 days ago,PKR 85 Lakh,"Eden Gardens, Faisalabad",Faisalabad,Zameen,8500000.0,Marla,544.5,False
https://www.zameen.com/Property/faisalabad_ghalib_city_gorgeous_2_marla_house_for_sale_available_in_ghalib_city-54660814-10165-1.html,House,For Sale,2 Marla,5.0,5.0,2 days ago,PKR 1.15 Crore,"Ghalib City, Faisalabad",Faisalabad,Zameen,11500000.0,Marla,544.5,False
https://www.zameen.com/Property/faisalabad_ghalib_city_ghalib_city_house_for_sale_sized_3_marla-54660816-10165-1.html,House,For Sale,3 Marla,5.0,5.0,2 days ago,PKR 1.35 Crore,"Ghalib City, Faisalabad",Faisalabad,Zameen,13500000.0,Marla,816.75,False
https://www.zameen.com/Property/faisalabad_ghalib_city_get_an_attractive_house_in_ghalib_city_under_rs_16000000-54660817-10165-1.html,House,For Sale,4 Marla,5.0,5.0,2 days ago,PKR 1.6 Crore,"Ghalib City, Faisalabad",Faisalabad,Zameen,16000000.0,Marla,1089.0,False
https://www.zameen.com/Property/faisalabad_kohinoor_city_16_marla_beautiful_lavish_house_for_sale_near_kohinoor_commercial_area_faisalabad-54070243-1360-1.html,House,For Sale,16 Marla,6.0,5.0,2 days ago,PKR 8.5 Crore,"Kohinoor City, Faisalabad",Faisalabad,Zameen,85000000.0,Marla,4356.0,False
https://www.zameen.com/Property/east_canal_road_abdullah_gardens_luxurious_4_kanal_modern_state_of_the_art_bungalow_for_sale_in_abdullah_garden_faisalabad-52047039-4890-1.html,Other,For Sale,4 Kanal,6.0,7.0,2 days ago,PKR 45 Crore,"Abdullah Gardens, East Canal Road",Faisalabad,Zameen,450000000.0,Kanal,21780.0,False
https://www.zameen.com/Property/faisalabad_canal_road_5_marla_house_at_canal_road-54623414-1140-1.html,House,For Sale,5 Marla,3.0,4.0,1 week ago,PKR 2.55 Crore,"Canal Road, Faisalabad",Faisalabad,Zameen,25500000.0,Marla,1361.25,False
https://www.zameen.com/Property/canal_road_east_canal_road_luxury_house_for_sale-54665508-9506-1.html,House,For Sale,1.3 Kanal,8.0,7.0,6 days ago,PKR 15 Crore,"East Canal Road, Canal Road",Faisalabad,Zameen,150000000.0,Kanal,7078.5,False
https://www.zameen.com/Property/faisalabad_saeed_colony_luxury_house_for_sale-54665282-582-1.html,House,For Sale,5 Marla,4.0,7.0,6 days ago,PKR 2 Crore,"Saeed Colony, Faisalabad",Faisalabad,Zameen,20000000.0,Marla,1361.25,False
https://www.zameen.com/Property/faisalabad_canal_road_16_marla_beautiful_house-54623395-1140-1.html,House,For Sale,16 Marla,5.0,5.0,1 week ago,PKR 7 Crore,"Canal Road, Faisalabad",Faisalabad,Zameen,70000000.0,Marla,4356.0,False
https://www.zameen.com/Property/faisalabad_ghalib_city_2_5_marla_house_in_galib_city-54622470-10165-1.html,House,For Sale,2.5 Marla,3.0,5.0,1 week ago,PKR 1.15 Crore,"Ghalib City, Faisalabad",Faisalabad,Zameen,11500000.0,Marla,680.625,False
https://www.zameen.com/Property/faisalabad_madina_town_prime_location_5_marla_house_ideally_situated_in_madina_town-54654630-533-1.html,House,For Sale,5 Marla,5.0,5.0,1 week ago,PKR 2.25 Crore,"Madina Town, Faisalabad",Faisalabad,Zameen,22500000.0,Marla,1361.25,False
https://www.zameen.com/Property/faisalabad_madina_town_prime_location_5_marla_house_ideally_situated_in_madina_town-54654634-533-1.html,House,For Sale,5 Marla,5.0,5.0,1 week ago,PKR 2.25 Crore,"Madina Town, Faisalabad",Faisalabad,Zameen,22500000.0,Marla,1361.25,False
https://www.zameen.com/Property/faisalabad_wapda_city_10-marla_brand_new_house_for_sale_m_block-54658343-501-1.html,House,For Sale,10 Marla,6.0,6.0,1 week ago,PKR 4.9 Crore,"Wapda City, Faisalabad",Faisalabad,Zameen,49000000.0,Marla,2722.5,False
https://www.zameen.com/Property/faisalabad_eden_valley_7_marla_beautiful_house_available_in_eden_valley-54560112-8917-1.html,House,For Sale,7 Marla,4.0,5.0,1 week ago,PKR 3.8 Crore,"Eden Valley, Faisalabad",Faisalabad,Zameen,38000000.0,Marla,1905.75,False
https://www.zameen.com/Property/faisalabad_eden_valley_5_marla_brand_full_luxurious_house_for_sale-54531639-8917-1.html,House,For Sale,5 Marla,3.0,4.0,1 week ago,PKR 2.75 Crore,"Eden Valley, Faisalabad",Faisalabad,Zameen,27500000.0,Marla,1361.25,False
https://www.zameen.com/Property/faisalabad_satiana_road_5_marla_2_storey_house_for_sale_in_sitara_gold_city_satyana_road_faisalabad-53881543-534-1.html,House,For Sale,5 Marla,5.0,5.0,1 week ago,PKR 2.59 Crore,"Satiana Road, Faisalabad",Faisalabad,Zameen,25900000.0,Marla,1361.25,False
https://www.zameen.com/Property/faisalabad_eden_orchard_5_marla_brand_new_double_storey_designer_home_for_sale_in_eden_orchard-54640954-11162-1.html,Other,For Sale,5 Marla,3.0,4.0,1 week ago,PKR 2.5 Crore,"Eden Orchard, Faisalabad",Faisalabad,Zameen,25000000.0,Marla,1361.25,False
https://www.zameen.com/Property/eden_gardens_eden_executive_5_marla_brand_new_stylish_luxurious_house_available_for_sale-54639714-10765-1.html,House,For Sale,5 Marla,3.0,4.0,1 week ago,PKR 2.48 Crore,"Eden Executive, Eden Gardens",Faisalabad,Zameen,24800000.0,Marla,1361.25,False
https://www.zameen.com/Property/faisalabad_four_season_housing_prime_location_in_four_season_housing_5_marla_house_for_sale-54206652-4945-1.html,House,For Sale,5 Marla,5.0,5.0,1 week ago,PKR 2.77 Crore,"Four Season Housing, Faisalabad",Faisalabad,Zameen,27700000.0,Marla,1361.25,False
https://www.zameen.com/Property/faisalabad_wapda_city_b_block_10_marla_brand_ultra_modern_house_for_sale-54125220-501-1.html,House,For Sale,10 Marla,4.0,5.0,1 week ago,PKR 4.5 Crore,"Wapda City, Faisalabad",Faisalabad,Zameen,45000000.0,Marla,2722.5,False
https://www.zameen.com/Property/wapda_city_wapda_city_-_block_m_10_marla_brand_new_luxury_house_available_for_sale-54190863-5077-1.html,House,For Sale,10 Marla,4.0,5.0,1 week ago,PKR 4.8 Crore,"Wapda City - Block M, Wapda City",Faisalabad,Zameen,48000000.0,Marla,2722.5,False
https://www.zameen.com/Property/wapda_city_wapda_city_-_block_c_15_marla_brand_new_luxury_house_for_sale-54190895-5068-1.html,House,For Sale,15 Marla,5.0,6.0,1 week ago,PKR 6.5 Crore,"Wapda City - Block C, Wapda City",Faisalabad,Zameen,65000000.0,Marla,4083.75,False
https://www.zameen.com/Property/east_canal_road_abdullah_gardens_best_location_32_marla_house_available_for_sale_in_abdullah_gardens-53325548-4890-1.html,House,For Sale,1.6 Kanal,10.0,7.0,2 days ago,PKR 20 Crore,"Abdullah Gardens, East Canal Road",Faisalabad,Zameen,200000000.0,Kanal,8712.0,False
https://www.zameen.com/Property/east_canal_road_abdullah_gardens_20_marla_luxury_house_for_sale_in_abdullah_garden_ayesha_block_east_canal_road_faisalabad-46985035-4890-1.html,House,For Sale,1 Kanal,6.0,6.0,3 days ago,PKR 10.75 Crore,"Abdullah Gardens, East Canal Road",Faisalabad,Zameen,107500000.0,Kanal,5445.0,False
https://www.zameen.com/Property/faisalabad_khayaban_gardens_brand_new_6_marla_double_storey_house_for_sale_khayaban_garden_near_main_gate-54438518-4981-1.html,House,For Sale,6 Marla,5.0,6.0,3 days ago,PKR 3 Crore,"Khayaban Gardens, Faisalabad",Faisalabad,Zameen,30000000.0,Marla,1633.5,False
https://www.zameen.com/Property/gulshan_e_madina_gulshan_e_madina_phase_1_gulshan_e_madina_phase_one_sargodha_road_11_5_marla_used_house_for_sale_near_main_gate-54529054-18300-1.html,House,For Sale,11.5 Marla,5.0,5.0,3 days ago,PKR 4.5 Crore,"Gulshan e Madina Phase 1, Gulshan e Madina",Faisalabad,Zameen,45000000.0,Marla,3130.875,False
https://www.zameen.com/Property/east_canal_road_abdullah_gardens_luxury_house_for_sale-54333173-4890-1.html,House,For Sale,1 Kanal,5.0,7.0,4 days ago,PKR 13 Crore,"Abdullah Gardens, East Canal Road",Faisalabad,Zameen,130000000.0,Kanal,5445.0,False
https://www.zameen.com/Property/faisalabad_gulberg_valley_reserve_a_house_of_2_marla_now_in_gulberg_valley-54624908-10823-1.html,House,For Sale,2 Marla,5.0,5.0,4 days ago,PKR 85 Lakh,"Gulberg Valley, Faisalabad",Faisalabad,Zameen,8500000.0,Marla,544.5,False
https://www.zameen.com/Property/faisalabad_eden_valley_5_marla_designer_house_available_for_sale_in_eden_valley_canal_road_faisalabad-54654118-8917-1.html,House,For Sale,5 Marla,4.0,5.0,4 days ago,PKR 2.85 Crore,"Eden Valley, Faisalabad",Faisalabad,Zameen,28500000.0,Marla,1361.25,False
https://www.zameen.com/Property/canal_road_divine_enclave_7_marla_ultra_modern_brand_new_house_for_sale_in_divine_enclave_east_canal_road_faisalabad-53494406-21698-1.html,House,For Sale,7 Marla,4.0,5.0,4 days ago,PKR 4.5 Crore,"Divine Enclave, Canal Road",Faisalabad,Zameen,45000000.0,Marla,1905.75,False
https://www.zameen.com/Property/wapda_city_wapda_city_-_block_k_10_marla_brand_new_luxury_house_for_sale-54249135-5075-1.html,House,For Sale,10 Marla,4.0,5.0,1 week ago,PKR 4.7 Crore,"Wapda City - Block K, Wapda City",Faisalabad,Zameen,47000000.0,Marla,2722.5,False
https://www.zameen.com/Property/faisalabad_wapda_city_10_marla_house_available_for_sale-54644377-501-1.html,House,For Sale,10 Marla,4.0,5.0,1 week ago,PKR 3.5 Crore,"Wapda City, Faisalabad",Faisalabad,Zameen,35000000.0,Marla,2722.5,False
https://www.zameen.com/Property/eden_gardens_eden_executive_eden_executive_house-54641087-10765-1.html,House,For Sale,5 Marla,3.0,4.0,2 weeks ago,PKR 2.2 Crore,"Eden Executive, Eden Gardens",Faisalabad,Zameen,22000000.0,Marla,1361.25,False
https://www.zameen.com/Property/faisalabad_d_ground_house_available_for_sale-54590185-537-1.html,House,For Sale,7 Marla,5.0,4.0,2 weeks ago,PKR 4 Crore,"D Ground, Faisalabad",Faisalabad,Zameen,40000000.0,Marla,1905.75,False
https://www.zameen.com/Property/faisalabad_satiana_road_double_storey_house_available_for_sale-54614176-534-1.html,House,For Sale,5 Marla,5.0,5.0,2 weeks ago,PKR 2.3 Crore,"Satiana Road, Faisalabad",Faisalabad,Zameen,23000000.0,Marla,1361.25,False
https://www.zameen.com/Property/faisalabad_madina_town_apartment_for_sale_madina_town_near_susan_road_fda_flat-54489741-533-1.html,Apartment,For Sale,2 Marla,2.0,1.0,2 weeks ago,PKR 45 Lakh,"Madina Town, Faisalabad",Faisalabad,Zameen,4500000.0,Marla,544.5,False
https://www.zameen.com/Property/canal_road_divine_enclave_house_for_sale_in_divine_enclave-54601462-21698-1.html,House,For Sale,8 Marla,4.0,5.0,2 weeks ago,PKR 3.8 Crore,"Divine Enclave, Canal Road",Faisalabad,Zameen,38000000.0,Marla,2178.0,False
https://www.zameen.com/Property/faisalabad_eden_gardens_3_marla_used_good_condition_hose_for_sale_in_eden_garden-54633063-8296-1.html,Other,For Sale,3 Marla,3.0,4.0,2 weeks ago,PKR 1.25 Crore,"Eden Gardens, Faisalabad",Faisalabad,Zameen,12500000.0,Marla,816.75,False
https://www.zameen.com/Property/faisalabad_peoples_colony_no_1_20_marla_house_in_peoples_colony_no_1-54531419-535-1.html,House,For Sale,1 Kanal,5.0,5.0,2 weeks ago,PKR 11 Crore,"Peoples Colony No 1, Faisalabad",Faisalabad,Zameen,110000000.0,Kanal,5445.0,False
https://www.zameen.com/Property/east_canal_road_abdullah_gardens_brand_new_built_house_for_the_first_time_european_style_abdullah_gardens-54614915-4890-1.html,House,For Sale,12 Marla,6.0,6.0,2 weeks ago,PKR 8.59 Crore,"Abdullah Gardens, East Canal Road",Faisalabad,Zameen,85900000.0,Marla,3267.0,False
https://www.zameen.com/Property/faisalabad_eden_valley_7_marla_brand_new_house_for_sale_in_eden_valley_at_very_resonable_price_its_limited_time_offer-53493139-8917-1.html,House,For Sale,7 Marla,4.0,5.0,2 weeks ago,PKR 3.6 Crore,"Eden Valley, Faisalabad",Faisalabad,Zameen,36000000.0,Marla,1905.75,False
https://www.zameen.com/Property/faisalabad_eden_valley_highly-desirable_prime_location_10_marla_full_furniehed_house_available_in_eden_valley-54571923-8917-1.html,House,For Sale,10 Marla,5.0,6.0,3 weeks ago,PKR 8 Crore,"Eden Valley, Faisalabad",Faisalabad,Zameen,80000000.0,Marla,2722.5,False
https://www.zameen.com/Property/faisalabad_eden_orchard_5_marla_brand_new_double_story_house_for_sale_eden_orchard_east_open_solid_constraction-54565894-11162-1.html,House,For Sale,5 Marla,3.0,4.0,3 weeks ago,PKR 2.15 Crore,"Eden Orchard, Faisalabad",Faisalabad,Zameen,21500000.0,Marla,1361.25,False
https://www.zameen.com/Property/faisalabad_sargodha_road_beautifu_5_marla_l_finished_house_just_behind_chiniot_hospital-54582267-768-1.html,House,For Sale,5 Marla,4.0,5.0,3 weeks ago,PKR 1.7 Crore,"Sargodha Road, Faisalabad",Faisalabad,Zameen,17000000.0,Marla,1361.25,False
https://www.zameen.com/Property/faisalabad_al_noor_garden_3_marla_brand_new_house_for_sale-54576408-8916-1.html,House,For Sale,3 Marla,3.0,3.0,4 weeks ago,PKR 1.3 Crore,"Al Noor Garden, Faisalabad",Faisalabad,Zameen,13000000.0,Marla,816.75,False
https://www.zameen.com/Property/faisalabad_khayaban_colony_2_ideal_house_for_sale_in_khayaban_colony_2-54562048-9475-1.html,House,For Sale,14.5 Marla,6.0,7.0,4 weeks ago,PKR 4.5 Crore,"Khayaban Colony 2, Faisalabad",Faisalabad,Zameen,45000000.0,Marla,3947.625,False
https://www.zameen.com/Property/jaranwala_road_sitara_park_city_newly_constructed_house_for_sale-54570307-12464-1.html,House,For Sale,5 Marla,3.0,4.0,4 weeks ago,PKR 1.7 Crore,"Sitara Park City, Jaranwala Road",Faisalabad,Zameen,17000000.0,Marla,1361.25,False
https://www.zameen.com/Property/canal_road_divine_enclave_8_50_marla_brand_new_luxury_house_available_for_sale_in_divine_enclave-52946389-21698-1.html,House,For Sale,8.5 Marla,5.0,6.0,4 days ago,PKR 5.95 Crore,"Divine Enclave, Canal Road",Faisalabad,Zameen,59500000.0,Marla,2314.125,False
https://www.zameen.com/Property/faisalabad_canal_garden_6_marla_modern_house_for_sale_in_canal_garden_east_canal_road_faisalabad-53494414-8588-1.html,House,For Sale,6 Marla,3.0,4.0,4 days ago,PKR 3.25 Crore,"Canal Garden, Faisalabad",Faisalabad,Zameen,32500000.0,Marla,1633.5,False
https://www.zameen.com/Property/faisalabad_wapda_city_east_open_beautiful_house-54552366-501-1.html,House,For Sale,10 Marla,5.0,6.0,3 days ago,PKR 4.8 Crore,"Wapda City, Faisalabad",Faisalabad,Zameen,48000000.0,Marla,2722.5,False
https://www.zameen.com/Property/faisalabad_gulberg_valley_a_3_marla_house_has_landed_on_market_in_gulberg_valley_of_gulberg_valley-54624907-10823-1.html,House,For Sale,3 Marla,5.0,5.0,4 days ago,PKR 1.2 Crore,"Gulberg Valley, Faisalabad",Faisalabad,Zameen,12000000.0,Marla,816.75,False
https://www.zameen.com/Property/faisalabad_gulberg_valley_ideal_house_is_available_for_sale_in_gulberg_valley-54624910-10823-1.html,House,For Sale,3 Marla,5.0,5.0,4 days ago,PKR 1.15 Crore,"Gulberg Valley, Faisalabad",Faisalabad,Zameen,11500000.0,Marla,816.75,False
https://www.zameen.com/Property/faisalabad_gulberg_valley_3_marla_house_ideally_situated_in_gulberg_valley-54624911-10823-1.html,House,For Sale,3 Marla,5.0,5.0,4 days ago,PKR 1.1 Crore,"Gulberg Valley, Faisalabad",Faisalabad,Zameen,11000000.0,Marla,816.75,False
https://www.zameen.com/Property/east_canal_road_abdullah_gardens_luxury_house_for_sale-54333186-4890-1.html,House,For Sale,6 Marla,4.0,7.0,4 days ago,PKR 4.5 Crore,"Abdullah Gardens, East Canal Road",Faisalabad,Zameen,45000000.0,Marla,1633.5,False
https://www.zameen.com/Property/canal_road_model_city_1_model_city_house-54594033-8590-1.html,House,For Sale,5 Marla,4.0,4.0,4 days ago,PKR 1.85 Crore,"Model City 1, Canal Road",Faisalabad,Zameen,18500000.0,Marla,1361.25,False
https://www.zameen.com/Property/faisalabad_eden_orchard_5_marla_double_height_house_for_sale_in_eden_orchard-54622431-11162-1.html,House,For Sale,5 Marla,3.0,4.0,2 weeks ago,PKR 2.25 Crore,"Eden Orchard, Faisalabad",Faisalabad,Zameen,22500000.0,Marla,1361.25,False
https://www.zameen.com/Property/faisalabad_al_najaf_colony_double_storey_house-54615268-4902-1.html,House,For Sale,10 Marla,6.0,6.0,2 weeks ago,PKR 5 Crore,"Al Najaf Colony, Faisalabad",Faisalabad,Zameen,50000000.0,Marla,2722.5,False
https://www.zameen.com/Property/faisalabad_millat_town_5_marla_house_for_sale_in_iqbal_town-54566108-645-1.html,House,For Sale,5 Marla,3.0,4.0,3 weeks ago,PKR 1.2 Crore,"Millat Town, Faisalabad",Faisalabad,Zameen,12000000.0,Marla,1361.25,False
https://www.zameen.com/Property/faisalabad_lower_canal_road_installment_house-54593831-12189-1.html,House,For Sale,5 Marla,3.0,4.0,2 weeks ago,PKR 2.2 Crore,"Lower Canal Road, Faisalabad",Faisalabad,Zameen,22000000.0,Marla,1361.25,False
https://www.zameen.com/Property/citi_housing_citi_housing_samundri_road_7_marla_marla_corner_home_in_citi_housing-54616443-11230-1.html,Other,For Sale,7 Marla,6.0,6.0,2 weeks ago,PKR 2.5 Crore,"Citi Housing Samundri Road, Citi Housing",Faisalabad,Zameen,25000000.0,Marla,1905.75,False
https://www.zameen.com/Property/citi_housing_citi_housing_samundri_road_very_beautiful_location_park_facing_home_in_citi_housing_samundri_road-54615138-11230-1.html,Other,For Sale,5 Marla,3.0,4.0,2 weeks ago,PKR 1.85 Crore,"Citi Housing Samundri Road, Citi Housing",Faisalabad,Zameen,18500000.0,Marla,1361.25,False
https://www.zameen.com/Property/faisalabad_shadab_colony_2_5_marla_residential_property_for_sale-54613524-5048-1.html,Other,For Sale,2.9 Marla,2.0,2.0,2 weeks ago,PKR 60 Lakh,"Shadab Colony, Faisalabad",Faisalabad,Zameen,6000000.0,Marla,789.525,False
https://www.zameen.com/Property/canal_road_divine_enclave_7_marla_beautiful_house_for_sale_in_devine_inclave-54471634-21698-1.html,House,For Sale,7 Marla,4.0,5.0,2 weeks ago,PKR 4.25 Crore,"Divine Enclave, Canal Road",Faisalabad,Zameen,42500000.0,Marla,1905.75,False
https://www.zameen.com/Property/satiana_road_sitara_gold_city_7_marla_beautiful_brand_new_house_for_sale-54485202-10822-1.html,House,For Sale,7 Marla,4.0,6.0,3 weeks ago,PKR 3.5 Crore,"Sitara Gold City, Satiana Road",Faisalabad,Zameen,35000000.0,Marla,1905.75,False
https://www.zameen.com/Property/faisalabad_four_season_housing_prime_location_house_for_sale_in_four_season_housing_four_season_housing-54476161-4945-1.html,House,For Sale,7 Marla,5.0,5.0,3 weeks ago,PKR 3.6 Crore,"Four Season Housing, Faisalabad",Faisalabad,Zameen,36000000.0,Marla,1905.75,False
https://www.zameen.com/Property/faisalabad_eden_valley_4_marla_brand_new_luxurious_home_for_sale-54584821-8917-1.html,Other,For Sale,4 Marla,3.0,3.0,3 weeks ago,PKR 2.1 Crore,"Eden Valley, Faisalabad",Faisalabad,Zameen,21000000.0,Marla,1089.0,False
https://www.zameen.com/Property/wapda_city_wapda_city_-_block_f_house_of_20_marla_in_wapda_city_-_block_f_for_sale-54280708-5071-1.html,House,For Sale,1 Kanal,6.0,6.0,3 weeks ago,PKR 11 Crore,"Wapda City - Block F, Wapda City",Faisalabad,Zameen,110000000.0,Kanal,5445.0,False
https://www.zameen.com/Property/faisalabad_canal_road_7_marla_brand_new_spanish_style_house_for_sale_edan_valley_canal_road-53482275-1140-1.html,House,For Sale,7 Marla,4.0,5.0,2 days ago,PKR 3.25 Crore,"Canal Road, Faisalabad",Faisalabad,Zameen,32500000.0,Marla,1905.75,False
https://www.zameen.com/Property/faisalabad_canal_road_5_marla_lavish_house_for_sale_near_canal_road_faisalabad-53423683-1140-1.html,House,For Sale,5 Marla,4.0,4.0,2 days ago,PKR 2.5 Crore,"Canal Road, Faisalabad",Faisalabad,Zameen,25000000.0,Marla,1361.25,False
https://www.zameen.com/Property/eden_gardens_eden_executive_spanish_style_7_marla_lavish_house_available_for_sale_canal_road-53423681-10765-1.html,House,For Sale,7 Marla,4.0,4.0,2 days ago,PKR 3.3 Crore,"Eden Executive, Eden Gardens",Faisalabad,Zameen,33000000.0,Marla,1905.75,False
https://www.zameen.com/Property/faisalabad_canal_road_10_marla_modern_brand_new_house_for_sale_in_canal_garden_main_canal_road_faisalabad-53482325-1140-1.html,House,For Sale,10 Marla,4.0,5.0,2 days ago,PKR 5.15 Crore,"Canal Road, Faisalabad",Faisalabad,Zameen,51500000.0,Marla,2722.5,False
https://www.zameen.com/Property/faisalabad_garden_colony_15_marla_beautiful_house_for_sale_near_gate_chowk_satiana_road_faisalabad-53482379-538-1.html,House,For Sale,15 Marla,11.0,7.0,2 days ago,PKR 6 Crore,"Garden Colony, Faisalabad",Faisalabad,Zameen,60000000.0,Marla,4083.75,False
https://www.zameen.com/Property/faisalabad_canal_road_10_marla_modern_brand_new_house_for_sale_in_canal_garden_main_canal_road_faisalabad-53482362-1140-1.html,House,For Sale,10 Marla,4.0,5.0,2 days ago,PKR 5.15 Crore,"Canal Road, Faisalabad",Faisalabad,Zameen,51500000.0,Marla,2722.5,False
https://www.zameen.com/Property/east_canal_road_abdullah_gardens_vip_location_house_of_37_marla_in_abdullah_gardens_is_available_for_sale-53434028-4890-1.html,House,For Sale,1.8 Kanal,5.0,5.0,2 days ago,PKR 25 Crore,"Abdullah Gardens, East Canal Road",Faisalabad,Zameen,250000000.0,Kanal,9801.0,False
https://www.zameen.com/Property/faisalabad_gulberg_valley_in_gulberg_valley_house_for_sale_sized_3_marla-54624906-10823-1.html,House,For Sale,3 Marla,5.0,5.0,4 days ago,PKR 1.2 Crore,"Gulberg Valley, Faisalabad",Faisalabad,Zameen,12000000.0,Marla,816.75,False
https://www.zameen.com/Property/faisalabad_gulberg_valley_affordable_prime_location_house_for_sale_in_gulberg_valley-54624909-10823-1.html,House,For Sale,2 Marla,5.0,5.0,4 days ago,PKR 85 Lakh,"Gulberg Valley, Faisalabad",Faisalabad,Zameen,8500000.0,Marla,544.5,False
https://www.zameen.com/Property/eden_gardens_eden_executive_extension_5_marla_ultra_modern_brand_new_house_for_sale_in_eden_executive_extension_block_k_j_block_fsd-54654123-13823-1.html,House,For Sale,5 Marla,3.0,4.0,4 days ago,PKR 2.45 Crore,"Eden Executive Extension, Eden Gardens",Faisalabad,Zameen,24500000.0,Marla,1361.25,False
https://www.zameen.com/Property/faisalabad_canal_garden_3_5_marla_luxury_brand_new_house_for_sale_in_canal_garden_near_city_high_school_east_canal_road_faisalabad-54659119-8588-1.html,House,For Sale,3.5 Marla,3.0,4.0,4 days ago,PKR 1.98 Crore,"Canal Garden, Faisalabad",Faisalabad,Zameen,19800000.0,Marla,952.875,False
https://www.zameen.com/Property/canal_road_east_canal_road_9_marla_luxury_house_for_sale_in_divine_enclave_east_canal_road_faisalabad-53961624-9506-1.html,House,For Sale,9 Marla,5.0,6.0,4 days ago,PKR 5.5 Crore,"East Canal Road, Canal Road",Faisalabad,Zameen,55000000.0,Marla,2450.25,False
https://www.zameen.com/Property/lower_canal_road_bilal_garden_centrally_located_prime_location_house_in_bilal_garden_is_available_for_sale-54636247-13006-1.html,House,For Sale,3 Marla,5.0,5.0,4 days ago,PKR 1.3 Crore,"Bilal Garden, Lower Canal Road",Faisalabad,Zameen,13000000.0,Marla,816.75,False
https://www.zameen.com/Property/canal_road_divine_enclave_get_this_amazing_7_marla_house_available_in_divine_enclave-54675775-21698-1.html,House,For Sale,7 Marla,5.0,5.0,4 days ago,PKR 6.1 Crore,"Divine Enclave, Canal Road",Faisalabad,Zameen,61000000.0,Marla,1905.75,False
https://www.zameen.com/Property/faisalabad_faisal_town_stunning_20_marla_house_in_faisal_town_available-54675774-1361-1.html,House,For Sale,1 Kanal,5.0,5.0,4 days ago,PKR 8.5 Crore,"Faisal Town, Faisalabad",Faisalabad,Zameen,85000000.0,Kanal,5445.0,False
https://www.zameen.com/Property/canal_road_divine_enclave_9_marla_house_is_available_for_sale_in_divine_enclave-54675772-21698-1.html,House,For Sale,9 Marla,5.0,5.0,4 days ago,PKR 6 Crore,"Divine Enclave, Canal Road",Faisalabad,Zameen,60000000.0,Marla,2450.25,False
https://www.zameen.com/Property/faisalabad_wapda_city_affordable_house_available_for_sale_in_wapda_city-54675771-501-1.html,House,For Sale,10 Marla,5.0,5.0,4 days ago,PKR 4 Crore,"Wapda City, Faisalabad",Faisalabad,Zameen,40000000.0,Marla,2722.5,False
https://www.zameen.com/Property/faisalabad_wapda_city_become_owner_of_your_house_today_which_is_centrally_located_in_wapda_city-54675770-501-1.html,House,For Sale,10 Marla,5.0,5.0,4 days ago,PKR 3.85 Crore,"Wapda City, Faisalabad",Faisalabad,Zameen,38500000.0,Marla,2722.5,False
https://www.zameen.com/Property/faisalabad_khayaban_colony_2_7_5_marla_1_5_story_house_available_for_sale_khayaban_colony_no_2-54409749-9475-1.html,House,For Sale,7 Marla,3.0,4.0,3 days ago,PKR 2.25 Crore,"Khayaban Colony 2, Faisalabad",Faisalabad,Zameen,22500000.0,Marla,1905.75,False
https://www.zameen.com/Property/peoples_colony_no_1_peoples_colony_-_block_b_a_house_in_peoples_colony_no_1-54554688-11504-1.html,House,For Sale,10 Marla,5.0,4.0,3 days ago,PKR 3.8 Crore,"Peoples Colony - Block B, Peoples Colony No 1",Faisalabad,Zameen,38000000.0,Marla,2722.5,False
https://www.zameen.com/Property/canal_road_divine_enclave_12_marla_brand_luxurious_house-54655473-21698-1.html,House,For Sale,12 Marla,5.0,6.0,4 days ago,PKR 8.25 Crore,"Divine Enclave, Canal Road",Faisalabad,Zameen,82500000.0,Marla,3267.0,False
https://www.zameen.com/Property/faisalabad_eden_valley_10_marla_brand_new_house_for_sale_in_eden_velley_canal_road-54655476-8917-1.html,House,For Sale,10 Marla,5.0,6.0,4 days ago,PKR 5.5 Crore,"Eden Valley, Faisalabad",Faisalabad,Zameen,55000000.0,Marla,2722.5,False
https://www.zameen.com/Property/citi_housing_citi_housing_sargodha_road_5_marla_victorian_style_house_available_for_sale_in_citi_housing_sargodha_road_faisalabad-54632039-11229-1.html,House,For Sale,5 Marla,3.0,4.0,4 days ago,PKR 1.7 Crore,"Citi Housing Sargodha Road, Citi Housing",Faisalabad,Zameen,17000000.0,Marla,1361.25,False
https://www.zameen.com/Property/faisalabad_khayaban_colony_2_a_palatial_residence_for_prime_location_sale-54526119-9475-1.html,Other,For Sale,2.4 Kanal,4.0,5.0,5 days ago,PKR 9 Crore,"Khayaban Colony 2, Faisalabad",Faisalabad,Zameen,90000000.0,Kanal,13068.0,False
https://www.zameen.com/Property/faisalabad_eden_orchard_for_sale_7_marla_house_conner_brand_new_double_hight_eden_orchard_sargodha-54667338-11162-1.html,House,For Sale,7 Marla,4.0,5.0,6 days ago,PKR 3.6 Crore,"Eden Orchard, Faisalabad",Faisalabad,Zameen,36000000.0,Marla,1905.75,False
https://www.zameen.com/Property/faisalabad_eden_orchard_5_marla_double_storey_new_brand_house_available_for_sale_in_eden_orchard_sargodha_road-54667337-11162-1.html,House,For Sale,5 Marla,3.0,5.0,6 days ago,PKR 2.2 Crore,"Eden Orchard, Faisalabad",Faisalabad,Zameen,22000000.0,Marla,1361.25,False
https://www.zameen.com/Property/faisalabad_eden_orchard_11_marla_double_storey_lavish_styles_house_available_for_sale_in_eden_orchard_sargodha_road_faisalabad-54667336-11162-1.html,House,For Sale,11 Marla,3.0,5.0,6 days ago,PKR 4.75 Crore,"Eden Orchard, Faisalabad",Faisalabad,Zameen,47500000.0,Marla,2994.75,False
https://www.zameen.com/Property/faisalabad_khayaban_gardens_5_marla_double_storey_house_available_for_sale_in_khayaban_gardens_sargodha_road_faisalabad-54667334-4981-1.html,House,For Sale,5 Marla,4.0,5.0,6 days ago,PKR 2.1 Crore,"Khayaban Gardens, Faisalabad",Faisalabad,Zameen,21000000.0,Marla,1361.25,False
https://www.zameen.com/Property/faisalabad_madina_green_valley_3_marla_3_bed_attached_bathroom_tv_lunch_kitchen_near_park_market_masjid-54653565-13205-1.html,Room,For Sale,3.1 Marla,4.0,5.0,6 days ago,PKR 1.15 Crore,"Madina Green Valley, Faisalabad",Faisalabad,Zameen,11500000.0,Marla,843.975,False
https://www.zameen.com/Property/canal_road_model_city_1_your_dream_3_marla_house_is_available_in_model_city_1-54653566-8590-1.html,House,For Sale,3 Marla,5.0,5.0,6 days ago,PKR 90 Lakh,"Model City 1, Canal Road",Faisalabad,Zameen,9000000.0,Marla,816.75,False
https://www.zameen.com/Property/faisalabad_eden_gardens_house_of_3_marla_is_available_for_sale_in_eden_gardens_eden_gardens-54653567-8296-1.html,House,For Sale,3 Marla,5.0,5.0,6 days ago,PKR 1.2 Crore,"Eden Gardens, Faisalabad",Faisalabad,Zameen,12000000.0,Marla,816.75,False
https://www.zameen.com/Property/faisalabad_eden_valley_5_marla_brand_new_house_for_sale_extra_ordinary_beautiful_having_3_beds_4_washrooms-54600739-8917-1.html,Room,For Sale,5 Marla,3.0,4.0,6 days ago,PKR 2.5 Crore,"Eden Valley, Faisalabad",Faisalabad,Zameen,25000000.0,Marla,1361.25,False
https://www.zameen.com/Property/canal_road_model_city_1_5_marla_brand_new_house_for_sale_in_model_city_1_canal_road_having_3_beds_4_washrooms_2_living_2_kitchen_store-54600736-8590-1.html,Room,For Sale,5 Marla,3.0,4.0,6 days ago,PKR 2.3 Crore,"Model City 1, Canal Road",Faisalabad,Zameen,23000000.0,Marla,1361.25,False
https://www.zameen.com/Property/faisalabad_eden_valley_5_marla_brand_new_house_for_sale_in_eden_valley_extra_odinary_beautiful_having_3_beds_4_washrooms_store_2_kicthen_2_living-54600733-8917-1.html,Room,For Sale,5 Marla,3.0,4.0,6 days ago,PKR 2.6 Crore,"Eden Valley, Faisalabad",Faisalabad,Zameen,26000000.0,Marla,1361.25,False
https://www.zameen.com/Property/citi_housing_citi_housing_sargodha_road_5_marla_beautiful_brand_new_house_for_sale_in_citi_housing-53393387-11229-1.html,House,For Sale,5 Marla,3.0,4.0,4 days ago,PKR 1.65 Crore,"Citi Housing Sargodha Road, Citi Housing",Faisalabad,Zameen,16500000.0,Marla,1361.25,False
https://www.zameen.com/Property/citi_housing_citi_housing_sargodha_road_brand_new_beautiful_house_available_for_sale_in_c_block-54632042-11229-1.html,House,For Sale,5 Marla,3.0,4.0,4 days ago,PKR 1.65 Crore,"Citi Housing Sargodha Road, Citi Housing",Faisalabad,Zameen,16500000.0,Marla,1361.25,False
https://www.zameen.com/Property/faisalabad_satiana_road_prime_location_12_marla_house_for_sale-54619124-534-1.html,House,For Sale,12 Marla,5.0,5.0,5 days ago,PKR 4 Crore,"Satiana Road, Faisalabad",Faisalabad,Zameen,40000000.0,Marla,3267.0,False
https://www.zameen.com/Property/faisalabad_millat_town_10_marla_house_is_available_for_sale-53142414-645-1.html,House,For Sale,10 Marla,4.0,4.0,5 days ago,PKR 2.45 Crore,"Millat Town, Faisalabad",Faisalabad,Zameen,24500000.0,Marla,2722.5,False
https://www.zameen.com/Property/faisalabad_sargodha_road_for_sale_status_11_marla_brand_new_house_location_sargodha_road_near_sb_store_faisalabad-54667339-768-1.html,House,For Sale,10 Marla,5.0,6.0,6 days ago,PKR 6.5 Crore,"Sargodha Road, Faisalabad",Faisalabad,Zameen,65000000.0,Marla,2722.5,False
https://www.zameen.com/Property/faisalabad_khayaban_gardens_9_marla_double_storey_house_khyaban_garden_sargodha_road_faisalabad_ideal_location_security_gate_carpet_road_commercial_market_jamia_majhad_electricity_maujud_hai_wapda-54667333-4981-1.html,House,For Sale,9 Marla,6.0,6.0,6 days ago,PKR 3 Crore,"Khayaban Gardens, Faisalabad",Faisalabad,Zameen,30000000.0,Marla,2450.25,False
https://www.zameen.com/Property/faisalabad_eden_orchard_16_marla_double_storey_brand_new_house_available_for_sale_in_eden_orchard_sargodha_road-54667335-11162-1.html,House,For Sale,16 Marla,5.0,6.0,6 days ago,PKR 8.5 Crore,"Eden Orchard, Faisalabad",Faisalabad,Zameen,85000000.0,Marla,4356.0,False
https://www.zameen.com/Property/faisalabad_muslim_town_7_marla_50_sqft_brand_new_house_available_for_sale_muslim_town_1_sargodha-54667332-1156-1.html,House,For Sale,7 Marla,4.0,5.0,6 days ago,PKR 2.75 Crore,"Muslim Town, Faisalabad",Faisalabad,Zameen,27500000.0,Marla,1905.75,False
https://www.zameen.com/Property/faisalabad_millat_road_5_marla_house_in_millat_road_of_millat_road_is_available_for_sale-54667331-4992-1.html,House,For Sale,5 Marla,5.0,5.0,6 days ago,PKR 1.8 Crore,"Millat Road, Faisalabad",Faisalabad,Zameen,18000000.0,Marla,1361.25,False
https://www.zameen.com/Property/eden_gardens_eden_executive_4_marla_house_in_eden_executive_best_option-54640654-10765-1.html,House,For Sale,4 Marla,5.0,5.0,6 days ago,PKR 1.6 Crore,"Eden Executive, Eden Gardens",Faisalabad,Zameen,16000000.0,Marla,1089.0,False
https://www.zameen.com/Property/eden_gardens_eden_executive_3_marla_house_in_stunning_eden_executive_is_available_for_sale-54640658-10765-1.html,House,For Sale,3 Marla,5.0,5.0,6 days ago,PKR 1.35 Crore,"Eden Executive, Eden Gardens",Faisalabad,Zameen,13500000.0,Marla,816.75,False
https://www.zameen.com/Property/canal_road_model_city_1_house_of_3_marla_is_available_for_sale_in_model_city_1_faisalabad-54640659-8590-1.html,House,For Sale,3 Marla,3.0,3.0,6 days ago,PKR 1.3 Crore,"Model City 1, Canal Road",Faisalabad,Zameen,13000000.0,Marla,816.75,False
https://www.zameen.com/Property/faisalabad_peoples_colony_no_1_get_your_hands_on_house_in_peoples_colony_no_1_best_area-54660875-535-1.html,House,For Sale,10 Marla,5.0,5.0,6 days ago,PKR 5 Crore,"Peoples Colony No 1, Faisalabad",Faisalabad,Zameen,50000000.0,Marla,2722.5,False
https://www.zameen.com/Property/eden_gardens_eden_executive_idyllic_house_available_in_eden_executive_for_sale-54619652-10765-1.html,House,For Sale,5 Marla,3.0,4.0,6 days ago,PKR 2 Crore,"Eden Executive, Eden Gardens",Faisalabad,Zameen,20000000.0,Marla,1361.25,False
https://www.zameen.com/Property/eden_gardens_eden_executive_house_for_sale_in_eden_executive-54619651-10765-1.html,House,For Sale,5 Marla,5.0,5.0,6 days ago,PKR 2.3 Crore,"Eden Executive, Eden Gardens",Faisalabad,Zameen,23000000.0,Marla,1361.25,False
https://www.zameen.com/Property/faisalabad_eden_valley_5_marla_house_for_sale_in_eden_valley_eden_valley_in_only_rs_28000000-54619649-8917-1.html,House,For Sale,5 Marla,5.0,5.0,6 days ago,PKR 2.8 Crore,"Eden Valley, Faisalabad",Faisalabad,Zameen,28000000.0,Marla,1361.25,False
https://www.zameen.com/Property/faisalabad_eden_valley_eden_valley_house_sized_5_marla_is_available-54619646-8917-1.html,House,For Sale,5 Marla,5.0,5.0,6 days ago,PKR 2.75 Crore,"Eden Valley, Faisalabad",Faisalabad,Zameen,27500000.0,Marla,1361.25,False
https://www.zameen.com/Property/faisalabad_eden_valley_prominently-located_house_available_in_eden_valley_for_sale-54619648-8917-1.html,House,For Sale,5 Marla,5.0,5.0,6 days ago,PKR 2.85 Crore,"Eden Valley, Faisalabad",Faisalabad,Zameen,28500000.0,Marla,1361.25,False
https://www.zameen.com/Property/faisalabad_eden_valley_a_house_of_5_marla_in_eden_valley-54619645-8917-1.html,House,For Sale,5 Marla,5.0,5.0,6 days ago,PKR 2.6 Crore,"Eden Valley, Faisalabad",Faisalabad,Zameen,26000000.0,Marla,1361.25,False
https://www.zameen.com/Property/faisalabad_eden_valley_become_owner_of_your_house_today_which_is_centrally_located_in_eden_valley_in_eden_valley-54619639-8917-1.html,House,For Sale,5 Marla,5.0,5.0,6 days ago,PKR 2.5 Crore,"Eden Valley, Faisalabad",Faisalabad,Zameen,25000000.0,Marla,1361.25,False
https://www.zameen.com/Property/faisalabad_eden_valley_11_marla_extra_luxury_stylish_house_for_sale_in_eden_valley_canal_road_fsd_having_6_beds_7_washrooms_drawing_dining_servent_room_2_proper_kitchen-54600738-8917-1.html,Room,For Sale,11 Marla,6.0,7.0,6 days ago,PKR 7 Crore,"Eden Valley, Faisalabad",Faisalabad,Zameen,70000000.0,Marla,2994.75,False
https://www.zameen.com/Property/faisalabad_wapda_city_10_marla_brand_new_lucury_house_for_dale_in_wapda_city-54600737-501-1.html,House,For Sale,10 Marla,4.0,5.0,6 days ago,PKR 4.1 Crore,"Wapda City, Faisalabad",Faisalabad,Zameen,41000000.0,Marla,2722.5,False
https://www.zameen.com/Property/faisalabad_eden_valley_7_marla_brand_new_house_for_sale_in_eden_valley_having_5_beds_7_luxury_washrooms_total_concealed-54600735-8917-1.html,Room,For Sale,7 Marla,5.0,6.0,6 days ago,PKR 4.25 Crore,"Eden Valley, Faisalabad",Faisalabad,Zameen,42500000.0,Marla,1905.75,False
https://www.zameen.com/Property/faisalabad_eden_valley_reserve_a_facing_park_house_now_in_eden_valley-54600734-8917-1.html,House,For Sale,5 Marla,3.0,4.0,6 days ago,PKR 2.7 Crore,"Eden Valley, Faisalabad",Faisalabad,Zameen,27000000.0,Marla,1361.25,False
https://www.zameen.com/Property/wapda_city_wapda_city_-_block_k_10_marla_east_open_wireless_near_park_house_for_sale_in_k_block-54653551-5075-1.html,House,For Sale,10 Marla,5.0,6.0,6 days ago,PKR 4.6 Crore,"Wapda City - Block K, Wapda City",Faisalabad,Zameen,46000000.0,Marla,2722.5,False
https://www.zameen.com/Property/wapda_city_wapda_city_-_block_c_15_marla_east_open_corner_double_road_grey_structure_house_for_sale-54655493-5068-1.html,House,For Sale,15 Marla,5.0,6.0,6 days ago,PKR 4.5 Crore,"Wapda City - Block C, Wapda City",Faisalabad,Zameen,45000000.0,Marla,4083.75,False
https://www.zameen.com/Property/canal_road_model_city_1_8_marla_investor_rate_little_bit_used_house_for_sale_in_model_city-54600730-8590-1.html,House,For Sale,8 Marla,4.0,5.0,6 days ago,PKR 3 Crore,"Model City 1, Canal Road",Faisalabad,Zameen,30000000.0,Marla,2178.0,False
https://www.zameen.com/Property/faisalabad_eden_valley_5_marla_brand_new_house_for_sale_investor_rate-54600729-8917-1.html,House,For Sale,5 Marla,3.0,4.0,6 days ago,PKR 2.35 Crore,"Eden Valley, Faisalabad",Faisalabad,Zameen,23500000.0,Marla,1361.25,False
https://www.zameen.com/Property/faisalabad_wapda_city_fair-priced_15_marla_house_available_in_wapda_city_for_sale-54655500-501-1.html,House,For Sale,15 Marla,6.0,6.0,6 days ago,PKR 4.3 Crore,"Wapda City, Faisalabad",Faisalabad,Zameen,43000000.0,Marla,4083.75,False
https://www.zameen.com/Property/citi_housing_citi_housing_samundri_road_park_facing_house_for_sale-54667098-11230-1.html,House,For Sale,5 Marla,3.0,4.0,6 days ago,PKR 1.7 Crore,"Citi Housing Samundri Road, Citi Housing",Faisalabad,Zameen,17000000.0,Marla,1361.25,False
https://www.zameen.com/Property/samundari_road_oasis_orchard_brand_new_house_for_sale-54667082-17896-1.html,House,For Sale,4 Marla,4.0,5.0,6 days ago,PKR 1.9 Crore,"Oasis Orchard, Samundari Road",Faisalabad,Zameen,19000000.0,Marla,1089.0,False
https://www.zameen.com/Property/east_canal_road_abdullah_gardens_avail_yourself_a_great_10_marla_house_in_abdullah_gardens-54620929-4890-1.html,House,For Sale,10 Marla,5.0,5.0,6 days ago,PKR 6 Crore,"Abdullah Gardens, East Canal Road",Faisalabad,Zameen,60000000.0,Marla,2722.5,False
https://www.zameen.com/Property/narwala_road_ali_garden_prime_location_4_marla_spacious_house_is_available_in_ali_garden_for_sale-54668195-21589-1.html,House,For Sale,4 Marla,5.0,5.0,6 days ago,PKR 1 Crore,"Ali Garden, Narwala Road",Faisalabad,Zameen,10000000.0,Marla,1089.0,False
https://www.zameen.com/Property/faisalabad_al_najaf_colony_single_storey_house_is_for_sale-54640435-4902-1.html,House,For Sale,12 Marla,3.0,3.0,6 days ago,PKR 3 Crore,"Al Najaf Colony, Faisalabad",Faisalabad,Zameen,30000000.0,Marla,3267.0,False
https://www.zameen.com/Property/faisalabad_lasani_garden_looking_for_a_prime_location_house_in_lasani_garden-54633001-4984-1.html,House,For Sale,5 Marla,5.0,5.0,6 days ago,PKR 1.95 Crore,"Lasani Garden, Faisalabad",Faisalabad,Zameen,19500000.0,Marla,1361.25,False
https://www.zameen.com/Property/citi_housing_citi_housing_sargodha_road_house_for_sale_is_readily_available_in_prime_location_of_citi_housing_sargodha_road-54588989-11229-1.html,House,For Sale,1 Kanal,5.0,5.0,6 days ago,PKR 7.5 Crore,"Citi Housing Sargodha Road, Citi Housing",Faisalabad,Zameen,75000000.0,Kanal,5445.0,False
https://www.zameen.com/Property/eden_gardens_eden_executive_8_marla_grey_structure_house-52741252-10765-1.html,House,For Sale,8 Marla,5.0,6.0,1 week ago,PKR 2.5 Crore,"Eden Executive, Eden Gardens",Faisalabad,Zameen,25000000.0,Marla,2178.0,False
https://www.zameen.com/Property/lower_canal_road_green_orchard_apartments_3_marla_fully_furnished_apartments_for_sale-54348608-19726-1.html,Apartment,For Sale,3 Marla,2.0,2.0,1 week ago,PKR 1.3 Crore,"Green Orchard Apartments, Lower Canal Road",Faisalabad,Zameen,13000000.0,Marla,816.75,False
https://www.zameen.com/Property/faisalabad_eden_valley_14_marla_luxury_house_with_10_kva_solar_install_available_for_sale_in_eden_valley_canal_road_faisalabad-54161315-8917-1.html,House,For Sale,14 Marla,4.0,5.0,1 week ago,PKR 5.75 Crore,"Eden Valley, Faisalabad",Faisalabad,Zameen,57500000.0,Marla,3811.5,False
https://www.zameen.com/Property/east_canal_road_abdullah_gardens_1_kanal_brand_new_luxury_house_available_for_sale_in_ayesha_block_abdullah_garden_east_canal_road_faisalabad-53442482-4890-1.html,House,For Sale,1 Kanal,5.0,6.0,1 week ago,PKR 16 Crore,"Abdullah Gardens, East Canal Road",Faisalabad,Zameen,160000000.0,Kanal,5445.0,False
https://www.zameen.com/Property/canal_road_model_city_1_3_marla_house_for_sale_in_model_city-1-54622697-8590-1.html,House,For Sale,3 Marla,3.0,4.0,1 week ago,PKR 1.35 Crore,"Model City 1, Canal Road",Faisalabad,Zameen,13500000.0,Marla,816.75,False
https://www.zameen.com/Property/canal_road_model_city_1_7_marla_used_house_in_model_city-1-54622854-8590-1.html,House,For Sale,7 Marla,4.0,5.0,1 week ago,PKR 2.7 Crore,"Model City 1, Canal Road",Faisalabad,Zameen,27000000.0,Marla,1905.75,False
https://www.zameen.com/Property/eden_gardens_eden_executive_5_marla_eden_executive_f_block_marla_designer_house_for_sale-54288215-10765-1.html,House,For Sale,5 Marla,3.0,4.0,1 week ago,PKR 2.5 Crore,"Eden Executive, Eden Gardens",Faisalabad,Zameen,25000000.0,Marla,1361.25,False
https://www.zameen.com/Property/faisalabad_canal_garden_10_marla_brand_new_house_for_sale-54664919-8588-1.html,House,For Sale,10 Marla,5.0,6.0,6 days ago,PKR 6.5 Crore,"Canal Garden, Faisalabad",Faisalabad,Zameen,65000000.0,Marla,2722.5,False
https://www.zameen.com/Property/eden_gardens_eden_executive_5_marla_eden_executive_brand_new_house-53772908-10765-1.html,House,For Sale,5 Marla,3.0,4.0,1 week ago,PKR 2.5 Crore,"Eden Executive, Eden Gardens",Faisalabad,Zameen,25000000.0,Marla,1361.25,False
https://www.zameen.com/Property/eden_orchard_eden_orchard_block_z_semi_furnished_7_marla_house_for_sale-54659892-14659-1.html,House,For Sale,7 Marla,4.0,5.0,1 week ago,PKR 2.9 Crore,"Eden Orchard Block Z, Eden Orchard",Faisalabad,Zameen,29000000.0,Marla,1905.75,False
https://www.zameen.com/Property/jaranwala_road_lyallpur_avenue_5_5_marla_brand_new_corner_house_for_sale-54279378-17578-1.html,House,For Sale,5.5 Marla,4.0,4.0,1 week ago,PKR 1.85 Crore,"Lyallpur Avenue, Jaranwala Road",Faisalabad,Zameen,18500000.0,Marla,1497.375,False
https://www.zameen.com/Property/faisalabad_green_view_colony_ideal_location_near_to_downtown_house_for_sale-54664841-9140-1.html,House,For Sale,8 Marla,5.0,6.0,6 days ago,PKR 3.5 Crore,"Green View Colony, Faisalabad",Faisalabad,Zameen,35000000.0,Marla,2178.0,False
https://www.zameen.com/Property/faisalabad_eden_valley_eden_valley_7_marla_brand_new_house_for_sale-53198898-8917-1.html,House,For Sale,7 Marla,4.0,6.0,1 week ago,PKR 3.5 Crore,"Eden Valley, Faisalabad",Faisalabad,Zameen,35000000.0,Marla,1905.75,False
https://www.zameen.com/Property/faisalabad_canal_road_canal_road_20_marla_house_5_bed_house-53264745-1140-1.html,House,For Sale,1 Kanal,5.0,6.0,1 week ago,PKR 8.5 Crore,"Canal Road, Faisalabad",Faisalabad,Zameen,85000000.0,Kanal,5445.0,False
https://www.zameen.com/Property/faisalabad_ghalib_city_3_marla_double_storey_house-53393970-10165-1.html,House,For Sale,3 Marla,3.0,4.0,1 week ago,PKR 1.25 Crore,"Ghalib City, Faisalabad",Faisalabad,Zameen,12500000.0,Marla,816.75,False
https://www.zameen.com/Property/faisalabad_eden_valley_11_marla_house_valley_facing_park-53867052-8917-1.html,House,For Sale,11 Marla,5.0,6.0,1 week ago,PKR 5.75 Crore,"Eden Valley, Faisalabad",Faisalabad,Zameen,57500000.0,Marla,2994.75,False
https://www.zameen.com/Property/faisalabad_wapda_city_10_marla_brand_new_ultra_modern_luxury_house_for_sale-54297349-501-1.html,House,For Sale,10 Marla,4.0,5.0,1 week ago,PKR 4.75 Crore,"Wapda City, Faisalabad",Faisalabad,Zameen,47500000.0,Marla,2722.5,False
https://www.zameen.com/Property/faisalabad_wapda_city_10_marla_ultra_modern_new_house_available_for_sale-54664401-501-1.html,House,For Sale,10 Marla,4.0,5.0,1 week ago,PKR 4.75 Crore,"Wapda City, Faisalabad",Faisalabad,Zameen,47500000.0,Marla,2722.5,False
https://www.zameen.com/Property/faisalabad_wapda_city_30_marla_luxury_house_with_basement_available_for_sale-54664307-501-1.html,House,For Sale,1.5 Kanal,6.0,7.0,1 week ago,PKR 20 Crore,"Wapda City, Faisalabad",Faisalabad,Zameen,200000000.0,Kanal,8167.5,False
https://www.zameen.com/Property/east_canal_road_abdullah_gardens_4_kanal_luxury_house_available_for_sale_in_abdullah_garden_ayesha_block_east_canal_road_faisalabad-54364788-4890-1.html,House,For Sale,4 Kanal,6.0,6.0,1 week ago,PKR 47 Crore,"Abdullah Gardens, East Canal Road",Faisalabad,Zameen,470000000.0,Kanal,21780.0,False
https://www.zameen.com/Property/faisalabad_al_rehmat_villas_get_your_hands_on_prime_location_house_in_al_rehmat_villas_best_area-54598553-9856-1.html,House,For Sale,4 Marla,5.0,5.0,1 week ago,PKR 1.1 Crore,"Al Rehmat Villas, Faisalabad",Faisalabad,Zameen,11000000.0,Marla,1089.0,False
https://www.zameen.com/Property/citi_housing_citi_housing_samundri_road_prime_location_house_for_sale_in_rs_35000000-54617213-11230-1.html,House,For Sale,10 Marla,5.0,5.0,1 week ago,PKR 3.5 Crore,"Citi Housing Samundri Road, Citi Housing",Faisalabad,Zameen,35000000.0,Marla,2722.5,False
https://www.zameen.com/Property/citi_housing_citi_housing_samundri_road_get_a_prime_location_10_marla_house_for_sale_in_citi_housing_samundri_road-54659635-11230-1.html,House,For Sale,10 Marla,5.0,5.0,1 week ago,PKR 3.9 Crore,"Citi Housing Samundri Road, Citi Housing",Faisalabad,Zameen,39000000.0,Marla,2722.5,False
https://www.zameen.com/Property/wapda_city_wapda_city_-_block_l_fair-priced_5_marla_house_available_in_wapda_city_-_block_l-54659513-5076-1.html,House,For Sale,5 Marla,5.0,5.0,1 week ago,PKR 2 Crore,"Wapda City - Block L, Wapda City",Faisalabad,Zameen,20000000.0,Marla,1361.25,False
https://www.zameen.com/Property/wapda_city_wapda_city_-_block_l_fair-priced_5_marla_house_available_in_wapda_city_-_block_l-54659512-5076-1.html,House,For Sale,5 Marla,5.0,5.0,1 week ago,PKR 2 Crore,"Wapda City - Block L, Wapda City",Faisalabad,Zameen,20000000.0,Marla,1361.25,False
https://www.zameen.com/Property/lower_canal_road_green_orchard_apartments_buy_675_square_feet_flat_at_highly_affordable_price-54640069-19726-1.html,Apartment,For Sale,3 Marla,2.0,2.0,1 week ago,PKR 95 Lakh,"Green Orchard Apartments, Lower Canal Road",Faisalabad,Zameen,9500000.0,Marla,816.75,False
https://www.zameen.com/Property/faisalabad_four_season_housing_modern_park_facing_house_for_sale-54659649-4945-1.html,House,For Sale,5 Marla,5.0,6.0,1 week ago,PKR 2.9 Crore,"Four Season Housing, Faisalabad",Faisalabad,Zameen,29000000.0,Marla,1361.25,False
https://www.zameen.com/Property/east_canal_road_abdullah_gardens_house_is_available_in_abdullah_gardens_for_sale-54557695-4890-1.html,House,For Sale,1 Kanal,5.0,5.0,1 week ago,PKR 14 Crore,"Abdullah Gardens, East Canal Road",Faisalabad,Zameen,140000000.0,Kanal,5445.0,False
https://www.zameen.com/Property/faisalabad_faisal_town_a_house_of_7_marla_in_faisal_town-54557696-1361-1.html,House,For Sale,7 Marla,5.0,5.0,1 week ago,PKR 3.25 Crore,"Faisal Town, Faisalabad",Faisalabad,Zameen,32500000.0,Marla,1905.75,False
https://www.zameen.com/Property/faisalabad_canal_road_a_palatial_residence_house_for_sale_in_canal_road_canal_road-54557697-1140-1.html,House,For Sale,5 Marla,5.0,5.0,1 week ago,PKR 2.35 Crore,"Canal Road, Faisalabad",Faisalabad,Zameen,23500000.0,Marla,1361.25,False
https://www.zameen.com/Property/faisalabad_eden_valley_want_to_buy_a_house_in_eden_valley-54557698-8917-1.html,House,For Sale,5 Marla,5.0,5.0,1 week ago,PKR 2.75 Crore,"Eden Valley, Faisalabad",Faisalabad,Zameen,27500000.0,Marla,1361.25,False
https://www.zameen.com/Property/east_canal_road_abdullah_gardens_1_kanal_house_ideally_situated_in_abdullah_gardens-54557699-4890-1.html,House,For Sale,1 Kanal,5.0,5.0,1 week ago,PKR 13 Crore,"Abdullah Gardens, East Canal Road",Faisalabad,Zameen,130000000.0,Kanal,5445.0,False
https://www.zameen.com/Property/canal_road_divine_enclave_sale_a_house_in_faisalabad_prime_location-54557700-21698-1.html,House,For Sale,9 Marla,5.0,5.0,1 week ago,PKR 5.5 Crore,"Divine Enclave, Canal Road",Faisalabad,Zameen,55000000.0,Marla,2450.25,False
https://www.zameen.com/Property/east_canal_road_abdullah_gardens_20_marla_house_is_available_in_abdullah_gardens-54557701-4890-1.html,House,For Sale,1 Kanal,5.0,5.0,1 week ago,PKR 13 Crore,"Abdullah Gardens, East Canal Road",Faisalabad,Zameen,130000000.0,Kanal,5445.0,False
https://www.zameen.com/Property/east_canal_road_abdullah_gardens_change_your_address_to_abdullah_gardens_faisalabad_for_a_reasonable_price_of_rs_150000000-54557702-4890-1.html,Other,For Sale,1 Kanal,4.0,5.0,1 week ago,PKR 15 Crore,"Abdullah Gardens, East Canal Road",Faisalabad,Zameen,150000000.0,Kanal,5445.0,False
https://www.zameen.com/Property/faisalabad_eden_valley_reserve_a_centrally_located_house_of_7_marla_in_eden_valley-54557712-8917-1.html,House,For Sale,7 Marla,5.0,5.0,1 week ago,PKR 3.5 Crore,"Eden Valley, Faisalabad",Faisalabad,Zameen,35000000.0,Marla,1905.75,False
https://www.zameen.com/Property/east_canal_road_abdullah_gardens_premium_10_marla_house_is_available_for_sale_in_faisalabad-54557714-4890-1.html,House,For Sale,10 Marla,5.0,5.0,1 week ago,PKR 6.2 Crore,"Abdullah Gardens, East Canal Road",Faisalabad,Zameen,62000000.0,Marla,2722.5,False
https://www.zameen.com/Property/faisalabad_wapda_city_20_marla_house_in_wapda_city_best_option-54572156-501-1.html,House,For Sale,1 Kanal,5.0,5.0,1 week ago,PKR 11 Crore,"Wapda City, Faisalabad",Faisalabad,Zameen,110000000.0,Kanal,5445.0,False
https://www.zameen.com/Property/east_canal_road_abdullah_gardens_premium_10_marla_house_is_available_for_sale_in_faisalabad-54605119-4890-1.html,House,For Sale,10 Marla,5.0,5.0,1 week ago,PKR 6.2 Crore,"Abdullah Gardens, East Canal Road",Faisalabad,Zameen,62000000.0,Marla,2722.5,False
https://www.zameen.com/Property/east_canal_road_abdullah_gardens_20_marla_brand_new_furnished_house_for_sale-54605120-4890-1.html,House,For Sale,1 Kanal,5.0,6.0,1 week ago,PKR 14 Crore,"Abdullah Gardens, East Canal Road",Faisalabad,Zameen,140000000.0,Kanal,5445.0,False
https://www.zameen.com/Property/east_canal_road_abdullah_gardens_house_is_available_in_abdullah_gardens-54617108-4890-1.html,House,For Sale,1 Kanal,5.0,5.0,1 week ago,PKR 14.5 Crore,"Abdullah Gardens, East Canal Road",Faisalabad,Zameen,145000000.0,Kanal,5445.0,False
https://www.zameen.com/Property/canal_road_divine_enclave_your_search_ends_right_here_with_the_beautiful_house_in_divine_enclave_at_affordable_price_of_pkr_rs_41500000-54624764-21698-1.html,House,For Sale,7 Marla,5.0,5.0,1 week ago,PKR 4.15 Crore,"Divine Enclave, Canal Road",Faisalabad,Zameen,41500000.0,Marla,1905.75,False
https://www.zameen.com/Property/faisalabad_wapda_city_10_marla_brand_new_luxury_house_for_sale_in_wapda_city_canal_road_faisalabad-54624767-501-1.html,House,For Sale,10 Marla,4.0,5.0,1 week ago,PKR 3.8 Crore,"Wapda City, Faisalabad",Faisalabad,Zameen,38000000.0,Marla,2722.5,False
https://www.zameen.com/Property/multan_public_school_road_royal_orchard_01_kanal_modern_house_completed_for_sale_in_royal_orchard_multan_experience_modern_peacefull-54644503-9492-1.html,House,For Sale,1 Kanal,5.0,6.0,2 hours ago,PKR 7.75 Crore,"Royal Orchard, Multan Public School Road",Multan,Zameen,77500000.0,Kanal,5445.0,False
https://www.zameen.com/Property/dha_defence_dha_phase_1_reserve_a_centrally_located_house_on_excellent_location_available_in_dha_multan-52311467-15631-1.html,House,For Sale,1 Kanal,5.0,6.0,7 hours ago,PKR 4.7 Crore,"DHA Phase 1, DHA Defence",Multan,Zameen,47000000.0,Kanal,5445.0,False
https://www.zameen.com/Property/multan_dha_defence_luxury_house_for_sale-54573941-8581-1.html,House,For Sale,1 Kanal,5.0,6.0,13 hours ago,PKR 5.2 Crore,"DHA Defence, Multan",Multan,Zameen,52000000.0,Kanal,5445.0,False
https://www.zameen.com/Property/dha_defence_askari_3_avail_yourself_a_great_10_marla_house_in_askari_3-54600502-17156-1.html,House,For Sale,10 Marla,4.0,5.0,2 days ago,PKR 3.1 Crore,"Askari 3, DHA Defence",Multan,Zameen,31000000.0,Marla,2722.5,False
https://www.zameen.com/Property/dha_phase_1_dha_phase_1_-_sector_b1_dha_multan_sector_b1-54661926-14300-1.html,Other,For Sale,10 Marla,5.0,5.0,2 days ago,PKR 3.5 Crore,"DHA Phase 1 - Sector B1, DHA Phase 1",Multan,Zameen,35000000.0,Marla,2722.5,False
https://www.zameen.com/Property/multan_shah_rukn-e-alam_colony_prime_location_house_of_10_marla_in_shah_rukn-e-alam_colony_is_available-54282741-658-1.html,House,For Sale,10 Marla,5.0,6.0,1 day ago,PKR 2.25 Crore,"Shah Rukn-e-Alam Colony, Multan",Multan,Zameen,22500000.0,Marla,2722.5,False
https://www.zameen.com/Property/piran_ghaib_road_z_town_demolish_able_2_kanal_house-54100071-21018-1.html,House,For Sale,2 Kanal,3.0,3.0,1 day ago,PKR 6.5 Crore,"Z Town, Piran Ghaib Road",Multan,Zameen,65000000.0,Kanal,10890.0,False
https://www.zameen.com/Property/dha_phase_1_dha_phase_1_-_sector_m_your_dream_facing_park_20_marla_house_is_available_in_dha_phase_1_-_sector_m-54366132-14312-1.html,House,For Sale,1 Kanal,5.0,6.0,2 days ago,PKR 4.5 Crore,"DHA Phase 1 - Sector M, DHA Phase 1",Multan,Zameen,45000000.0,Kanal,5445.0,False
https://www.zameen.com/Property/multan_multan_public_school_road_5_marla_house_for_sale_fatima_avenue-54631901-8902-1.html,House,For Sale,5 Marla,3.0,4.0,2 days ago,PKR 1.58 Crore,"Multan Public School Road, Multan",Multan,Zameen,15800000.0,Marla,1361.25,False
https://www.zameen.com/Property/multan_buch_executive_villas_10_marla_brand_new_triple_story_luxurious_house_available_for_sale-54683418-8627-1.html,House,For Sale,10 Marla,6.0,6.0,2 days ago,PKR 3.9 Crore,"Buch Executive Villas, Multan",Multan,Zameen,39000000.0,Marla,2722.5,False
https://www.zameen.com/Property/dha_defence_premium_homes_12_marla_corner_premium_house_for_sale_in_dha_multan_sector_c_at_cash_payment-54102101-22232-1.html,House,For Sale,12 Marla,5.0,6.0,6 hours ago,PKR 4.3 Crore,"Premium Homes, DHA Defence",Multan,Zameen,43000000.0,Marla,3267.0,False
https://www.zameen.com/Property/multan_buch_executive_villas_17_marla_luxury_house_for_sale_in_buch_executive_villas_multan_6_bed_beautiful_home-54365065-8627-1.html,House,For Sale,17 Marla,6.0,6.0,12 hours ago,PKR 6.5 Crore,"Buch Executive Villas, Multan",Multan,Zameen,65000000.0,Marla,4628.25,False
https://www.zameen.com/Property/wapda_town_phase_1_wapda_town_phase_1_-_block_e_buy_prime_location_7_marla_house_at_highly_affordable_price-54605147-14204-1.html,House,For Sale,7 Marla,5.0,5.0,5 hours ago,PKR 2.85 Crore,"Wapda Town Phase 1 - Block E, Wapda Town Phase 1",Multan,Zameen,28500000.0,Marla,1905.75,False
https://www.zameen.com/Property/buch_executive_villas_phase_2_buch_villas_phase_2_-_manik_block_prime_location_5_marla_house_for_sale_in_buch_executive_villas-54594426-22186-1.html,House,For Sale,5 Marla,4.0,4.0,8 hours ago,PKR 2.2 Crore,"Buch Villas Phase 2 - Manik Block, Buch Executive Villas - Phase 2",Multan,Zameen,22000000.0,Marla,1361.25,False
https://www.zameen.com/Property/dha_phase_1_dha_phase_1_-_sector_q_20_marla_brand_new_house_available_for_sale-54126130-14316-1.html,House,For Sale,1 Kanal,5.0,6.0,9 hours ago,PKR 4 Crore,"DHA Phase 1 - Sector Q, DHA Phase 1",Multan,Zameen,40000000.0,Kanal,5445.0,False
https://www.zameen.com/Property/dha_phase_1_dha_phase_1_-_sector_v_8_marla_modern_6_bed_rooms_house_for_sale-54131866-14321-1.html,Room,For Sale,8 Marla,6.0,6.0,9 hours ago,PKR 2.4 Crore,"DHA Phase 1 - Sector V, DHA Phase 1",Multan,Zameen,24000000.0,Marla,2178.0,False
https://www.zameen.com/Property/royal_orchard_royal_orchard_-_block_g_newly_built_5_marla_house_royal_orchard-54271777-9500-1.html,House,For Sale,5 Marla,4.0,5.0,9 hours ago,PKR 2 Crore,"Royal Orchard - Block G, Royal Orchard",Multan,Zameen,20000000.0,Marla,1361.25,False
https://www.zameen.com/Property/multan_public_school_road_royal_orchard_10_marla_luxury_house_for_sale_in_royal_orchard_multan-54383319-9492-1.html,House,For Sale,10 Marla,5.0,6.0,2 hours ago,PKR 3.8 Crore,"Royal Orchard, Multan Public School Road",Multan,Zameen,38000000.0,Marla,2722.5,False
https://www.zameen.com/Property/multan_public_school_road_royal_orchard_one_kanal_modern_designer_house_for_sale_in_royal_orchard_multan-54383339-9492-1.html,House,For Sale,1 Kanal,5.0,6.0,2 hours ago,PKR 7.5 Crore,"Royal Orchard, Multan Public School Road",Multan,Zameen,75000000.0,Kanal,5445.0,False
https://www.zameen.com/Property/multan_buch_executive_villas_brand_new_5_marla_house_for_sale_in_buch_executive_villas_buch_executive_villas-54383401-8627-1.html,House,For Sale,5 Marla,4.0,5.0,2 hours ago,PKR 2.2 Crore,"Buch Executive Villas, Multan",Multan,Zameen,22000000.0,Marla,1361.25,False
https://www.zameen.com/Property/multan_buch_executive_villas_well-constructed_brand_new_house_available_for_sale_in_buch_executive_villas-54383403-8627-1.html,House,For Sale,5 Marla,4.0,5.0,2 hours ago,PKR 2.2 Crore,"Buch Executive Villas, Multan",Multan,Zameen,22000000.0,Marla,1361.25,False
https://www.zameen.com/Property/multan_public_school_road_royal_orchard_10_marla_luxury_house_for_sale_in_royal_orchard_multan-54383629-9492-1.html,House,For Sale,10 Marla,5.0,6.0,2 hours ago,PKR 3.5 Crore,"Royal Orchard, Multan Public School Road",Multan,Zameen,35000000.0,Marla,2722.5,False
https://www.zameen.com/Property/dha_phase_1_dha_phase_1_-_sector_h_one_kanal_luxury_house_for_sale_in_dha_multan-54384073-14307-1.html,House,For Sale,1 Kanal,5.0,6.0,2 hours ago,PKR 5.2 Crore,"DHA Phase 1 - Sector H, DHA Phase 1",Multan,Zameen,52000000.0,Kanal,5445.0,False
https://www.zameen.com/Property/dha_phase_1_dha_phase_1_-_sector_m_brand_new_20_marla_house_available_in_dha_phase_1_-_sector_m_for_sale-54384807-14312-1.html,House,For Sale,1 Kanal,5.0,6.0,2 hours ago,PKR 5.8 Crore,"DHA Phase 1 - Sector M, DHA Phase 1",Multan,Zameen,58000000.0,Kanal,5445.0,False
https://www.zameen.com/Property/multan_public_school_road_royal_orchard_10_marla_luxury_house_for_sale_in_royal_orchard_multan-54387743-9492-1.html,House,For Sale,10 Marla,5.0,6.0,2 hours ago,PKR 3.5 Crore,"Royal Orchard, Multan Public School Road",Multan,Zameen,35000000.0,Marla,2722.5,False
https://www.zameen.com/Property/jinnah_avenue_serene_villas_serene_villas-54594934-22097-1.html,Villa,For Sale,9 Marla,5.0,5.0,2 days ago,PKR 3.7 Crore,"Serene Villas, Jinnah Avenue",Multan,Zameen,37000000.0,Marla,2450.25,False
https://www.zameen.com/Property/dha_defence_dha_villas_6_marla_villa_available_in_dha_villas_commercial_big_park_grand_mosque_top_notch_brands_available_on_walking_access-54691005-14018-1.html,Villa,For Sale,6 Marla,3.0,4.0,7 hours ago,PKR 1.75 Crore,"DHA Villas, DHA Defence",Multan,Zameen,17500000.0,Marla,1633.5,False
https://www.zameen.com/Property/royal_orchard_royal_orchard_-_block_e_brand_new_10_marla_house_for_sale_in_royal_orchard_-_block_e_multan-54562610-9497-1.html,House,For Sale,10 Marla,5.0,6.0,2 days ago,PKR 3.2 Crore,"Royal Orchard - Block E, Royal Orchard",Multan,Zameen,32000000.0,Marla,2722.5,False
https://www.zameen.com/Property/multan_buch_executive_villas_5_marla_double_height_house_for_sale_buch_executive_villas_multan-54680261-8627-1.html,House,For Sale,5 Marla,4.0,5.0,3 days ago,PKR 1.8 Crore,"Buch Executive Villas, Multan",Multan,Zameen,18000000.0,Marla,1361.25,False
https://www.zameen.com/Property/dha_phase_1_dha_phase_1_-_sector_m_1_kanal_park_face_house_available_for_sale_m_sector_prime_location-54679765-14312-1.html,House,For Sale,1 Kanal,5.0,5.0,3 days ago,PKR 4.2 Crore,"DHA Phase 1 - Sector M, DHA Phase 1",Multan,Zameen,42000000.0,Kanal,5445.0,False
https://www.zameen.com/Property/dha_phase_1_dha_phase_1_-_sector_b1_prime_location_in_dha_phase_1_-_sector_b1_10_marla_house_for_sale-54636136-14300-1.html,House,For Sale,10 Marla,5.0,5.0,2 days ago,PKR 3.1 Crore,"DHA Phase 1 - Sector B1, DHA Phase 1",Multan,Zameen,31000000.0,Marla,2722.5,False
https://www.zameen.com/Property/multan_dha_defence_05_marla_house_available_in_serene_villas_sector_c-54615734-8581-1.html,House,For Sale,5 Marla,3.0,4.0,1 day ago,PKR 2 Crore,"DHA Defence, Multan",Multan,Zameen,20000000.0,Marla,1361.25,False
https://www.zameen.com/Property/dha_phase_1_dha_phase_1_-_sector_m_1_kanal_spanish_house_for_sale-54583954-14312-1.html,House,For Sale,1 Kanal,5.0,6.0,16 hours ago,PKR 4.7 Crore,"DHA Phase 1 - Sector M, DHA Phase 1",Multan,Zameen,47000000.0,Kanal,5445.0,False
https://www.zameen.com/Property/multan_dha_defence_atc_heights_studio_apartment-54614659-8581-1.html,Apartment,For Sale,2.4 Marla,2.0,1.0,1 day ago,PKR 93 Lakh,"DHA Defence, Multan",Multan,Zameen,9300000.0,Marla,653.4,False
https://www.zameen.com/Property/multan_buch_executive_villas_buch_executive_villas_house_for_sale_sized_10_marla-49154860-8627-1.html,House,For Sale,10 Marla,6.0,6.0,13 hours ago,PKR 3.2 Crore,"Buch Executive Villas, Multan",Multan,Zameen,32000000.0,Marla,2722.5,False
https://www.zameen.com/Property/multan_buch_executive_villas_luxury_house_for_sale_available-49179071-8627-1.html,House,For Sale,5 Marla,3.0,4.0,13 hours ago,PKR 1.75 Crore,"Buch Executive Villas, Multan",Multan,Zameen,17500000.0,Marla,1361.25,False
https://www.zameen.com/Property/multan_buch_executive_villas_20_marla_luxurious_house_for_sale_in_buch_villas_multan_buch_executive_villas-54387388-8627-1.html,House,For Sale,1 Kanal,5.0,6.0,13 hours ago,PKR 5.39 Crore,"Buch Executive Villas, Multan",Multan,Zameen,53900000.0,Kanal,5445.0,False
https://www.zameen.com/Property/multan_shalimar_colony_10_marla_house_available_for_sale_in_shalimar_colony-54639271-346-1.html,House,For Sale,10 Marla,4.0,4.0,14 hours ago,PKR 2 Crore,"Shalimar Colony, Multan",Multan,Zameen,20000000.0,Marla,2722.5,False
https://www.zameen.com/Property/dha_phase_1_dha_phase_1_-_sector_b1_10_marla_modern_style_solid_construction_house_for_sale_in_sector_b1_dha_multan_prime_location_beautiful_designer_home-54546148-14300-1.html,House,For Sale,10 Marla,5.0,6.0,18 hours ago,PKR 3.5 Crore,"DHA Phase 1 - Sector B1, DHA Phase 1",Multan,Zameen,35000000.0,Marla,2722.5,False
https://www.zameen.com/Property/jinnah_avenue_serene_villas_serene_villa_villas_available_for_sale-54688268-22097-1.html,Villa,For Sale,9 Marla,5.0,5.0,20 hours ago,PKR 3.85 Crore,"Serene Villas, Jinnah Avenue",Multan,Zameen,38500000.0,Marla,2450.25,False
https://www.zameen.com/Property/dha_phase_1_atc_villas_dha_multan_atc_villas_available_for_sale-54688258-22408-1.html,Villa,For Sale,9.7 Marla,3.0,4.0,20 hours ago,PKR 1.9 Crore,"ATC Villas, DHA Phase 1",Multan,Zameen,19000000.0,Marla,2640.825,False
https://www.zameen.com/Property/multan_buch_executive_villas_5_marla_luxurious_house_for_sale_in_buch_villas_multan-54388648-8627-1.html,House,For Sale,5 Marla,4.0,5.0,2 hours ago,PKR 2.2 Crore,"Buch Executive Villas, Multan",Multan,Zameen,22000000.0,Marla,1361.25,False
https://www.zameen.com/Property/multan_public_school_road_royal_orchard_10_marla_luxurious_house_for_sale_in_royal_orchard_multan-54393729-9492-1.html,House,For Sale,10 Marla,5.0,6.0,2 hours ago,PKR 3.75 Crore,"Royal Orchard, Multan Public School Road",Multan,Zameen,37500000.0,Marla,2722.5,False
https://www.zameen.com/Property/multan_buch_executive_villas_10_marla_luxurious_house_for_sale_in_buch_villas_multan-54399720-8627-1.html,House,For Sale,10 Marla,6.0,6.0,2 hours ago,PKR 4.1 Crore,"Buch Executive Villas, Multan",Multan,Zameen,41000000.0,Marla,2722.5,False
https://www.zameen.com/Property/multan_buch_executive_villas_11_marla_luxurious_house_for_sale_in_buch_villas_multan-54406181-8627-1.html,House,For Sale,11 Marla,6.0,6.0,2 hours ago,PKR 4.1 Crore,"Buch Executive Villas, Multan",Multan,Zameen,41000000.0,Marla,2994.75,False
https://www.zameen.com/Property/multan_buch_executive_villas_9_marla_luxury_house_for_sale_in_buch_villas_multan-54436622-8627-1.html,House,For Sale,9 Marla,5.0,6.0,2 hours ago,PKR 3.7 Crore,"Buch Executive Villas, Multan",Multan,Zameen,37000000.0,Marla,2450.25,False
https://www.zameen.com/Property/multan_public_school_road_royal_orchard_one_kanal_luxurious_house_for_sale_in_royal_orchard_multan-54436720-9492-1.html,House,For Sale,1 Kanal,5.0,6.0,2 hours ago,PKR 6.98 Crore,"Royal Orchard, Multan Public School Road",Multan,Zameen,69800000.0,Kanal,5445.0,False
https://www.zameen.com/Property/multan_buch_executive_villas_10_marla_luxurious_house_for_sale_in_buch_villas_multan-54446761-8627-1.html,House,For Sale,10 Marla,5.0,6.0,2 hours ago,PKR 3.7 Crore,"Buch Executive Villas, Multan",Multan,Zameen,37000000.0,Marla,2722.5,False
https://www.zameen.com/Property/dha_phase_1_dha_phase_1_-_sector_m_one_kanal_luxurious_house_for_sale_in_dha_multan_sector_m-54491557-14312-1.html,House,For Sale,1 Kanal,5.0,6.0,2 hours ago,PKR 6.25 Crore,"DHA Phase 1 - Sector M, DHA Phase 1",Multan,Zameen,62500000.0,Kanal,5445.0,False
https://www.zameen.com/Property/dha_phase_1_atc_villas_prime_location_a_centrally_located_house_is_available_for_sale_in_multan-54679464-22408-1.html,House,For Sale,5 Marla,3.0,4.0,3 days ago,PKR 1.95 Crore,"ATC Villas, DHA Phase 1",Multan,Zameen,19500000.0,Marla,1361.25,False
https://www.zameen.com/Property/royal_orchard_royal_orchard_-_block_e_double_storey_10_marla_house_for_sale_in_royal_orchard_-_block_e_multan-54562571-9497-1.html,House,For Sale,10 Marla,5.0,6.0,4 days ago,PKR 2.5 Crore,"Royal Orchard - Block E, Royal Orchard",Multan,Zameen,25000000.0,Marla,2722.5,False
https://www.zameen.com/Property/dha_defence_premium_homes_12_marla_villa_corner_on_60_ft_villa_for_sale_in_premium_homes_by_dha_multan_handover_in_january_2027-53246206-22232-1.html,Villa,For Sale,12 Marla,5.0,6.0,5 days ago,PKR 4.3 Crore,"Premium Homes, DHA Defence",Multan,Zameen,43000000.0,Marla,3267.0,False
https://www.zameen.com/Property/multan_buch_executive_villas_5_marla_beautiful_house_for_sale_in_buch_executive_villas_multan_4_bed_luxury_home-54670273-8627-1.html,House,For Sale,5 Marla,4.0,5.0,5 days ago,PKR 1.75 Crore,"Buch Executive Villas, Multan",Multan,Zameen,17500000.0,Marla,1361.25,False
https://www.zameen.com/Property/multan_dha_defence_10_marla_luxury_corner_house_on_80_ft_road_for_sale_dha_multan-54598601-8581-1.html,House,For Sale,10 Marla,5.0,6.0,6 days ago,PKR 3.45 Crore,"DHA Defence, Multan",Multan,Zameen,34500000.0,Marla,2722.5,False
https://www.zameen.com/Property/gulgasht_colony_gulgasht_avenue_studio_single_bedroom_apartment_available_for_sale_united_mall_gulghst_multan-54680285-22622-1.html,Room,For Sale,1.6 Marla,1.0,1.0,3 days ago,PKR 79.12 Lakh,"Gulgasht Avenue, Gulgasht Colony",Multan,Zameen,7912000.0,Marla,435.6,False
https://www.zameen.com/Property/buch_executive_villas_buch_executive_villas_-_phase_1_luxury_11_78_marla_double_storey_house_for_sale_buch_villas_multan-54568633-19719-1.html,House,For Sale,12 Marla,5.0,6.0,4 days ago,PKR 4.88 Crore,"Buch Executive Villas - Phase 1, Buch Executive Villas",Multan,Zameen,48800000.0,Marla,3267.0,False
https://www.zameen.com/Property/wapda_town_phase_2_wapda_town_phase_2_-_block_q_facing_park_20_marla_house_available_for_sale_in_wapda_town_phase_2_-_block_q_if_you_hurry-54619047-14208-1.html,House,For Sale,1 Kanal,6.0,6.0,4 days ago,PKR 7.5 Crore,"Wapda Town Phase 2 - Block Q, Wapda Town Phase 2",Multan,Zameen,75000000.0,Kanal,5445.0,False
https://www.zameen.com/Property/citi_housing_citi_housing_phase_1_brand_new_5_marla_house_for_sale_d_block-54598262-21449-1.html,House,For Sale,5 Marla,4.0,5.0,4 days ago,PKR 1.15 Crore,"Citi Housing Phase 1, Citi Housing",Multan,Zameen,11500000.0,Marla,1361.25,False
https://www.zameen.com/Property/multan_buch_executive_villas_triple_storey_5_marla_house_available_in_buch_executive_villas_for_sale-53255336-8627-1.html,House,For Sale,5 Marla,4.0,4.0,13 hours ago,PKR 1.8 Crore,"Buch Executive Villas, Multan",Multan,Zameen,18000000.0,Marla,1361.25,False
https://www.zameen.com/Property/multan_public_school_road_fatima_avenue_5_marla_brand_new_house_with_5_bedroom_prime_location-54627713-21808-1.html,Room,For Sale,5 Marla,5.0,6.0,15 hours ago,PKR 1.75 Crore,"Fatima Avenue, Multan Public School Road",Multan,Zameen,17500000.0,Marla,1361.25,False
https://www.zameen.com/Property/multan_shah_rukn-e-alam_colony_find_your_ideal_prime_location_house_in_shah_rukn-e-alam_colony_under_rs_8500000-54470789-658-1.html,House,For Sale,3 Marla,3.0,3.0,1 day ago,PKR 85 Lakh,"Shah Rukn-e-Alam Colony, Multan",Multan,Zameen,8500000.0,Marla,816.75,False
https://www.zameen.com/Property/dha_phase_1_dha_phase_1_-_sector_r_get_this_amazing_prime_location_35_marla_house_available_in_dha_phase_1_-_sector_r-53950029-14317-1.html,House,For Sale,1.7 Kanal,6.0,6.0,1 day ago,PKR 5.8 Crore,"DHA Phase 1 - Sector R, DHA Phase 1",Multan,Zameen,58000000.0,Kanal,9256.5,False
https://www.zameen.com/Property/buch_executive_villas_buch_executive_villas_-_phase_2_16_marla_luxury_double_storey_house_for_sale_buch_villas_multan-54685833-19720-1.html,House,For Sale,16 Marla,5.0,6.0,1 day ago,PKR 6 Crore,"Buch Executive Villas - Phase 2, Buch Executive Villas",Multan,Zameen,60000000.0,Marla,4356.0,False
https://www.zameen.com/Property/multan_citi_housing_5_marla_double-storey_house_available_for_sale_in_citi_housing_multan-54670770-12544-1.html,House,For Sale,5 Marla,4.0,5.0,1 day ago,PKR 1.35 Crore,"Citi Housing, Multan",Multan,Zameen,13500000.0,Marla,1361.25,False
https://www.zameen.com/Property/citi_housing_phase_1_citi_housing_-_block_b_extension_5_marla_luxury_spanish_house_for_sale_in_citi_housing_multan-54664434-17831-1.html,House,For Sale,5 Marla,4.0,5.0,1 day ago,PKR 1.22 Crore,"Citi Housing - Block B Extension, Citi Housing Phase 1",Multan,Zameen,12200000.0,Marla,1361.25,False
https://www.zameen.com/Property/multan_public_school_road_royal_orchard_10_marla_luxury_house_for_sale_in_royal_orchard_multan-54614893-9492-1.html,House,For Sale,10 Marla,5.0,6.0,2 hours ago,PKR 3.6 Crore,"Royal Orchard, Multan Public School Road",Multan,Zameen,36000000.0,Marla,2722.5,False
https://www.zameen.com/Property/multan_buch_executive_villas_5_marla_luxury_house_for_sale_in_buch_villas_multan-54634903-8627-1.html,House,For Sale,5 Marla,4.0,6.0,2 hours ago,PKR 2.3 Crore,"Buch Executive Villas, Multan",Multan,Zameen,23000000.0,Marla,1361.25,False
https://www.zameen.com/Property/dha_defence_dha_phase_1_1_kanal_luxurious_house_for_sale_in_dha_sector_m-54665505-15631-1.html,House,For Sale,1 Kanal,5.0,6.0,2 hours ago,PKR 6.2 Crore,"DHA Phase 1, DHA Defence",Multan,Zameen,62000000.0,Kanal,5445.0,False
https://www.zameen.com/Property/dha_phase_1_dha_phase_1_-_sector_m_one_kanal_luxurious_house_for_sale_in_dha_multan_sector_m-54679666-14312-1.html,House,For Sale,1 Kanal,6.0,6.0,2 hours ago,PKR 5.75 Crore,"DHA Phase 1 - Sector M, DHA Phase 1",Multan,Zameen,57500000.0,Kanal,5445.0,False
https://www.zameen.com/Property/multan_model_town_your_dream_brand_new_10_marla_house_is_available_in_model_town-54692405-1147-1.html,House,For Sale,10 Marla,5.0,6.0,2 hours ago,PKR 3.2 Crore,"Model Town, Multan",Multan,Zameen,32000000.0,Marla,2722.5,False
https://www.zameen.com/Property/dha_phase_1_dha_phase_1_-_sector_h_1_kanal_brand_new_house_for_sale_in_dha_multan_sector_h_near_park_commercial_and_masjid-54150409-14307-1.html,House,For Sale,1 Kanal,5.0,6.0,6 hours ago,PKR 6 Crore,"DHA Phase 1 - Sector H, DHA Phase 1",Multan,Zameen,60000000.0,Kanal,5445.0,False
https://www.zameen.com/Property/multan_multan_public_school_road_3_5_marla_brand_new_double_storey_luxurious_house_available_for_sale-54691084-8902-1.html,House,For Sale,3.5 Marla,3.0,4.0,7 hours ago,PKR 1.2 Crore,"Multan Public School Road, Multan",Multan,Zameen,12000000.0,Marla,952.875,False
https://www.zameen.com/Property/buch_executive_villas_phase_2_buch_villas_phase_2_-_manik_block_7_marla_brand_new_double_story_luxurious_house_available_for_sale-54690892-22186-1.html,House,For Sale,7 Marla,5.0,6.0,8 hours ago,PKR 3.2 Crore,"Buch Villas Phase 2 - Manik Block, Buch Executive Villas - Phase 2",Multan,Zameen,32000000.0,Marla,1905.75,False
https://www.zameen.com/Property/dha_phase_1_dha_phase_1_-_sector_b1_10_marla_corner_brand_new_house_for_sale-54573926-14300-1.html,House,For Sale,10 Marla,5.0,6.0,1 week ago,PKR 3.4 Crore,"DHA Phase 1 - Sector B1, DHA Phase 1",Multan,Zameen,34000000.0,Marla,2722.5,False
https://www.zameen.com/Property/dha_phase_1_dha_phase_1_-_sector_m_dha_multan_sector_m-54661976-14312-1.html,Other,For Sale,1 Kanal,5.0,6.0,1 week ago,PKR 6.25 Crore,"DHA Phase 1 - Sector M, DHA Phase 1",Multan,Zameen,62500000.0,Kanal,5445.0,False
https://www.zameen.com/Property/dha_defence_askari_3_stunning_and_affordable_house_available_for_sale_in_askari_3-54389600-17156-1.html,House,For Sale,7 Marla,3.0,4.0,1 week ago,PKR 2.35 Crore,"Askari 3, DHA Defence",Multan,Zameen,23500000.0,Marla,1905.75,False
https://www.zameen.com/Property/dha_defence_askari_3_near_to_park_house_12_marla_for_sale_in_askari_3-54466185-17156-1.html,House,For Sale,12 Marla,4.0,4.0,1 week ago,PKR 3.6 Crore,"Askari 3, DHA Defence",Multan,Zameen,36000000.0,Marla,3267.0,False
https://www.zameen.com/Property/citi_housing_phase_1_citi_housing_-_block_b_brand-new_premium_ultra-modern_5_marla_house_3_storeys_4_bedrooms_b_block-54574032-17368-1.html,Room,For Sale,5 Marla,4.0,5.0,1 week ago,PKR 1.3 Crore,"Citi Housing - Block B, Citi Housing Phase 1",Multan,Zameen,13000000.0,Marla,1361.25,False
https://www.zameen.com/Property/multan_buch_executive_villas_ground_floor_slightly_used_flat_with_garage_available_for_sale-54682273-8627-1.html,Apartment,For Sale,5 Marla,2.0,2.0,2 days ago,PKR 1.25 Crore,"Buch Executive Villas, Multan",Multan,Zameen,12500000.0,Marla,1361.25,False
https://www.zameen.com/Property/dha_defence_askari_3_reserve_a_prime_location_house_of_10_marla_now_in_askari_3-54571905-17156-1.html,House,For Sale,10 Marla,5.0,5.0,4 days ago,PKR 3.1 Crore,"Askari 3, DHA Defence",Multan,Zameen,31000000.0,Marla,2722.5,False
https://www.zameen.com/Property/royal_orchard_royal_orchard_-_block_a_your_dream_brand_new_20_marla_house_is_available_in_royal_orchard_-_block_a-54673431-9494-1.html,House,For Sale,1 Kanal,5.0,6.0,5 days ago,PKR 7.5 Crore,"Royal Orchard - Block A, Royal Orchard",Multan,Zameen,75000000.0,Kanal,5445.0,False
https://www.zameen.com/Property/royal_orchard_royal_orchard_-_overseas_prime_block_your_dream_brand_new_7_marla_house_is_available_in_royal_orchard_-_overseas_prime_block-54625315-22546-1.html,House,For Sale,7 Marla,4.0,5.0,5 days ago,PKR 2.25 Crore,"Royal Orchard - Overseas Prime Block, Royal Orchard",Multan,Zameen,22500000.0,Marla,1905.75,False
https://www.zameen.com/Property/multan_shah_faisal_colony_16_marla_single_storey_house_is_available_for_sale_in_shah_faisal_colony_multan-53998872-22522-1.html,House,For Sale,16 Marla,3.0,4.0,5 days ago,PKR 3 Crore,"Shah Faisal Colony, Multan",Multan,Zameen,30000000.0,Marla,4356.0,False
https://www.zameen.com/Property/dha_phase_1_dha_phase_1_-_sector_m_1_kanal_ultra_modern_luxury_house_for_sale_on_65_ft_road_in_dha_multan_sector_m-54083650-14312-1.html,House,For Sale,1 Kanal,5.0,6.0,1 day ago,PKR 6.5 Crore,"DHA Phase 1 - Sector M, DHA Phase 1",Multan,Zameen,65000000.0,Kanal,5445.0,False
https://www.zameen.com/Property/multan_citi_housing_5_marla_brand_new_spanish_design_house-54425627-12544-1.html,House,For Sale,5 Marla,4.0,5.0,2 days ago,PKR 1.15 Crore,"Citi Housing, Multan",Multan,Zameen,11500000.0,Marla,1361.25,False
https://www.zameen.com/Property/buch_executive_villas_phase_2_buch_villas_phase_2_-_manik_block_triple_storey_5_marla_house_available_in_buch_villas_phase_2_-_manik_block_for_sale-54172712-22186-1.html,House,For Sale,5 Marla,5.0,6.0,1 day ago,PKR 2.1 Crore,"Buch Villas Phase 2 - Manik Block, Buch Executive Villas - Phase 2",Multan,Zameen,21000000.0,Marla,1361.25,False
https://www.zameen.com/Property/dha_phase_1_dha_phase_1_-_sector_q_brand_new_20_marla_house_for_sale_in_dha_phase_1_-_sector_q_multan-54402444-14316-1.html,House,For Sale,1 Kanal,6.0,6.0,2 days ago,PKR 4 Crore,"DHA Phase 1 - Sector Q, DHA Phase 1",Multan,Zameen,40000000.0,Kanal,5445.0,False
https://www.zameen.com/Property/royal_orchard_royal_orchard_-_block_e_10_marla_house_for_sale-54641632-9497-1.html,House,For Sale,10 Marla,5.0,6.0,2 days ago,PKR 3.25 Crore,"Royal Orchard - Block E, Royal Orchard",Multan,Zameen,32500000.0,Marla,2722.5,False
https://www.zameen.com/Property/dha_phase_1_dha_phase_1_-_sector_v_brand_new_8_marla_house_available_in_dha_phase_1_-_sector_v_for_sale-54605820-14321-1.html,House,For Sale,8 Marla,5.0,5.0,2 days ago,PKR 2.4 Crore,"DHA Phase 1 - Sector V, DHA Phase 1",Multan,Zameen,24000000.0,Marla,2178.0,False
https://www.zameen.com/Property/dha_phase_1_dha_phase_1_-_sector_b1_well-constructed_brand_new_house_available_for_sale_in_dha_phase_1_-_sector_b1-54625467-14300-1.html,House,For Sale,10 Marla,4.0,5.0,2 days ago,PKR 3.5 Crore,"DHA Phase 1 - Sector B1, DHA Phase 1",Multan,Zameen,35000000.0,Marla,2722.5,False
https://www.zameen.com/Property/multan_multan_public_school_road_2_5_marla_brand_new_double_story_house_for_sale_in_fatima_avenue_mps_road_multan-54690328-8902-1.html,House,For Sale,2.5 Marla,3.0,3.0,10 hours ago,PKR 80 Lakh,"Multan Public School Road, Multan",Multan,Zameen,8000000.0,Marla,680.625,False
https://www.zameen.com/Property/royal_orchard_royal_orchard_-_block_f_luxurious_5_marla_modern_house_for_sale_ideal_location_royal_orchard-53302622-9499-1.html,House,For Sale,5 Marla,4.0,4.0,11 hours ago,PKR 1.85 Crore,"Royal Orchard - Block F, Royal Orchard",Multan,Zameen,18500000.0,Marla,1361.25,False
https://www.zameen.com/Property/multan_buch_executive_villas_9_marla_luxury_house_for_sale_in_buch_executive_villas_multan-54026600-8627-1.html,House,For Sale,9 Marla,5.0,6.0,12 hours ago,PKR 2.95 Crore,"Buch Executive Villas, Multan",Multan,Zameen,29500000.0,Marla,2450.25,False
https://www.zameen.com/Property/dha_phase_1_dha_phase_1_-_sector_c_sector_c_5_marla_house_available_instalments_amp_cash_possession_available-54225612-14302-1.html,House,For Sale,5 Marla,3.0,4.0,13 hours ago,PKR 2.1 Crore,"DHA Phase 1 - Sector C, DHA Phase 1",Multan,Zameen,21000000.0,Marla,1361.25,False
https://www.zameen.com/Property/mattital_road_al-falah_model_city_single_storey_5_marla_house_for_sale_in_al-falah_model_city_multan-54608192-20469-1.html,House,For Sale,5 Marla,2.0,2.0,14 hours ago,PKR 95 Lakh,"Al-Falah Model City, Mattital Road",Multan,Zameen,9500000.0,Marla,1361.25,False
https://www.zameen.com/Property/gulgasht_colony_united_mall_2_beautiful_luxury_apartments_for_sale_on_cash_and_easy_instalment_plan_at_valuable_location_brand_road_multan-54689197-12935-1.html,Apartment,For Sale,2.2 Marla,1.0,1.0,14 hours ago,PKR 1.08 Crore,"United Mall 2, Gulgasht Colony",Multan,Zameen,10800000.0,Marla,598.95,False
https://www.zameen.com/Property/multan_model_town_7_marla_used_owner_build_house_for_sale_on_prime_location-54461681-1147-1.html,House,For Sale,7 Marla,4.0,5.0,15 hours ago,PKR 2.25 Crore,"Model Town, Multan",Multan,Zameen,22500000.0,Marla,1905.75,False
https://www.zameen.com/Property/multan_jamilabad_luxury_45_marla_farm_house_for_sale_vip_location-53554762-5756-1.html,Farm House,For Sale,2.3 Kanal,9.0,6.0,18 hours ago,PKR 14 Crore,"Jamilabad, Multan",Multan,Zameen,140000000.0,Kanal,12523.499999999998,False
https://www.zameen.com/Property/multan_buch_executive_villas_5_marla_2_house_s_available_for_sale_in_buch_executive_villas_multan_manik_block-54656483-8627-1.html,House,For Sale,5 Marla,4.0,5.0,1 week ago,PKR 2.4 Crore,"Buch Executive Villas, Multan",Multan,Zameen,24000000.0,Marla,1361.25,False
https://www.zameen.com/Property/dha_defence_askari_3_a_well_designed_house_is_up_for_sale_in_an_ideal_location_in_multan-54389599-17156-1.html,House,For Sale,6 Marla,3.0,4.0,1 week ago,PKR 2.35 Crore,"Askari 3, DHA Defence",Multan,Zameen,23500000.0,Marla,1633.5,False
https://www.zameen.com/Property/multan_dha_defence_1_kanal_full_smart_automated_house_corner_park_facing_main_boulevard_in_dha_defence-54648369-8581-1.html,House,For Sale,1 Kanal,6.0,6.0,1 week ago,PKR 11 Crore,"DHA Defence, Multan",Multan,Zameen,110000000.0,Kanal,5445.0,False
https://www.zameen.com/Property/dha_phase_1_dha_phase_1_-_sector_b1_corner_10_marla_house_for_sale_in_beautiful_dha_phase_1_-_sector_b1-54575123-14300-1.html,House,For Sale,10 Marla,5.0,6.0,2 weeks ago,PKR 3.4 Crore,"DHA Phase 1 - Sector B1, DHA Phase 1",Multan,Zameen,34000000.0,Marla,2722.5,False
https://www.zameen.com/Property/buch_executive_villas_phase_2_buch_villas_phase_2_-_manik_block_prime_location_house_for_grabs_in_5_marla_multan-54313944-22186-1.html,House,For Sale,5 Marla,4.0,4.0,2 weeks ago,PKR 2.1 Crore,"Buch Villas Phase 2 - Manik Block, Buch Executive Villas - Phase 2",Multan,Zameen,21000000.0,Marla,1361.25,False
https://www.zameen.com/Property/royal_orchard_royal_orchard_-_block_f_your_dream_brand_new_5_marla_house_is_available_in_royal_orchard_-_block_f-54671740-9499-1.html,House,For Sale,5 Marla,3.0,4.0,5 days ago,PKR 2.1 Crore,"Royal Orchard - Block F, Royal Orchard",Multan,Zameen,21000000.0,Marla,1361.25,False
https://www.zameen.com/Property/multan_buch_executive_villas_11_5_marla_brand_new_house_available_in_buch_executive_villas_for_sale-54563883-8627-1.html,House,For Sale,10.5 Marla,5.0,6.0,5 days ago,PKR 4.9 Crore,"Buch Executive Villas, Multan",Multan,Zameen,49000000.0,Marla,2858.625,False
https://www.zameen.com/Property/royal_orchard_royal_orchard_-_block_f_brand_new_5_marla_house_for_sale_in_royal_orchard_-_block_f_multan-54562183-9499-1.html,House,For Sale,5 Marla,3.0,4.0,5 days ago,PKR 1.95 Crore,"Royal Orchard - Block F, Royal Orchard",Multan,Zameen,19500000.0,Marla,1361.25,False
https://www.zameen.com/Property/royal_orchard_royal_orchard_-_block_e_this_is_your_chance_to_buy_prime_location_house_in_multan-54595887-9497-1.html,House,For Sale,1 Kanal,5.0,5.0,6 days ago,PKR 7.15 Crore,"Royal Orchard - Block E, Royal Orchard",Multan,Zameen,71500000.0,Kanal,5445.0,False
https://www.zameen.com/Property/dha_phase_1_dha_phase_1_-_sector_b1_10_marla_brand_new_corner_house_for_sale_in_dha_multan_sector_b1_80_ft_road_wide_front_modern_design_prime_location-54557967-14300-1.html,House,For Sale,10 Marla,5.0,6.0,1 week ago,PKR 3.5 Crore,"DHA Phase 1 - Sector B1, DHA Phase 1",Multan,Zameen,35000000.0,Marla,2722.5,False
https://www.zameen.com/Property/multan_public_school_road_royal_orchard_5_marla_brand_new_modern_house_in_block_g_royal_orchard_multan-54528550-9492-1.html,House,For Sale,5 Marla,3.0,5.0,2 days ago,PKR 1.95 Crore,"Royal Orchard, Multan Public School Road",Multan,Zameen,19500000.0,Marla,1361.25,False
https://www.zameen.com/Property/dha_phase_1_dha_phase_1_-_sector_m_your_dream_grey_structure_20_marla_house_is_available_in_dha_phase_1_-_sector_m-54317148-14312-1.html,House,For Sale,1 Kanal,5.0,6.0,2 days ago,PKR 3.3 Crore,"DHA Phase 1 - Sector M, DHA Phase 1",Multan,Zameen,33000000.0,Kanal,5445.0,False
https://www.zameen.com/Property/dha_phase_1_dha_phase_1_-_sector_u_corner_house_for_sale_in_rs_17000000-54656183-14320-1.html,House,For Sale,10 Marla,5.0,6.0,2 days ago,PKR 1.7 Crore,"DHA Phase 1 - Sector U, DHA Phase 1",Multan,Zameen,17000000.0,Marla,2722.5,False
https://www.zameen.com/Property/multan_green_huts_idyllic_corner_house_available_in_green_huts_for_sale-54684538-12741-1.html,House,For Sale,15 Marla,4.0,6.0,2 days ago,PKR 3.5 Crore,"Green Huts, Multan",Multan,Zameen,35000000.0,Marla,4083.75,False
https://www.zameen.com/Property/nawabpur_road_ahmad_city_brand_new_4_marla_house_available_in_ahmad_city_for_sale-54595812-21470-1.html,House,For Sale,4 Marla,4.0,4.0,2 days ago,PKR 98 Lakh,"Ahmad City, Nawabpur Road",Multan,Zameen,9800000.0,Marla,1089.0,False
https://www.zameen.com/Property/multan_nawabpur_road_double_storey_5_marla_house_available_in_nawabpur_road_for_sale-54595865-8728-1.html,House,For Sale,5 Marla,4.0,4.0,2 days ago,PKR 95 Lakh,"Nawabpur Road, Multan",Multan,Zameen,9500000.0,Marla,1361.25,False
https://www.zameen.com/Property/dha_phase_1_dha_phase_1_-_sector_h_1_kanal_brand_new_spanish_elevation_house_for_sale_luxury_living-54341077-14307-1.html,House,For Sale,1 Kanal,5.0,6.0,18 hours ago,PKR 5.25 Crore,"DHA Phase 1 - Sector H, DHA Phase 1",Multan,Zameen,52500000.0,Kanal,5445.0,False
https://www.zameen.com/Property/dha_defence_dha_villas_elegant_9_marla_brand_new_villa_for_sale_in_dha_multan_villas-54329321-14018-1.html,Villa,For Sale,9 Marla,4.0,5.0,18 hours ago,PKR 2.9 Crore,"DHA Villas, DHA Defence",Multan,Zameen,29000000.0,Marla,2450.25,False
https://www.zameen.com/Property/dha_phase_1_dha_phase_1_-_sector_q_modern_style_house_for_sale_in_sector_q_prime_location_investor_rate_price-54182631-14316-1.html,House,For Sale,1 Kanal,5.0,6.0,18 hours ago,PKR 3.7 Crore,"DHA Phase 1 - Sector Q, DHA Phase 1",Multan,Zameen,37000000.0,Kanal,5445.0,False
https://www.zameen.com/Property/dha_phase_1_dha_phase_1_-_sector_c_6_marla_prestige_villas_available_on_easy_3-year_installments_prime_location_dha_multan-54365135-14302-1.html,Villa,For Sale,6 Marla,3.0,4.0,18 hours ago,PKR 2.25 Crore,"DHA Phase 1 - Sector C, DHA Phase 1",Multan,Zameen,22500000.0,Marla,1633.5,False
https://www.zameen.com/Property/dha_phase_1_dha_phase_1_-_sector_h_beautiful_1_kanal_brand_new_house_for_sale_near_park_mosque_sector_h-54364308-14307-1.html,House,For Sale,1 Kanal,5.0,6.0,18 hours ago,PKR 5.5 Crore,"DHA Phase 1 - Sector H, DHA Phase 1",Multan,Zameen,55000000.0,Kanal,5445.0,False
https://www.zameen.com/Property/dha_phase_1_dha_phase_1_-_sector_m_10_marla_brand_new_spanish_elevation_house_for_sale_in_sector_m_dha_multan_prime_location_luxury_living-54359065-14312-1.html,House,For Sale,10 Marla,5.0,6.0,18 hours ago,PKR 4.7 Crore,"DHA Phase 1 - Sector M, DHA Phase 1",Multan,Zameen,47000000.0,Marla,2722.5,False
https://www.zameen.com/Property/dha_phase_1_dha_phase_1_-_sector_v_sector_v_5_marla_gray_structure_available_for_sale-54657890-14321-1.html,Other,For Sale,5 Marla,3.0,4.0,21 hours ago,PKR 1.1 Crore,"DHA Phase 1 - Sector V, DHA Phase 1",Multan,Zameen,11000000.0,Marla,1361.25,False
https://www.zameen.com/Property/dha_phase_1_dha_phase_1_-_sector_b1_b1_brand_new_house_available_for_sale-54660334-14300-1.html,House,For Sale,10 Marla,5.0,6.0,21 hours ago,PKR 3.5 Crore,"DHA Phase 1 - Sector B1, DHA Phase 1",Multan,Zameen,35000000.0,Marla,2722.5,False
https://www.zameen.com/Property/buch_executive_villas_phase_2_buch_villas_phase_2_-_manik_block_looking_for_a_prime_location_house_in_buch_villas_phase_2_-_manik_block-54248143-22186-1.html,House,For Sale,10 Marla,6.0,6.0,2 weeks ago,PKR 4.25 Crore,"Buch Villas Phase 2 - Manik Block, Buch Executive Villas - Phase 2",Multan,Zameen,42500000.0,Marla,2722.5,False
https://www.zameen.com/Property/buch_executive_villas_phase_2_buch_villas_phase_2_-_manik_block_your_dream_prime_location_3_marla_house_is_available_in_buch_villas_phase_2_-_manik_block-54513910-22186-1.html,House,For Sale,3 Marla,4.0,4.0,3 weeks ago,PKR 1.6 Crore,"Buch Villas Phase 2 - Manik Block, Buch Executive Villas - Phase 2",Multan,Zameen,16000000.0,Marla,816.75,False
https://www.zameen.com/Property/dha_rumanza_golf_community_rumanza_view_villas_prime_location_12_marla_house_for_sale_in_rumanza_view_villas_multan-54354336-22543-1.html,House,For Sale,12 Marla,5.0,5.0,2 weeks ago,PKR 5 Crore,"Rumanza View Villas, DHA Rumanza Golf Community",Multan,Zameen,50000000.0,Marla,3267.0,False
https://www.zameen.com/Property/multan_shalimar_colony_brand_new_3_marla_house_for_sale_in_shalimar_colony_shalimar_colony-54661653-346-1.html,House,For Sale,3 Marla,3.0,4.0,1 week ago,PKR 2 Crore,"Shalimar Colony, Multan",Multan,Zameen,20000000.0,Marla,816.75,False
https://www.zameen.com/Property/multan_buch_executive_villas_buch_villas_manik_block_5_marla_trepal_story_luxury_house_available_for_sale-54548113-8627-1.html,House,For Sale,5 Marla,4.0,4.0,1 week ago,PKR 2.2 Crore,"Buch Executive Villas, Multan",Multan,Zameen,22000000.0,Marla,1361.25,False
https://www.zameen.com/Property/dha_phase_1_dha_phase_1_-_sector_m_your_dream_brand_new_20_marla_house_is_available_in_dha_phase_1_-_sector_m-54657338-14312-1.html,House,For Sale,1 Kanal,5.0,6.0,1 week ago,PKR 6.15 Crore,"DHA Phase 1 - Sector M, DHA Phase 1",Multan,Zameen,61500000.0,Kanal,5445.0,False
https://www.zameen.com/Property/multan_buch_executive_villas_7_5_marla_house_available_for_sale_in_buch_executive_villas-54607994-8627-1.html,House,For Sale,7.5 Marla,4.0,5.0,1 week ago,PKR 3.15 Crore,"Buch Executive Villas, Multan",Multan,Zameen,31500000.0,Marla,2041.875,False
https://www.zameen.com/Property/multan_public_school_road_royal_orchard_royal_orchard_multan_10_marla_house_available_for_sale_top_location_resonable_price_modern_elevation-54621810-9492-1.html,House,For Sale,10 Marla,5.0,5.0,1 week ago,PKR 3.6 Crore,"Royal Orchard, Multan Public School Road",Multan,Zameen,36000000.0,Marla,2722.5,False
https://www.zameen.com/Property/dha_phase_1_dha_phase_1_-_sector_b1_grey_structure_10_marla_house_for_sale_in_dha_phase_1_-_sector_b1_multan-54566930-14300-1.html,House,For Sale,10 Marla,5.0,5.0,1 week ago,PKR 2.1 Crore,"DHA Phase 1 - Sector B1, DHA Phase 1",Multan,Zameen,21000000.0,Marla,2722.5,False
https://www.zameen.com/Property/dha_phase_1_dha_phase_1_-_sector_h_ultra_modern_grey_structure_house-54568060-14307-1.html,House,For Sale,1 Kanal,5.0,6.0,1 week ago,PKR 3.5 Crore,"DHA Phase 1 - Sector H, DHA Phase 1",Multan,Zameen,35000000.0,Kanal,5445.0,False
https://www.zameen.com/Property/citi_housing_citi_housing_phase_1_city_phase_1_b_block_house-54597170-21449-1.html,House,For Sale,5 Marla,3.0,4.0,2 days ago,PKR 1.3 Crore,"Citi Housing Phase 1, Citi Housing",Multan,Zameen,13000000.0,Marla,1361.25,False
https://www.zameen.com/Property/multan_nasheman_colony_house_of_7_marla_is_available_in_contemporary_neighborhood_of_nasheman_colony-54661941-1075-1.html,House,For Sale,7 Marla,5.0,5.0,2 days ago,PKR 2.35 Crore,"Nasheman Colony, Multan",Multan,Zameen,23500000.0,Marla,1905.75,False
https://www.zameen.com/Property/multan_bosan_road_prime_location_house_on_bosan_road-54325060-5705-1.html,House,For Sale,15 Marla,3.0,2.0,2 days ago,PKR 80 Lakh,"Bosan Road, Multan",Multan,Zameen,8000000.0,Marla,4083.75,False
https://www.zameen.com/Property/multan_icon_villas_get_this_amazing_1_kanal_house_available_in_icon_villas-54545168-5750-1.html,House,For Sale,1 Kanal,5.0,6.0,1 day ago,PKR 2.9 Crore,"Icon Villas, Multan",Multan,Zameen,29000000.0,Kanal,5445.0,False
https://www.zameen.com/Property/multan_buch_executive_villas_studio_apartment_for_sale_buch_villas-54626203-8627-1.html,Apartment,For Sale,1.6 Marla,2.0,1.0,9 hours ago,PKR 54.5 Lakh,"Buch Executive Villas, Multan",Multan,Zameen,5450000.0,Marla,435.6,False
https://www.zameen.com/Property/multan_bosan_road_3_marla_house_in_gated_community-54125604-5705-1.html,House,For Sale,3 Marla,3.0,3.0,9 hours ago,PKR 90 Lakh,"Bosan Road, Multan",Multan,Zameen,9000000.0,Marla,816.75,False
https://www.zameen.com/Property/multan_buch_executive_villas_buch_executive_villas-54660694-8627-1.html,Villa,For Sale,9 Marla,5.0,6.0,21 hours ago,PKR 4 Crore,"Buch Executive Villas, Multan",Multan,Zameen,40000000.0,Marla,2450.25,False
https://www.zameen.com/Property/dha_phase_1_dha_phase_1_-_sector_m_dha_multan_sector_m_modern_elevation_house_available_for_sale-54660997-14312-1.html,House,For Sale,1 Kanal,5.0,6.0,21 hours ago,PKR 6.25 Crore,"DHA Phase 1 - Sector M, DHA Phase 1",Multan,Zameen,62500000.0,Kanal,5445.0,False
https://www.zameen.com/Property/multan_bosan_road_10_marla_brand_new_house_available_for_sale-54656286-5705-1.html,House,For Sale,10 Marla,5.0,6.0,21 hours ago,PKR 3.5 Crore,"Bosan Road, Multan",Multan,Zameen,35000000.0,Marla,2722.5,False
https://www.zameen.com/Property/multan_bosan_road_7_marla_brand_new_house_available_for_sale-54656325-5705-1.html,House,For Sale,7 Marla,5.0,6.0,21 hours ago,PKR 2.35 Crore,"Bosan Road, Multan",Multan,Zameen,23500000.0,Marla,1905.75,False
https://www.zameen.com/Property/multan_bosan_road_5_marla_brand_house_available_for_sale-54656389-5705-1.html,House,For Sale,5 Marla,4.0,5.0,21 hours ago,PKR 1.55 Crore,"Bosan Road, Multan",Multan,Zameen,15500000.0,Marla,1361.25,False
https://www.zameen.com/Property/dha_phase_1_dha_phase_1_-_sector_b1_b1_10_marla_brand_new_house_available_for_sale-54657861-14300-1.html,House,For Sale,10 Marla,5.0,6.0,21 hours ago,PKR 3.5 Crore,"DHA Phase 1 - Sector B1, DHA Phase 1",Multan,Zameen,35000000.0,Marla,2722.5,False
https://www.zameen.com/Property/multan_multan_public_school_road_fatima_avenue_4m_house_available_for_sale-54673058-8902-1.html,House,For Sale,5 Marla,3.0,5.0,21 hours ago,PKR 1.3 Crore,"Multan Public School Road, Multan",Multan,Zameen,13000000.0,Marla,1361.25,False
https://www.zameen.com/Property/multan_lodhi_colony_lodhi_colony_house_available_for_sale-54679884-1071-1.html,House,For Sale,5.5 Marla,6.0,5.0,21 hours ago,PKR 1.5 Crore,"Lodhi Colony, Multan",Multan,Zameen,15000000.0,Marla,1497.375,False
https://www.zameen.com/Property/multan_public_school_road_royal_orchard_01_kanal_modern_house_completed_for_sale_in_royal_orchard_multan_experience_modern_peacefull-54647045-9492-1.html,House,For Sale,1 Kanal,5.0,6.0,2 weeks ago,PKR 7.75 Crore,"Royal Orchard, Multan Public School Road",Multan,Zameen,77500000.0,Kanal,5445.0,False
https://www.zameen.com/Property/dha_phase_1_dha_phase_1_-_sector_m_prime_location_20_marla_spacious_house_is_available_in_dha_phase_1_-_sector_m_for_sale-54636134-14312-1.html,House,For Sale,1 Kanal,5.0,5.0,2 weeks ago,PKR 6.25 Crore,"DHA Phase 1 - Sector M, DHA Phase 1",Multan,Zameen,62500000.0,Kanal,5445.0,False
https://www.zameen.com/Property/multan_public_school_road_royal_orchard_one_kanal_semifarnishd_luxurious_house_for_sale_in_royal_orchard_multan-54644150-9492-1.html,House,For Sale,1 Kanal,5.0,6.0,2 weeks ago,PKR 7.8 Crore,"Royal Orchard, Multan Public School Road",Multan,Zameen,78000000.0,Kanal,5445.0,False
https://www.zameen.com/Property/buch_executive_villas_phase_2_buch_villas_phase_2_-_hamid_block_highly-desirable_corner_9_marla_house_available_in_buch_villas_phase_2_-_hamid_block-54636137-22188-1.html,House,For Sale,9 Marla,5.0,5.0,2 weeks ago,PKR 3.5 Crore,"Buch Villas Phase 2 - Hamid Block, Buch Executive Villas - Phase 2",Multan,Zameen,35000000.0,Marla,2450.25,False
https://www.zameen.com/Property/buch_executive_villas_buch_executive_villas_-_phase_1_11_50_marla_the_signature_house_available_for_sale_buch_executive_villas_multan-54583813-19719-1.html,House,For Sale,11.5 Marla,5.0,6.0,2 weeks ago,PKR 4.9 Crore,"Buch Executive Villas - Phase 1, Buch Executive Villas",Multan,Zameen,49000000.0,Marla,3130.875,False
https://www.zameen.com/Property/dha_phase_1_atc_villas_brand_new_10_marla_house_available_in_atc_villas_for_sale-54642269-22408-1.html,House,For Sale,10 Marla,5.0,6.0,2 weeks ago,PKR 3.7 Crore,"ATC Villas, DHA Phase 1",Multan,Zameen,37000000.0,Marla,2722.5,False
https://www.zameen.com/Property/multan_mujtaba_canal_view_prime_location_house_of_10_marla_is_available_in_contemporary_neighborhood_of_mujtaba_canal_view-54572176-21567-1.html,House,For Sale,10 Marla,3.0,4.0,2 weeks ago,PKR 1.1 Crore,"Mujtaba Canal View, Multan",Multan,Zameen,11000000.0,Marla,2722.5,False
https://www.zameen.com/Property/dha_phase_1_dha_phase_1_-_sector_h_well-constructed_brand_new_house_available_for_sale_in_dha_phase_1_-_sector_h-54476668-14307-1.html,House,For Sale,1 Kanal,5.0,6.0,2 weeks ago,PKR 5.5 Crore,"DHA Phase 1 - Sector H, DHA Phase 1",Multan,Zameen,55000000.0,Kanal,5445.0,False
https://www.zameen.com/Property/dha_phase_1_dha_phase_1_-_sector_b1_dha_multan_b1-54662007-14300-1.html,Other,For Sale,10 Marla,5.0,6.0,2 days ago,PKR 3.4 Crore,"DHA Phase 1 - Sector B1, DHA Phase 1",Multan,Zameen,34000000.0,Marla,2722.5,False
https://www.zameen.com/Property/multan_income_tax_officers_colony_income_tax_officer_colony-54661959-5751-1.html,Office,For Sale,10 Marla,5.0,5.0,2 days ago,PKR 3.5 Crore,"Income Tax Officers Colony, Multan",Multan,Zameen,35000000.0,Marla,2722.5,False
https://www.zameen.com/Property/cantt_bomanji_square_1_kanal_beautiful_house_near_bomanji_square_multan_cantt-54689535-14269-1.html,House,For Sale,1 Kanal,7.0,6.0,13 hours ago,PKR 7.2 Crore,"Bomanji Square, Cantt",Multan,Zameen,72000000.0,Kanal,5445.0,False
https://www.zameen.com/Property/multan_bosan_road_5_marla_double_storey_house-54601562-5705-1.html,House,For Sale,5 Marla,4.0,5.0,17 hours ago,PKR 1.2 Crore,"Bosan Road, Multan",Multan,Zameen,12000000.0,Marla,1361.25,False
https://www.zameen.com/Property/dha_phase_1_dha_phase_1_-_sector_q_1_kanal_modern_house_for_sale_with_10_kv_solar-54685012-14316-1.html,House,For Sale,1 Kanal,5.0,6.0,2 days ago,PKR 3.8 Crore,"DHA Phase 1 - Sector Q, DHA Phase 1",Multan,Zameen,38000000.0,Kanal,5445.0,False
https://www.zameen.com/Property/citi_housing_phase_1_citi_housing_-_block_c_prime_location_5_marla_house_in_citi_housing_-_block_c_best_option-54239142-17369-1.html,House,For Sale,5 Marla,3.0,3.0,1 day ago,PKR 1.25 Crore,"Citi Housing - Block C, Citi Housing Phase 1",Multan,Zameen,12500000.0,Marla,1361.25,False
https://www.zameen.com/Property/citi_housing_phase_1_citi_housing_-_block_b_your_search_ends_right_here_with_the_beautiful_west_open_house_in_citi_housing_-_block_b_at_affordable_price_of_pkr_rs_12800000-54359673-17368-1.html,House,For Sale,5 Marla,4.0,5.0,1 day ago,PKR 1.3 Crore,"Citi Housing - Block B, Citi Housing Phase 1",Multan,Zameen,13000000.0,Marla,1361.25,False
https://www.zameen.com/Property/multan_mda_officers_cooperative_housing_society_well-constructed_brand_new_house_available_for_sale_in_mda_officers_cooperative_housing_society-54687721-22651-1.html,House,For Sale,1 Kanal,6.0,6.0,1 day ago,PKR 6 Crore,"MDA Officers Cooperative Housing Society, Multan",Multan,Zameen,60000000.0,Kanal,5445.0,False
https://www.zameen.com/Property/dha_phase_1_dha_phase_1_-_sector_m_fully_furnished_20_marla_house_for_sale_in_dha_phase_1_-_sector_m_multan-54687687-14312-1.html,House,For Sale,1 Kanal,5.0,6.0,1 day ago,PKR 8.8 Crore,"DHA Phase 1 - Sector M, DHA Phase 1",Multan,Zameen,88000000.0,Kanal,5445.0,False
https://www.zameen.com/Property/multan_model_town_8_marla_brand_new_modern_luxury_double_storey_house_for_sale_in_shalimar_colony_near_model_town_multan-54423200-1147-1.html,House,For Sale,7 Marla,4.0,5.0,1 day ago,PKR 2.25 Crore,"Model Town, Multan",Multan,Zameen,22500000.0,Marla,1905.75,False
https://www.zameen.com/Property/multan_public_school_road_royal_orchard_10_marla_brand_new_double_storey_house_for_sale_in_royal_orchard_multan-54422799-9492-1.html,House,For Sale,10 Marla,5.0,6.0,1 day ago,PKR 4 Crore,"Royal Orchard, Multan Public School Road",Multan,Zameen,40000000.0,Marla,2722.5,False
https://www.zameen.com/Property/multan_public_school_road_royal_orchard_5_marla_brand_new_double_storey_house_for_sale_in_royal_orchard_multan-54422751-9492-1.html,House,For Sale,5 Marla,4.0,5.0,1 day ago,PKR 2.1 Crore,"Royal Orchard, Multan Public School Road",Multan,Zameen,21000000.0,Marla,1361.25,False
https://www.zameen.com/Property/multan_public_school_road_royal_orchard_5_marla_brand_new_double_story_house_for_sale_in_royal_orchard_multan-54422731-9492-1.html,House,For Sale,5 Marla,3.0,4.0,1 day ago,PKR 2 Crore,"Royal Orchard, Multan Public School Road",Multan,Zameen,20000000.0,Marla,1361.25,False
https://www.zameen.com/Property/dha_phase_1_dha_phase_1_-_sector_b1_unoccupied_corner_house_of_10_marla_is_available_for_sale_in_dha_defence-54600806-14300-1.html,House,For Sale,10 Marla,5.0,6.0,2 weeks ago,PKR 3.5 Crore,"DHA Phase 1 - Sector B1, DHA Phase 1",Multan,Zameen,35000000.0,Marla,2722.5,False
https://www.zameen.com/Property/multan_ma_jinnah_road_double_storey_10_marla_house_for_sale_in_ma_jinnah_road_ma_jinnah_road-54636270-10426-1.html,House,For Sale,10 Marla,7.0,6.0,2 weeks ago,PKR 2.5 Crore,"MA Jinnah Road, Multan",Multan,Zameen,25000000.0,Marla,2722.5,False
https://www.zameen.com/Property/multan_public_school_road_royal_orchard_royal_orchard_multan_5_marla_house_available_for_sale_resonable_price_top_location_modern_elevation-54636940-9492-1.html,House,For Sale,5 Marla,4.0,4.0,2 weeks ago,PKR 2 Crore,"Royal Orchard, Multan Public School Road",Multan,Zameen,20000000.0,Marla,1361.25,False
https://www.zameen.com/Property/jinnah_avenue_serene_villas_serene_villas_sector_c_dha_multan-54562518-22097-1.html,Villa,For Sale,5 Marla,3.0,4.0,2 weeks ago,PKR 2.2 Crore,"Serene Villas, Jinnah Avenue",Multan,Zameen,22000000.0,Marla,1361.25,False
https://www.zameen.com/Property/multan_buch_executive_villas_flat_for_sale_in_afzal_block_buch_villas_multan_best_opporuntiy_to_avail_this_offer-54443973-8627-1.html,Apartment,For Sale,1.5 Marla,1.0,1.0,2 weeks ago,PKR 58 Lakh,"Buch Executive Villas, Multan",Multan,Zameen,5800000.0,Marla,408.375,False
https://www.zameen.com/Property/multan_buch_executive_villas_fully_furnished_12_70_marla_house_available_in_buch_executive_villas_for_sale-54448946-8627-1.html,House,For Sale,12.7 Marla,5.0,5.0,2 weeks ago,PKR 6.5 Crore,"Buch Executive Villas, Multan",Multan,Zameen,65000000.0,Marla,3457.575,False
https://www.zameen.com/Property/buch_executive_villas_buch_executive_villas_-_phase_2_investors_should_sale_this_prime_location_house_located_ideally_in_buch_executive_villas-54541445-19720-1.html,House,For Sale,5 Marla,4.0,4.0,2 weeks ago,PKR 1.7 Crore,"Buch Executive Villas - Phase 2, Buch Executive Villas",Multan,Zameen,17000000.0,Marla,1361.25,False
https://www.zameen.com/Property/dha_defence_dha_phase_1_highly-desirable_prime_location_house_available_in_dha_phase_1_for_sale-54325578-15631-1.html,House,For Sale,1 Kanal,5.0,5.0,2 weeks ago,PKR 5.69 Crore,"DHA Phase 1, DHA Defence",Multan,Zameen,56900000.00000001,Kanal,5445.0,False
https://www.zameen.com/Property/wapda_town_phase_1_wapda_town_phase_1_-_block_e_to_sale_you_can_find_spacious_corner_house_in_wapda_town_phase_1_-_block_e-54614801-14204-1.html,House,For Sale,7.2 Marla,5.0,6.0,2 weeks ago,PKR 2.84 Crore,"Wapda Town Phase 1 - Block E, Wapda Town Phase 1",Multan,Zameen,28400000.0,Marla,1960.2,False
https://www.zameen.com/Property/multan_buch_executive_villas_buch_villas_main_entrance_studio_up_for_sale_upper_the_bank-54421067-8627-1.html,Villa,For Sale,2 Marla,4.0,4.0,2 weeks ago,PKR 78 Lakh,"Buch Executive Villas, Multan",Multan,Zameen,7800000.0,Marla,544.5,False
https://www.zameen.com/Property/dha_phase_1_dha_phase_1_-_sector_i_luxury_kanal_house_for_sale_in_dha_multan_prime_location_65ft_road_near_commercial-53774041-14308-1.html,House,For Sale,1 Kanal,5.0,6.0,2 days ago,PKR 5 Crore,"DHA Phase 1 - Sector I, DHA Phase 1",Multan,Zameen,50000000.0,Kanal,5445.0,False
https://www.zameen.com/Property/multan_public_school_road_fatima_avenue_2_5_marla_house_available_for_sale_in_fatima_avenue-54685219-21808-1.html,House,For Sale,3 Marla,3.0,3.0,2 days ago,PKR 80 Lakh,"Fatima Avenue, Multan Public School Road",Multan,Zameen,8000000.0,Marla,816.75,False
https://www.zameen.com/Property/multan_public_school_road_ghagra_villas_double_storey_house_for_sale-54490581-14255-1.html,House,For Sale,1.1 Kanal,6.0,6.0,17 hours ago,PKR 4 Crore,"Ghagra Villas, Multan Public School Road",Multan,Zameen,40000000.0,Kanal,5989.500000000001,False
https://www.zameen.com/Property/multan_buch_executive_villas_10_marla_brand_new_double_story_luxury_house_for_sale-54683073-8627-1.html,House,For Sale,10 Marla,5.0,6.0,2 days ago,PKR 3.7 Crore,"Buch Executive Villas, Multan",Multan,Zameen,37000000.0,Marla,2722.5,False
https://www.zameen.com/Property/dha_phase_1_dha_phase_1_-_sector_b1_ideal_prime_location_house_in_multan_available_for_rs_34000000-54636135-14300-1.html,House,For Sale,10 Marla,5.0,5.0,2 days ago,PKR 3.4 Crore,"DHA Phase 1 - Sector B1, DHA Phase 1",Multan,Zameen,34000000.0,Marla,2722.5,False
https://www.zameen.com/Property/multan_public_school_road_royal_orchard_5_marla_brand_new_modern_luxury_double_story_house_for_sale_in_royal_orchard_multan-54422684-9492-1.html,House,For Sale,5 Marla,3.0,4.0,1 day ago,PKR 2 Crore,"Royal Orchard, Multan Public School Road",Multan,Zameen,20000000.0,Marla,1361.25,False
https://www.zameen.com/Property/multan_public_school_road_royal_orchard_10_marla_brand_new_modern_luxury_fully_furnished_double_storey_house_for_sale_in_royal_orchard_multan-54422650-9492-1.html,House,For Sale,10 Marla,4.0,5.0,1 day ago,PKR 3.5 Crore,"Royal Orchard, Multan Public School Road",Multan,Zameen,35000000.0,Marla,2722.5,False
https://www.zameen.com/Property/multan_multan_public_school_road_7_marla_brand_new_modern_luxury_double_storey_house_for_sale_in_mps_road_fatima_avanue-54382765-8902-1.html,House,For Sale,7 Marla,4.0,5.0,1 day ago,PKR 2.35 Crore,"Multan Public School Road, Multan",Multan,Zameen,23500000.0,Marla,1905.75,False
https://www.zameen.com/Property/multan_multan_public_school_road_5_marla_brand_new_spanish_luxury_double_story_corner_house_for_sale_in_mps_road_multan-54382715-8902-1.html,House,For Sale,5 Marla,4.0,5.0,1 day ago,PKR 1.7 Crore,"Multan Public School Road, Multan",Multan,Zameen,17000000.0,Marla,1361.25,False
https://www.zameen.com/Property/multan_sabzazar_colony_7_marla_brand_new_double_storey_house_for_sale_in_shabzazar_clony_near_bosan_road_gulgasht_multan-54335866-1074-1.html,House,For Sale,7 Marla,4.0,5.0,1 day ago,PKR 2.35 Crore,"Sabzazar Colony, Multan",Multan,Zameen,23500000.0,Marla,1905.75,False
https://www.zameen.com/Property/multan_buch_executive_villas_5_marla_brand_new_triple_story_house_for_sale_in_buchvillas_multan-54442550-8627-1.html,House,For Sale,5 Marla,4.0,5.0,1 day ago,PKR 2.3 Crore,"Buch Executive Villas, Multan",Multan,Zameen,23000000.0,Marla,1361.25,False
https://www.zameen.com/Property/multan_public_school_road_royal_orchard_5_marla_brand_new_double_storey_house_for_sale_in_royal_orchard_multan-54442569-9492-1.html,House,For Sale,5 Marla,3.0,4.0,1 day ago,PKR 2 Crore,"Royal Orchard, Multan Public School Road",Multan,Zameen,20000000.0,Marla,1361.25,False
https://www.zameen.com/Property/multan_multan_public_school_road_5_75_marla_brand_new_modern_luxury_double_storey_house_for_sale_in_fatima_avanue_mps_road_multan-54483987-8902-1.html,House,For Sale,5 Marla,4.0,5.0,1 day ago,PKR 1.8 Crore,"Multan Public School Road, Multan",Multan,Zameen,18000000.0,Marla,1361.25,False
https://www.zameen.com/Property/buch_executive_villas_phase_2_buch_villas_phase_2_-_afzal_block_get_an_attractive_prime_location_house_in_multan_under_rs_33500000-54407340-22190-1.html,House,For Sale,8.7 Marla,5.0,5.0,2 weeks ago,PKR 3.35 Crore,"Buch Villas Phase 2 - Afzal Block, Buch Executive Villas - Phase 2",Multan,Zameen,33500000.0,Marla,2368.575,False
https://www.zameen.com/Property/buch_executive_villas_phase_2_buch_villas_phase_2_-_manik_block_spacious_prime_location_house_is_available_in_buch_villas_phase_2_-_manik_block_for_sale-54427412-22186-1.html,House,For Sale,5 Marla,4.0,4.0,2 weeks ago,PKR 2.3 Crore,"Buch Villas Phase 2 - Manik Block, Buch Executive Villas - Phase 2",Multan,Zameen,23000000.0,Marla,1361.25,False
https://www.zameen.com/Property/dha_phase_1_atc_villas_a_spacious_10_marla_house_in_atc_villas-53931695-22408-1.html,House,For Sale,10 Marla,5.0,5.0,2 weeks ago,PKR 3.85 Crore,"ATC Villas, DHA Phase 1",Multan,Zameen,38500000.0,Marla,2722.5,False
https://www.zameen.com/Property/multan_shalimar_colony_well-constructed_grey_structure_house_available_for_sale_in_shalimar_colony-54566685-346-1.html,House,For Sale,7 Marla,5.0,5.0,2 weeks ago,PKR 1.75 Crore,"Shalimar Colony, Multan",Multan,Zameen,17500000.0,Marla,1905.75,False
https://www.zameen.com/Property/multan_lodhi_colony_10_marla_double_storey_house_is_available_for_sale_in_lodhi_colony_multan-54605350-1071-1.html,House,For Sale,10 Marla,4.0,5.0,3 weeks ago,PKR 3 Crore,"Lodhi Colony, Multan",Multan,Zameen,30000000.0,Marla,2722.5,False
https://www.zameen.com/Property/multan_public_school_road_royal_orchard_1_kanal_luxury_semi_furnished_house_in_royal_orchard_multan-54395703-9492-1.html,House,For Sale,1 Kanal,5.0,5.0,3 weeks ago,PKR 7.15 Crore,"Royal Orchard, Multan Public School Road",Multan,Zameen,71500000.0,Kanal,5445.0,False
https://www.zameen.com/Property/canal_bank_road_classic_villas_5_5_marla_brand_new_corner_house_with_basement_available_for_sale-54159841-11334-1.html,House,For Sale,5.5 Marla,4.0,5.0,3 weeks ago,PKR 2.05 Crore,"Classic Villas, Canal Bank Road",Multan,Zameen,20500000.0,Marla,1497.375,False
https://www.zameen.com/Property/dha_phase_1_dha_phase_1_-_sector_m_1_kanal_luxury_modern_house_for_sale_location_dha_multan_sector_m-54558257-14312-1.html,House,For Sale,1 Kanal,5.0,6.0,4 weeks ago,PKR 7.25 Crore,"DHA Phase 1 - Sector M, DHA Phase 1",Multan,Zameen,72500000.0,Kanal,5445.0,False
https://www.zameen.com/Property/buch_executive_villas_phase_2_buch_villas_phase_2_-_manik_block_prime_location_house_for_sale_in_rs_16000000-54508359-22186-1.html,House,For Sale,3 Marla,4.0,4.0,2 weeks ago,PKR 1.6 Crore,"Buch Villas Phase 2 - Manik Block, Buch Executive Villas - Phase 2",Multan,Zameen,16000000.0,Marla,816.75,False
https://www.zameen.com/Property/dha_phase_1_atc_villas_600_square_feet_flat_for_sale_in_dha_defence-54612921-22408-1.html,Apartment,For Sale,2.7 Marla,1.0,1.0,2 weeks ago,PKR 90 Lakh,"ATC Villas, DHA Phase 1",Multan,Zameen,9000000.0,Marla,735.075,False
https://www.zameen.com/Property/multan_public_school_road_teachers_colony_10_marla_house_with_12kv_solar_and_green_meter_available_for_sale-54616739-12478-1.html,House,For Sale,10 Marla,5.0,6.0,2 days ago,PKR 3.5 Crore,"Teachers Colony, Multan Public School Road",Multan,Zameen,35000000.0,Marla,2722.5,False
https://www.zameen.com/Property/multan_shalimar_colony_7_marla_brand_new_luxury_house_for_sale_near_bosan_road-54684435-346-1.html,House,For Sale,7 Marla,5.0,6.0,2 days ago,PKR 2.7 Crore,"Shalimar Colony, Multan",Multan,Zameen,27000000.0,Marla,1905.75,False
https://www.zameen.com/Property/buch_executive_villas_phase_2_buch_villas_phase_2_-_manik_block_affordable_prime_location_house_of_7_marla_is_available_for_sale-54675928-22186-1.html,House,For Sale,7 Marla,5.0,5.0,3 days ago,PKR 3.25 Crore,"Buch Villas Phase 2 - Manik Block, Buch Executive Villas - Phase 2",Multan,Zameen,32500000.0,Marla,1905.75,False
https://www.zameen.com/Property/dha_phase_1_dha_phase_1_-_sector_b1_10_marla_house_available_for_sale_with_6_kva_solar-54582749-14300-1.html,House,For Sale,10 Marla,5.0,5.0,3 days ago,PKR 3.1 Crore,"DHA Phase 1 - Sector B1, DHA Phase 1",Multan,Zameen,31000000.0,Marla,2722.5,False
https://www.zameen.com/Property/multan_public_school_road_fatima_avenue_your_dream_brand_new_5_marla_house_is_available_in_fatima_avenue-54503407-21808-1.html,House,For Sale,5 Marla,3.0,4.0,3 days ago,PKR 1.75 Crore,"Fatima Avenue, Multan Public School Road",Multan,Zameen,17500000.0,Marla,1361.25,False
https://www.zameen.com/Property/dha_phase_1_atc_villas_house_is_available_for_sale_in_atc_villas-53931693-22408-1.html,House,For Sale,5 Marla,3.0,4.0,3 days ago,PKR 2 Crore,"ATC Villas, DHA Phase 1",Multan,Zameen,20000000.0,Marla,1361.25,False
https://www.zameen.com/Property/multan_bosan_road_brand_new_5_marla_house_for_sale_in_bosan_road_bosan_road-54546241-5705-1.html,House,For Sale,5 Marla,5.0,5.0,3 days ago,PKR 1.8 Crore,"Bosan Road, Multan",Multan,Zameen,18000000.0,Marla,1361.25,False
https://www.zameen.com/Property/multan_shalimar_colony_5_marla_brand_new_modern_luxury_double_storey_house_for_sale_in_shalimar_colony_near_bosan_road_multan-54544395-346-1.html,House,For Sale,5 Marla,3.0,4.0,1 day ago,PKR 1.95 Crore,"Shalimar Colony, Multan",Multan,Zameen,19500000.0,Marla,1361.25,False
https://www.zameen.com/Property/multan_mda_co-operative_housing_scheme_1_kanal_brand_new_double_storey_house_for_sale_in_mda_cooperative_society_multan-54519876-1400-1.html,House,For Sale,1 Kanal,7.0,7.0,1 day ago,PKR 8.5 Crore,"MDA Co-operative Housing Scheme, Multan",Multan,Zameen,85000000.0,Kanal,5445.0,False
https://www.zameen.com/Property/multan_multan_public_school_road_4_marla_brand_new_double_story_house_for_sale_in_mps_road_ghaghra_villas_multan_security_24_7-54549441-8902-1.html,House,For Sale,4 Marla,3.0,4.0,1 day ago,PKR 1.45 Crore,"Multan Public School Road, Multan",Multan,Zameen,14500000.0,Marla,1089.0,False
https://www.zameen.com/Property/multan_shalimar_colony_2_5_marla_brand_new_double_story_house_for_sale_in_shalimar_colony_near_bosan_road-54575499-346-1.html,House,For Sale,2.5 Marla,2.0,3.0,1 day ago,PKR 65 Lakh,"Shalimar Colony, Multan",Multan,Zameen,6500000.0,Marla,680.625,False
https://www.zameen.com/Property/multan_shalimar_colony_5_marla_brand_new_modern_luxury_double_story_house_for_sale_in_shalimar_colony_t_chowk_multan-54575624-346-1.html,House,For Sale,5 Marla,4.0,5.0,1 day ago,PKR 1.65 Crore,"Shalimar Colony, Multan",Multan,Zameen,16500000.0,Marla,1361.25,False
https://www.zameen.com/Property/multan_shalimar_colony_6_marla_brand_new_modern_luxury_double_story_house_for_sale_in_shalimar_colony_near_bosan_road-54575684-346-1.html,House,For Sale,6 Marla,4.0,5.0,1 day ago,PKR 2.4 Crore,"Shalimar Colony, Multan",Multan,Zameen,24000000.0,Marla,1633.5,False
https://www.zameen.com/Property/multan_public_school_road_royal_orchard_5_marla_brand_new_double_storey_house_for_sale_in_royal_orchard_multan-54593119-9492-1.html,House,For Sale,5 Marla,3.0,4.0,1 day ago,PKR 2 Crore,"Royal Orchard, Multan Public School Road",Multan,Zameen,20000000.0,Marla,1361.25,False
https://www.zameen.com/Property/multan_public_school_road_royal_orchard_10_marla_brand_new_double_story_house_for_sale_in_royal_orchard_multan-54616766-9492-1.html,House,For Sale,10 Marla,5.0,7.0,1 day ago,PKR 3.8 Crore,"Royal Orchard, Multan Public School Road",Multan,Zameen,38000000.0,Marla,2722.5,False
https://www.zameen.com/Property/multan_buch_executive_villas_reserve_a_prime_location_flat_of_3_marla_now_in_buch_executive_villas-53603051-8627-1.html,Apartment,For Sale,3 Marla,1.0,1.0,2 weeks ago,PKR 69 Lakh,"Buch Executive Villas, Multan",Multan,Zameen,6900000.0,Marla,816.75,False
https://www.zameen.com/Property/dha_defence_dha_phase_1_prime_location_house_for_sale_in_beautiful_dha_phase_1-54096755-15631-1.html,House,For Sale,10 Marla,5.0,5.0,2 weeks ago,PKR 2.88 Crore,"DHA Phase 1, DHA Defence",Multan,Zameen,28800000.0,Marla,2722.5,False
https://www.zameen.com/Property/multan_northern_bypass_prime_location_house_for_sale_in_beautiful_northern_bypass-54432931-8731-1.html,House,For Sale,10 Marla,5.0,5.0,3 weeks ago,PKR 3 Crore,"Northern Bypass, Multan",Multan,Zameen,30000000.0,Marla,2722.5,False
https://www.zameen.com/Property/dha_phase_1_dha_phase_1_-_sector_m_1_kanal_house_for_sale_in_dha_multan_sector_m-54503469-14312-1.html,House,For Sale,1 Kanal,5.0,6.0,6 hours ago,PKR 5.8 Crore,"DHA Phase 1 - Sector M, DHA Phase 1",Multan,Zameen,58000000.0,Kanal,5445.0,False
https://www.zameen.com/Property/model_town_model_town_-_block_c_model_town_c_block-54597150-5774-1.html,Other,For Sale,10 Marla,5.0,6.0,2 days ago,PKR 3.65 Crore,"Model Town - Block C, Model Town",Multan,Zameen,36500000.0,Marla,2722.5,False
https://www.zameen.com/Property/multan_dha_defence_sector-_n_1_kanal_neo-classical_design_grey_structure_available_for_sale-54432188-8581-1.html,Other,For Sale,1 Kanal,6.0,6.0,2 days ago,PKR 3 Crore,"DHA Defence, Multan",Multan,Zameen,30000000.0,Kanal,5445.0,False
https://www.zameen.com/Property/old_shujabad_road_al-madev_complex_i_ready_to_buy_a_prime_location_flat_in_al-madev_complex_i_multan-54290522-21522-1.html,Apartment,For Sale,1.1 Marla,2.0,2.0,1 day ago,PKR 27.6 Lakh,"Al-Madev Complex I, Old Shujabad Road",Multan,Zameen,2760000.0,Marla,299.475,False
https://www.zameen.com/Property/jinnah_avenue_serene_villas_serene_villas_dha_multan-54595023-22097-1.html,Villa,For Sale,5 Marla,3.0,4.0,2 days ago,PKR 2 Crore,"Serene Villas, Jinnah Avenue",Multan,Zameen,20000000.0,Marla,1361.25,False
https://www.zameen.com/Property/multan_public_school_road_royal_orchard_luxurious_ultra_modern_house_for_sale_at_hot_location_nearest_to_park_n_market-52716789-9492-1.html,House,For Sale,5 Marla,4.0,4.0,2 days ago,PKR 1.8 Crore,"Royal Orchard, Multan Public School Road",Multan,Zameen,18000000.0,Marla,1361.25,False
https://www.zameen.com/Property/multan_public_school_road_royal_orchard_semi_furnished_20_marla_house_available_in_royal_orchard_for_sale-54392198-9492-1.html,House,For Sale,1 Kanal,5.0,6.0,2 days ago,PKR 7.15 Crore,"Royal Orchard, Multan Public School Road",Multan,Zameen,71500000.0,Kanal,5445.0,False
https://www.zameen.com/Property/multan_citi_housing_5_marla_brand_new_house_near_school-54187130-12544-1.html,House,For Sale,5 Marla,4.0,5.0,2 days ago,PKR 1.28 Crore,"Citi Housing, Multan",Multan,Zameen,12800000.0,Marla,1361.25,False
https://www.zameen.com/Property/citi_housing_citi_housing_phase_1_5_marla_classical_design_house-54173878-21449-1.html,House,For Sale,5 Marla,3.0,4.0,2 days ago,PKR 1.15 Crore,"Citi Housing Phase 1, Citi Housing",Multan,Zameen,11500000.0,Marla,1361.25,False
https://www.zameen.com/Property/multan_gulshan-e-wahid_ideal_10_marla_house_available_in_gulshan-e-wahid-54570231-5747-1.html,House,For Sale,10 Marla,6.0,6.0,3 days ago,PKR 2.25 Crore,"Gulshan-e-Wahid, Multan",Multan,Zameen,22500000.0,Marla,2722.5,False
https://www.zameen.com/Property/multan_garden_town_a_spacious_corner_20_marla_house_in_garden_town-54610745-924-1.html,House,For Sale,1 Kanal,6.0,6.0,3 days ago,PKR 2.8 Crore,"Garden Town, Multan",Multan,Zameen,28000000.0,Kanal,5445.0,False
https://www.zameen.com/Property/multan_buch_executive_villas_double_storey_5_marla_house_for_sale_in_buch_executive_villas_buch_executive_villas-54383404-8627-1.html,House,For Sale,5 Marla,4.0,5.0,3 days ago,PKR 1.75 Crore,"Buch Executive Villas, Multan",Multan,Zameen,17500000.0,Marla,1361.25,False
https://www.zameen.com/Property/dha_phase_1_dha_phase_1_-_sector_b1_prime_location_10_marla_house_is_available_in_affordable_price_in_dha_phase_1_-_sector_b1-54660622-14300-1.html,House,For Sale,10 Marla,5.0,5.0,3 days ago,PKR 3.25 Crore,"DHA Phase 1 - Sector B1, DHA Phase 1",Multan,Zameen,32500000.0,Marla,2722.5,False
https://www.zameen.com/Property/buch_executive_villas_phase_2_buch_villas_phase_2_-_manik_block_5_marla_brand_new_triple_story_house_for_sale_buch_executive_villas_multan_prime_location_manik_block_near_to_park_near_to_main_boulevard_near_to_mosque_4_bedroom_with_atach_washroom_1_drawing_room_2_kitchen_2_tv_lo-54678310-22186-1.html,Room,For Sale,5 Marla,4.0,5.0,3 days ago,PKR 2.35 Crore,"Buch Villas Phase 2 - Manik Block, Buch Executive Villas - Phase 2",Multan,Zameen,23500000.0,Marla,1361.25,False
https://www.zameen.com/Property/dha_phase_1_dha_phase_1_-_sector_b1_10_marla_brand_new_double_storey_house_for_sale_in_dha_sector_b_multan-54616837-14300-1.html,House,For Sale,10 Marla,5.0,7.0,1 day ago,PKR 3.5 Crore,"DHA Phase 1 - Sector B1, DHA Phase 1",Multan,Zameen,35000000.0,Marla,2722.5,False
https://www.zameen.com/Property/multan_public_school_road_royal_orchard_5_marla_brand_new_double_storey_house_for_sale_in_royal_orchard_multan-54616855-9492-1.html,House,For Sale,5 Marla,3.0,4.0,1 day ago,PKR 1.95 Crore,"Royal Orchard, Multan Public School Road",Multan,Zameen,19500000.0,Marla,1361.25,False
https://www.zameen.com/Property/shah_rukn_e_alam_colony_shah_rukn-e-alam_colony_-_block_g_prime_location_20_marla_house_in_shah_rukn-e-alam_colony_-_block_g_is_best_option-53998456-5808-1.html,House,For Sale,1 Kanal,5.0,5.0,1 day ago,PKR 3.9 Crore,"Shah Rukn-e-Alam Colony - Block G, Shah Rukn-e-Alam Colony",Multan,Zameen,39000000.0,Kanal,5445.0,False
https://www.zameen.com/Property/wapda_town_phase_1_wapda_town_phase_1_-_block_e_ready_to_buy_a_on_excellent_location_house_20_marla_in_wapda_town_phase_1_-_block_e-51496491-14204-1.html,House,For Sale,1 Kanal,6.0,6.0,1 day ago,PKR 5.5 Crore,"Wapda Town Phase 1 - Block E, Wapda Town Phase 1",Multan,Zameen,55000000.0,Kanal,5445.0,False
https://www.zameen.com/Property/multan_shah_rukn-e-alam_colony_get_this_amazing_prime_location_5_marla_house_available_in_shah_rukn-e-alam_colony-53950027-658-1.html,House,For Sale,5 Marla,3.0,3.0,1 day ago,PKR 1.25 Crore,"Shah Rukn-e-Alam Colony, Multan",Multan,Zameen,12500000.0,Marla,1361.25,False
https://www.zameen.com/Property/fatima_jinnah_town_fatima_jinnah_town_-_block_d_prime_location_5_marla_house_for_sale_in_rs_14000000_only-54605377-5726-1.html,House,For Sale,5 Marla,4.0,4.0,1 day ago,PKR 1.4 Crore,"Fatima Jinnah Town - Block D, Fatima Jinnah Town",Multan,Zameen,14000000.0,Marla,1361.25,False
https://www.zameen.com/Property/multan_shah_rukn-e-alam_colony_corner_5_marla_house_in_shah_rukn-e-alam_colony_of_shah_rukn-e-alam_colony_is_available_for_sale-54561674-658-1.html,House,For Sale,5 Marla,4.0,4.0,1 day ago,PKR 1.6 Crore,"Shah Rukn-e-Alam Colony, Multan",Multan,Zameen,16000000.0,Marla,1361.25,False
https://www.zameen.com/Property/dha_phase_1_dha_phase_1_-_sector_m_1_kanal_fully_furnished_house_for_sale_dha_multa-54293614-14312-1.html,House,For Sale,1 Kanal,6.0,6.0,1 day ago,PKR 8.4 Crore,"DHA Phase 1 - Sector M, DHA Phase 1",Multan,Zameen,84000000.0,Kanal,5445.0,False
https://www.zameen.com/Property/multan_dha_defence_8_marla_brand_new_modern_design_house_available_for_sale-54075059-8581-1.html,House,For Sale,8 Marla,6.0,6.0,2 days ago,PKR 2.45 Crore,"DHA Defence, Multan",Multan,Zameen,24500000.0,Marla,2178.0,False
https://www.zameen.com/Property/citi_housing_citi_housing_phase_1_10_marla_brand_new_reasonable_price_house_available_for_sale-54489927-21449-1.html,House,For Sale,10 Marla,4.0,5.0,2 days ago,PKR 2.1 Crore,"Citi Housing Phase 1, Citi Housing",Multan,Zameen,21000000.0,Marla,2722.5,False
https://www.zameen.com/Property/multan_shalimar_colony_5_marla_brand_new_beautiful_luxury_triple_storey_house_available_for_sale_in_shalimar_colony_gated_community_near_to_bosan_road-53319365-346-1.html,House,For Sale,5 Marla,4.0,5.0,3 days ago,PKR 1.45 Crore,"Shalimar Colony, Multan",Multan,Zameen,14500000.0,Marla,1361.25,False
https://www.zameen.com/Property/multan_shalimar_colony_4_marla_brand_new_modern_house_available_for_sale_in_shalimar_colony-54680562-346-1.html,House,For Sale,4 Marla,4.0,5.0,3 days ago,PKR 1.25 Crore,"Shalimar Colony, Multan",Multan,Zameen,12500000.0,Marla,1089.0,False
https://www.zameen.com/Property/dha_phase_1_dha_phase_1_-_sector_m_20_marla_luxury_house_dha_house_for_sale-53463793-14312-1.html,House,For Sale,1 Kanal,6.0,6.0,3 days ago,PKR 4.25 Crore,"DHA Phase 1 - Sector M, DHA Phase 1",Multan,Zameen,42500000.0,Kanal,5445.0,False
https://www.zameen.com/Property/dha_phase_1_dha_phase_1_-_sector_h_one_kanal_luxurious_house_for_sale_in_dha_multan_sector_h-54386592-14307-1.html,House,For Sale,1 Kanal,6.0,6.0,3 days ago,PKR 5.7 Crore,"DHA Phase 1 - Sector H, DHA Phase 1",Multan,Zameen,57000000.0,Kanal,5445.0,False
https://www.zameen.com/Property/multan_public_school_road_royal_orchard_one_kanal_luxurious_house_for_sale_in_royal_orchard_multan-54389035-9492-1.html,House,For Sale,1 Kanal,5.0,6.0,3 days ago,PKR 7.15 Crore,"Royal Orchard, Multan Public School Road",Multan,Zameen,71500000.0,Kanal,5445.0,False
https://www.zameen.com/Property/multan_buch_executive_villas_5_marla_modern_designer_house_for_sale_in_buch_villas_multan-53789550-8627-1.html,House,For Sale,5 Marla,4.0,6.0,3 days ago,PKR 2.15 Crore,"Buch Executive Villas, Multan",Multan,Zameen,21500000.0,Marla,1361.25,False
https://www.zameen.com/Property/royal_orchard_royal_orchard_-_block_e_sale_the_ideally_located_house_for_an_incredible_price_of_pkr_rs_29000000-53700021-9497-1.html,House,For Sale,10 Marla,5.0,6.0,4 days ago,PKR 2.9 Crore,"Royal Orchard - Block E, Royal Orchard",Multan,Zameen,29000000.0,Marla,2722.5,False
https://www.zameen.com/Property/buch_executive_villas_phase_2_buch_villas_phase_2_-_manik_block_triple_storey_10_marla_house_for_sale_in_buch_villas_phase_2_-_manik_block_multan_by_marhba_real_estate_builders-54336790-22186-1.html,House,For Sale,10 Marla,5.0,5.0,4 days ago,PKR 3.8 Crore,"Buch Villas Phase 2 - Manik Block, Buch Executive Villas - Phase 2",Multan,Zameen,38000000.0,Marla,2722.5,False
https://www.zameen.com/Property/citi_housing_citi_housing_phase_1_5_marla_brand_new_modern_lurxury_house_available_for_sale-53752369-21449-1.html,House,For Sale,5 Marla,4.0,5.0,4 days ago,PKR 1.4 Crore,"Citi Housing Phase 1, Citi Housing",Multan,Zameen,14000000.0,Marla,1361.25,False
https://www.zameen.com/Property/citi_housing_citi_housing_phase_1_5_marla_modern_design_a_construction_brand_new_house-54488258-21449-1.html,House,For Sale,5 Marla,3.0,4.0,4 days ago,PKR 1.4 Crore,"Citi Housing Phase 1, Citi Housing",Multan,Zameen,14000000.0,Marla,1361.25,False
https://www.zameen.com/Property/multan_jail_road_double_storey_20_marla_house_available_in_jail_road_for_sale-54502576-8722-1.html,House,For Sale,1 Kanal,5.0,5.0,3 days ago,PKR 5.7 Crore,"Jail Road, Multan",Multan,Zameen,57000000.0,Kanal,5445.0,False
https://www.zameen.com/Property/multan_shalimar_colony_well-constructed_brand_new_house_available_for_sale_in_shalimar_colony-54502684-346-1.html,House,For Sale,10 Marla,5.0,6.0,3 days ago,PKR 3.2 Crore,"Shalimar Colony, Multan",Multan,Zameen,32000000.0,Marla,2722.5,False
https://www.zameen.com/Property/dha_phase_1_dha_phase_1_-_sector_r_grey_structure_20_marla_house_available_in_dha_phase_1_-_sector_r_for_sale-54595646-14317-1.html,House,For Sale,1 Kanal,5.0,6.0,3 days ago,PKR 4 Crore,"DHA Phase 1 - Sector R, DHA Phase 1",Multan,Zameen,40000000.0,Kanal,5445.0,False
https://www.zameen.com/Property/multan_model_town_brand_new_20_marla_house_for_sale_in_model_town_model_town-54595662-1147-1.html,House,For Sale,1 Kanal,6.0,6.0,3 days ago,PKR 7.5 Crore,"Model Town, Multan",Multan,Zameen,75000000.0,Kanal,5445.0,False
https://www.zameen.com/Property/northern_bypass_haven_homes_your_dream_brand_new_6_marla_house_is_available_in_haven_homes-54618939-16512-1.html,House,For Sale,6 Marla,4.0,5.0,3 days ago,PKR 2 Crore,"Haven Homes, Northern Bypass",Multan,Zameen,20000000.0,Marla,1633.5,False
https://www.zameen.com/Property/multan_buch_executive_villas_10_marla_luxury_house_for_sale_in_buch_vilas_multan-54255595-8627-1.html,House,For Sale,10 Marla,6.0,6.0,1 day ago,PKR 3.9 Crore,"Buch Executive Villas, Multan",Multan,Zameen,39000000.0,Marla,2722.5,False
https://www.zameen.com/Property/multan_buch_executive_villas_10_marla_beautiful_luxury_house_for_sale_in_buch_vilas_multan-54570876-8627-1.html,House,For Sale,10 Marla,6.0,6.0,1 day ago,PKR 4.9 Crore,"Buch Executive Villas, Multan",Multan,Zameen,49000000.0,Marla,2722.5,False
https://www.zameen.com/Property/multan_public_school_road_royal_orchard_1_kanal_beautiful_luxury_sami_furnished_house_for_sale_royal_orchard_multan-54389073-9492-1.html,House,For Sale,1 Kanal,5.0,6.0,1 day ago,PKR 7.15 Crore,"Royal Orchard, Multan Public School Road",Multan,Zameen,71500000.0,Kanal,5445.0,False
https://www.zameen.com/Property/buch_executive_villas_phase_2_buch_villas_phase_2_-_ali_block_10_marla_beautiful_luxury_park_facing_house_for_sale_in_buch_vilas_multan-54364839-22187-1.html,House,For Sale,10 Marla,5.0,6.0,1 day ago,PKR 3.45 Crore,"Buch Villas Phase 2 - Ali Block, Buch Executive Villas - Phase 2",Multan,Zameen,34500000.0,Marla,2722.5,False
https://www.zameen.com/Property/buch_executive_villas_phase_2_buch_villas_phase_2_-_ali_block_6_marla_ultra_modern_double_storey_most_elegant_house_for_sale_in_buch_villas_multan-54363715-22187-1.html,House,For Sale,6 Marla,4.0,5.0,1 day ago,PKR 2.5 Crore,"Buch Villas Phase 2 - Ali Block, Buch Executive Villas - Phase 2",Multan,Zameen,25000000.0,Marla,1633.5,False
https://www.zameen.com/Property/buch_executive_villas_phase_2_buch_villas_phase_2_-_manik_block_5_marla_beautiful_luxury_triple_storey_house_for_sale_in_buch_vilas_multan-54356421-22186-1.html,House,For Sale,5 Marla,5.0,6.0,1 day ago,PKR 2.15 Crore,"Buch Villas Phase 2 - Manik Block, Buch Executive Villas - Phase 2",Multan,Zameen,21500000.0,Marla,1361.25,False
https://www.zameen.com/Property/buch_executive_villas_phase_2_buch_villas_phase_2_-_manik_block_5_marla_triple_storey_beautiful_luxury_house_for_sale_in_buch_vilas_multan-54352636-22186-1.html,House,For Sale,5 Marla,5.0,5.0,1 day ago,PKR 2.15 Crore,"Buch Villas Phase 2 - Manik Block, Buch Executive Villas - Phase 2",Multan,Zameen,21500000.0,Marla,1361.25,False
https://www.zameen.com/Property/multan_buch_executive_villas_5_marla_beautiful_luxury_house_for_sale_in_buch_vilas_multan-50765955-8627-1.html,House,For Sale,7 Marla,5.0,6.0,1 day ago,PKR 3.2 Crore,"Buch Executive Villas, Multan",Multan,Zameen,32000000.0,Marla,1905.75,False
https://www.zameen.com/Property/dha_defence_dha_phase_1_5_marla_a_construction_grey_structure_house_for_sale-54261065-15631-1.html,House,For Sale,5 Marla,4.0,5.0,4 days ago,PKR 1.05 Crore,"DHA Phase 1, DHA Defence",Multan,Zameen,10500000.0,Marla,1361.25,False
https://www.zameen.com/Property/multan_shalimar_colony_avail_yourself_a_great_prime_location_3_marla_house_in_shalimar_colony-54577537-346-1.html,House,For Sale,3 Marla,3.0,3.0,3 days ago,PKR 75 Lakh,"Shalimar Colony, Multan",Multan,Zameen,7500000.0,Marla,816.75,False
https://www.zameen.com/Property/dha_defence_premium_homes_premium_homes_12_marla_parkface_available-54647602-22232-1.html,Other,For Sale,12 Marla,4.0,5.0,3 days ago,PKR 4.5 Crore,"Premium Homes, DHA Defence",Multan,Zameen,45000000.0,Marla,3267.0,False
https://www.zameen.com/Property/dha_defence_premium_homes_premium_home_6_marla_phase_2_available-54647581-22232-1.html,Other,For Sale,6 Marla,4.0,5.0,3 days ago,PKR 2.6 Crore,"Premium Homes, DHA Defence",Multan,Zameen,26000000.0,Marla,1633.5,False
https://www.zameen.com/Property/dha_defence_dha_villas_sector_c_12_marla_villa_available_for_sale-54648118-14018-1.html,Villa,For Sale,12 Marla,4.0,4.0,3 days ago,PKR 3.4 Crore,"DHA Villas, DHA Defence",Multan,Zameen,34000000.0,Marla,3267.0,False
https://www.zameen.com/Property/multan_public_school_road_royal_orchard_one_kanal_semi_farnishd_house_for_sale_in_royal_orchard_multan-54053317-9492-1.html,House,For Sale,1 Kanal,6.0,6.0,3 days ago,PKR 7.85 Crore,"Royal Orchard, Multan Public School Road",Multan,Zameen,78500000.0,Kanal,5445.0,False
https://www.zameen.com/Property/dha_phase_1_dha_phase_1_-_sector_h_brand_new_luxury_house_available_for_sale-52307018-14307-1.html,House,For Sale,1 Kanal,7.0,6.0,4 days ago,PKR 5.5 Crore,"DHA Phase 1 - Sector H, DHA Phase 1",Multan,Zameen,55000000.0,Kanal,5445.0,False
https://www.zameen.com/Property/dha_phase_1_dha_phase_1_-_sector_b1_brand_new_modern_villa_available_for_sale-53136539-14300-1.html,Villa,For Sale,10 Marla,6.0,6.0,4 days ago,PKR 3.2 Crore,"DHA Phase 1 - Sector B1, DHA Phase 1",Multan,Zameen,32000000.0,Marla,2722.5,False
https://www.zameen.com/Property/multan_buch_executive_villas_brand_new_luxury_house_available_for_sale-52306382-8627-1.html,House,For Sale,8 Marla,6.0,6.0,4 days ago,PKR 3.1 Crore,"Buch Executive Villas, Multan",Multan,Zameen,31000000.0,Marla,2178.0,False
https://www.zameen.com/Property/dha_phase_1_dha_phase_1_-_sector_m_brand_new_house_available_for_sale-52306556-14312-1.html,House,For Sale,1 Kanal,7.0,6.0,4 days ago,PKR 6.1 Crore,"DHA Phase 1 - Sector M, DHA Phase 1",Multan,Zameen,61000000.0,Kanal,5445.0,False
https://www.zameen.com/Property/dha_phase_1_dha_phase_1_-_sector_h_brand_new_luxury_villa_available_for_sale-54174945-14307-1.html,Villa,For Sale,1 Kanal,4.0,6.0,4 days ago,PKR 5.5 Crore,"DHA Phase 1 - Sector H, DHA Phase 1",Multan,Zameen,55000000.0,Kanal,5445.0,False
https://www.zameen.com/Property/dha_phase_1_dha_phase_1_-_sector_b1_brand_new_house_available_for_sale-53891846-14300-1.html,House,For Sale,10 Marla,5.0,6.0,4 days ago,PKR 3.15 Crore,"DHA Phase 1 - Sector B1, DHA Phase 1",Multan,Zameen,31500000.0,Marla,2722.5,False
https://www.zameen.com/Property/multan_buch_executive_villas_5_marla_double_storey_house_for_sale_in_buch_villas_multan-54519756-8627-1.html,House,For Sale,5 Marla,3.0,4.0,4 days ago,PKR 1.63 Crore,"Buch Executive Villas, Multan",Multan,Zameen,16299999.999999998,Marla,1361.25,False
https://www.zameen.com/Property/multan_buch_executive_villas_11_marla_double_storey_luxury_house_for_sale_in_buch_villas_multan-54522917-8627-1.html,House,For Sale,11 Marla,5.0,6.0,4 days ago,PKR 4 Crore,"Buch Executive Villas, Multan",Multan,Zameen,40000000.0,Marla,2994.75,False
https://www.zameen.com/Property/multan_buch_executive_villas_8_61_marla_corner_park-facing_luxury_house_for_sale_buch_villas_multan-54551727-8627-1.html,House,For Sale,8.6 Marla,5.0,6.0,4 days ago,PKR 3.25 Crore,"Buch Executive Villas, Multan",Multan,Zameen,32500000.0,Marla,2341.35,False
https://www.zameen.com/Property/buch_executive_villas_buch_executive_villas_-_phase_2_10_marla_double_storey_house_for_sale_in_buch_villas_multan-54582593-19720-1.html,House,For Sale,10 Marla,5.0,6.0,4 days ago,PKR 3.75 Crore,"Buch Executive Villas - Phase 2, Buch Executive Villas",Multan,Zameen,37500000.0,Marla,2722.5,False
https://www.zameen.com/Property/multan_buch_executive_villas_25_marla_corner_luxury_villa_for_sale_in_buch_villas_multan-54586039-8627-1.html,Villa,For Sale,1.2 Kanal,6.0,7.0,4 days ago,PKR 6.75 Crore,"Buch Executive Villas, Multan",Multan,Zameen,67500000.0,Kanal,6534.0,False
https://www.zameen.com/Property/dha_defence_dha_phase_1_1_5_kanal_brand_new_fully_furnished_house_for_sale_in_dha_multan-54503456-15631-1.html,House,For Sale,1.5 Kanal,10.0,7.0,1 day ago,PKR 8.9 Crore,"DHA Phase 1, DHA Defence",Multan,Zameen,89000000.0,Kanal,8167.5,False
https://www.zameen.com/Property/dha_defence_premium_homes_6_marla_premium_home_available_at_3_year_instalment_in_dha_multan-52880153-22232-1.html,Other,For Sale,6 Marla,3.0,4.0,1 day ago,PKR 2.6 Crore,"Premium Homes, DHA Defence",Multan,Zameen,26000000.0,Marla,1633.5,False
https://www.zameen.com/Property/multan_public_school_road_fatima_avenue_5_marla_brand_new_double_story_house_for_sale_in_fatima_avanue_mps_road_near_model_town_multan_multan-54686529-21808-1.html,House,For Sale,5 Marla,5.0,4.0,1 day ago,PKR 1.65 Crore,"Fatima Avenue, Multan Public School Road",Multan,Zameen,16500000.0,Marla,1361.25,False
https://www.zameen.com/Property/multan_multan_public_school_road_5_marla_brand_new_double_story_house_for_sale_in_fatima_avenue_mps_road_multan-54685886-8902-1.html,House,For Sale,5 Marla,5.0,6.0,2 days ago,PKR 1.65 Crore,"Multan Public School Road, Multan",Multan,Zameen,16500000.0,Marla,1361.25,False
https://www.zameen.com/Property/multan_shalimar_colony_5_marla_house_available_near_bosan_road_walking_distance-54685687-346-1.html,House,For Sale,5 Marla,3.0,4.0,2 days ago,PKR 2 Crore,"Shalimar Colony, Multan",Multan,Zameen,20000000.0,Marla,1361.25,False
https://www.zameen.com/Property/multan_public_school_road_royal_orchard_5_marla_brand_new_double_story_house_for_sale_in_royal_orchard_multan-54252553-9492-1.html,House,For Sale,5 Marla,3.0,4.0,2 days ago,PKR 2 Crore,"Royal Orchard, Multan Public School Road",Multan,Zameen,20000000.0,Marla,1361.25,False
https://www.zameen.com/Property/multan_shalimar_colony_7_25_marla_brand_new_corner_double_storey_house_for_sale_in_shalimar_colony_near_model_town-54181953-346-1.html,House,For Sale,7.2 Marla,4.0,5.0,2 days ago,PKR 2.25 Crore,"Shalimar Colony, Multan",Multan,Zameen,22500000.0,Marla,1960.2,False
https://www.zameen.com/Property/multan_public_school_road_royal_orchard_5_marla_brand_new_double_storey_house_for_sale_in_royal_orchard_multan-54165710-9492-1.html,House,For Sale,5 Marla,3.0,4.0,2 days ago,PKR 2 Crore,"Royal Orchard, Multan Public School Road",Multan,Zameen,20000000.0,Marla,1361.25,False
https://www.zameen.com/Property/dha_defence_dha_villas_9_marla_villa_for_sale_in_dha_multan_villas_for_sale_slightly_used-52634859-14018-1.html,Villa,For Sale,9 Marla,4.0,5.0,5 days ago,PKR 3 Crore,"DHA Villas, DHA Defence",Multan,Zameen,30000000.0,Marla,2450.25,False
https://www.zameen.com/Property/n_gulgasht_boulevard_pak_villas_5_marla_modern_house_available_for_sale-54670508-21967-1.html,House,For Sale,5 Marla,3.0,4.0,5 days ago,PKR 1.5 Crore,"Pak Villas, N Gulgasht Boulevard",Multan,Zameen,15000000.0,Marla,1361.25,False
https://www.zameen.com/Property/multan_buch_executive_villas_10_marla_luxury_house_for_sale_in_buch_executive_villas_multan_6_bed_beautiful_home-54365056-8627-1.html,House,For Sale,10 Marla,6.0,6.0,5 days ago,PKR 3.45 Crore,"Buch Executive Villas, Multan",Multan,Zameen,34500000.0,Marla,2722.5,False
https://www.zameen.com/Property/multan_shalimar_colony_25_marla_house_for_sale_near_bypass_and_model_town_shalimar_colony-54593806-346-1.html,House,For Sale,1.2 Kanal,5.0,5.0,5 days ago,PKR 4.85 Crore,"Shalimar Colony, Multan",Multan,Zameen,48500000.0,Kanal,6534.0,False
https://www.zameen.com/Property/dha_phase_1_dha_phase_1_-_sector_m_1_kanal_house_for_sale_65ft_road_m_sector_dha_multan_prime_location-54645927-14312-1.html,House,For Sale,1 Kanal,5.0,5.0,5 days ago,PKR 5.8 Crore,"DHA Phase 1 - Sector M, DHA Phase 1",Multan,Zameen,58000000.0,Kanal,5445.0,False
https://www.zameen.com/Property/multan_model_town_5_marla_luxury_house_for_sale_on_prime_location-54668805-1147-1.html,House,For Sale,5 Marla,3.0,4.0,6 days ago,PKR 1.85 Crore,"Model Town, Multan",Multan,Zameen,18500000.0,Marla,1361.25,False
https://www.zameen.com/Property/citi_housing_citi_housing_phase_1_5_marla_brand_new_most_beautiful_a_constructed_house-54585054-21449-1.html,House,For Sale,5 Marla,4.0,5.0,6 days ago,PKR 1.6 Crore,"Citi Housing Phase 1, Citi Housing",Multan,Zameen,16000000.0,Marla,1361.25,False
https://www.zameen.com/Property/multan_public_school_road_teachers_colony_teacher_colony_phase_2-54375797-12478-1.html,Other,For Sale,16.5 Marla,5.0,5.0,6 days ago,PKR 4.15 Crore,"Teachers Colony, Multan Public School Road",Multan,Zameen,41500000.0,Marla,4492.125,False
https://www.zameen.com/Property/dha_defence_askari_3_prime_location_house_in_askari_3_for_sale-54090535-17156-1.html,House,For Sale,10 Marla,4.0,5.0,6 days ago,PKR 3.15 Crore,"Askari 3, DHA Defence",Multan,Zameen,31500000.0,Marla,2722.5,False
https://www.zameen.com/Property/multan_fida_avenue_2_marla_brand_new_house_for_sale-54665481-12123-1.html,House,For Sale,2 Marla,2.0,2.0,5 days ago,PKR 50 Lakh,"Fida Avenue, Multan",Multan,Zameen,5000000.0,Marla,544.5,False
https://www.zameen.com/Property/multan_tipu_sultan_road_in_tipu_sultan_road_2_kanal_house_for_sale-54668345-9415-1.html,House,For Sale,2 Kanal,7.0,6.0,6 days ago,PKR 11 Crore,"Tipu Sultan Road, Multan",Multan,Zameen,110000000.0,Kanal,10890.0,False
https://www.zameen.com/Property/jinnah_avenue_serene_villas_5_marla_serene_villa_available_at_cash_payment-53280208-22097-1.html,Villa,For Sale,5 Marla,3.0,4.0,5 days ago,PKR 2 Crore,"Serene Villas, Jinnah Avenue",Multan,Zameen,20000000.0,Marla,1361.25,False
https://www.zameen.com/Property/buch_executive_villas_buch_executive_villas_-_phase_2_10_marla_triple_storey_house_for_sale_in_buch_villas_multan-54596831-19720-1.html,House,For Sale,10 Marla,6.0,7.0,4 days ago,PKR 4.05 Crore,"Buch Executive Villas - Phase 2, Buch Executive Villas",Multan,Zameen,40500000.0,Marla,2722.5,False
https://www.zameen.com/Property/buch_executive_villas_buch_executive_villas_-_phase_2_7_5_marla_triple_storey_house_for_sale_buch_villas_multan-54602294-19720-1.html,House,For Sale,7.5 Marla,6.0,7.0,4 days ago,PKR 3 Crore,"Buch Executive Villas - Phase 2, Buch Executive Villas",Multan,Zameen,30000000.0,Marla,2041.875,False
https://www.zameen.com/Property/buch_executive_villas_buch_executive_villas_-_phase_2_5_marla_brand_new_ultra-modern_house_available_for_sale_in_buch_villas_multan-54627686-19720-1.html,House,For Sale,5 Marla,4.0,5.0,4 days ago,PKR 2.18 Crore,"Buch Executive Villas - Phase 2, Buch Executive Villas",Multan,Zameen,21800000.0,Marla,1361.25,False
https://www.zameen.com/Property/buch_executive_villas_buch_executive_villas_-_phase_2_8_78_marla_brand_new_luxury_house_for_sale_in_buch_villas_multan-54643547-19720-1.html,House,For Sale,8.8 Marla,5.0,6.0,4 days ago,PKR 3.65 Crore,"Buch Executive Villas - Phase 2, Buch Executive Villas",Multan,Zameen,36500000.0,Marla,2395.8,False
https://www.zameen.com/Property/buch_executive_villas_buch_executive_villas_-_phase_2_5_marla_duplex_house_for_sale_buch_villas_multan-54657366-19720-1.html,House,For Sale,5 Marla,4.0,5.0,4 days ago,PKR 2.4 Crore,"Buch Executive Villas - Phase 2, Buch Executive Villas",Multan,Zameen,24000000.0,Marla,1361.25,False
https://www.zameen.com/Property/multan_public_school_road_royal_orchard_5_marla_brand_new_double_story_house_for_sale_in_royal_orchard_multan-54159891-9492-1.html,House,For Sale,5 Marla,3.0,4.0,2 days ago,PKR 1.85 Crore,"Royal Orchard, Multan Public School Road",Multan,Zameen,18500000.0,Marla,1361.25,False
https://www.zameen.com/Property/multan_public_school_road_royal_orchard_10_marla_brand_new_modern_luxury_double_story_house_for_sale_in_royal_orchard_multan-54157162-9492-1.html,House,For Sale,10 Marla,5.0,6.0,2 days ago,PKR 4 Crore,"Royal Orchard, Multan Public School Road",Multan,Zameen,40000000.0,Marla,2722.5,False
https://www.zameen.com/Property/multan_multan_public_school_road_brand_new_modern_luxury_double_story_house_for_sale_in_fatima_avenue_mps_road_multan-54483861-8902-1.html,House,For Sale,5 Marla,4.0,5.0,2 days ago,PKR 1.8 Crore,"Multan Public School Road, Multan",Multan,Zameen,18000000.0,Marla,1361.25,False
https://www.zameen.com/Property/mattital_road_adams_housing_scheme_5_marla_brand_new_modern_luxury_double_story_house_for_sale_in_adams_housing_society_multan-54473599-18836-1.html,House,For Sale,5 Marla,3.0,4.0,2 days ago,PKR 1.6 Crore,"Adams Housing Scheme, Mattital Road",Multan,Zameen,16000000.0,Marla,1361.25,False
https://www.zameen.com/Property/multan_shalimar_colony_5_marla_brand_new_modern_luxury_double_story_house_for_sale_in_shalimar_colony_near_bosan_road-54450702-346-1.html,House,For Sale,5 Marla,4.0,5.0,2 days ago,PKR 2 Crore,"Shalimar Colony, Multan",Multan,Zameen,20000000.0,Marla,1361.25,False
https://www.zameen.com/Property/multan_public_school_road_royal_orchard_1_kanal_brand_new_classic_elevation_luxury_double_storey_house_for_sale_in_royal_orchard_multan-54424575-9492-1.html,House,For Sale,1 Kanal,5.0,7.0,2 days ago,PKR 6.75 Crore,"Royal Orchard, Multan Public School Road",Multan,Zameen,67500000.0,Kanal,5445.0,False
https://www.zameen.com/Property/multan_public_school_road_royal_orchard_10_marla_brand_new_double_story_house_for_sale_in_royal_orchard_multan-54424427-9492-1.html,House,For Sale,10 Marla,5.0,6.0,2 days ago,PKR 3.7 Crore,"Royal Orchard, Multan Public School Road",Multan,Zameen,37000000.0,Marla,2722.5,False
https://www.zameen.com/Property/multan_buch_executive_villas_9_marla_brand_new_spanish_luxury_double_story_house_for_sale_in_buchvillas_multan-54423408-8627-1.html,House,For Sale,9 Marla,5.0,6.0,2 days ago,PKR 3.5 Crore,"Buch Executive Villas, Multan",Multan,Zameen,35000000.0,Marla,2450.25,False
https://www.zameen.com/Property/multan_buch_executive_villas_prime_location_5_marla_3_storey_beautiful_house_for_sale_buch_villas-52582584-8627-1.html,House,For Sale,5 Marla,5.0,4.0,6 days ago,PKR 1.78 Crore,"Buch Executive Villas, Multan",Multan,Zameen,17800000.0,Marla,1361.25,False
https://www.zameen.com/Property/buch_executive_villas_phase_2_buch_villas_phase_2_-_manik_block_prime_location_5_marla_modern_beautiful_house_available_for_sale_in_buch_villas_-_manik_block-54561686-22186-1.html,House,For Sale,5 Marla,4.0,4.0,6 days ago,PKR 2.2 Crore,"Buch Villas Phase 2 - Manik Block, Buch Executive Villas - Phase 2",Multan,Zameen,22000000.0,Marla,1361.25,False
https://www.zameen.com/Property/multan_public_school_road_royal_orchard_5_marla_house_in_block_f_royal_orchard_multan-54569651-9492-1.html,House,For Sale,5 Marla,3.0,5.0,6 days ago,PKR 1.7 Crore,"Royal Orchard, Multan Public School Road",Multan,Zameen,17000000.0,Marla,1361.25,False
https://www.zameen.com/Property/multan_buch_executive_villas_5_marla_beautiful_house_available_for_sale_in_buch_executive_villas_multan-54316526-8627-1.html,House,For Sale,5 Marla,4.0,5.0,1 week ago,PKR 1.72 Crore,"Buch Executive Villas, Multan",Multan,Zameen,17200000.0,Marla,1361.25,False
https://www.zameen.com/Property/dha_defence_premium_homes_premium_homes_by_dha_multan_6_marla_premium_house_available_on_easy_installment_down_payment_only_10-54099749-22232-1.html,House,For Sale,6 Marla,4.0,5.0,1 week ago,PKR 2.6 Crore,"Premium Homes, DHA Defence",Multan,Zameen,26000000.0,Marla,1633.5,False
https://www.zameen.com/Property/dha_phase_1_dha_phase_1_-_sector_m_dha_multan_sector_m_brand_new_house_for_sale-54061265-14312-1.html,House,For Sale,1 Kanal,5.0,6.0,1 week ago,PKR 6.5 Crore,"DHA Phase 1 - Sector M, DHA Phase 1",Multan,Zameen,65000000.0,Kanal,5445.0,False
https://www.zameen.com/Property/dha_defence_dha_villas_9_marla_villa_for_sale_near_masjid_park_with-53686424-14018-1.html,Villa,For Sale,9 Marla,4.0,5.0,1 week ago,PKR 3 Crore,"DHA Villas, DHA Defence",Multan,Zameen,30000000.0,Marla,2450.25,False
https://www.zameen.com/Property/citi_housing_citi_housing_phase_1_premium_5_marla_triple-storey_house_for_sale_in_c_block_near_theme_park-54619061-21449-1.html,House,For Sale,5 Marla,4.0,5.0,1 week ago,PKR 1.35 Crore,"Citi Housing Phase 1, Citi Housing",Multan,Zameen,13500000.0,Marla,1361.25,False
https://www.zameen.com/Property/citi_housing_citi_housing_phase_1_5_marla_modern_design_brand_new_4_bed_house-53790100-21449-1.html,House,For Sale,5 Marla,4.0,5.0,1 week ago,PKR 1.35 Crore,"Citi Housing Phase 1, Citi Housing",Multan,Zameen,13500000.0,Marla,1361.25,False
https://www.zameen.com/Property/citi_housing_citi_housing_phase_1_brand_new_house_very_close_to_park_zoo-54499803-21449-1.html,House,For Sale,5 Marla,4.0,5.0,1 week ago,PKR 1.35 Crore,"Citi Housing Phase 1, Citi Housing",Multan,Zameen,13500000.0,Marla,1361.25,False
https://www.zameen.com/Property/multan_multan_public_school_road_affordable_house_for_sale_in_multan_public_school_road-54662325-8902-1.html,House,For Sale,5 Marla,3.0,4.0,1 week ago,PKR 1.55 Crore,"Multan Public School Road, Multan",Multan,Zameen,15500000.0,Marla,1361.25,False
https://www.zameen.com/Property/dha_phase_1_dha_phase_1_-_sector_n_1_kanal_neo-_classical_grey_structure_with_6_bedroom-54377668-14313-1.html,Room,For Sale,1 Kanal,6.0,6.0,1 week ago,PKR 3 Crore,"DHA Phase 1 - Sector N, DHA Phase 1",Multan,Zameen,30000000.0,Kanal,5445.0,False
https://www.zameen.com/Property/multan_public_school_road_royal_orchard_10_marla_classic_elevation_house_for_sale_royal_orchard_multan-54643664-9492-1.html,House,For Sale,10 Marla,5.0,6.0,4 days ago,PKR 3.7 Crore,"Royal Orchard, Multan Public School Road",Multan,Zameen,37000000.0,Marla,2722.5,False
https://www.zameen.com/Property/wapda_town_phase_2_wapda_town_phase_2_-_block_p_your_search_for_corner_house_in_multan_ends_here-54636635-14210-1.html,House,For Sale,5 Marla,4.0,4.0,4 days ago,PKR 2.1 Crore,"Wapda Town Phase 2 - Block P, Wapda Town Phase 2",Multan,Zameen,21000000.0,Marla,1361.25,False
https://www.zameen.com/Property/multan_buch_executive_villas_5_marla_designer_house_at_prime_location-54504915-8627-1.html,House,For Sale,5 Marla,4.0,5.0,4 days ago,PKR 2.25 Crore,"Buch Executive Villas, Multan",Multan,Zameen,22500000.0,Marla,1361.25,False
https://www.zameen.com/Property/multan_buch_executive_villas_prime_location_house_sized_9_marla_available_in_buch_executive_villas-54625741-8627-1.html,House,For Sale,9 Marla,5.0,5.0,4 days ago,PKR 3.5 Crore,"Buch Executive Villas, Multan",Multan,Zameen,35000000.0,Marla,2450.25,False
https://www.zameen.com/Property/multan_buch_executive_villas_well-constructed_brand_new_house_available_for_sale_in_buch_executive_villas-54642166-8627-1.html,House,For Sale,10 Marla,5.0,6.0,4 days ago,PKR 4.35 Crore,"Buch Executive Villas, Multan",Multan,Zameen,43500000.0,Marla,2722.5,False
https://www.zameen.com/Property/multan_buch_executive_villas_5_marla_brand_new_modern_luxury_semi_furnished_triple_story_house_for_sale_in_buchvillas_multan-54380997-8627-1.html,House,For Sale,5 Marla,4.0,5.0,2 days ago,PKR 2.35 Crore,"Buch Executive Villas, Multan",Multan,Zameen,23500000.0,Marla,1361.25,False
https://www.zameen.com/Property/multan_public_school_road_fatima_avenue_7_marla_brand_new_house_for_sale_on_prime_location-54343875-21808-1.html,House,For Sale,7 Marla,4.0,5.0,2 days ago,PKR 2.4 Crore,"Fatima Avenue, Multan Public School Road",Multan,Zameen,24000000.0,Marla,1905.75,False
https://www.zameen.com/Property/multan_multan_public_school_road_4_marla_slightly_used_house_available_for_sale_prime_location-54627660-8902-1.html,House,For Sale,4 Marla,3.0,4.0,2 days ago,PKR 1.35 Crore,"Multan Public School Road, Multan",Multan,Zameen,13500000.0,Marla,1089.0,False
https://www.zameen.com/Property/buch_executive_villas_buch_executive_villas_-_phase_2_your_dream_brand_new_2160_square_feet_house_is_available_in_buch_executive_villas_-_phase_2-54602247-19720-1.html,House,For Sale,9.6 Marla,5.0,6.0,2 days ago,PKR 3.75 Crore,"Buch Executive Villas - Phase 2, Buch Executive Villas",Multan,Zameen,37500000.0,Marla,2613.6,False
https://www.zameen.com/Property/bosan_road_safari_town_reserve_a_centrally_located_house_of_4_marla_in_safari_town-54637834-12474-1.html,House,For Sale,4 Marla,3.0,4.0,2 days ago,PKR 1.35 Crore,"Safari Town, Bosan Road",Multan,Zameen,13500000.0,Marla,1089.0,False
https://www.zameen.com/Property/dha_defence_dha_villas_change_your_address_to_dha_villas_multan_for_a_reasonable_price_of_rs_18500000-54656170-14018-1.html,Villa,For Sale,6 Marla,3.0,4.0,2 days ago,PKR 1.85 Crore,"DHA Villas, DHA Defence",Multan,Zameen,18500000.0,Marla,1633.5,False
https://www.zameen.com/Property/nawabpur_road_nawab_city_double_storey_3_marla_house_available_in_nawab_city_for_sale-54595854-21469-1.html,House,For Sale,3 Marla,3.0,3.0,2 days ago,PKR 63 Lakh,"Nawab City, Nawabpur Road",Multan,Zameen,6300000.0,Marla,816.75,False
https://www.zameen.com/Property/multan_dha_defence_dha_multan_7_marla_house_for_sale-54230713-8581-1.html,House,For Sale,7 Marla,4.0,5.0,13 hours ago,PKR 3 Crore,"DHA Defence, Multan",Multan,Zameen,30000000.0,Marla,1905.75,False
https://www.zameen.com/Property/dha_defence_askari_3_10_6_marla_beautiful_corner_villa_for_sale_in_dha_multan_askari_3-54050352-17156-1.html,Villa,For Sale,12 Marla,4.0,5.0,1 week ago,PKR 3.3 Crore,"Askari 3, DHA Defence",Multan,Zameen,33000000.0,Marla,3267.0,False
https://www.zameen.com/Property/dha_phase_1_dha_phase_1_-_sector_h_20_marla_duble_storey_beautiful_luxury_house_for_sale_in_dha_multan-54386785-14307-1.html,House,For Sale,1 Kanal,5.0,6.0,1 week ago,PKR 5.2 Crore,"DHA Phase 1 - Sector H, DHA Phase 1",Multan,Zameen,52000000.0,Kanal,5445.0,False
https://www.zameen.com/Property/multan_dha_defence_get_in_touch_now_to_buy_a_prime_location_house_in_dha_defence-54444907-8581-1.html,House,For Sale,1 Kanal,6.0,6.0,1 week ago,PKR 4.1 Crore,"DHA Defence, Multan",Multan,Zameen,41000000.0,Kanal,5445.0,False
https://www.zameen.com/Property/buch_executive_villas_buch_executive_villas_-_phase_1_11_5_marla_luxurious_house_for_sale_in_buch_villas_multan-54600531-19719-1.html,House,For Sale,11.5 Marla,5.0,6.0,1 week ago,PKR 4.9 Crore,"Buch Executive Villas - Phase 1, Buch Executive Villas",Multan,Zameen,49000000.0,Marla,3130.875,False
https://www.zameen.com/Property/dha_phase_1_dha_phase_1_-_sector_h_one_kanal_luxury_house_for_sale_in_dha_multan-54602477-14307-1.html,House,For Sale,1 Kanal,5.0,6.0,1 week ago,PKR 5.8 Crore,"DHA Phase 1 - Sector H, DHA Phase 1",Multan,Zameen,58000000.0,Kanal,5445.0,False
https://www.zameen.com/Property/multan_buch_executive_villas_ideal_prime_location_house_is_available_for_sale_in_buch_executive_villas-53255339-8627-1.html,House,For Sale,10 Marla,6.0,6.0,1 week ago,PKR 3.4 Crore,"Buch Executive Villas, Multan",Multan,Zameen,34000000.0,Marla,2722.5,False
https://www.zameen.com/Property/multan_buch_executive_villas_a_spacious_corner_5_marla_house_in_buch_executive_villas-53255337-8627-1.html,House,For Sale,5 Marla,4.0,5.0,1 week ago,PKR 1.85 Crore,"Buch Executive Villas, Multan",Multan,Zameen,18500000.0,Marla,1361.25,False
https://www.zameen.com/Property/multan_buch_executive_villas_10_marla_house_available_for_sale_in_buch_vilas_multan-53381928-8627-1.html,House,For Sale,10 Marla,6.0,6.0,1 week ago,PKR 3.6 Crore,"Buch Executive Villas, Multan",Multan,Zameen,36000000.0,Marla,2722.5,False
https://www.zameen.com/Property/multan_buch_executive_villas_9_marla_house_avaliable_for_sale-54468079-8627-1.html,House,For Sale,9 Marla,5.0,6.0,1 week ago,PKR 3.4 Crore,"Buch Executive Villas, Multan",Multan,Zameen,34000000.0,Marla,2450.25,False
https://www.zameen.com/Property/multan_buch_executive_villas_5_marla_beautiful_villa_for_sale_in_buch_villas_multan-54394101-8627-1.html,Villa,For Sale,5 Marla,5.0,6.0,1 week ago,PKR 1.76 Crore,"Buch Executive Villas, Multan",Multan,Zameen,17600000.0,Marla,1361.25,False
https://www.zameen.com/Property/multan_pearl_city_pc_colony_multan_house-54590833-9412-1.html,House,For Sale,10 Marla,4.0,4.0,1 week ago,PKR 2.8 Crore,"Pearl City, Multan",Multan,Zameen,28000000.0,Marla,2722.5,False
https://www.zameen.com/Property/multan_nasheman_colony_in_nasheman_colony_you_can_find_the_perfect_house_for_sale-54602491-1075-1.html,House,For Sale,5 Marla,4.0,4.0,1 week ago,PKR 1.5 Crore,"Nasheman Colony, Multan",Multan,Zameen,15000000.0,Marla,1361.25,False
https://www.zameen.com/Property/dha_defence_dha_villas_stunning_and_affordable_house_available_for_sale_in_dha_villas-54649923-14018-1.html,House,For Sale,12 Marla,4.0,5.0,4 days ago,PKR 4 Crore,"DHA Villas, DHA Defence",Multan,Zameen,40000000.0,Marla,3267.0,False
https://www.zameen.com/Property/royal_orchard_royal_orchard_-_block_f_well-constructed_brand_new_house_available_for_sale_in_royal_orchard_-_block_f-54557414-9499-1.html,House,For Sale,5 Marla,3.0,5.0,4 days ago,PKR 2 Crore,"Royal Orchard - Block F, Royal Orchard",Multan,Zameen,20000000.0,Marla,1361.25,False
https://www.zameen.com/Property/royal_orchard_royal_orchard_-_block_f_brand_new_5_marla_house_available_in_royal_orchard_-_block_f_for_sale-54557413-9499-1.html,House,For Sale,5 Marla,3.0,5.0,4 days ago,PKR 2.05 Crore,"Royal Orchard - Block F, Royal Orchard",Multan,Zameen,20500000.0,Marla,1361.25,False
https://www.zameen.com/Property/citi_housing_citi_housing_phase_1_5_marla_brand_new_house-54563649-21449-1.html,House,For Sale,5 Marla,4.0,5.0,4 days ago,PKR 1.49 Crore,"Citi Housing Phase 1, Citi Housing",Multan,Zameen,14900000.0,Marla,1361.25,False
https://www.zameen.com/Property/multan_chungi_no_9_studio_apartment_available_for_sale_near_to_city_hospital_multan-54675919-8639-1.html,Apartment,For Sale,1.3 Marla,1.0,1.0,4 days ago,PKR 30 Lakh,"Chungi No 9, Multan",Multan,Zameen,3000000.0,Marla,353.925,False
https://www.zameen.com/Property/dha_phase_1_dha_phase_1_-_sector_m_dha_multan_sector_m_1_kanal_house_available_for_sale-54417502-14312-1.html,House,For Sale,1 Kanal,5.0,6.0,13 hours ago,PKR 5.5 Crore,"DHA Phase 1 - Sector M, DHA Phase 1",Multan,Zameen,55000000.0,Kanal,5445.0,False
https://www.zameen.com/Property/multan_ahsan_colony_beautiful_house_for_sale_in_ahsan_colony-54687117-1091-1.html,House,For Sale,12 Marla,3.0,4.0,1 day ago,PKR 3.75 Crore,"Ahsan Colony, Multan",Multan,Zameen,37500000.0,Marla,3267.0,False
https://www.zameen.com/Property/multan_dha_defence_dha_multan_1_kanal_house_available_for_sale_in_sector_h_m-54417488-8581-1.html,House,For Sale,1 Kanal,5.0,6.0,13 hours ago,PKR 5.25 Crore,"DHA Defence, Multan",Multan,Zameen,52500000.0,Kanal,5445.0,False
https://www.zameen.com/Property/dha_defence_askari_3_askari_3_brand_new_10_6_marla_villa_for_sale-52364437-17156-1.html,Villa,For Sale,10.6 Marla,4.0,5.0,18 hours ago,PKR 3.05 Crore,"Askari 3, DHA Defence",Multan,Zameen,30500000.0,Marla,2885.85,False
https://www.zameen.com/Property/buch_executive_villas_phase_2_buch_villas_phase_2_-_afzal_block_luxury_studio_apartment_for_sale_at_ideal_location_best_investment_opportunity-54384809-22190-1.html,Apartment,For Sale,1.3 Marla,2.0,1.0,18 hours ago,PKR 39.48 Lakh,"Buch Villas Phase 2 - Afzal Block, Buch Executive Villas - Phase 2",Multan,Zameen,3948000.0,Marla,353.925,False
https://www.zameen.com/Property/nawabpur_road_al-raheem_villas_3_marla_house_available_in_al_raheem_villas_multan_prime_location_easy_installments_over_2_5_years-54384788-16185-1.html,House,For Sale,3 Marla,3.0,3.0,18 hours ago,PKR 95 Lakh,"Al-Raheem Villas, Nawabpur Road",Multan,Zameen,9500000.0,Marla,816.75,False
https://www.zameen.com/Property/multan_dha_defence_05_marla_house_for_sale-54628339-8581-1.html,House,For Sale,5 Marla,3.0,4.0,1 day ago,PKR 1.9 Crore,"DHA Defence, Multan",Multan,Zameen,19000000.0,Marla,1361.25,False
https://www.zameen.com/Property/dha_phase_1_dha_phase_1_-_sector_m_brand_new_modern_house_available_for_sale-54660949-14312-1.html,House,For Sale,1 Kanal,5.0,6.0,21 hours ago,PKR 5.25 Crore,"DHA Phase 1 - Sector M, DHA Phase 1",Multan,Zameen,52500000.0,Kanal,5445.0,False
https://www.olx.com.pk/item/85-marla-ultra-modern-luxery-stylish-house-available-for-sale-in-architect-society-lahore-near-johertown-lahore-by-fast-property-services-iid-1117178112,House,For Sale,"1,913 SQFT",5.0,6.0,1 week ago,Rs 3.90 Crore,"Architects Engineers Housing Society, Lahore",Lahore,OLX,39000000.0,SQFT,1913.0,False
https://www.olx.com.pk/item/corner-plot-canal-city-ex-rail-town-near-dha-eme-iid-1118018781,Plot,For Sale,"2,650 SQFT",0.0,0.0,2 weeks ago,Rs 2.75 Crore,"Rail Town (Canal City), Lahore",Lahore,OLX,27500000.0,SQFT,2650.0,False
https://www.olx.com.pk/item/hot-location-1-kanal-plot-for-sale-in-g-block-valencia-town-lahore-iid-1117467034,Plot,For Sale,20 Marla,0.0,0.0,4 days ago,Rs 3.90 Crore,"Valencia Town, Lahore",Lahore,OLX,39000000.0,Marla,5445.0,False
https://www.olx.com.pk/item/10-marla-house-for-sale-in-dha-phase-11-rehbar-sector-1-iid-1118459834,House,For Sale,10 Marla,4.0,5.0,1 week ago,Rs 5.60 Crore,"DHA 11 Rahbar Phase 1 - Block E, Lahore",Lahore,OLX,56000000.0,Marla,2722.5,False
https://www.olx.com.pk/item/for-sale-dha-phase-9prism-block-g-closer-to-plot-no-299-located-on-60ft-road-iid-1118505617,Plot,For Sale,20 Marla,0.0,0.0,1 week ago,Rs 3.85 Crore,"DHA Phase 9 Prism - Block G, Lahore",Lahore,OLX,38500000.0,Marla,5445.0,False
https://www.olx.com.pk/item/3-marla-residential-plot-block-a-union-town-lahore-at-prime-and-hot-location-iid-1117877069,Residential Plot,For Sale,3 Marla,0.0,0.0,2 weeks ago,Rs 74.95 Lacs,"Union Town - Block A, Lahore",Lahore,OLX,7495000.0,Marla,816.75,False
https://www.olx.com.pk/item/5-marla-residential-possession-plot-for-sale-in-al-kabir-phase-2-raiwind-road-lahore-iid-1118542801,Plot,For Sale,5 Marla,0.0,0.0,2 days ago,Rs 78 Lacs,"Al-Kabir Town - Phase 2, Lahore",Lahore,OLX,7800000.0,Marla,1361.25,False
https://www.olx.com.pk/item/20-kanals-farmhouse-in-jahman-iid-1117407753,House,For Sale,20 Kanal,2.0,3.0,3 weeks ago,Rs 10 Crore,"Bedian Road, Lahore",Lahore,OLX,100000000.0,Kanal,108900.0,False
https://www.olx.com.pk/item/1-kanal-plot-for-sale-in-q-block-khayaban-e-amin-society-lahore-iid-1116481063,Plot,For Sale,1 Kanal,0.0,0.0,3 days ago,Rs 1.25 Crore,"Khayaban-e-Amin - Block Q, Lahore",Lahore,OLX,12500000.0,Kanal,5445.0,False
https://www.olx.com.pk/item/5-marla-residential-possession-plot-at-hot-location-in-park-view-city-lahore-for-discounted-price-and-original-pictures-download-the-app-signature-lands-iid-1118789194,Plot,For Sale,5 Marla,0.0,0.0,26 minutes ago,Rs 70 Lacs,"Park View City - Tulip Overseas, Lahore",Lahore,OLX,7000000.0,Marla,1361.25,False
https://www.olx.com.pk/item/plot-zone3-95-on-150-feet-wide-road-commercial-plot-located-in-the-best-block-of-dha-lahore-iid-1118788996,Commercial Plot,For Sale,4 Marla,0.0,0.0,46 minutes ago,Rs 9 Crore,"DHA Phase 9 Prism - Commercial Zone 3, Lahore",Lahore,OLX,90000000.0,Marla,1089.0,False
https://www.olx.com.pk/item/plot-zone3-43-on-80-feet-wide-road-commercial-plot-located-in-the-best-block-of-dha-lahore-iid-1118788992,Commercial Plot,For Sale,8 Marla,0.0,0.0,47 minutes ago,Rs 9 Crore,"DHA Phase 9 Prism - Commercial Zone 3, Lahore",Lahore,OLX,90000000.0,Marla,2178.0,False
https://www.olx.com.pk/item/plot-zone1-180-commercial-plot-located-in-the-best-block-of-dha-lahore-iid-1118788991,Commercial Plot,For Sale,8 Marla,0.0,0.0,47 minutes ago,Rs 13 Crore,"DHA Phase 9 Prism - Commercial Zone 1, Lahore",Lahore,OLX,130000000.0,Marla,2178.0,False
https://www.olx.com.pk/item/plot-r-3725-3726-pair-residential-plot-located-in-the-best-block-of-dha-lahore-iid-1118788990,Residential Plot,For Sale,10 Marla,0.0,0.0,47 minutes ago,Rs 2.10 Crore,"DHA Phase 9 Prism - Block R, Lahore",Lahore,OLX,21000000.0,Marla,2722.5,False
https://www.olx.com.pk/item/plot-j-21817-21818-pair-residential-plot-located-in-the-best-block-of-dha-lahore-iid-1118788989,Residential Plot,For Sale,10 Marla,0.0,0.0,47 minutes ago,Rs 1.60 Crore,"DHA Phase 9 Prism - Block J, Lahore",Lahore,OLX,16000000.0,Marla,2722.5,False
https://www.olx.com.pk/item/plot-j-2199-residential-plot-located-in-the-best-block-of-dha-lahore-iid-1118788988,Residential Plot,For Sale,5 Marla,0.0,0.0,47 minutes ago,Rs 75 Lacs,"DHA Phase 9 Prism - Block J, Lahore",Lahore,OLX,7500000.0,Marla,1361.25,False
https://www.olx.com.pk/item/plot-j-881-residential-plot-located-in-the-best-block-of-dha-lahore-iid-1118788987,Residential Plot,For Sale,5 Marla,0.0,0.0,47 minutes ago,Rs 80 Lacs,"DHA Phase 9 Prism - Block J, Lahore",Lahore,OLX,8000000.0,Marla,1361.25,False
https://www.olx.com.pk/item/plot-q-1012-residential-plot-located-in-the-best-block-of-dha-lahore-iid-1118788986,Residential Plot,For Sale,10 Marla,0.0,0.0,47 minutes ago,Rs 2.29 Crore,"DHA Phase 9 Prism - Block Q, Lahore",Lahore,OLX,22900000.0,Marla,2722.5,False
https://www.olx.com.pk/item/plot-g-558-559-pair-residential-plot-located-in-the-best-block-of-dha-lahore-iid-1118788985,Residential Plot,For Sale,2 Kanal,0.0,0.0,47 minutes ago,Rs 7.90 Crore,"DHA Phase 9 Prism - Block G, Lahore",Lahore,OLX,79000000.0,Kanal,10890.0,False
https://www.olx.com.pk/item/plot-f-204-corner-paid-residential-plot-located-in-the-best-block-of-dha-lahore-iid-1118788984,Residential Plot,For Sale,1 Kanal,0.0,0.0,47 minutes ago,Rs 4.15 Crore,"DHA Phase 9 Prism - Block F, Lahore",Lahore,OLX,41500000.0,Kanal,5445.0,False
https://www.olx.com.pk/item/plot-a-449-215-marla-corner-plot-residential-plot-located-in-the-best-block-of-dha-lahore-iid-1118788980,Residential Plot,For Sale,22 Marla,0.0,0.0,47 minutes ago,Rs 6.15 Crore,"DHA Phase 6 - Block A, Lahore",Lahore,OLX,61500000.0,Marla,5989.5,False
https://www.olx.com.pk/item/plot-w-653-residential-plot-located-in-the-best-block-of-dha-lahore-iid-1118788978,Residential Plot,For Sale,1 Kanal,0.0,0.0,47 minutes ago,Rs 5.70 Crore,"DHA Phase 7 - Block W, Lahore",Lahore,OLX,57000000.0,Kanal,5445.0,False
https://www.olx.com.pk/item/plot-w-842-residential-plot-located-in-the-best-block-of-dha-lahore-iid-1118788976,Residential Plot,For Sale,1 Kanal,0.0,0.0,47 minutes ago,Rs 5.70 Crore,"DHA Phase 7 - Block W, Lahore",Lahore,OLX,57000000.0,Kanal,5445.0,False
https://www.olx.com.pk/item/plot-y-744-residential-plot-located-in-the-best-block-of-dha-lahore-iid-1118788974,Residential Plot,For Sale,1 Kanal,0.0,0.0,48 minutes ago,Rs 5.50 Crore,"DHA Phase 7 - Block Y, Lahore",Lahore,OLX,55000000.0,Kanal,5445.0,False
https://www.olx.com.pk/item/hot-location-1-kanal-plot-for-sale-in-e1-block-valencia-town-lahore-iid-1117466192,Plot,For Sale,20 Marla,0.0,0.0,4 days ago,Rs 3.75 Crore,"Valencia Town, Lahore",Lahore,OLX,37500000.0,Marla,5445.0,False
https://www.olx.com.pk/item/627-marla-plot-available-for-sale-in-canal-garden-near-bahria-town-lahore-iid-1117547829,Plot,For Sale,7 Marla,0.0,0.0,5 days ago,Rs 1.08 Crore,"Canal Garden - Block H, Lahore",Lahore,OLX,10800000.0,Marla,1905.75,False
https://www.olx.com.pk/item/eithad-town-phase-2-block-c-iid-1118714614,Other,For Sale,5 Marla,4.0,5.0,2 days ago,Rs 65 Lacs,"Etihad Town Phase 1 - Block C, Lahore",Lahore,OLX,6500000.0,Marla,1361.25,False
https://www.olx.com.pk/item/5-marla-beautiful-house-for-sale-in-bb-block-sector-d-bahria-town-lahore-iid-1118407447,House,For Sale,5 Marla,3.0,4.0,1 week ago,Rs 2.10 Crore,"Bahria Town - Block BB, Lahore",Lahore,OLX,21000000.0,Marla,1361.25,False
https://www.olx.com.pk/item/punjab-cooperative-employees-cooperative-housing-society-residential-plot-sized-10-marla-iid-1117692785,Residential Plot,For Sale,10 Marla,0.0,0.0,2 weeks ago,Rs 1.45 Crore,"Punjab Cooperative Employees Cooperative Housing Society, Lahore",Lahore,OLX,14500000.0,Marla,2722.5,False
https://www.olx.com.pk/item/beautiful-house-for-sale-iid-1118489204,House,For Sale,3 Marla,4.0,4.0,1 week ago,Rs 1.55 Crore,"Jubilee Town - Block C, Lahore",Lahore,OLX,15500000.0,Marla,816.75,False
https://www.olx.com.pk/item/5-marla-house-double-story-brand-new-house-registri-intaqal-han-madni-garden-society-main-ferozepur-road-kahna-stop-lahore-iid-1117778073,House,For Sale,5 Marla,5.0,5.0,2 days ago,Rs 85 Lacs,"Ferozepur Road, Lahore",Lahore,OLX,8500000.0,Marla,1361.25,False
https://www.olx.com.pk/item/1-bedroom-luxury-apartment-for-sale-in-oyster-courtyard-gulberg-lahore-iid-1116760720,Room,For Sale,4 Marla,1.0,2.0,5 days ago,Rs 3.90 Crore,"Gulberg, Lahore",Lahore,OLX,39000000.0,Marla,1089.0,False
https://www.olx.com.pk/item/12-marla-corner-luxury-house-for-salemain-80-ft-roadfacing-commercialowner-built-masterpiece-iid-1117686606,House,For Sale,12 Marla,5.0,6.0,3 weeks ago,Rs 3.80 Crore,"Bahria Orchard Phase 1, Lahore",Lahore,OLX,38000000.0,Marla,3267.0,False
https://www.olx.com.pk/item/ready-to-move-1-bed-apartment-for-sale-prime-location-iid-1118788846,Apartment,For Sale,500 SQFT,1.0,1.0,1 hour ago,Rs 72 Lacs,"Bahria Town - Sector E, Lahore",Lahore,OLX,7200000.0,SQFT,500.0,False
https://www.olx.com.pk/item/plot-c-917-residential-plot-located-in-the-best-block-of-dha-lahore-iid-1118788842,Residential Plot,For Sale,1 Kanal,0.0,0.0,1 hour ago,Rs 6.50 Crore,"DHA Phase 6 - Block C, Lahore",Lahore,OLX,65000000.0,Kanal,5445.0,False
https://www.olx.com.pk/item/5-marla-plot-d-12402-residential-plot-located-in-the-best-block-of-dha-lahore-iid-1118788839,Residential Plot,For Sale,5 Marla,0.0,0.0,1 hour ago,Rs 2.20 Crore,"DHA Phase 6 - Block D, Lahore",Lahore,OLX,22000000.0,Marla,1361.25,False
https://www.olx.com.pk/item/5-marla-plot-e-1270-esidential-plot-located-in-the-best-block-of-dha-lahore-iid-1118788836,Plot,For Sale,5 Marla,0.0,0.0,1 hour ago,Rs 1.20 Crore,"DHA Phase 6 - Block E, Lahore",Lahore,OLX,12000000.0,Marla,1361.25,False
https://www.olx.com.pk/item/6-kanal-plot-t-157515771578-residential-plot-located-in-the-best-block-of-dha-lahore-iid-1118788824,Residential Plot,For Sale,6 Kanal,0.0,0.0,1 hour ago,Rs 50 Crore,"DHA Phase 7 - Block T, Lahore",Lahore,OLX,500000000.0,Kanal,32670.0,False
https://www.olx.com.pk/item/pair-plot-y-657658-residential-plot-located-in-the-best-block-of-dha-lahore-iid-1118788819,Residential Plot,For Sale,2 Kanal,0.0,0.0,1 hour ago,Rs 13.50 Crore,"DHA Phase 7 - Block Y, Lahore",Lahore,OLX,135000000.0,Kanal,10890.0,False
https://www.olx.com.pk/item/pair-plot-y-17231724-residential-plot-located-in-the-best-block-of-dha-lahore-iid-1118788816,Residential Plot,For Sale,2 Kanal,0.0,0.0,1 hour ago,Rs 8.50 Crore,"DHA Phase 7 - Block Y, Lahore",Lahore,OLX,85000000.0,Kanal,10890.0,False
https://www.olx.com.pk/item/pair-plot-x-10641065-residential-plot-located-in-the-best-block-of-dha-lahore-iid-1118788814,Residential Plot,For Sale,2 Kanal,0.0,0.0,1 hour ago,Rs 10.50 Crore,"DHA Phase 7 - Block X, Lahore",Lahore,OLX,105000000.0,Kanal,10890.0,False
https://www.olx.com.pk/item/residential-plot-located-in-the-best-block-of-dha-lahore-iid-1118788806,Residential Plot,For Sale,1 Kanal,0.0,0.0,1 hour ago,Rs 5.99 Crore,"DHA Phase 7 - Block R, Lahore",Lahore,OLX,59900000.0,Kanal,5445.0,False
https://www.olx.com.pk/item/plot-y-2266-residential-plot-located-in-the-best-block-of-dha-lahore-iid-1118788805,Residential Plot,For Sale,1 Kanal,0.0,0.0,1 hour ago,Rs 5.50 Crore,"DHA Phase 7 - Block Y, Lahore",Lahore,OLX,55000000.0,Kanal,5445.0,False
https://www.olx.com.pk/item/plot-y-647-residential-plot-located-in-the-best-block-of-dha-lahore-iid-1118788801,Residential Plot,For Sale,1 Kanal,0.0,0.0,1 hour ago,Rs 5.50 Crore,"DHA Phase 7 - Block Y, Lahore",Lahore,OLX,55000000.0,Kanal,5445.0,False
https://www.olx.com.pk/item/corner-plot-t-1518-residential-plot-located-in-the-best-block-of-dha-lahore-iid-1118788793,Residential Plot,For Sale,10 Marla,0.0,0.0,1 hour ago,Rs 2.89 Crore,"DHA Phase 7 - Block T, Lahore",Lahore,OLX,28900000.0,Marla,2722.5,False
https://www.olx.com.pk/item/plot-y-3708-residential-plot-located-in-the-best-block-of-dha-lahore-iid-1118788790,Residential Plot,For Sale,10 Marla,0.0,0.0,1 hour ago,Rs 2.40 Crore,"DHA Phase 7 - Block Y, Lahore",Lahore,OLX,24000000.0,Marla,2722.5,False
https://www.olx.com.pk/item/ivy-green-plot-z6-125-residential-plot-located-in-the-best-block-of-dha-lahore-iid-1118788783,Residential Plot,For Sale,5 Marla,0.0,0.0,1 hour ago,Rs 1.20 Crore,"DHA Phase 8 - Block Z6, Lahore",Lahore,OLX,12000000.0,Marla,1361.25,False
https://www.olx.com.pk/item/plot-q-704-residential-plot-located-in-the-best-block-of-dha-lahore-iid-1118788768,Residential Plot,For Sale,1 Kanal,0.0,0.0,1 hour ago,Rs 3.50 Crore,"DHA Phase 9 Prism - Block Q, Lahore",Lahore,OLX,35000000.0,Kanal,5445.0,False
https://www.olx.com.pk/item/special-building-11-marla-3-bed-flat-beside-mcdonald-for-sale-in-askari-11-lahore-iid-1118221744,Apartment,For Sale,11 Marla,3.0,4.0,15 hours ago,Rs 4.25 Crore,"Askari 11 - Sector B Apartments, Lahore",Lahore,OLX,42500000.0,Marla,2994.75,False
https://www.olx.com.pk/item/725-marla-brand-new-condition-owner-built-house-with-gas-available-for-sale-in-h-block-canal-garden-iid-1117547818,House,For Sale,7 Marla,5.0,5.0,5 days ago,Rs 2.85 Crore,"Canal Garden - Block H, Lahore",Lahore,OLX,28500000.0,Marla,1905.75,False
https://www.olx.com.pk/item/pair-533-marla-pair-plot-in-m-block-iid-1118146515,Plot,For Sale,"1,199 SQFT",0.0,0.0,13 hours ago,Rs 1.42 Crore,"OLC 2 - Block M, Lahore",Lahore,OLX,14200000.0,SQFT,1199.0,False
https://www.olx.com.pk/item/10-marla-brand-new-lda-approved-house-size-3565-iid-1118083998,House,For Sale,10 Marla,5.0,6.0,23 hours ago,Rs 4.59 Crore,"Formanites Housing Scheme, Lahore",Lahore,OLX,45900000.0,Marla,2722.5,False
https://www.olx.com.pk/item/vip-2-bedroom-luxury-furnished-apartment-available-for-sale-at-invester-rate-in-bahria-town-lahore-iid-1118070611,Room,For Sale,900 SQFT,2.0,2.0,1 week ago,Rs 1.40 Crore,"Bahria Town - Rafi Block, Lahore",Lahore,OLX,14000000.0,SQFT,900.0,False
https://www.olx.com.pk/item/10-marla-beautiful-double-storey-oner-build-house-urgent-for-sale-vidh-10-kavi-solar-install-prime-location-in-sabzazar-iid-1118156055,House,For Sale,10 Marla,5.0,6.0,5 days ago,Rs 3.85 Crore,"Sabzazar, Lahore",Lahore,OLX,38500000.0,Marla,2722.5,False
https://www.olx.com.pk/item/25-marla-flat-for-sale-at-very-prime-location-in-jubilee-town-iid-1118375243,Apartment,For Sale,562 SQFT,1.0,1.0,1 week ago,Rs 80 Lacs,"Jubilee Town, Lahore",Lahore,OLX,8000000.0,SQFT,562.0,False
https://www.olx.com.pk/item/5-marla-on-ground-plot-for-sale-in-g1-block-lda-city-lahore-prime-location-ready-to-build-excellent-investment-opportunity-iid-1118536632,Plot,For Sale,5 Marla,0.0,0.0,6 days ago,Rs 62 Lacs,"LDA City Phase 1 - Jinnah Sector, Lahore",Lahore,OLX,6200000.0,Marla,1361.25,False
https://www.olx.com.pk/item/1-kanal-pair-plot-prime-corner-location-near-playground-block-m-dha-phase-9-prism-iid-1117668412,Plot,For Sale,2 Kanal,0.0,0.0,2 weeks ago,Rs 6.50 Crore,"DHA Phase 9 Prism - Block M, Lahore",Lahore,OLX,65000000.0,Kanal,10890.0,False
https://www.olx.com.pk/item/corner-plot-q-804-residential-plot-located-in-the-best-block-of-dha-lahore-iid-1118788766,Residential Plot,For Sale,1 Kanal,0.0,0.0,1 hour ago,Rs 4 Crore,"DHA Phase 9 Prism - Block Q, Lahore",Lahore,OLX,40000000.0,Kanal,5445.0,False
https://www.olx.com.pk/item/plot-r-24-residential-plot-located-in-the-best-block-of-dha-lahore-iid-1118788764,Residential Plot,For Sale,1 Kanal,0.0,0.0,1 hour ago,Rs 3 Crore,"DHA Phase 9 Prism - Block R, Lahore",Lahore,OLX,30000000.0,Kanal,5445.0,False
https://www.olx.com.pk/item/2-kanal-house-for-sale-iid-1118788758,House,For Sale,40 Marla,6.0,6.0,1 hour ago,Rs 9.90 Crore,"Nespak Scheme Phase 2, Lahore",Lahore,OLX,99000000.0,Marla,10890.0,False
https://www.olx.com.pk/item/plot-m-285-residential-plot-located-in-the-best-block-of-dha-lahore-iid-1118788755,Residential Plot,For Sale,1 Kanal,0.0,0.0,1 hour ago,Rs 3.10 Crore,"DHA Phase 9 Prism - Block M, Lahore",Lahore,OLX,31000000.0,Kanal,5445.0,False
https://www.olx.com.pk/item/plot-g-742-residential-plot-located-in-the-best-block-of-dha-lahore-iid-1118788753,Residential Plot,For Sale,1 Kanal,0.0,0.0,1 hour ago,Rs 3.35 Crore,"DHA Phase 9 Prism - Block G, Lahore",Lahore,OLX,33500000.0,Kanal,5445.0,False
https://www.olx.com.pk/item/facing-park-plot-c-320-residential-plot-located-in-the-best-block-of-dha-lahore-iid-1118788747,Residential Plot,For Sale,1 Kanal,0.0,0.0,1 hour ago,Rs 3.40 Crore,"DHA Phase 9 Prism - Block C, Lahore",Lahore,OLX,34000000.0,Kanal,5445.0,False
https://www.olx.com.pk/item/plot-c-580-residential-plot-located-in-the-best-block-of-dha-lahore-iid-1118788744,Residential Plot,For Sale,1 Kanal,0.0,0.0,1 hour ago,Rs 3.55 Crore,"DHA Phase 9 Prism - Block C, Lahore",Lahore,OLX,35500000.0,Kanal,5445.0,False
https://www.olx.com.pk/item/plot-c-1123-residential-plot-located-in-the-best-block-of-dha-lahore-iid-1118788741,Residential Plot,For Sale,1 Kanal,0.0,0.0,1 hour ago,Rs 1.95 Crore,"DHA Phase 9 Prism - Block C, Lahore",Lahore,OLX,19500000.0,Kanal,5445.0,False
https://www.olx.com.pk/item/plot-l-401-residential-plot-located-in-the-best-block-of-dha-lahore-iid-1118788737,Residential Plot,For Sale,1 Kanal,0.0,0.0,1 hour ago,Rs 2.35 Crore,"DHA Phase 9 Prism - Block L, Lahore",Lahore,OLX,23500000.0,Kanal,5445.0,False
https://www.olx.com.pk/item/plot-l-1225-residential-plot-located-in-the-best-block-of-dha-lahore-iid-1118788729,Residential Plot,For Sale,10 Marla,0.0,0.0,1 hour ago,Rs 1.70 Crore,"DHA Phase 9 Prism - Block L, Lahore",Lahore,OLX,17000000.0,Marla,2722.5,False
https://www.olx.com.pk/item/plot-l-1342-residential-plot-located-in-the-best-block-of-dha-lahore-iid-1118788723,Residential Plot,For Sale,10 Marla,0.0,0.0,1 hour ago,Rs 1.65 Crore,"DHA Phase 9 Prism - Block L, Lahore",Lahore,OLX,16500000.0,Marla,2722.5,False
https://www.olx.com.pk/item/plot-r-2350-residential-plot-located-in-the-best-block-of-dha-lahore-iid-1118788718,Residential Plot,For Sale,5 Marla,0.0,0.0,1 hour ago,Rs 1.20 Crore,"DHA Phase 9 Prism - Block R, Lahore",Lahore,OLX,12000000.0,Marla,1361.25,False
https://www.olx.com.pk/item/plot-r-1970-residential-plot-located-in-the-best-block-of-dha-lahore-iid-1118788715,Residential Plot,For Sale,5 Marla,0.0,0.0,1 hour ago,Rs 1.08 Crore,"DHA Phase 9 Prism - Block R, Lahore",Lahore,OLX,10800000.0,Marla,1361.25,False
https://www.olx.com.pk/item/plot-r-1585-residential-plot-located-in-the-best-block-of-dha-lahore-iid-1118788713,Residential Plot,For Sale,5 Marla,0.0,0.0,1 hour ago,Rs 1.14 Crore,"DHA Phase 9 Prism - Block R, Lahore",Lahore,OLX,11399999.999999998,Marla,1361.25,False
https://www.olx.com.pk/item/plot-k-1407-residential-plot-located-in-the-best-block-of-dha-lahore-iid-1118788709,Residential Plot,For Sale,5 Marla,0.0,0.0,1 hour ago,Rs 1.10 Crore,"DHA Phase 9 Prism - Block K, Lahore",Lahore,OLX,11000000.0,Marla,1361.25,False
https://www.olx.com.pk/item/5-marla-park-facing-plot-for-sale-m7-c1-lake-city-lahore-iid-1118459748,Plot,For Sale,5 Marla,0.0,0.0,2 days ago,Rs 1.75 Crore,"Lake City - Sector M7 - Block C1, Lahore",Lahore,OLX,17500000.0,Marla,1361.25,False
https://www.olx.com.pk/item/hot-location-10-marla-corner-residential-plot-for-sale-iid-1118408535,Residential Plot,For Sale,10 Marla,0.0,0.0,9 hours ago,Rs 1.20 Crore,"Bahria Town - Sikandar Block, Lahore",Lahore,OLX,12000000.0,Marla,2722.5,False
https://www.olx.com.pk/item/pkr-12cr-10-marla-residential-plot-for-sale-in-etihad-town-phase-3-available-on-easy-installment-plan-iid-1117623556,Residential Plot,For Sale,10 Marla,0.0,0.0,4 weeks ago,Rs 1.02 Crore,"Soul City, Lahore",Lahore,OLX,10200000.0,Marla,2722.5,False
https://www.olx.com.pk/item/48-marla-corner-plot-for-sale-prime-location-near-pine-avenue-iid-1118754255,Plot,For Sale,48 Marla,0.0,0.0,11 hours ago,Rs 6.50 Crore,"Khayaban-e-Amin - Block L, Lahore",Lahore,OLX,65000000.0,Marla,13068.0,False
https://www.olx.com.pk/item/1-bed-luxury-apartment-for-sale-in-gulberg-iii-lahore-iid-1118424233,Apartment,For Sale,640 SQFT,1.0,1.0,1 week ago,Rs 3.03 Crore,"Gulberg 3, Lahore",Lahore,OLX,30300000.0,SQFT,640.0,False
https://www.olx.com.pk/item/10-marla-house-divine-garden-soller-install-iid-1117968774,House,For Sale,10 Marla,3.0,4.0,3 weeks ago,Rs 3.40 Crore,"Divine Gardens, Lahore",Lahore,OLX,34000000.0,Marla,2722.5,False
https://www.olx.com.pk/item/beautifully-constructed-commercial-plot-is-available-for-sale-in-etihad-town-phase-3-iid-1117732077,Commercial Plot,For Sale,5 Marla,0.0,0.0,1 day ago,Rs 2.90 Crore,"Soul City, Lahore",Lahore,OLX,29000000.0,Marla,1361.25,False
https://www.olx.com.pk/item/10-marla-house-with-solid-construction-nearest-to-park-masjid-available-for-sale-in-bahria-town-lhr-iid-1118461333,House,For Sale,10 Marla,5.0,5.0,11 hours ago,Rs 3.20 Crore,"Bahria Town - Sector B, Lahore",Lahore,OLX,32000000.0,Marla,2722.5,False
https://www.olx.com.pk/item/your-search-ends-right-here-with-the-beautiful-house-in-marghzar-officers-colony-at-affordable-price-of-pkr-rs-11000000-iid-1117033052,House,For Sale,3 Marla,3.0,3.0,2 weeks ago,Rs 1.10 Crore,"Marghzar Officers Colony, Lahore",Lahore,OLX,11000000.0,Marla,816.75,False
https://www.olx.com.pk/item/plot-j-1771-residential-plot-located-in-the-best-block-of-dha-lahore-iid-1118788707,Residential Plot,For Sale,5 Marla,0.0,0.0,1 hour ago,Rs 85 Lacs,"DHA Phase 9 Prism - Block J, Lahore",Lahore,OLX,8500000.0,Marla,1361.25,False
https://www.olx.com.pk/item/possession-pair-10-marla-plot-e-600601-residential-plot-located-in-the-best-block-of-dha-lahore-iid-1118788693,Residential Plot,For Sale,10 Marla,0.0,0.0,1 hour ago,Rs 2 Crore,"DHA 9 Town - Block E, Lahore",Lahore,OLX,20000000.0,Marla,2722.5,False
https://www.olx.com.pk/item/plot-d-2176-residential-plot-located-in-the-best-block-of-dha-lahore-iid-1118788687,Residential Plot,For Sale,5 Marla,0.0,0.0,1 hour ago,Rs 1.19 Crore,"DHA 9 Town - Block D, Lahore",Lahore,OLX,11900000.0,Marla,1361.25,False
https://www.olx.com.pk/item/possession-plot-e-601-residential-plot-located-in-the-best-block-of-dha-lahore-iid-1118788672,Residential Plot,For Sale,5 Marla,0.0,0.0,1 hour ago,Rs 1 Crore,"DHA 9 Town - Block E, Lahore",Lahore,OLX,10000000.0,Marla,1361.25,False
https://www.olx.com.pk/item/plot-d-448-residential-plot-located-in-the-best-block-of-dha-lahore-iid-1118788640,Residential Plot,For Sale,1 Kanal,0.0,0.0,1 hour ago,Rs 2.99 Crore,"DHA Phase 9 Prism - Block D, Lahore",Lahore,OLX,29900000.000000004,Kanal,5445.0,False
https://www.olx.com.pk/item/plot-y-2670-residential-plot-located-in-the-best-block-of-dha-lahore-iid-1118788636,Residential Plot,For Sale,1 Kanal,0.0,0.0,1 hour ago,Rs 4.40 Crore,"DHA Phase 7 - Block Y, Lahore",Lahore,OLX,44000000.0,Kanal,5445.0,False
https://www.olx.com.pk/item/pair-plot-r-32083209-residential-plot-located-in-the-best-block-of-dha-lahore-iid-1118788633,Residential Plot,For Sale,10 Marla,0.0,0.0,1 hour ago,Rs 2.29 Crore,"DHA Phase 9 Prism - Block R, Lahore",Lahore,OLX,22900000.0,Marla,2722.5,False
https://www.olx.com.pk/item/ivy-green-plot-z5-557-residential-plot-located-in-the-best-block-of-dha-lahore-iid-1118788549,Residential Plot,For Sale,10 Marla,0.0,0.0,1 hour ago,Rs 1.70 Crore,"DHA Phase 8 - Block Z5, Lahore",Lahore,OLX,17000000.0,Marla,2722.5,False
https://www.olx.com.pk/item/rana-estate-and-builders-offers-5-marla-residential-file-is-available-for-sale-in-chahar-bagh-phase-1-high-return-investment-iid-1118788523,File,For Sale,5 Marla,0.0,0.0,1 hour ago,Rs 30 Lacs,"Chahar Bagh, Lahore",Lahore,OLX,3000000.0,Marla,1361.25,False
https://www.olx.com.pk/item/rana-estate-and-builders-offers-5-marla-commercial-file-is-available-for-sale-in-chahar-bagh-phase-1-high-return-investment-iid-1118788521,File,For Sale,5 Marla,0.0,0.0,1 hour ago,Rs 1.25 Crore,"Chahar Bagh, Lahore",Lahore,OLX,12500000.0,Marla,1361.25,False
https://www.olx.com.pk/item/8-marla-brand-new-commercial-plaza-d-block-commercial-zone-in-valencia-town-iid-1118788519,Other,For Sale,8 Marla,4.0,5.0,1 hour ago,Rs 20 Crore,"Valencia - Commercial Zone D, Lahore",Lahore,OLX,200000000.0,Marla,2178.0,False
https://www.olx.com.pk/item/105-marla-commercial-plaza-d-block-commercial-zone-in-valencia-town-iid-1118788517,Other,For Sale,"2,362 SQFT",4.0,5.0,1 hour ago,Rs 28 Crore,"Valencia - Commercial Zone D, Lahore",Lahore,OLX,280000000.0,SQFT,2362.0,False
https://www.olx.com.pk/item/one-call-deal-paper-in-hand-plot-r-689-build-the-life-you-have-always-envisioned-on-a-prime-fully-serviced-plot-in-dha-lahores-most-sought-after-and-amenity-rich-block-iid-1118788515,Plot,For Sale,1 Kanal,0.0,0.0,1 hour ago,Rs 6.10 Crore,"DHA Phase 7 - Block R, Lahore",Lahore,OLX,61000000.0,Kanal,5445.0,False
https://www.olx.com.pk/item/brand-new-house-block-t-phase-8-iid-1118788513,House,For Sale,1 Kanal,5.0,6.0,1 hour ago,Rs 11.50 Crore,"DHA Phase 8 - Block T, Lahore",Lahore,OLX,115000000.0,Kanal,5445.0,False
https://www.olx.com.pk/item/dha-raya-apartment-for-sale-iid-1118788511,Apartment,For Sale,970 SQFT,0.0,1.0,1 hour ago,Rs 3.40 Crore,"Defence Raya, Lahore",Lahore,OLX,34000000.0,SQFT,970.0,False
https://www.olx.com.pk/item/hot-deal-invester-and-builder-location-plot-iid-1117968786,Plot,For Sale,1 Kanal,0.0,0.0,13 hours ago,Rs 6.25 Crore,"DHA Phase 6 - Block E, Lahore",Lahore,OLX,62500000.0,Kanal,5445.0,False
https://www.olx.com.pk/item/1-kanal-plot-sector-g-top-location-60-ft-road-direct-approach-to-main-near-35-kanal-park-and-mosque-iid-1118472838,Plot,For Sale,1 Kanal,0.0,0.0,1 week ago,Rs 3.85 Crore,"DHA Phase 9 Prism - Block G, Lahore",Lahore,OLX,38500000.0,Kanal,5445.0,False
https://www.olx.com.pk/item/1-kanal-plot-highly-desirable-residential-parcel-block-r-dha-phase-7-iid-1118620944,Plot,For Sale,1 Kanal,0.0,0.0,4 days ago,Rs 3.80 Crore,"DHA Phase 7 - Block R, Lahore",Lahore,OLX,38000000.0,Kanal,5445.0,False
https://www.olx.com.pk/item/10-marla-plot-in-shaheen-block-iid-1118098973,Plot,For Sale,10 Marla,0.0,0.0,2 weeks ago,Rs 98 Lacs,"Chinar Bagh - Shaheen Block, Lahore",Lahore,OLX,9800000.0,Marla,2722.5,False
https://www.olx.com.pk/item/central-one-dha-lahore-2-kanal-is-available-for-sale-main-airport-road-dha-phase-8-lahore-iid-1118756049,Other,For Sale,40 Marla,4.0,5.0,16 hours ago,Rs 20 Crore,"DHA Phase 8, Lahore",Lahore,OLX,200000000.0,Marla,10890.0,False
https://www.olx.com.pk/item/5-marla-beautiful-ultra-modern-house-for-sale-in-central-park-housing-society-lahore-iid-1118230285,House,For Sale,5 Marla,5.0,5.0,6 days ago,Rs 2.60 Crore,"Central Park Housing Scheme, Lahore",Lahore,OLX,26000000.0,Marla,1361.25,False
https://www.olx.com.pk/item/5-marla-house-double-storey-brand-new-for-sale-iid-1118432932,House,For Sale,5 Marla,4.0,5.0,3 days ago,Rs 2.50 Crore,"Bismillah Housing Scheme, Lahore",Lahore,OLX,25000000.0,Marla,1361.25,False
https://www.olx.com.pk/item/shop-available-for-sale-in-valencia-tower-paradise-floor-second-floor-iid-1118788508,Shop,For Sale,94 SQFT,3.5,5.0,1 hour ago,Rs 7.50 Lac,"Valencia Town, Lahore",Lahore,OLX,750000.0,SQFT,94.0,False
https://www.olx.com.pk/item/2-bed-luxury-apartment-for-sale-in-dha-phase-8-air-avenue-lahore-ideal-for-investment-rental-income-iid-1118788506,Apartment,For Sale,5 Marla,2.0,2.0,1 hour ago,Rs 1.75 Crore,"DHA Phase 8 - Ex Air Avenue, Lahore",Lahore,OLX,17500000.0,Marla,1361.25,False
https://www.olx.com.pk/item/plot-r-2950-residential-plot-located-in-the-best-block-of-dha-lahore-iid-1118788349,Residential Plot,For Sale,5 Marla,0.0,0.0,2 hours ago,Rs 1.12 Crore,"DHA Phase 9 Prism - Block R, Lahore",Lahore,OLX,11200000.000000002,Marla,1361.25,False
https://www.olx.com.pk/item/plot-k-1165-residential-plot-located-in-the-best-block-of-dha-lahore-iid-1118788346,Residential Plot,For Sale,5 Marla,0.0,0.0,2 hours ago,Rs 95 Lacs,"DHA Phase 9 Prism - Block K, Lahore",Lahore,OLX,9500000.0,Marla,1361.25,False
https://www.olx.com.pk/item/plot-z2-1625-residential-plot-located-in-the-best-block-of-dha-lahore-iid-1118788343,Residential Plot,For Sale,1 Kanal,0.0,0.0,2 hours ago,Rs 2.35 Crore,"DHA Phase 7 - Block Z2, Lahore",Lahore,OLX,23500000.0,Kanal,5445.0,False
https://www.olx.com.pk/item/plot-w-567-residential-plot-located-in-the-best-block-of-dha-lahore-iid-1118788342,Residential Plot,For Sale,1 Kanal,0.0,0.0,2 hours ago,Rs 5.20 Crore,"DHA Phase 7 - Block W, Lahore",Lahore,OLX,52000000.0,Kanal,5445.0,False
https://www.olx.com.pk/item/10-marla-commercial-building-for-sale-defence-raya-fairways-location-defence-raya-fairways-dha-phase-6-lahore-iid-1118788316,Building,For Sale,10 Marla,2.0,2.5,2 hours ago,Rs 47 Crore,"Defence Raya, Lahore",Lahore,OLX,470000000.0,Marla,2722.5,False
https://www.olx.com.pk/item/5-marla-prime-location-plot-available-for-sale-iid-1118788147,Plot,For Sale,5 Marla,0.0,0.0,2 hours ago,Rs 75 Lacs,"Central Park - Block E, Lahore",Lahore,OLX,7500000.0,Marla,1361.25,False
https://www.olx.com.pk/item/10-marla-plot-available-for-sale-on-prime-location-iid-1118788109,Plot,For Sale,10 Marla,0.0,0.0,2 hours ago,Rs 1.45 Crore,"Central Park - Block G, Lahore",Lahore,OLX,14500000.0,Marla,2722.5,False
https://www.olx.com.pk/item/1120-marla-corner-main-80ft-road-plot-available-for-sale-iid-1118788102,Plot,For Sale,"2,520 SQFT",0.0,0.0,2 hours ago,Rs 1.50 Crore,"Central Park - Block D, Lahore",Lahore,OLX,15000000.0,SQFT,2520.0,False
https://www.olx.com.pk/item/ideal-flat-is-available-for-sale-in-zaman-colony-iid-1118334268,Apartment,For Sale,225 SQFT,1.0,1.0,2 hours ago,Rs 32 Lacs,"Zaman Colony, Lahore",Lahore,OLX,3200000.0,SQFT,225.0,False
https://www.olx.com.pk/item/flats-for-sale-iid-1117848773,Apartment,For Sale,1 Marla,1.0,1.0,2 hours ago,Rs 31 Lacs,"Zaman Colony, Lahore",Lahore,OLX,3100000.0,Marla,272.25,False
https://www.olx.com.pk/item/26-marla-house-for-sale-garden-town-iid-1118788064,House,For Sale,26 Marla,6.0,7.0,2 hours ago,Rs 7.50 Crore,"Garden Town - Aurangzaib Block, Lahore",Lahore,OLX,75000000.0,Marla,7078.5,False
https://www.olx.com.pk/item/10-marla-house-for-sale-iid-1118788023,House,For Sale,10 Marla,5.0,7.0,2 hours ago,Rs 6 Crore,"Model Town - Block H, Lahore",Lahore,OLX,60000000.0,Marla,2722.5,False
https://www.olx.com.pk/item/1-kanal-house-for-sale-gulberg-iid-1118788021,House,For Sale,1 Kanal,6.0,7.0,2 hours ago,Rs 10 Crore,"Gulberg, Lahore",Lahore,OLX,100000000.0,Kanal,5445.0,False
https://www.olx.com.pk/item/10-marla-residential-plot-for-sale-in-rs-13000000-only-iid-1117692862,Residential Plot,For Sale,10 Marla,0.0,0.0,2 weeks ago,Rs 1.30 Crore,"AWT Phase 2, Lahore",Lahore,OLX,13000000.0,Marla,2722.5,False
https://www.olx.com.pk/item/brand-new-13-marla-luxury-apartment-for-sale-in-askari-12-lahore-iid-1118504546,Apartment,For Sale,13 Marla,4.0,4.0,1 week ago,Rs 4 Crore,"Askari 12, Lahore",Lahore,OLX,40000000.0,Marla,3539.25,False
https://www.olx.com.pk/item/facing-park-8-marla-commercial-plot-for-sale-at-good-location-in-block-a-eden-city-dha-phase-8-airport-road-lahore-iid-1118591595,Commercial Plot,For Sale,8 Marla,0.0,0.0,5 days ago,Rs 3.50 Crore,"Eden City - Block A, Lahore",Lahore,OLX,35000000.0,Marla,2178.0,False
https://www.olx.com.pk/item/reasonably-priced-4-marla-residential-plot-file-in-dha-phase-10-lahore-is-available-as-of-now-iid-1117333456,Residential Plot,For Sale,4 Marla,0.0,0.0,2 weeks ago,Rs 1.61 Crore,"DHA Phase 10, Lahore",Lahore,OLX,16100000.000000002,Marla,1089.0,False
https://www.olx.com.pk/item/3-marla-brand-new-house-available-for-sale-iid-1118193023,House,For Sale,3 Marla,4.0,5.0,2 weeks ago,Rs 1.75 Crore,"Union Green, Lahore",Lahore,OLX,17500000.0,Marla,816.75,False
https://www.olx.com.pk/item/t-block-near-to-this-good-location-plot-for-sale-iid-1118068017,Plot,For Sale,2 Kanal,0.0,0.0,2 weeks ago,Rs 16 Crore,"DHA Phase 8 - Block T, Lahore",Lahore,OLX,160000000.0,Kanal,10890.0,False
https://www.olx.com.pk/item/10-marla-park-facing-double-storey-house-ready-to-move-fazaia-phase-1-excellent-price-iid-1118215568,House,For Sale,10 Marla,5.0,4.0,2 weeks ago,Rs 3.75 Crore,"Fazaia Housing Scheme Phase 1, Lahore",Lahore,OLX,37500000.0,Marla,2722.5,False
https://www.olx.com.pk/item/plot-no-1057-block-e-ext-10-marla-plot-on-top-location-of-phase-6-dha-lahore-iid-1118176813,Plot,For Sale,10 Marla,0.0,0.0,16 hours ago,Rs 2.04 Crore,"DHA Phase 6 - Block E Extension, Lahore",Lahore,OLX,20400000.0,Marla,2722.5,False
https://www.olx.com.pk/item/10-marla-house-for-sale-iid-1118788020,House,For Sale,10 Marla,5.0,5.0,2 hours ago,Rs 6 Crore,"Gulberg, Lahore",Lahore,OLX,60000000.0,Marla,2722.5,False
https://www.olx.com.pk/item/1-kanal-double-story-factory-for-sale-iid-1118788005,Factory,For Sale,1 Kanal,0.0,0.0,2 hours ago,Rs 5.50 Crore,"Gajju Matah, Lahore",Lahore,OLX,55000000.0,Kanal,5445.0,False
https://www.olx.com.pk/item/10-marla-house-for-sale-iid-1118787967,House,For Sale,10 Marla,5.0,5.0,2 hours ago,Rs 5 Crore,"Garden Town - Sher Shah Block, Lahore",Lahore,OLX,50000000.0,Marla,2722.5,False
https://www.olx.com.pk/item/5-marla-double-storey-used-house-for-sale-in-eden-boulevard-society-college-road-lahore-near-wapda-town-gated-society-premium-location-iid-1118787836,House,For Sale,5 Marla,5.0,6.0,2 hours ago,Rs 1.95 Crore,"Eden Boulevard Housing Scheme, Lahore",Lahore,OLX,19500000.0,Marla,1361.25,False
https://www.olx.com.pk/item/hot-deal-325-marla-triple-storey-slightly-used-house-owner-build-foe-sale-in-eden-residencia-near-military-accounts-society-college-road-lahore-prime-location-near-wapda-town-iid-1118787829,House,For Sale,3 Marla,4.0,5.0,2 hours ago,Rs 1.75 Crore,"Eden Residencia, Lahore",Lahore,OLX,17500000.0,Marla,816.75,False
https://www.olx.com.pk/item/8-marla-residential-plot-available-for-sale-in-high-court-society-phase-2-college-road-lahore-cooperative-society-iid-1118787821,Residential Plot,For Sale,8 Marla,0.0,0.0,2 hours ago,Rs 65 Lacs,"High Court Phase 2 - Block A, Lahore",Lahore,OLX,6500000.0,Marla,2178.0,False
https://www.olx.com.pk/item/5-marla-residential-plot-available-for-sale-in-high-court-society-phase-2-college-road-lahore-near-military-accounts-iid-1118787818,Residential Plot,For Sale,5 Marla,0.0,0.0,2 hours ago,Rs 45 Lacs,"High Court Phase 2 - Block D, Lahore",Lahore,OLX,4500000.0,Marla,1361.25,False
https://www.olx.com.pk/item/hot-deal-3-marla-residential-plot-available-for-sale-in-union-green-phase-1-college-road-lahore-premium-location-near-wapda-town-near-nfc-society-gated-society-iid-1118787813,Residential Plot,For Sale,3 Marla,0.0,0.0,2 hours ago,Rs 58 Lacs,"Union Green, Lahore",Lahore,OLX,5800000.0,Marla,816.75,False
https://www.olx.com.pk/item/for-sale-house-1-kanal-double-story-tile-wood-work-floor-beautiful-house-top-location-main-college-road-near-eden-chowk-near-park-good-investment-time-iid-1117600960,House,For Sale,1 Kanal,6.0,6.0,2 hours ago,Rs 6.25 Crore,"PGECHS Phase 2, Lahore",Lahore,OLX,62500000.0,Kanal,5445.0,False
https://www.olx.com.pk/item/for-sale-house-4-marla-single-story-marble-wood-work-floor-beautiful-house-top-location-main-college-road-near-eden-chowk-lahore-iid-1118745474,House,For Sale,4 Marla,1.0,2.0,2 hours ago,Rs 1.30 Crore,"Military Accounts Housing Society, Lahore",Lahore,OLX,13000000.0,Marla,1089.0,False
https://www.olx.com.pk/item/for-sale-house-8-marla-single-storey-tile-wood-work-floor-beautiful-house-top-location-main-college-road-near-eden-chowk-good-investment-time-iid-1118745472,House,For Sale,8 Marla,2.0,2.0,2 hours ago,Rs 2.15 Crore,"Military Accounts Housing Society, Lahore",Lahore,OLX,21500000.0,Marla,2178.0,False
https://www.olx.com.pk/item/for-sale-house-10-marla-double-story-chips-floor-beautiful-house-top-location-main-college-road-near-butt-chowk-township-lahore-good-investment-time-iid-1118705603,House,For Sale,10 Marla,0.0,5.0,2 hours ago,Rs 3.15 Crore,"Township, Lahore",Lahore,OLX,31500000.0,Marla,2722.5,False
https://www.olx.com.pk/item/for-sale-house-1-kanal-double-story-tile-wood-work-floor-beautiful-house-good-investment-time-top-location-main-college-road-near-eden-chowk-lahore-iid-1118203654,House,For Sale,1 Kanal,5.0,5.0,2 hours ago,Rs 5.95 Crore,"Punjab Govt Employees Society, Lahore",Lahore,OLX,59500000.0,Kanal,5445.0,False
https://www.olx.com.pk/item/for-sale-house-10-marla-single-story-till-wood-work-floor-beautiful-house-top-location-main-college-road-near-butt-chowk-township-lahore-good-investment-time-iid-1117973962,House,For Sale,10 Marla,2.0,3.0,2 hours ago,Rs 2.75 Crore,"Township, Lahore",Lahore,OLX,27500000.0,Marla,2722.5,False
https://www.olx.com.pk/item/brand-new-house-5-marla-double-story-tile-wood-work-floor-beautiful-house-top-location-main-college-road-near-lajna-chowk-township-lahore-good-investment-time-iid-1117821674,House,For Sale,5 Marla,3.0,3.0,2 hours ago,Rs 2.40 Crore,"Township, Lahore",Lahore,OLX,24000000.0,Marla,1361.25,False
https://www.olx.com.pk/item/2-marla-commercial-plot-in-etihad-town-phase-1-iid-1117624538,Commercial Plot,For Sale,2 Marla,0.0,0.0,2 weeks ago,Rs 2 Crore,"Etihad Town Phase 1, Lahore",Lahore,OLX,20000000.0,Marla,544.5,False
https://www.olx.com.pk/item/2-marla-double-story-house-in-green-town-bagarian-bank-loan-eligible-iid-1118319368,House,For Sale,2 Marla,4.0,2.0,2 weeks ago,Rs 55 Lacs,"Bagarian, Lahore",Lahore,OLX,5500000.0,Marla,544.5,False
https://www.olx.com.pk/item/cheap-land-for-agriculture-and-farmhouse-iid-1117546501,House,For Sale,1 Kanal,5.0,5.0,10 hours ago,Rs 30 Lacs,"Jia Baga Road, Lahore",Lahore,OLX,3000000.0,Kanal,5445.0,False
https://www.olx.com.pk/item/dha-9-town-block-a-prime-location-plot-in-very-resenable-price-iid-1118178522,Plot,For Sale,5 Marla,0.0,0.0,2 weeks ago,Rs 1.25 Crore,"DHA 9 Town, Lahore",Lahore,OLX,12500000.0,Marla,1361.25,False
https://www.olx.com.pk/item/5-marla-plot-on-ideal-location-iid-1118488702,Plot,For Sale,5 Marla,0.0,0.0,17 hours ago,Rs 48 Lacs,"Etihad Town Phase 2, Lahore",Lahore,OLX,4800000.0,Marla,1361.25,False
https://www.olx.com.pk/item/5-marla-25-story-brand-new-fully-furnished-corner-with-facing-park-house-for-sale-iid-1117912021,House,For Sale,5 Marla,3.0,3.0,11 hours ago,Rs 2.29 Crore,"SA Gardens Phase 2, Lahore",Lahore,OLX,22900000.0,Marla,1361.25,False
https://www.olx.com.pk/item/1-kanal-residential-plot-block-l-at-prime-location-for-sale-in-dha-phase-8-ex-air-avenue-iid-1118485162,Residential Plot,For Sale,20 Marla,0.0,0.0,1 week ago,Rs 3.60 Crore,"Air Avenue - Block L, Lahore",Lahore,OLX,36000000.0,Marla,5445.0,False
https://www.olx.com.pk/item/for-sale-house-10-marla-double-story-tile-wood-work-floor-beautiful-house-top-location-main-college-road-near-pcsir-stuff-society-near-military-account-society-near-nespak-society-near-eden-society-good-investment-time-iid-1117805319,House,For Sale,10 Marla,5.0,5.0,2 hours ago,Rs 4.25 Crore,"PGECHS Phase 2, Lahore",Lahore,OLX,42500000.0,Marla,2722.5,False
https://www.olx.com.pk/item/for-sale-house-10-marla-double-story-marble-wood-work-floor-beautiful-house-top-location-main-college-road-near-gondal-chowk-township-lahore-good-investment-time-iid-1117804314,House,For Sale,10 Marla,6.0,6.0,2 hours ago,Rs 3.70 Crore,"Township, Lahore",Lahore,OLX,37000000.0,Marla,2722.5,False
https://www.olx.com.pk/item/for-sale-house-10-marla-double-story-marble-wood-work-floor-beautiful-house-top-location-main-college-road-near-lajna-chowk-township-lahore-good-investment-time-iid-1117804310,House,For Sale,10 Marla,5.0,5.0,2 hours ago,Rs 3.75 Crore,"Township, Lahore",Lahore,OLX,37500000.0,Marla,2722.5,False
https://www.olx.com.pk/item/old-house-25-years-10-marla-single-story-chips-floor-good-investment-time-top-location-near-butt-chowk-township-lahore-iid-1117804309,House,For Sale,10 Marla,3.0,3.0,2 hours ago,Rs 2.45 Crore,"Township, Lahore",Lahore,OLX,24500000.0,Marla,2722.5,False
https://www.olx.com.pk/item/3-marla-brand-new-house-available-for-sale-iid-1118787388,House,For Sale,3 Marla,4.0,4.0,2 hours ago,Rs 2.70 Crore,"Allama Iqbal Town - Huma Block, Lahore",Lahore,OLX,27000000.0,Marla,816.75,False
https://www.olx.com.pk/item/for-sale-commercial-building-1-kanal-5-floor-full-basement-good-investment-time-top-location-main-college-road-near-lajna-chowk-township-lahore-iid-1118787380,Building,For Sale,1 Kanal,2.0,2.5,2 hours ago,Rs 20 Crore,"Township, Lahore",Lahore,OLX,200000000.0,Kanal,5445.0,False
https://www.olx.com.pk/item/brand-new-1-kanal-beautifull-house-available-for-sale-iid-1118168786,House,For Sale,1 Kanal,6.0,7.0,2 hours ago,Rs 15 Crore,"Allama Iqbal Town - Nargis Block, Lahore",Lahore,OLX,150000000.0,Kanal,5445.0,False
https://www.olx.com.pk/item/1-kanal-commercial-building-available-for-sale-iid-1117681096,Building,For Sale,1 Kanal,2.0,2.5,2 hours ago,Rs 50 Crore,"Allama Iqbal Main Boulevard, Lahore",Lahore,OLX,500000000.0,Kanal,5445.0,False
https://www.olx.com.pk/item/10-marla-plot-available-for-sale-in-lda-avenue-1-block-l-hot-location-iid-1118787114,Plot,For Sale,10 Marla,0.0,0.0,3 hours ago,Rs 1.02 Crore,"LDA Avenue - Block L, Lahore",Lahore,OLX,10200000.0,Marla,2722.5,False
https://www.olx.com.pk/item/10-marla-plot-available-for-sale-in-lda-avenue-1-block-k-hot-location-iid-1118787089,Plot,For Sale,10 Marla,0.0,0.0,3 hours ago,Rs 1.18 Crore,"LDA Avenue - Block K, Lahore",Lahore,OLX,11800000.0,Marla,2722.5,False
https://www.olx.com.pk/item/10-marla-double-story-beautifull-house-available-for-sale-iid-1118168736,House,For Sale,10 Marla,5.0,5.0,3 hours ago,Rs 4 Crore,"Allama Iqbal Town - Ravi Block, Lahore",Lahore,OLX,40000000.0,Marla,2722.5,False
https://www.olx.com.pk/item/3-marla-commercial-flat-available-for-sale-iid-1117849733,Apartment,For Sale,3 Marla,2.0,1.0,3 hours ago,Rs 65 Lacs,"Allama Iqbal Town, Lahore",Lahore,OLX,6500000.0,Marla,816.75,False
https://www.olx.com.pk/item/1-kanal-commercial-building-available-for-sale-iid-1117849731,Building,For Sale,20 Marla,2.0,2.5,3 hours ago,Rs 23 Crore,"Yateem Khana Chowk, Lahore",Lahore,OLX,230000000.0,Marla,5445.0,False
https://www.olx.com.pk/item/10-marla-plot-available-for-sale-in-lda-avenue-1-block-m-hot-location-iid-1118787058,Plot,For Sale,10 Marla,0.0,0.0,3 hours ago,Rs 1.32 Crore,"LDA Avenue - Block M, Lahore",Lahore,OLX,13200000.0,Marla,2722.5,False
https://www.olx.com.pk/item/5-marla-beautifull-house-available-for-sale-iid-1117722583,House,For Sale,5 Marla,4.0,4.0,3 hours ago,Rs 2.70 Crore,"Allama Iqbal Town - Nargis Block, Lahore",Lahore,OLX,27000000.0,Marla,1361.25,False
https://www.olx.com.pk/item/well-constructed-brand-new-house-available-for-sale-in-marghzar-officers-colony-iid-1117033076,House,For Sale,563 SQFT,3.0,3.0,4 weeks ago,Rs 1.20 Crore,"Marghzar Officers Colony, Lahore",Lahore,OLX,12000000.0,SQFT,563.0,False
https://www.olx.com.pk/item/275-marla-ghr-for-sale-in-model-town-iid-1118620510,Other,For Sale,400 SQFT,4.0,2.0,4 days ago,Rs 3.45 Crore,"Model Town - Block L, Lahore",Lahore,OLX,34500000.0,SQFT,400.0,False
https://www.olx.com.pk/item/3-marla-dabal-story-ghr-for-sale-in-al-nor-park-society-near-ferozpur-road-iid-1117618985,Other,For Sale,3 Marla,3.0,3.0,2 weeks ago,Rs 55 Lacs,"Al Noor Park Housing Society, Lahore",Lahore,OLX,5500000.0,Marla,816.75,False
https://www.olx.com.pk/item/pkr-12cr-10-marla-residential-plot-for-sale-in-etihad-town-phase-3-available-on-easy-installment-plan-iid-1117624062,Residential Plot,For Sale,10 Marla,0.0,0.0,4 weeks ago,Rs 1.02 Crore,"Soul City, Lahore",Lahore,OLX,10200000.0,Marla,2722.5,False
https://www.olx.com.pk/item/prime-2-kanal-plot-for-sale-on-150-feet-main-boulevard-nfc-society-lahore-iid-1117467561,Plot,For Sale,40 Marla,0.0,0.0,4 days ago,Rs 7.75 Crore,"Valencia Town, Lahore",Lahore,OLX,77500000.0,Marla,10890.0,False
https://www.olx.com.pk/item/house-of-10-marla-is-available-for-sale-in-marghzar-officers-colony-iid-1117033112,House,For Sale,10 Marla,4.0,4.0,3 weeks ago,Rs 3.50 Crore,"Marghzar Officers Colony, Lahore",Lahore,OLX,35000000.0,Marla,2722.5,False
https://www.olx.com.pk/item/1-kanal-plot-for-sale-in-dha-phase-9-prism-iid-1118597591,Plot,For Sale,1 Kanal,0.0,0.0,5 days ago,Rs 2.70 Crore,"DHA Phase 9, Lahore",Lahore,OLX,27000000.0,Kanal,5445.0,False
https://www.olx.com.pk/item/lahore-smart-city-exactive-east-block-plot-no-30-sector-a-st-no-2-iid-1118787021,Plot,For Sale,12 Marla,0.0,0.0,3 hours ago,Rs 47 Lacs,"Lahore Smart City - Executive Block, Lahore",Lahore,OLX,4700000.0,Marla,3267.0,False
https://www.olx.com.pk/item/10-marla-plot-available-for-sale-in-lda-avenue-1-block-g-hot-location-iid-1118787011,Plot,For Sale,10 Marla,0.0,0.0,3 hours ago,Rs 1.32 Crore,"LDA Avenue - Block G, Lahore",Lahore,OLX,13200000.0,Marla,2722.5,False
https://www.olx.com.pk/item/2-kanal-double-story-beautiful-house-for-sale-iid-1117849709,House,For Sale,2 Kanal,6.0,7.0,3 hours ago,Rs 18 Crore,"Allama Iqbal Town - Rachna Block, Lahore",Lahore,OLX,180000000.0,Kanal,10890.0,False
https://www.olx.com.pk/item/16-marla-plot-available-for-sale-in-ittehad-colony-allama-iqbal-town-iid-1117849455,Plot,For Sale,16 Marla,0.0,0.0,3 hours ago,Rs 5.50 Crore,"Ittehad Colony, Lahore",Lahore,OLX,55000000.0,Marla,4356.0,False
https://www.olx.com.pk/item/10-marla-plot-available-for-sale-in-lda-avenue-1-block-g-hot-location-iid-1118786964,Plot,For Sale,10 Marla,0.0,0.0,3 hours ago,Rs 1.32 Crore,"LDA Avenue - Block G, Lahore",Lahore,OLX,13200000.0,Marla,2722.5,False
https://www.olx.com.pk/item/10-marla-plot-available-for-sale-in-lda-avnue-1-block-g-hot-location-iid-1118786911,Plot,For Sale,10 Marla,0.0,0.0,3 hours ago,Rs 1.40 Crore,"LDA Avenue - Block G, Lahore",Lahore,OLX,14000000.0,Marla,2722.5,False
https://www.olx.com.pk/item/10-marla-plot-available-for-sale-in-lda-avenu-1-block-j-no-taar-pool-iid-1118786834,Plot,For Sale,10 Marla,0.0,0.0,3 hours ago,Rs 1.53 Crore,"LDA Avenue - Block J, Lahore",Lahore,OLX,15300000.0,Marla,2722.5,False
https://www.olx.com.pk/item/10-marla-plot-available-for-sale-in-lda-avnue-1-block-c-hot-location-iid-1118786732,Plot,For Sale,10 Marla,0.0,0.0,3 hours ago,Rs 1.67 Crore,"LDA Avenue - Block C, Lahore",Lahore,OLX,16700000.0,Marla,2722.5,False
https://www.olx.com.pk/item/lake-city-meadows-x-state-life-society-iid-1118786603,Other,For Sale,20 Marla,4.0,5.0,3 hours ago,Rs 3.50 Crore,"Lake City Meadows Phase 1 - Block B, Lahore",Lahore,OLX,35000000.0,Marla,5445.0,False
https://www.olx.com.pk/item/sui-gas-society-near-dha-phase-5-iid-1118786559,Other,For Sale,20 Marla,4.0,5.0,3 hours ago,Rs 4.50 Crore,"Sui Gas Society Phase 1 - Block B, Lahore",Lahore,OLX,45000000.0,Marla,5445.0,False
https://www.olx.com.pk/item/5-marla-outclass-3bed-double-storey-house-is-for-sale-in-wapda-town-g-3-block-iid-1118265755,House,For Sale,5 Marla,3.0,4.0,3 hours ago,Rs 2.20 Crore,"Wapda Town Phase 1, Lahore",Lahore,OLX,22000000.0,Marla,1361.25,False
https://www.olx.com.pk/item/a-spacious-10-marla-house-in-pak-arab-society-phase-2-block-f1-iid-1118785877,House,For Sale,10 Marla,5.0,6.0,4 hours ago,Rs 2.90 Crore,"Pak Arab Society Phase 2 - Block F1, Lahore",Lahore,OLX,29000000.0,Marla,2722.5,False
https://www.olx.com.pk/item/budget-friendly-1-kanal-dream-home-iid-1118231961,Other,For Sale,1 Kanal,6.0,7.0,4 hours ago,Rs 7.80 Crore,"DHA Phase 8 - Block Y, Lahore",Lahore,OLX,78000000.0,Kanal,5445.0,False
https://www.olx.com.pk/item/in-zaamin-city-phase-1-block-a-5-marla-residential-plot-for-sale-iid-1118785732,Residential Plot,For Sale,5 Marla,0.0,0.0,4 hours ago,Rs 48 Lacs,"Zaamin City Phase 1 - Block C, Lahore",Lahore,OLX,4800000.0,Marla,1361.25,False
https://www.olx.com.pk/item/5-marla-residential-plot-in-zaamin-city-iid-1118785704,Residential Plot,For Sale,5 Marla,0.0,0.0,4 hours ago,Rs 60 Lacs,"Zaamin City, Lahore",Lahore,OLX,6000000.0,Marla,1361.25,False
https://www.olx.com.pk/item/6-marla-corner-house-for-sale-registry-intqal-kaloni-gas-available-near-new-lahore-city-2-km-ring-road-interchange-nfc-2-wala-iid-1117876424,House,For Sale,6 Marla,5.0,6.0,21 hours ago,Rs 1.85 Crore,"New Lahore City, Lahore",Lahore,OLX,18500000.0,Marla,1633.5,False
https://www.olx.com.pk/item/prime-location-02-kanal-commercial-plot-for-sale-iid-1118650252,Commercial Plot,For Sale,46 Marla,0.0,0.0,3 days ago,Rs 13 Crore,"Doctors Housing Society, Lahore",Lahore,OLX,130000000.0,Marla,12523.5,False
https://www.olx.com.pk/item/furnished-full-basement-6-bed-1-kanal-spanish-bungalow-for-sale-iid-1117070188,Other,For Sale,1 Kanal,6.0,7.0,4 days ago,Rs 13.20 Crore,"DHA Phase 5 - Block K, Lahore",Lahore,OLX,132000000.0,Kanal,5445.0,False
https://www.olx.com.pk/item/3-marla-used-house-for-sale-iid-1117570763,House,For Sale,3 Marla,2.0,3.0,5 days ago,Rs 1.35 Crore,"Jubilee Town - Block C, Lahore",Lahore,OLX,13500000.0,Marla,816.75,False
https://www.olx.com.pk/item/1-bed-luxury-apartment-for-sale-on-4-year-easy-installments-classic-living-sector-f-bahria-town-lahore-iid-1117513305,Apartment,For Sale,500 SQFT,1.0,1.0,2 weeks ago,Rs 92.50 Lacs,"Bahria Town - Sector F, Lahore",Lahore,OLX,9250000.0,SQFT,500.0,False
https://www.olx.com.pk/item/100-confirm-plot-very-good-location-main-ki-back-one-call-deal-in-sha-allah-iid-1117729102,Plot,For Sale,20 Marla,0.0,0.0,4 weeks ago,Rs 3 Crore,"DHA Phase 9 Prism - Block C, Lahore",Lahore,OLX,30000000.0,Marla,5445.0,False
https://www.olx.com.pk/item/prime-location-corner-plot-for-sale-in-park-view-city-possession-paid-only-iid-1118488922,Plot,For Sale,5 Marla,0.0,0.0,13 hours ago,Rs 55 Lacs,"Park View Villas, Lahore",Lahore,OLX,5500000.0,Marla,1361.25,False
https://www.olx.com.pk/item/penta-square-open-view-studio-apartment-available-for-sale-iid-1117519903,Apartment,For Sale,500 SQFT,0.0,1.0,2 weeks ago,Rs 2.25 Crore,"Penta Square By DHA Lahore, Lahore",Lahore,OLX,22500000.0,SQFT,500.0,False
https://www.olx.com.pk/item/hot-location-2-kanal-plot-for-sale-on-main-boulevard-100-feet-road-block-d-valencia-town-iid-1117465029,Plot,For Sale,40 Marla,0.0,0.0,4 days ago,Rs 9.60 Crore,"Valencia Town, Lahore",Lahore,OLX,96000000.0,Marla,10890.0,False
https://www.olx.com.pk/item/shahid-town-residential-plot-sized-3-marla-for-sale-iid-1118785693,Residential Plot,For Sale,3 Marla,0.0,0.0,4 hours ago,Rs 65 Lacs,"Shahid Town, Lahore",Lahore,OLX,6500000.0,Marla,816.75,False
https://www.olx.com.pk/item/live-today-pay-later-134-marla-modern-apartment-immediate-possession-on-50-down-payment-iid-1118571066,Apartment,For Sale,13 Marla,3.0,4.0,4 hours ago,Rs 5.72 Crore,"Askari 11 - Sector B Apartments, Lahore",Lahore,OLX,57200000.0,Marla,3539.25,False
https://www.olx.com.pk/item/4-marla-commercial-plot-for-sale-oval-complex-dha-9-town-iid-1118415342,Commercial Plot,For Sale,4 Marla,0.0,0.0,4 hours ago,Rs 6.85 Crore,"DHA Phase 9 Prism - Oval Complex, Lahore",Lahore,OLX,68500000.0,Marla,1089.0,False
https://www.olx.com.pk/item/4-marla-park-facing-commercial-plot-dha-9-town-block-a-iid-1118415162,Commercial Plot,For Sale,4 Marla,0.0,0.0,4 hours ago,Rs 5 Crore,"DHA Phase 9 Prism - Block A, Lahore",Lahore,OLX,50000000.0,Marla,1089.0,False
https://www.olx.com.pk/item/residential-plot-for-grabs-in-3-marla-lahore-iid-1118785562,Residential Plot,For Sale,3 Marla,0.0,0.0,4 hours ago,Rs 25 Lacs,"Vital Homes DD, Lahore",Lahore,OLX,2500000.0,Marla,816.75,False
https://www.olx.com.pk/item/latest-style-apartment-for-sale-askari-11-lahore-basement-parking-iid-1118183209,Apartment,For Sale,10 Marla,3.0,3.0,4 hours ago,Rs 3.35 Crore,"Askari 11 - Sector B Apartments, Lahore",Lahore,OLX,33500000.0,Marla,2722.5,False
https://www.olx.com.pk/item/1-kanal-corner-pair-commercial-plots-available-for-sale-iid-1118785258,Commercial Plot,For Sale,2 Kanal,0.0,0.0,4 hours ago,Rs 24 Crore,"Wapda Town Phase 1 - Block E2, Lahore",Lahore,OLX,240000000.0,Kanal,10890.0,False
https://www.olx.com.pk/item/premium-3-bed-apartment-for-sale-in-askari-11-lahore-ground-floor-parking-secure-amp-elite-community-iid-1117984296,Apartment,For Sale,10 Marla,3.0,3.0,4 hours ago,Rs 4.30 Crore,"Askari 11 - Sector B Apartments, Lahore",Lahore,OLX,43000000.0,Marla,2722.5,False
https://www.olx.com.pk/item/1-kanal-plot-in-judicial-phase-3-near-eme-iid-1118785206,Plot,For Sale,1 Kanal,0.0,0.0,4 hours ago,Rs 4.20 Crore,"Judicial Colony Phase 3, Lahore",Lahore,OLX,42000000.0,Kanal,5445.0,False
https://www.olx.com.pk/item/1-kanal-plot-available-for-sale-in-lda-avenue-1-block-l-hot-location-iid-1118785204,Plot,For Sale,1 Kanal,0.0,0.0,4 hours ago,Rs 1.50 Crore,"LDA Avenue - Block L, Lahore",Lahore,OLX,15000000.0,Kanal,5445.0,False
https://www.olx.com.pk/item/1-kanal-corner-plot-available-for-sale-in-lda-avenue-1-block-f-best-location-iid-1118785160,Plot,For Sale,1 Kanal,0.0,0.0,4 hours ago,Rs 2.40 Crore,"LDA Avenue - Block F, Lahore",Lahore,OLX,24000000.0,Kanal,5445.0,False
https://www.olx.com.pk/item/4-marla-house-for-sale-in-paragon-city-lahore-iid-1118687133,House,For Sale,4 Marla,3.0,4.0,4 hours ago,Rs 1.90 Crore,"Paragon City, Lahore",Lahore,OLX,19000000.0,Marla,1089.0,False
https://www.olx.com.pk/item/1-kanal-plot-available-for-sale-in-lda-avenue-1-block-d-with-80-ft-road-best-location-iid-1118785097,Plot,For Sale,1 Kanal,0.0,0.0,4 hours ago,Rs 2 Crore,"LDA Avenue - Block D, Lahore",Lahore,OLX,20000000.0,Kanal,5445.0,False
https://www.olx.com.pk/item/1-kanla-plot-available-for-sale-in-lda-avenue-1-block-d-with-50-fit-road-best-location-iid-1118785034,Plot,For Sale,1 Kanal,0.0,0.0,4 hours ago,Rs 2.29 Crore,"LDA Avenue - Block D, Lahore",Lahore,OLX,22900000.0,Kanal,5445.0,False
https://www.olx.com.pk/item/4-marla-house-for-sale-in-paragon-city-lahore-iid-1118785007,House,For Sale,4 Marla,3.0,4.0,4 hours ago,Rs 1.64 Crore,"Paragon City, Lahore",Lahore,OLX,16399999.999999998,Marla,1089.0,False
https://www.olx.com.pk/item/facing-jail-road-office-for-sale-in-gulberg-iid-1117653143,Office,For Sale,"1,142 SQFT",8.0,6.0,4 weeks ago,Rs 5 Crore,"Jail Road, Lahore",Lahore,OLX,50000000.0,SQFT,1142.0,False
https://www.olx.com.pk/item/10-marla-residential-plot-for-sale-open-form-no-transfer-fee-prime-location-iid-1117568560,Residential Plot,For Sale,10 Marla,0.0,0.0,4 weeks ago,Rs 2.60 Crore,"Etihad Town Phase 1, Lahore",Lahore,OLX,26000000.0,Marla,2722.5,False
https://www.olx.com.pk/item/19-marla-residential-plot-for-sale-iid-1116984569,Residential Plot,For Sale,19 Marla,0.0,0.0,2 weeks ago,Rs 2 Crore,"AWT Phase 1 - Block B, Lahore",Lahore,OLX,20000000.0,Marla,5172.75,False
https://www.olx.com.pk/item/565-marla-sami-furnished-house-for-sale-valencia-town-lahore-iid-1118106833,House,For Sale,54 Marla,6.0,7.0,1 week ago,Rs 17.50 Crore,"Valencia Town, Lahore",Lahore,OLX,175000000.0,Marla,14701.5,False
https://www.olx.com.pk/item/tower-c-brand-new-2-beds-apartment-for-sale-in-ex-air-avenue-dha-phase-8-airport-road-lahore-iid-1118756297,Apartment,For Sale,"1,020 SQFT",2.0,2.0,15 hours ago,Rs 1.80 Crore,"DHA Phase 8 - Ex Air Avenue, Lahore",Lahore,OLX,18000000.0,SQFT,1020.0,False
https://www.olx.com.pk/item/ideal-investment-opportunity-in-etihad-town-phase-4-iid-1118559277,Other,For Sale,5 Marla,4.0,5.0,2 days ago,Rs 59 Lacs,"Soul City, Lahore",Lahore,OLX,5900000.0,Marla,1361.25,False
https://www.olx.com.pk/item/one-bed-furnished-apartment-for-short-term-stay-in-bahria-town-lahore-iid-1117517555,Apartment,For Sale,550 SQFT,1.0,1.0,2 weeks ago,Rs 85 Lacs,"Bahria Town - Talha Block, Lahore",Lahore,OLX,8500000.0,SQFT,550.0,False
https://www.olx.com.pk/item/10-marla-ultra-modern-designer-house-facing-park-available-for-sale-iid-1118496911,House,For Sale,10 Marla,5.0,7.0,10 hours ago,Rs 3.50 Crore,"Al Jalil Garden - Block G, Lahore",Lahore,OLX,35000000.0,Marla,2722.5,False
https://www.olx.com.pk/item/brand-new-20-marla-modern-marvel-elegant-bungalow-with-full-basement-for-sale-at-super-hot-location-iid-1118372963,Other,For Sale,20 Marla,6.0,7.0,1 week ago,Rs 14 Crore,"DHA Phase 6, Lahore",Lahore,OLX,140000000.0,Marla,5445.0,False
https://www.olx.com.pk/item/10-marla-house-for-sale-in-paragon-city-lahore-iid-1118784999,House,For Sale,10 Marla,5.0,6.0,4 hours ago,Rs 5.50 Crore,"Paragon City, Lahore",Lahore,OLX,55000000.0,Marla,2722.5,False
https://www.olx.com.pk/item/10-marla-house-with-basement-for-sale-in-paragon-city-lahore-iid-1118784995,House,For Sale,10 Marla,6.0,7.0,4 hours ago,Rs 6 Crore,"Paragon City, Lahore",Lahore,OLX,60000000.0,Marla,2722.5,False
https://www.olx.com.pk/item/4-marla-house-for-sale-in-paragon-city-lahore-iid-1118784992,House,For Sale,4 Marla,3.0,4.0,4 hours ago,Rs 2.10 Crore,"Paragon City, Lahore",Lahore,OLX,21000000.0,Marla,1089.0,False
https://www.olx.com.pk/item/1-kanal-house-for-sale-in-paragon-city-lahore-iid-1118784909,House,For Sale,1 Kanal,6.0,6.0,4 hours ago,Rs 9.25 Crore,"Paragon City, Lahore",Lahore,OLX,92500000.0,Kanal,5445.0,False
https://www.olx.com.pk/item/4-marla-house-for-sale-in-paragon-city-lahore-iid-1118784903,House,For Sale,4 Marla,3.0,4.0,4 hours ago,Rs 2.10 Crore,"Paragon City, Lahore",Lahore,OLX,21000000.0,Marla,1089.0,False
https://www.olx.com.pk/item/5-marla-house-for-sale-in-paragon-city-lahore-iid-1118701918,House,For Sale,5 Marla,3.0,4.0,4 hours ago,Rs 2.65 Crore,"Paragon City - Orchard 1 Block, Lahore",Lahore,OLX,26500000.0,Marla,1361.25,False
https://www.olx.com.pk/item/1-kanla-plot-available-for-sal-in-lda-avenu-1-block-d-hot-location-iid-1118784876,Plot,For Sale,1 Kanal,0.0,0.0,4 hours ago,Rs 4.70 Crore,"LDA Avenue - Block D, Lahore",Lahore,OLX,47000000.0,Kanal,5445.0,False
https://www.olx.com.pk/item/4-marla-double-storey-corner-luxury-house-for-sale-main-canal-road-iid-1118784835,House,For Sale,4 Marla,4.0,4.0,4 hours ago,Rs 1.90 Crore,"Canal Bank Housing Scheme, Lahore",Lahore,OLX,19000000.0,Marla,1089.0,False
https://www.olx.com.pk/item/5-marla-coner-double-story-new-luxury-house-for-sale-iid-1118784831,House,For Sale,5 Marla,4.0,5.0,4 hours ago,Rs 2.60 Crore,"Taj Bagh, Lahore",Lahore,OLX,26000000.0,Marla,1361.25,False
https://www.olx.com.pk/item/dha-phase-11-sector-4-s-block-plot-for-sale-iid-1118784433,Plot,For Sale,5 Marla,0.0,0.0,4 hours ago,Rs 70 Lacs,"DHA 11 Rahbar Phase 4 - Block S, Lahore",Lahore,OLX,7000000.0,Marla,1361.25,False
https://www.olx.com.pk/item/dha-rahbar-sector-4-plot-for-sale-iid-1118784127,Plot,For Sale,5 Marla,0.0,0.0,4 hours ago,Rs 1.05 Crore,"DHA 11 Rahbar Phase 4 - Block R, Lahore",Lahore,OLX,10500000.0,Marla,1361.25,False
https://www.olx.com.pk/item/pone-4-marla-double-story-house-for-sale-with-basment-iid-1118783828,House,For Sale,4 Marla,4.0,4.0,5 hours ago,Rs 1.60 Crore,"Canal Bank Housing Scheme, Lahore",Lahore,OLX,16000000.0,Marla,1089.0,False
https://www.olx.com.pk/item/35-marla-half-double-storey-house-for-sale-iid-1118783653,House,For Sale,778 SQFT,2.0,3.0,5 hours ago,Rs 1.10 Crore,"Canal Bank Housing Scheme, Lahore",Lahore,OLX,11000000.0,SQFT,778.0,False
https://www.olx.com.pk/item/3-marla-double-story-furnshied-house-for-sale-iid-1118783640,House,For Sale,3 Marla,3.0,3.0,5 hours ago,Rs 1.55 Crore,"Taj Bagh, Lahore",Lahore,OLX,15500000.0,Marla,816.75,False
https://www.olx.com.pk/item/7-marla-double-storey-house-for-sale-iid-1118783618,House,For Sale,7 Marla,4.0,5.0,5 hours ago,Rs 3 Crore,"Taj Bagh Phase 3, Lahore",Lahore,OLX,30000000.0,Marla,1905.75,False
https://www.olx.com.pk/item/facing-park-5-marla-residential-on-ground-plot-available-on-easy-installment-plan-in-union-town-main-pine-avenue-road-lahore-iid-1118506255,Plot,For Sale,5 Marla,0.0,0.0,12 hours ago,Rs 74.50 Lacs,"Union Town, Lahore",Lahore,OLX,7450000.0,Marla,1361.25,False
https://www.olx.com.pk/item/5-marla-triple-storey-brand-new-house-for-sale-in-etihad-town-phase-1-lahore-iid-1117109524,House,For Sale,5 Marla,5.0,5.0,2 weeks ago,Rs 3.40 Crore,"Etihad Town Phase 1, Lahore",Lahore,OLX,34000000.0,Marla,1361.25,False
https://www.olx.com.pk/item/premium-location-for-hight-rise-building-appartments-iid-1118730795,Building,For Sale,120 Marla,2.0,2.5,1 day ago,Rs 600 Crore,"Commercial Broadway Block B, Lahore",Lahore,OLX,6000000000.0,Marla,32670.0,False
https://www.olx.com.pk/item/your-dream-1013-square-feet-house-is-available-in-marghzar-officers-colony-iid-1117033140,House,For Sale,"1,013 SQFT",4.0,4.0,3 weeks ago,Rs 1.85 Crore,"Marghzar Officers Colony, Lahore",Lahore,OLX,18500000.0,SQFT,1013.0,False
https://www.olx.com.pk/item/r-block-near-to-this-good-location-plot-for-sale-iid-1118066409,Plot,For Sale,2 Kanal,0.0,0.0,2 weeks ago,Rs 11.50 Crore,"DHA Phase 2 - Block R, Lahore",Lahore,OLX,115000000.0,Kanal,10890.0,False
https://www.olx.com.pk/item/5-marla-double-storey-furnshied-house-for-sale-iid-1118783609,House,For Sale,5 Marla,4.0,5.0,5 hours ago,Rs 2.43 Crore,"Taj Bagh, Lahore",Lahore,OLX,24300000.0,Marla,1361.25,False
https://www.olx.com.pk/item/3-marla-double-storey-furnshied-house-for-sale-iid-1118783598,House,For Sale,3 Marla,3.0,3.0,5 hours ago,Rs 1.35 Crore,"Canal Bank Housing Scheme, Lahore",Lahore,OLX,13500000.0,Marla,816.75,False
https://www.olx.com.pk/item/8-marla-coner-triple-story-house-for-buy-iid-1118783592,House,For Sale,8 Marla,6.0,7.0,5 hours ago,Rs 3.15 Crore,"Taj Bagh, Lahore",Lahore,OLX,31500000.0,Marla,2178.0,False
https://www.olx.com.pk/item/25-marla-double-story-brand-new-luxury-house-for-sale-iid-1118783577,House,For Sale,562 SQFT,3.0,3.0,5 hours ago,Rs 1.25 Crore,"Jora Pull, Lahore",Lahore,OLX,12500000.0,SQFT,562.0,False
https://www.olx.com.pk/item/7-marla-double-story-house-for-sale-iid-1118783554,House,For Sale,7 Marla,5.0,6.0,5 hours ago,Rs 2.54 Crore,"Canal Bank Housing Scheme, Lahore",Lahore,OLX,25400000.0,Marla,1905.75,False
https://www.olx.com.pk/item/5-marla-half-triple-storey-furnshied-house-for-sale-iid-1118783517,House,For Sale,5 Marla,5.0,6.0,5 hours ago,Rs 2.29 Crore,"Taj Bagh, Lahore",Lahore,OLX,22900000.0,Marla,1361.25,False
https://www.olx.com.pk/item/3-marla-double-storey-house-for-sale-iid-1118783508,House,For Sale,3 Marla,3.0,3.0,5 hours ago,Rs 1.25 Crore,"Canal Bank Housing Scheme, Lahore",Lahore,OLX,12500000.0,Marla,816.75,False
https://www.olx.com.pk/item/8-marla-double-storey-luxury-villa-for-sale-iid-1118783485,Villa,For Sale,8 Marla,4.0,5.0,5 hours ago,Rs 3.50 Crore,"Taj Bagh, Lahore",Lahore,OLX,35000000.0,Marla,2178.0,False
https://www.olx.com.pk/item/35-marla-double-storey-coner-house-for-sale-iid-1118783456,House,For Sale,778 SQFT,3.0,3.0,5 hours ago,Rs 1.10 Crore,"Harbanspura, Lahore",Lahore,OLX,11000000.0,SQFT,778.0,False
https://www.olx.com.pk/item/10-marla-house-for-sale-in-paragon-city-lahore-iid-1118720852,House,For Sale,10 Marla,5.0,6.0,5 hours ago,Rs 4.84 Crore,"Paragon City, Lahore",Lahore,OLX,48400000.0,Marla,2722.5,False
https://www.olx.com.pk/item/5-marla-house-for-sale-in-paragon-city-lahore-iid-1118783083,House,For Sale,5 Marla,3.0,4.0,5 hours ago,Rs 2.15 Crore,"Paragon City, Lahore",Lahore,OLX,21500000.0,Marla,1361.25,False
https://www.olx.com.pk/item/10-marla-house-for-sale-in-paragon-city-lahore-iid-1118777808,House,For Sale,10 Marla,5.0,6.0,5 hours ago,Rs 5.20 Crore,"Paragon City, Lahore",Lahore,OLX,52000000.0,Marla,2722.5,False
https://www.olx.com.pk/item/1-kanal-house-for-sale-in-paragon-city-lahore-iid-1118676733,House,For Sale,1 Kanal,6.0,7.0,5 hours ago,Rs 10 Crore,"Paragon City, Lahore",Lahore,OLX,100000000.0,Kanal,5445.0,False
https://www.olx.com.pk/item/5-marla-house-for-sale-in-paragon-city-lahore-iid-1118693913,House,For Sale,5 Marla,3.0,4.0,5 hours ago,Rs 2 Crore,"Paragon City, Lahore",Lahore,OLX,20000000.0,Marla,1361.25,False
https://www.olx.com.pk/item/5-marla-house-for-sale-in-paragon-city-iid-1118701913,House,For Sale,5 Marla,3.0,4.0,5 hours ago,Rs 2.70 Crore,"Paragon City, Lahore",Lahore,OLX,27000000.0,Marla,1361.25,False
https://www.olx.com.pk/item/5-marla-spanish-house-on-good-location-for-sale-in-new-lahore-city-near-to-2-km-ring-raod-iid-1118153480,House,For Sale,5 Marla,3.0,3.0,4 days ago,Rs 1.45 Crore,"New Lahore City, Lahore",Lahore,OLX,14500000.0,Marla,1361.25,False
https://www.olx.com.pk/item/3-marla-brand-new-house-for-sale-iid-1117391063,House,For Sale,3 Marla,4.0,5.0,1 week ago,Rs 1.65 Crore,"Union Green, Lahore",Lahore,OLX,16500000.0,Marla,816.75,False
https://www.olx.com.pk/item/5-marla-plot-for-sale-iid-1117794962,Plot,For Sale,5 Marla,0.0,0.0,3 days ago,Rs 65 Lacs,"Bismillah Housing Scheme, Lahore",Lahore,OLX,6500000.0,Marla,1361.25,False
https://www.olx.com.pk/item/investor-option-plot-available-for-sale-iid-1118611271,Plot,For Sale,3 Marla,0.0,0.0,4 days ago,Rs 38 Lacs,"Al-Kabir Town Phase 2 - Abu Bakar Block, Lahore",Lahore,OLX,3800000.0,Marla,816.75,False
https://www.olx.com.pk/item/green-park-5-marla-house-for-sale-kb-colony-airport-road-lahore-iid-1117338038,House,For Sale,5 Marla,3.0,5.0,2 weeks ago,Rs 2.15 Crore,"Khuda Buksh Colony, Lahore",Lahore,OLX,21500000.0,Marla,1361.25,False
https://www.olx.com.pk/item/6-marla-house-for-sale-in-paragon-city-lahore-iid-1118676705,House,For Sale,6 Marla,3.0,4.0,5 hours ago,Rs 2.50 Crore,"Paragon City, Lahore",Lahore,OLX,25000000.0,Marla,1633.5,False
https://www.olx.com.pk/item/5-marla-house-for-sale-in-paragon-city-lahore-iid-1118676698,House,For Sale,5 Marla,3.0,4.0,5 hours ago,Rs 2.40 Crore,"Paragon City, Lahore",Lahore,OLX,24000000.0,Marla,1361.25,False
https://www.olx.com.pk/item/4-marla-house-for-sale-in-paragon-city-lahore-iid-1118676696,House,For Sale,4 Marla,3.0,4.0,5 hours ago,Rs 2.10 Crore,"Paragon City, Lahore",Lahore,OLX,21000000.0,Marla,1089.0,False
https://www.olx.com.pk/item/14-marla-house-for-sale-in-paragon-city-lahore-iid-1118669813,House,For Sale,14 Marla,6.0,7.0,5 hours ago,Rs 6.90 Crore,"Paragon City, Lahore",Lahore,OLX,69000000.0,Marla,3811.5,False
https://www.olx.com.pk/item/10-marla-house-for-sale-in-paragon-city-lahore-iid-1118669774,House,For Sale,10 Marla,5.0,6.0,5 hours ago,Rs 5.20 Crore,"Paragon City, Lahore",Lahore,OLX,52000000.0,Marla,2722.5,False
https://www.olx.com.pk/item/10-marla-house-for-sale-in-paragon-city-lahore-iid-1118669747,House,For Sale,10 Marla,5.0,6.0,5 hours ago,Rs 4.50 Crore,"Paragon City, Lahore",Lahore,OLX,45000000.0,Marla,2722.5,False
https://www.olx.com.pk/item/5-marla-house-sale-f-iid-1118781559,House,For Sale,5 Marla,4.0,6.0,6 hours ago,Rs 1.75 Crore,"Al Rehman Garden Phase 2, Lahore",Lahore,OLX,17500000.0,Marla,1361.25,False
https://www.olx.com.pk/item/5-marla-plot-near-park-prime-location-in-block-m-8-lake-city-lahore-iid-1118781544,Plot,For Sale,5 Marla,0.0,0.0,6 hours ago,Rs 1.50 Crore,"Lake City - Sector M-8, Lahore",Lahore,OLX,15000000.0,Marla,1361.25,False
https://www.olx.com.pk/item/exceptional-4-kanal-plot-for-sale-e-block-dha-phase-6-lahore-expandable-opportunity-iid-1118781359,Plot,For Sale,4 Kanal,0.0,0.0,6 hours ago,Rs 30.50 Crore,"DHA Phase 6 - Block E, Lahore",Lahore,OLX,305000000.0,Kanal,21780.0,False
https://www.olx.com.pk/item/10-marla-residential-plot-for-sale-in-sector-m-6-lake-city-lahore-a-perfect-investment-opportunity-iid-1118781281,Residential Plot,For Sale,10 Marla,0.0,0.0,6 hours ago,Rs 2.99 Crore,"Lake City - Sector M-6, Lahore",Lahore,OLX,29900000.000000004,Marla,2722.5,False
https://www.olx.com.pk/item/4-marla-brand-new-house-block-i-for-sale-iid-1118781212,House,For Sale,4 Marla,3.0,5.0,6 hours ago,Rs 1.85 Crore,"Al Rehman Garden Phase 2, Lahore",Lahore,OLX,18500000.0,Marla,1089.0,False
https://www.olx.com.pk/item/dha-rahber-iid-1118780962,Other,For Sale,5 Marla,4.0,5.0,6 hours ago,Rs 1.25 Crore,"DHA 11 Rahbar, Lahore",Lahore,OLX,12500000.0,Marla,1361.25,False
https://www.olx.com.pk/item/5-marla-possession-plot-ready-for-construction-residential-plot-located-in-the-best-block-of-dha-lahore-iid-1118780960,Residential Plot,For Sale,5 Marla,0.0,0.0,6 hours ago,Rs 85 Lacs,"DHA Phase 9 Prism - Block J, Lahore",Lahore,OLX,8500000.0,Marla,1361.25,False
https://www.olx.com.pk/item/1-kanal-plot-s-751-residential-plot-located-in-the-best-block-of-dha-lahore-iid-1118780831,Residential Plot,For Sale,1 Kanal,0.0,0.0,6 hours ago,Rs 4.50 Crore,"DHA Phase 8 - Block S, Lahore",Lahore,OLX,45000000.0,Kanal,5445.0,False
https://www.olx.com.pk/item/1-kanal-near-to-hot-location-plot-d-417-residential-plot-located-in-the-best-block-of-dha-lahore-iid-1118780790,Residential Plot,For Sale,1 Kanal,0.0,0.0,6 hours ago,Rs 4.34 Crore,"DHA Phase 5 - Block D, Lahore",Lahore,OLX,43400000.0,Kanal,5445.0,False
https://www.olx.com.pk/item/plot-no-4138-block-y-10-marla-plot-on-top-location-of-phase-7-dha-lahore-iid-1117957763,Plot,For Sale,10 Marla,0.0,0.0,1 day ago,Rs 2.29 Crore,"DHA Phase 7 - Block Y, Lahore",Lahore,OLX,22900000.0,Marla,2722.5,False
https://www.olx.com.pk/item/5-marla-2-story-house-available-4-sale-in-shoaib-block-sa-garden-phase-2-kala-shah-kaku-iid-1117911992,House,For Sale,5 Marla,4.0,3.0,11 hours ago,Rs 2.10 Crore,"SA Gardens Phase 2, Lahore",Lahore,OLX,21000000.0,Marla,1361.25,False
https://www.olx.com.pk/item/10-marla-beautiful-house-for-sale-in-central-park-housing-society-lahore-iid-1117885208,House,For Sale,10 Marla,6.0,6.0,6 days ago,Rs 3.75 Crore,"Central Park Housing Scheme, Lahore",Lahore,OLX,37500000.0,Marla,2722.5,False
https://www.olx.com.pk/item/corner-8-kanal-farm-house-for-sale-in-spring-meadows-lahore-in-only-rs-180000000-iid-1118775446,Farm House,For Sale,8 Kanal,5.0,6.0,4 hours ago,Rs 18 Crore,"Spring Meadows, Lahore",Lahore,OLX,180000000.0,Kanal,43560.0,False
https://www.olx.com.pk/item/10-marla-double-storey-house-for-urgent-sale-in-garden-town-iid-1118610895,House,For Sale,10 Marla,4.0,4.0,2 days ago,Rs 4.25 Crore,"New Garden Town, Lahore",Lahore,OLX,42500000.0,Marla,2722.5,False
https://www.olx.com.pk/item/100-original-property-5-marla-corner-victorian-design-house-7-kv-solar-installed-available-for-sale-at-top-location-dha-9-town-must-be-see-iid-1118008093,House,For Sale,5 Marla,3.0,4.0,1 day ago,Rs 2.89 Crore,"DHA 9 Town, Lahore",Lahore,OLX,28900000.0,Marla,1361.25,False
https://www.olx.com.pk/item/5-marla-house-for-sale-in-ferozepur-road-ferozepur-road-iid-1118046618,House,For Sale,5 Marla,5.0,5.0,2 days ago,Rs 80 Lacs,"Ferozepur Road, Lahore",Lahore,OLX,8000000.0,Marla,1361.25,False
https://www.olx.com.pk/item/a-well-designed-house-is-up-for-sale-in-an-ideal-location-in-lahore-iid-1118555146,House,For Sale,10 Marla,5.0,5.0,6 days ago,Rs 5.75 Crore,"Askari 11, Lahore",Lahore,OLX,57500000.0,Marla,2722.5,False
https://www.olx.com.pk/item/luxury-furnished-studio-apartment-3-years-installments-iid-1118780305,Apartment,For Sale,275 SQFT,0.0,1.0,6 hours ago,Rs 48 Lacs,"Bahria Town - Sector E, Lahore",Lahore,OLX,4800000.0,SQFT,275.0,False
https://www.olx.com.pk/item/5-marla-ground-floor-hall-for-sale-in-sector-c-commercial-bahria-town-lahore-iid-1118780292,Other,For Sale,"1,125 SQFT",4.0,5.0,6 hours ago,Rs 2.40 Crore,"Bahria Town - Sector C, Lahore",Lahore,OLX,24000000.0,SQFT,1125.0,False
https://www.olx.com.pk/item/281-sqft-brand-new-studio-apartment-on-1-year-instalments-in-bahria-town-lahore-iid-1118780289,Apartment,For Sale,281 SQFT,0.0,1.0,6 hours ago,Rs 56 Lacs,"Bahria Town - Umar Block, Lahore",Lahore,OLX,5600000.0,SQFT,281.0,False
https://www.olx.com.pk/item/ready-to-move-1-bed-apartment-for-sale-in-bahria-town-lahore-40-downpayment-1-year-installments-iid-1118780285,Apartment,For Sale,450 SQFT,1.0,1.0,6 hours ago,Rs 79 Lacs,"Bahria Town - Sector B, Lahore",Lahore,OLX,7900000.0,SQFT,450.0,False
https://www.olx.com.pk/item/400sqft-low-cost-shop-on-instalments-in-bahria-town-lhr-iid-1118780275,Shop,For Sale,400 SQFT,3.5,5.0,6 hours ago,Rs 55.16 Lacs,"Bahria Town - Sector E, Lahore",Lahore,OLX,5516000.0,SQFT,400.0,False
https://www.olx.com.pk/item/brand-new-1-bed-apartment-ready-for-possession-in-bahria-town-lahore-iid-1118780272,Apartment,For Sale,490 SQFT,1.0,1.0,6 hours ago,Rs 82 Lacs,"Bahria Town - Sector E, Lahore",Lahore,OLX,8200000.0,SQFT,490.0,False
https://www.olx.com.pk/item/387sqft-ground-floor-shop-on-instalments-in-bahria-town-lahore-iid-1118780268,Shop,For Sale,387 SQFT,3.5,5.0,6 hours ago,Rs 1.54 Crore,"Bahria Town - Sector E, Lahore",Lahore,OLX,15400000.0,SQFT,387.0,False
https://www.olx.com.pk/item/325sqft-studio-apartment-on-instalments-in-bahria-town-lhr-iid-1118780251,Apartment,For Sale,325 SQFT,0.0,1.0,6 hours ago,Rs 56.70 Lacs,"Bahria Town - Sector E, Lahore",Lahore,OLX,5670000.0,SQFT,325.0,False
https://www.olx.com.pk/item/low-cost-1-bed-apartment-on-instalments-in-bahria-town-lhr-iid-1118780250,Apartment,For Sale,438 SQFT,1.0,1.0,6 hours ago,Rs 76.65 Lacs,"Bahria Town - Sector E, Lahore",Lahore,OLX,7665000.000000001,SQFT,438.0,False
https://www.olx.com.pk/item/700sqft-2-bed-apartment-on-instalments-in-bahria-town-lahore-iid-1118780243,Apartment,For Sale,700 SQFT,2.0,2.0,6 hours ago,Rs 1.21 Crore,"Bahria Town - Sector E, Lahore",Lahore,OLX,12100000.0,SQFT,700.0,False
https://www.olx.com.pk/item/fully-possession-plot-overseas-prime-sector-b-rapidly-developing-iid-1118780228,Plot,For Sale,5 Marla,0.0,0.0,6 hours ago,Rs 44 Lacs,"Lahore Smart City - Overseas Prime Block, Lahore",Lahore,OLX,4400000.0,Marla,1361.25,False
https://www.olx.com.pk/item/ground-floor-shop-on-instalments-in-bahria-town-lahore-iid-1118780220,Shop,For Sale,190 SQFT,3.5,5.0,6 hours ago,Rs 57 Lacs,"Bahria Town - Sector E, Lahore",Lahore,OLX,5700000.0,SQFT,190.0,False
https://www.olx.com.pk/item/2-bed-apartment-on-instalments-in-bahria-town-lahore-iid-1118780213,Apartment,For Sale,700 SQFT,2.0,2.0,6 hours ago,Rs 1.21 Crore,"Bahria Town - Sector E, Lahore",Lahore,OLX,12100000.0,SQFT,700.0,False
https://www.olx.com.pk/item/438-sqft-1-bed-apartment-in-bahria-town-lhr-on-instalments-iid-1118780204,Apartment,For Sale,438 SQFT,1.0,1.0,6 hours ago,Rs 76.65 Lacs,"Bahria Town - Sector E, Lahore",Lahore,OLX,7665000.000000001,SQFT,438.0,False
https://www.olx.com.pk/item/main-boulevard-brand-new-commercial-shop-available-bahria-town-lahore-iid-1118780201,Shop,For Sale,148 SQFT,3.5,5.0,6 hours ago,Rs 25 Lacs,"Bahria Town Main Boulevard, Lahore",Lahore,OLX,2500000.0,SQFT,148.0,False
https://www.olx.com.pk/item/1-kanal-brand-new-house-with-private-home-theater-5-bed-double-height-lobby-80-ft-road-wapda-town-iid-1117470941,House,For Sale,20 Marla,5.0,7.0,4 days ago,Rs 8.90 Crore,"Wapda Town Phase 1, Lahore",Lahore,OLX,89000000.0,Marla,5445.0,False
https://www.olx.com.pk/item/05-marla-builder-location-corner-plots-and-general-location-plots-available-in-all-categories-phase-2-and-phase-3-all-dues-paid-iid-1118493948,Plot,For Sale,5 Marla,0.0,0.0,1 week ago,Rs 58 Lacs,"New Lahore City - Phase 2, Lahore",Lahore,OLX,5800000.0,Marla,1361.25,False
https://www.olx.com.pk/item/single-storey-1-kanal-house-available-in-marghzar-officers-colony-for-sale-iid-1117032992,House,For Sale,1 Kanal,3.0,3.0,4 weeks ago,Rs 4.25 Crore,"Marghzar Officers Colony, Lahore",Lahore,OLX,42500000.0,Kanal,5445.0,False
https://www.olx.com.pk/item/5-marla-brand-new-condition-owner-built-house-with-net-metering-and-gas-available-for-sale-in-e-block-canal-garden-iid-1117547826,House,For Sale,5 Marla,4.0,5.0,5 days ago,Rs 2.18 Crore,"Canal Garden - Block E, Lahore",Lahore,OLX,21800000.0,Marla,1361.25,False
https://www.olx.com.pk/item/2-kanal-residential-plot-block-e-at-ideal-location-for-sale-in-ex-park-view-dha-phase-8-iid-1118592969,Residential Plot,For Sale,40 Marla,0.0,0.0,5 days ago,Rs 9 Crore,"Park View - Block E, Lahore",Lahore,OLX,90000000.0,Marla,10890.0,False
https://www.olx.com.pk/item/a-great-choice-for-a-5-marla-residential-plot-available-in-etihad-town-phase-2-iid-1117732074,Residential Plot,For Sale,5 Marla,0.0,0.0,1 day ago,Rs 48 Lacs,"Etihad Town Phase 2, Lahore",Lahore,OLX,4800000.0,Marla,1361.25,False
https://www.olx.com.pk/item/change-your-address-to-etihad-town-phase-3-lahore-for-a-reasonable-price-of-rs-10200000-iid-1117732069,Other,For Sale,10 Marla,4.0,5.0,1 day ago,Rs 1.02 Crore,"Soul City, Lahore",Lahore,OLX,10200000.0,Marla,2722.5,False
https://www.olx.com.pk/item/owner-built-double-story-grey-structure-complete-dha-phase-9-town-a-block-facing-8-marla-iid-1117631131,Other,For Sale,5 Marla,3.0,4.0,11 hours ago,Rs 1.93 Crore,"DHA 9 Town, Lahore",Lahore,OLX,19300000.0,Marla,1361.25,False
https://www.olx.com.pk/item/studio-apartment-on-instalments-in-bahria-town-lhr-iid-1118780198,Apartment,For Sale,275 SQFT,0.0,1.0,6 hours ago,Rs 48 Lacs,"Bahria Town - Sector E, Lahore",Lahore,OLX,4800000.0,SQFT,275.0,False
https://www.olx.com.pk/item/brand-new-1-bed-apartment-ready-for-possession-in-bahria-town-lahore-iid-1118780197,Apartment,For Sale,490 SQFT,1.0,1.0,6 hours ago,Rs 82 Lacs,"Bahria Town - Sector E, Lahore",Lahore,OLX,8200000.0,SQFT,490.0,False
https://www.olx.com.pk/item/low-cost-shop-on-instalments-in-bahria-town-lahore-iid-1118780192,Shop,For Sale,126 SQFT,3.5,5.0,6 hours ago,Rs 17.64 Lacs,"Bahria Town - Sector E, Lahore",Lahore,OLX,1764000.0,SQFT,126.0,False
https://www.olx.com.pk/item/easy-instalments-brand-new-luxury-apartment-for-sale-in-askari-lahore-iid-1118779970,Apartment,For Sale,"2,562 SQFT",3.0,4.0,6 hours ago,Rs 4.70 Crore,"Pearl Tower, Lahore",Lahore,OLX,47000000.0,SQFT,2562.0,False
https://www.olx.com.pk/item/easy-instalments-brand-new-luxury-apartment-for-sale-in-askari-lahore-iid-1118779967,Apartment,For Sale,"2,562 SQFT",3.0,4.0,6 hours ago,Rs 4.70 Crore,"Defence Raya, Lahore",Lahore,OLX,47000000.0,SQFT,2562.0,False
https://www.olx.com.pk/item/easy-instalments-brand-new-luxury-8-marla-plaza-for-sale-in-one-central-dha-lahore-iid-1118779935,Other,For Sale,8 Marla,4.0,5.0,6 hours ago,Rs 38 Crore,"One Central, Lahore",Lahore,OLX,380000000.0,Marla,2178.0,False
https://www.olx.com.pk/item/easy-instalments-brand-new-luxury-8-marla-plaza-for-sale-in-one-central-dha-lahore-iid-1118779924,Other,For Sale,8 Marla,4.0,5.0,6 hours ago,Rs 38 Crore,"One Central, Lahore",Lahore,OLX,380000000.0,Marla,2178.0,False
https://www.olx.com.pk/item/5-marla-brand-new-unique-amp-stylish-house-for-sale-in-dha-9-town-lahore-iid-1118779918,House,For Sale,5 Marla,3.0,5.0,6 hours ago,Rs 2.60 Crore,"DHA 9 Town, Lahore",Lahore,OLX,26000000.0,Marla,1361.25,False
https://www.olx.com.pk/item/a-beautifully-designed-bungalow-with-100-ft-wide-approach-in-an-excellent-location-close-to-airport-shopping-mall-metro-cash-carry-masjid-park-iid-1118779908,Shop,For Sale,5 Marla,3.0,5.0,6 hours ago,Rs 2.60 Crore,"DHA 9 Town, Lahore",Lahore,OLX,26000000.0,Marla,1361.25,False
https://www.olx.com.pk/item/a-beautifully-designed-bungalow-with-100-ft-wide-approach-in-an-excellent-location-close-to-airport-shopping-mall-metro-cash-carry-masjid-park-iid-1118779903,Shop,For Sale,5 Marla,4.0,5.0,6 hours ago,Rs 2.70 Crore,"DHA 9 Town, Lahore",Lahore,OLX,27000000.0,Marla,1361.25,False
https://www.olx.com.pk/item/proudly-offers-elegant-most-beautiful-architectural-designer-house-available-for-sale-at-prime-location-of-lahore-dha-iid-1118779895,House,For Sale,5 Marla,4.0,5.0,6 hours ago,Rs 2.80 Crore,"DHA 9 Town, Lahore",Lahore,OLX,28000000.0,Marla,1361.25,False
https://www.olx.com.pk/item/presenting-a-beautifully-designed-5-marla-modern-house-in-the-well-developed-and-secure-9-town-lahore-iid-1118779877,House,For Sale,5 Marla,4.0,5.0,6 hours ago,Rs 2.70 Crore,"DHA 9 Town, Lahore",Lahore,OLX,27000000.0,Marla,1361.25,False
https://www.olx.com.pk/item/plot-no-1690-5-marla-residential-plot-in-dha-phase6-block-e-extension-available-iid-1118779869,Residential Plot,For Sale,5 Marla,0.0,0.0,6 hours ago,Rs 1.14 Crore,"DHA Phase 6 - Block E Extension, Lahore",Lahore,OLX,11399999.999999998,Marla,1361.25,False
https://www.olx.com.pk/item/10-marla-house-for-sale-in-rs-74500000-only-iid-1118779795,House,For Sale,10 Marla,4.0,5.0,6 hours ago,Rs 7.45 Crore,"DHA Phase 5 - Block D, Lahore",Lahore,OLX,74500000.0,Marla,2722.5,False
https://www.olx.com.pk/item/prime-location-plot-in-reasonable-price-for-sale-iid-1118779778,Plot,For Sale,2 Kanal,0.0,0.0,6 hours ago,Rs 1.20 Crore,"AlCazar Farms, Lahore",Lahore,OLX,12000000.0,Kanal,10890.0,False
https://www.olx.com.pk/item/property-for-sale-iid-1117722635,Other,For Sale,369 SQFT,4.0,5.0,2 weeks ago,Rs 1.95 Crore,"Shalamar Square, Lahore",Lahore,OLX,19500000.0,SQFT,369.0,False
https://www.olx.com.pk/item/lake-city-lahore-downtown-premiere-1400-sq-ft-commercial-building-2-year-easy-payment-plan-iid-1118281513,Building,For Sale,"1,400 SQFT",2.0,2.5,2 weeks ago,Rs 49.90 Crore,"Lake City, Lahore",Lahore,OLX,499000000.0,SQFT,1400.0,False
https://www.olx.com.pk/item/230-sq-feet-studio-town-house-on-35-years-instalment-in-al-kabir-town-phase-2-iid-1117086337,House,For Sale,230 SQFT,0.0,1.0,5 days ago,Rs 39 Lacs,"Al-Kabir Town - Phase 2, Lahore",Lahore,OLX,3900000.0,SQFT,230.0,False
https://www.olx.com.pk/item/533-marla-commercial-possession-near-to-tim-hortons-plot-available-for-sale-in-block-h-iid-1118188536,Plot,For Sale,5 Marla,0.0,0.0,2 weeks ago,Rs 2.75 Crore,"Central Park Housing Scheme - Block H, Lahore",Lahore,OLX,27500000.0,Marla,1361.25,False
https://www.olx.com.pk/item/running-shops-for-sale-iid-1117971179,Shop,For Sale,277 SQFT,3.5,5.0,2 weeks ago,Rs 2.50 Crore,"Mochipura Morr, Lahore",Lahore,OLX,25000000.0,SQFT,277.0,False
https://www.olx.com.pk/item/5-marla-onground-plot-ready-for-construction-wall-to-wall-connected-with-bahria-town-available-for-sale-iid-1118525878,Plot,For Sale,5 Marla,0.0,0.0,11 hours ago,Rs 25 Lacs,"New Lahore City - Phase 3, Lahore",Lahore,OLX,2500000.0,Marla,1361.25,False
https://www.olx.com.pk/item/15-kv-solar-12-marla-corner-luxury-house-for-sale-near-club-park-commercial-iid-1117818246,House,For Sale,12 Marla,4.0,5.0,3 days ago,Rs 5.95 Crore,"DHA Phase 5 - Block K, Lahore",Lahore,OLX,59500000.0,Marla,3267.0,False
https://www.olx.com.pk/item/1-kanal-plot-for-sale-iid-1117999752,Plot,For Sale,1 Kanal,0.0,0.0,3 weeks ago,Rs 6.45 Crore,"DHA Phase 6 - Block C, Lahore",Lahore,OLX,64500000.0,Kanal,5445.0,False
https://www.olx.com.pk/item/3-marla-dabal-story-frensh-house-for-sale-and-bank-loan-available-iid-1117490471,House,For Sale,3 Marla,3.0,3.0,4 weeks ago,Rs 55 Lacs,"Al Noor Park Housing Society, Lahore",Lahore,OLX,5500000.0,Marla,816.75,False
https://www.olx.com.pk/item/2-marla-building-2-side-open-4-floor-solid-beside-dha-phase-4-ring-road-interchange-iid-1118779769,Building,For Sale,2 Marla,2.0,2.5,6 hours ago,Rs 3.29 Crore,"Bankers Co-operative Housing Society, Lahore",Lahore,OLX,32900000.0,Marla,544.5,False
https://www.olx.com.pk/item/2-kanal-prime-location-plot-available-in-alcazar-farms-with-ready-possession-iid-1118779768,Plot,For Sale,2 Kanal,0.0,0.0,6 hours ago,Rs 1.20 Crore,"AlCazar Farms, Lahore",Lahore,OLX,12000000.0,Kanal,10890.0,False
https://www.olx.com.pk/item/7-marla-plot-for-sale-premium-location-in-lsc-overseas-central-sector-h-iid-1118779684,Plot,For Sale,7 Marla,0.0,0.0,6 hours ago,Rs 29.75 Lacs,"Lahore Smart City - Overseas Central Block, Lahore",Lahore,OLX,2975000.0,Marla,1905.75,False
https://www.olx.com.pk/item/3-marla-luxury-house-for-sale-easy-instalment-in-new-lahore-city-iid-1118779455,House,For Sale,3 Marla,3.0,4.0,7 hours ago,Rs 1.14 Crore,"New Lahore City, Lahore",Lahore,OLX,11399999.999999998,Marla,816.75,False
https://www.olx.com.pk/item/future-location-investment-price-dp-pole-clear-road-level-nearest-theme-park-plot-for-sale-iid-1118779435,Plot,For Sale,5 Marla,0.0,0.0,7 hours ago,Rs 1.07 Crore,"DHA 9 Town - Block D, Lahore",Lahore,OLX,10700000.0,Marla,1361.25,False
https://www.olx.com.pk/item/confirm-deal-kanal-plot-booking-55-76-paid-direct-approach-from-eastern-bypass-1st-residential-area-sector-b-iid-1118779431,Plot,For Sale,20 Marla,0.0,0.0,7 hours ago,Rs 51.50 Lacs,"Lahore Smart City - Overseas Block, Lahore",Lahore,OLX,5150000.0,Marla,5445.0,False
https://www.olx.com.pk/item/possession-premium-location-prime-potential-sector-a-overseas-prime-lsc-iid-1118779393,Other,For Sale,4 Marla,4.0,5.0,7 hours ago,Rs 1.10 Crore,"Lahore Smart City, Lahore",Lahore,OLX,11000000.0,Marla,1089.0,False
https://www.olx.com.pk/item/residential-plot-sized-10-marla-is-available-for-sale-in-central-park-block-a1-iid-1118049696,Residential Plot,For Sale,10 Marla,0.0,0.0,7 hours ago,Rs 1.10 Crore,"Central Park - Block A1, Lahore",Lahore,OLX,11000000.0,Marla,2722.5,False
https://www.olx.com.pk/item/residential-plot-10-marla-for-sale-in-central-park-block-c-iid-1118049649,Residential Plot,For Sale,10 Marla,0.0,0.0,7 hours ago,Rs 95 Lacs,"Central Park - Block C, Lahore",Lahore,OLX,9500000.0,Marla,2722.5,False
https://www.olx.com.pk/item/get-a-5-marla-residential-plot-for-sale-in-central-park-housing-scheme-block-h-iid-1118049604,Residential Plot,For Sale,5 Marla,0.0,0.0,7 hours ago,Rs 47 Lacs,"Central Park Housing Scheme - Block H, Lahore",Lahore,OLX,4700000.0,Marla,1361.25,False
https://www.olx.com.pk/item/this-is-your-chance-to-buy-residential-plot-in-lahore-iid-1118049584,Residential Plot,For Sale,10 Marla,0.0,0.0,7 hours ago,Rs 1.20 Crore,"Central Park - Block G, Lahore",Lahore,OLX,12000000.0,Marla,2722.5,False
https://www.olx.com.pk/item/ready-to-construct-possession-surrounded-by-plaza-houses-direct-access-from-underpass-gt-road-iid-1118779197,House,For Sale,4 Marla,5.0,5.0,7 hours ago,Rs 94.50 Lacs,"Lahore Smart City - Overseas Block, Lahore",Lahore,OLX,9450000.0,Marla,1089.0,False
https://www.olx.com.pk/item/10-marla-plot-hot-location-overseas-central-thunder-location-initial-booking-cost-of-land-direct-access-from-eastern-by-pass-iid-1118779192,Plot,For Sale,10 Marla,0.0,0.0,7 hours ago,Rs 38.50 Lacs,"Lahore Smart City - Overseas Block, Lahore",Lahore,OLX,3850000.0,Marla,2722.5,False
https://www.olx.com.pk/item/10-marla-double-story-house-for-sale-in-model-town-extension-lahore-ideal-location-iid-1118779085,House,For Sale,10 Marla,4.0,4.0,7 hours ago,Rs 4.50 Crore,"Model Town Extension, Lahore",Lahore,OLX,45000000.0,Marla,2722.5,False
https://www.olx.com.pk/item/1-kanal-plot-khyber-block-iid-1118778998,Plot,For Sale,1 Kanal,0.0,0.0,7 hours ago,Rs 1.65 Crore,"Chinar Bagh - Khyber Block, Lahore",Lahore,OLX,16500000.0,Kanal,5445.0,False
https://www.olx.com.pk/item/ali-block-125-sqy-villa-iid-1118582076,Villa,For Sale,125 SQYD,3.0,4.0,5 days ago,Rs 1.63 Crore,"Bahria Town - Ali Block, Karachi",Karachi,OLX,16299999.999999998,SQYD,1125.0,False
https://www.olx.com.pk/item/120-square-yard-residential-plots-for-sale-pak-arabian-view-society-no-bank-loan-iid-1117694429,Residential Plot,For Sale,120 SQYD,0.0,0.0,2 weeks ago,Rs 85 Lacs,"Murad Memon Goth, Karachi",Karachi,OLX,8500000.0,SQYD,1080.0,False
https://www.olx.com.pk/item/bank-loan-applicable-2-bed-dd-corner-west-open-flat-for-sale-in-sector-11i-iid-1118545835,Apartment,For Sale,950 SQFT,2.0,2.0,6 days ago,Rs 70 Lacs,"North Karachi, Karachi",Karachi,OLX,7000000.0,SQFT,950.0,False
https://www.olx.com.pk/item/1250-sqft-3-bed-dd-flat-for-sale-in-gulshan-e-iqbal-13-d2-iid-1117543180,Apartment,For Sale,"1,250 SQFT",3.0,3.0,3 days ago,Rs 1.60 Crore,"Gulshan-e-Iqbal - Block 13/D-2, Karachi",Karachi,OLX,16000000.0,SQFT,1250.0,False
https://www.olx.com.pk/item/corner-200-sqy-plot-block-a-40-feet-road-garden-city-iid-1118005981,Plot,For Sale,200 SQYD,0.0,0.0,1 week ago,Rs 1.35 Crore,"Garden City - Block A, Karachi",Karachi,OLX,13500000.0,SQYD,1800.0,False
https://www.olx.com.pk/item/chapal-courtyard-3-new-booking-in-karachi-iid-1117417470,Other,For Sale,"1,256 SQFT",2.0,2.0,3 days ago,Rs 1.75 Crore,"Scheme 33, Karachi",Karachi,OLX,17500000.0,SQFT,1256.0,False
https://www.olx.com.pk/item/park-facing-brigadier-house-300-sq-yd-iid-1117109595,House,For Sale,300 SQYD,5.0,6.0,2 weeks ago,Rs 7.75 Crore,"Askari 6, Karachi",Karachi,OLX,77500000.0,SQYD,2700.0,False
https://www.olx.com.pk/item/apartment-for-sale-2-bed-drawing-dining-950-sq-feet-sehar-commercial-dha-phase-7-karachi-iid-1117611201,Apartment,For Sale,950 SQFT,2.0,2.0,2 weeks ago,Rs 2.25 Crore,"Sehar Commercial Area, Karachi",Karachi,OLX,22500000.0,SQFT,950.0,False
https://www.olx.com.pk/item/200sq-yard-commercial-plot-available-for-sale-in-falaknaz-dreams-iid-1118368734,Commercial Plot,For Sale,200 SQYD,0.0,0.0,1 week ago,Rs 2.20 Crore,"Falaknaz Dreams, Karachi",Karachi,OLX,22000000.0,SQYD,1800.0,False
https://www.olx.com.pk/item/brand-new-park-facing-g2-house-for-sale-in-fb-area-iid-1118588276,House,For Sale,120 SQYD,6.0,7.0,3 minutes ago,Rs 4.80 Crore,"Federal B Area - Block 16, Karachi",Karachi,OLX,48000000.0,SQYD,1080.0,False
https://www.olx.com.pk/item/g1-family-house-for-sale-in-fb-area-block-16-karachi-near-meraj-sweets-iid-1117731571,House,For Sale,120 SQYD,4.0,4.0,3 minutes ago,Rs 3.45 Crore,"Federal B Area - Block 16, Karachi",Karachi,OLX,34500000.0,SQYD,1080.0,False
https://www.olx.com.pk/item/brand-new-g2-house-for-sale-in-fb-area-block-12-karachi-high-rental-income-property-iid-1117731565,House,For Sale,200 SQYD,6.0,7.0,3 minutes ago,Rs 7.50 Crore,"Federal B Area - Block 12, Karachi",Karachi,OLX,75000000.0,SQYD,1800.0,False
https://www.olx.com.pk/item/prime-location-300-square-yards-house-in-central-gulistan-e-jauhar-block-7-for-sale-iid-1118789096,House,For Sale,300 SQYD,6.0,6.0,38 minutes ago,Rs 6.50 Crore,"Gulistan-e-Jauhar Block 7, Karachi",Karachi,OLX,65000000.0,SQYD,2700.0,False
https://www.olx.com.pk/item/reserve-a-centrally-located-prime-location-residential-plot-of-120-square-yards-in-gulshan-e-mehran-iid-1118789079,Residential Plot,For Sale,150 SQYD,0.0,0.0,40 minutes ago,Rs 75 Lacs,"Gulshan-e-Mehran, Karachi",Karachi,OLX,7500000.0,SQYD,1350.0,False
https://www.olx.com.pk/item/norrh-karachi-sector-5h-commercial-corner-polat-244-gaz-iid-1118789066,Other,For Sale,244 SQYD,4.0,5.0,41 minutes ago,Rs 3.32 Crore,"North Karachi, Karachi",Karachi,OLX,33200000.0,SQYD,2196.0,False
https://www.olx.com.pk/item/get-an-attractive-prime-location-house-in-gulistan-e-jauhar-under-rs-50000000-iid-1118789060,House,For Sale,400 SQYD,6.0,4.0,42 minutes ago,Rs 5.25 Crore,"Gulistan-e-Jauhar, Karachi",Karachi,OLX,52500000.0,SQYD,3600.0,False
https://www.olx.com.pk/item/surjani-ist-devliped-sector-l1-84-gaz-g1-house-compani-candetion-pericast-iid-1118788907,House,For Sale,84 SQYD,4.0,3.0,55 minutes ago,Rs 66.50 Lacs,"Surjani Town - Sector L1, Karachi",Karachi,OLX,6650000.0,SQYD,756.0,False
https://www.olx.com.pk/item/well-maintained-240-sq-yard-house-sale-gulshan-e-iqbal-karachi-sindh-iid-1118705872,House,For Sale,240 SQYD,6.0,7.0,54 minutes ago,Rs 6.65 Crore,"Gulshan-e-Iqbal - Block 13/D-1, Karachi",Karachi,OLX,66500000.0,SQYD,2160.0,False
https://www.olx.com.pk/item/new-karachi-sector-5e-128-gaz-g1-kda-lees-house-iid-1118788829,House,For Sale,128 SQYD,4.0,3.0,1 hour ago,Rs 1.40 Crore,"New Karachi - Sector 5-E, Karachi",Karachi,OLX,14000000.0,SQYD,1152.0,False
https://www.olx.com.pk/item/300-square-yards-house-for-sale-one-unit-ground-plus-2-iid-1118515104,House,For Sale,300 SQYD,6.0,6.0,1 hour ago,Rs 5.70 Crore,"Gulistan-e-Jauhar Block 1, Karachi",Karachi,OLX,57000000.0,SQYD,2700.0,False
https://www.olx.com.pk/item/flat-for-sale-2-bedroom-drawing-and-lounge-vip-block-2-iid-1117932816,Room,For Sale,900 SQFT,2.0,2.0,1 hour ago,Rs 1.10 Crore,"Gulistan-e-Jauhar Block 2, Karachi",Karachi,OLX,11000000.0,SQFT,900.0,False
https://www.olx.com.pk/item/this-is-your-chance-to-buy-prime-location-flat-in-university-road-iid-1118788414,Apartment,For Sale,"1,250 SQFT",3.0,3.0,1 hour ago,Rs 1.40 Crore,"University Road, Karachi",Karachi,OLX,14000000.0,SQFT,1250.0,False
https://www.olx.com.pk/item/prime-location-university-road-1000-square-feet-flat-up-for-sale-iid-1118788402,Apartment,For Sale,"1,000 SQFT",2.0,2.0,2 hours ago,Rs 1.30 Crore,"University Road, Karachi",Karachi,OLX,13000000.0,SQFT,1000.0,False
https://www.olx.com.pk/item/flat-for-sale-2-bed-dd-block-block-3a-iid-1118515092,Apartment,For Sale,900 SQFT,2.0,2.0,2 hours ago,Rs 1.40 Crore,"Gulistan-e-Jauhar, Karachi",Karachi,OLX,14000000.0,SQFT,900.0,False
https://www.olx.com.pk/item/2-bed-dd-flat-for-sale-gulzar-e-hijri-near-fariya-chowk-bank-loan-applicable-iid-1118454694,Apartment,For Sale,950 SQFT,3.0,3.0,1 week ago,Rs 85 Lacs,"Gulzar-E-Hijri, Karachi",Karachi,OLX,8500000.0,SQFT,950.0,False
https://www.olx.com.pk/item/house-for-sal-5-rom-4-washroom-iid-1117359424,Room,For Sale,120 SQYD,5.0,4.0,3 hours ago,Rs 1.14 Crore,"Gulistan-e-Jauhar Block 10, Karachi",Karachi,OLX,11399999.999999998,SQYD,1080.0,False
https://www.olx.com.pk/item/shop-for-sale-in-falaknaz-dreams-iid-1118368715,Shop,For Sale,280 SQFT,3.5,5.0,1 week ago,Rs 65 Lacs,"Falaknaz Dreams, Karachi",Karachi,OLX,6500000.0,SQFT,280.0,False
https://www.olx.com.pk/item/gold-regular-block-plot-available-iid-1117634947,Plot,For Sale,80 SQYD,0.0,0.0,1 week ago,Rs 55 Lacs,"North Town Residency, Karachi",Karachi,OLX,5500000.0,SQYD,720.0,False
https://www.olx.com.pk/item/120-sqyrds-residential-plot-available-best-opportunity-for-investment-iid-1117003371,Residential Plot,For Sale,120 SQYD,0.0,0.0,1 week ago,Rs 1 Crore,"Rok Cooperative Housing Society, Karachi",Karachi,OLX,10000000.0,SQYD,1080.0,False
https://www.olx.com.pk/item/120-yard-single-storey-house-for-sale-iid-1117772920,House,For Sale,120 SQYD,2.0,2.0,2 weeks ago,Rs 2.10 Crore,"Gohar Green City, Karachi",Karachi,OLX,21000000.0,SQYD,1080.0,False
https://www.olx.com.pk/item/with-lift-2-bed-dd-apartment-for-sale-iid-1117772669,Apartment,For Sale,90 SQYD,2.0,2.0,2 weeks ago,Rs 65 Lacs,"Rafi Pride 2, Karachi",Karachi,OLX,6500000.0,SQYD,810.0,False
https://www.olx.com.pk/item/cattle-farm-land-iid-1118576367,Land,For Sale,"1,000 SQYD",0.0,0.0,1 day ago,Rs 12 Lacs,"Gadap Town, Karachi",Karachi,OLX,1200000.0,SQYD,9000.0,False
https://www.olx.com.pk/item/brand-new-luxurious-apartment-available-for-sale-internationally-architecture-design-state-of-art-amenities-iid-1117078345,Apartment,For Sale,"1,850 SQFT",3.0,4.0,3 weeks ago,Rs 3 Crore,"Metropolis Residency, Karachi",Karachi,OLX,30000000.0,SQFT,1850.0,False
https://www.olx.com.pk/item/high-yield-investment-200-sq-yd-prime-aar-paar-residential-plot-for-sale-in-dha-city-karachi-dck-sector-3-b-iid-1118649466,Residential Plot,For Sale,200 SQYD,0.0,0.0,2 hours ago,Rs 80 Lacs,"DHA City - Sector 3B, Karachi",Karachi,OLX,8000000.0,SQYD,1800.0,False
https://www.olx.com.pk/item/high-yield-investment-125-sq-yd-prime-residential-plot-for-sale-in-dha-city-karachi-dck-sector-9-e-iid-1118649464,Residential Plot,For Sale,125 SQYD,0.0,0.0,2 hours ago,Rs 35 Lacs,"DHA City - Sector 9E, Karachi",Karachi,OLX,3500000.0,SQYD,1125.0,False
https://www.olx.com.pk/item/high-yield-investment-125-sq-yd-prime-residential-plot-for-sale-in-dha-city-karachi-dck-sector-3e-iid-1118649453,Residential Plot,For Sale,125 SQYD,0.0,0.0,2 hours ago,Rs 54 Lacs,"DHA City - Sector 3E, Karachi",Karachi,OLX,5400000.0,SQYD,1125.0,False
https://www.olx.com.pk/item/high-yield-investment-200-sq-yd-prime-residential-plot-for-sale-in-dha-city-karachi-dck-sector-3-e-iid-1118649449,Residential Plot,For Sale,200 SQYD,0.0,0.0,2 hours ago,Rs 85 Lacs,"DHA City - Sector 3E, Karachi",Karachi,OLX,8500000.0,SQYD,1800.0,False
https://www.olx.com.pk/item/chance-deal-500-yards-bungalow-sale-in-khayaban-e-tariq-dha-phase-6-karachi-iid-1118648915,Other,For Sale,500 SQYD,6.0,6.0,2 hours ago,Rs 17 Crore,"DHA Phase 6, Karachi",Karachi,OLX,170000000.0,SQYD,4500.0,False
https://www.olx.com.pk/item/ultraluxe-signature-living-500-sq-yd-2-unit-residential-bungalow-for-sale-on-zulfiqar-street-4-dha-phase-8-zone-a-iid-1118648908,Other,For Sale,500 SQYD,4.0,5.0,2 hours ago,Rs 16 Crore,"DHA Phase 8 - Zone A, Karachi",Karachi,OLX,160000000.0,SQYD,4500.0,False
https://www.olx.com.pk/item/3-bedroom-apartment-on-installment-in-emaar-park-edge-iid-1118649627,Room,For Sale,"2,354 SQFT",3.0,3.0,2 hours ago,Rs 12 Crore,"Emaar Park Edge, Karachi",Karachi,OLX,120000000.0,SQFT,2354.0,False
https://www.olx.com.pk/item/1500-square-feet-flat-for-sale-in-beautiful-hmr-waterfront-iid-1118649618,Apartment,For Sale,"1,500 SQFT",1.0,1.0,2 hours ago,Rs 4 Crore,"HMR Waterfront, Karachi",Karachi,OLX,40000000.0,SQFT,1500.0,False
https://www.olx.com.pk/item/ultra-luxury-waterfront-living-exquisite-2-bedroom-apartment-for-sale-iid-1118649602,Room,For Sale,"1,700 SQFT",2.0,2.0,2 hours ago,Rs 10 Crore,"Emaar Panorama, Karachi",Karachi,OLX,100000000.0,SQFT,1700.0,False
https://www.olx.com.pk/item/100-sq-yards-plot-for-sale-in-tariq-commercial-dha-phase-7-extension-chance-deal-iid-1118648904,Plot,For Sale,100 SQYD,0.0,0.0,2 hours ago,Rs 3.80 Crore,"Tariq Commercial Area, Karachi",Karachi,OLX,38000000.0,SQYD,900.0,False
https://www.olx.com.pk/item/ultra-luxury-coastal-living-exquisite-2-bedroom-apartment-for-sale-in-aa-beachfront-dha-phase-8-karachi-iid-1118649598,Room,For Sale,"1,625 SQFT",2.0,2.0,2 hours ago,Rs 6.85 Crore,"HMR Waterfront, Karachi",Karachi,OLX,68500000.0,SQFT,1625.0,False
https://www.olx.com.pk/item/premium-residential-living-like-new-2-bedroom-executive-apartment-for-sale-in-bukhari-commercial-dha-phase-6-karachi-iid-1118649322,Room,For Sale,900 SQFT,2.0,3.0,2 hours ago,Rs 2.10 Crore,"Bukhari Commercial Area, Karachi",Karachi,OLX,21000000.0,SQFT,900.0,False
https://www.olx.com.pk/item/ultra-luxury-living-brand-new-3-bedroom-executive-apartment-for-sale-in-al-murtaza-commercial-dha-phase-8-karachi-iid-1118649316,Room,For Sale,"1,750 SQFT",3.0,4.0,2 hours ago,Rs 5.50 Crore,"Al-Murtaza Commercial Area, Karachi",Karachi,OLX,55000000.0,SQFT,1750.0,False
https://www.olx.com.pk/item/for-sale-top-class-1100-sq-ft-3-bedroom-apartment-prime-bungalow-facing-iid-1118649668,Room,For Sale,"1,100 SQFT",3.0,3.0,2 hours ago,Rs 2.65 Crore,"Bukhari Commercial Area, Karachi",Karachi,OLX,26500000.0,SQFT,1100.0,False
https://www.olx.com.pk/item/for-sale-prime-1000-sq-ft-commercial-office-floor-chhota-shahbaz-commercial-dha-phase-6-karachi-iid-1118649370,Office,For Sale,"1,000 SQFT",8.0,6.0,2 hours ago,Rs 2.75 Crore,"DHA Phase 6, Karachi",Karachi,OLX,27500000.0,SQFT,1000.0,False
https://www.olx.com.pk/item/125-yard-corner-plot-for-sale-in-dha-city-sector-6h-iid-1118649980,Plot,For Sale,125 SQYD,0.0,0.0,2 hours ago,Rs 34 Lacs,"DHA City - Sector 6H, Karachi",Karachi,OLX,3400000.0,SQYD,1125.0,False
https://www.olx.com.pk/item/house-for-sale-alize-garden-society-iid-1118278316,House,For Sale,120 SQYD,2.0,4.0,2 weeks ago,Rs 1.45 Crore,"Alize Garden, Karachi",Karachi,OLX,14500000.0,SQYD,1080.0,False
https://www.olx.com.pk/item/120-sq-yard-25-storey-house-for-sale-gulshan-e-iqbal-karachi-sindh-iid-1118419192,House,For Sale,120 SQYD,6.0,7.0,4 days ago,Rs 4.95 Crore,"Gulshan-e-Iqbal - Block 13/D-1, Karachi",Karachi,OLX,49500000.0,SQYD,1080.0,False
https://www.olx.com.pk/item/sector-5i-bank-loan-applicable-02-bed-d-d-abdullah-complex-north-karachi-iid-1117696146,Other,For Sale,"1,050 SQFT",2.0,1.0,2 weeks ago,Rs 38 Lacs,"New Karachi - Sector 5-I, Karachi",Karachi,OLX,3800000.0,SQFT,1050.0,False
https://www.olx.com.pk/item/1000-sq-yard-just-rs-15-lac-limited-time-discount-offer-iid-1117616969,Other,For Sale,"1,000 SQYD",4.0,5.0,5 days ago,Rs 15 Lacs,"Gadap Town, Karachi",Karachi,OLX,1500000.0,SQYD,9000.0,False
https://www.olx.com.pk/item/luxury-building-ground-4-gulshan-e-muhammadi-society-iid-1117942305,Building,For Sale,80 SQYD,2.0,3.0,3 weeks ago,Rs 2.50 Crore,"Gulshan-e-Ahmad, Karachi",Karachi,OLX,25000000.0,SQYD,720.0,False
https://www.olx.com.pk/item/120-yards-house-ground1-150-feet-road-facing-extra-land-sector-10-north-karachi-iid-1118638456,House,For Sale,120 SQYD,4.0,5.0,4 days ago,Rs 3.92 Crore,"North Karachi - Sector 10, Karachi",Karachi,OLX,39200000.0,SQYD,1080.0,False
https://www.olx.com.pk/item/hakeem-villas-mean-jinnah-avenue-scheme-33-c-b-m-area-iid-1117755878,Villa,For Sale,120 SQYD,2.0,2.0,14 hours ago,Rs 1.65 Crore,"Hakeem Villas, Karachi",Karachi,OLX,16500000.0,SQYD,1080.0,False
https://www.olx.com.pk/item/prime-3-bedroom-bungalow-facing-apartment-for-sale-in-bukhari-commercial-dha-phase-6-karachi-iid-1118649286,Room,For Sale,"1,150 SQFT",3.0,3.0,2 hours ago,Rs 2.65 Crore,"Bukhari Commercial Area, Karachi",Karachi,OLX,26500000.0,SQFT,1150.0,False
https://www.olx.com.pk/item/architectural-masterpiece-4-bedroom-luxury-house-for-sale-iid-1118649205,Room,For Sale,100 SQYD,4.0,5.0,2 hours ago,Rs 7.50 Crore,"DHA Phase 7 Extension, Karachi",Karachi,OLX,75000000.0,SQYD,900.0,False
https://www.olx.com.pk/item/for-sale-400-400-sq-yd-jori-duplex-bungalow-prime-location-dha-karachi-iid-1118649394,Other,For Sale,800 SQYD,6.0,6.0,2 hours ago,Rs 26 Crore,"DHA Phase 5, Karachi",Karachi,OLX,260000000.0,SQYD,7200.0,False
https://www.olx.com.pk/item/150-sq-yard-4-bedroom-well-maintained-bungalow-for-sale-in-dha-karachi-iid-1118649387,Room,For Sale,150 SQYD,4.0,5.0,2 hours ago,Rs 7.50 Crore,"DHA Phase 7, Karachi",Karachi,OLX,75000000.0,SQYD,1350.0,False
https://www.olx.com.pk/item/for-sale-beautifully-maintained-300-sq-yd-duplex-house-dha-phase-6-karachi-iid-1118649381,House,For Sale,300 SQYD,5.0,6.0,2 hours ago,Rs 10.50 Crore,"DHA Phase 6, Karachi",Karachi,OLX,105000000.0,SQYD,2700.0,False
https://www.olx.com.pk/item/for-sale-500-sq-yd-5-bedroom-bungalow-main-zulfiqar-avenue-dha-phase-8-zone-a-karachi-iid-1118649364,Room,For Sale,500 SQYD,5.0,6.0,2 hours ago,Rs 16 Crore,"DHA Phase 8, Karachi",Karachi,OLX,160000000.0,SQYD,4500.0,False
https://www.olx.com.pk/item/for-sale-spacious-1000-sq-yd-two-unit-bungalow-dha-phase-6-karachi-iid-1118649361,Other,For Sale,"1,000 SQYD",6.0,6.0,2 hours ago,Rs 28 Crore,"DHA Phase 6, Karachi",Karachi,OLX,280000000.0,SQYD,9000.0,False
https://www.olx.com.pk/item/emaar-panorama-tower-2-bedrooms-crescentllllldha-phase-8-karachi-iid-1117993244,Room,For Sale,"1,700 SQFT",2.0,2.0,2 hours ago,Rs 7.50 Crore,"Emaar Panorama, Karachi",Karachi,OLX,75000000.0,SQFT,1700.0,False
https://www.olx.com.pk/item/for-sale-brand-new-apartment-with-lift-nishat-commercial-dha-phase-6-karachi-iid-1118649659,Apartment,For Sale,500 SQFT,1.0,2.0,2 hours ago,Rs 95 Lacs,"Nishat Commercial Area, Karachi",Karachi,OLX,9500000.0,SQFT,500.0,False
https://www.olx.com.pk/item/for-sale-well-maintained-100-sq-yd-bungalow-prime-location-near-korangi-road-karachi-iid-1118649399,Other,For Sale,100 SQYD,3.0,4.0,2 hours ago,Rs 5.30 Crore,"DHA Phase 2, Karachi",Karachi,OLX,53000000.0,SQYD,900.0,False
https://www.olx.com.pk/item/for-sale-well-maintained-2-bed-dd-apartment-lane-1-bukhari-commercial-dha-phase-6-karachi-iid-1118649284,Apartment,For Sale,950 SQFT,2.0,2.0,2 hours ago,Rs 2 Crore,"Bukhari Commercial Area, Karachi",Karachi,OLX,20000000.0,SQFT,950.0,False
https://www.olx.com.pk/item/500-yard-plot-for-sale-in-dha-city-sector-10b-iid-1118649987,Plot,For Sale,500 SQYD,0.0,0.0,2 hours ago,Rs 1.10 Crore,"DHA City - Sector 10B, Karachi",Karachi,OLX,11000000.0,SQYD,4500.0,False
https://www.olx.com.pk/item/200-yard-plot-for-sale-in-dha-city-sector-3c-iid-1118649983,Plot,For Sale,200 SQYD,0.0,0.0,2 hours ago,Rs 75 Lacs,"DHA City - Sector 3C, Karachi",Karachi,OLX,7500000.0,SQYD,1800.0,False
https://www.olx.com.pk/item/exclusive-hot-deal-500-sq-yd-6-bedroom-dual-unit-corner-bungalow-for-sale-in-dha-phase-7-extension-iid-1118649925,Room,For Sale,500 SQYD,6.0,7.0,2 hours ago,Rs 15.50 Crore,"DHA Phase 7 Extension, Karachi",Karachi,OLX,155000000.0,SQYD,4500.0,False
https://www.olx.com.pk/item/hot-deal-600sq-yd-bungalow-for-sale-on-rahat-side-dha-phase-6-main-shujaat-iid-1118649919,Other,For Sale,600 SQYD,6.0,6.0,2 hours ago,Rs 15 Crore,"DHA Phase 6, Karachi",Karachi,OLX,150000000.0,SQYD,5400.0,False
https://www.olx.com.pk/item/3-bed-lounge-2-bed-dd-flat-peace-apartment-iid-1116815961,Apartment,For Sale,"1,280 SQFT",2.0,3.0,3 weeks ago,Rs 2.15 Crore,"Naya Nazimabad, Karachi",Karachi,OLX,21500000.0,SQFT,1280.0,False
https://www.olx.com.pk/item/200-square-yard-plot-for-sale-in-gulshan-e-roomi-iid-1118452882,Room,For Sale,200 SQYD,2.0,3.0,11 hours ago,Rs 1.85 Crore,"Gulshan-e-Roomi, Karachi",Karachi,OLX,18500000.0,SQYD,1800.0,False
https://www.olx.com.pk/item/banglow-available-for-sale-in-gulshan-e-maymar-iid-1118460286,Other,For Sale,400 SQFT,6.0,7.0,2 days ago,Rs 7.50 Crore,"Gulshan-e-Maymar - Sector W, Karachi",Karachi,OLX,75000000.0,SQFT,400.0,False
https://www.olx.com.pk/item/150-road-shop-big-size-sitting-area-n-bigg-parking-chance-deal-best-investment-aportunitee-apposit-sector-w-maymar-ib-so-ro-road-iid-1118039930,Shop,For Sale,250 SQFT,3.5,5.0,4 days ago,Rs 77 Lacs,"Wasi Country Park, Karachi",Karachi,OLX,7700000.0,SQFT,250.0,False
https://www.olx.com.pk/item/cattle-farm-dairy-farm-rejected-rejected-iid-1118576408,Other,For Sale,"1,000 SQYD",0.0,1.0,18 hours ago,Rs 15 Lacs,"Gadap Town, Karachi",Karachi,OLX,1500000.0,SQYD,9000.0,False
https://www.olx.com.pk/item/handsome-expected-rental-commercial-house-for-sale-gulshan-e-iqbal-block-3-kda-market-opposite-j-junaid-jamshed-iid-1117393526,House,For Sale,240 SQYD,5.0,5.0,2 weeks ago,Rs 18 Crore,"Gulshan-E-Iqbal Block 3, Karachi",Karachi,OLX,180000000.0,SQYD,2160.0,False
https://www.olx.com.pk/item/shop-available-for-sale-in-surjani-sector-5-d-iid-1118625017,Shop,For Sale,200 SQFT,3.5,5.0,2 days ago,Rs 43 Lacs,"Surjani Town - Sector 5D, Karachi",Karachi,OLX,4300000.0,SQFT,200.0,False
https://www.olx.com.pk/item/272-sq-yards-modren-house-for-sale-precinct-06-bahria-town-karachi-iid-1118601449,House,For Sale,250 SQYD,5.0,5.0,5 days ago,Rs 3.95 Crore,"Bahria Town - Precinct 6, Karachi",Karachi,OLX,39500000.0,SQYD,2250.0,False
https://www.olx.com.pk/item/125-yard-plot-for-sale-1st-belt-dha-city-sector-3e-iid-1118649975,Plot,For Sale,123 SQYD,0.0,0.0,2 hours ago,Rs 40 Lacs,"DHA City - Sector 3E, Karachi",Karachi,OLX,4000000.0,SQYD,1107.0,False
https://www.olx.com.pk/item/well-maintained-100-sq-yd-bungalow-for-sale-iid-1118649945,Other,For Sale,100 SQYD,4.0,4.0,2 hours ago,Rs 6 Crore,"DHA Phase 7 Extension, Karachi",Karachi,OLX,60000000.0,SQYD,900.0,False
https://www.olx.com.pk/item/rare-commercial-investment-opportunity-300-sq-yd-bungalow-for-sale-iid-1118649941,Other,For Sale,300 SQYD,4.0,6.0,2 hours ago,Rs 12.50 Crore,"DHA Phase 4, Karachi",Karachi,OLX,125000000.0,SQYD,2700.0,False
https://www.olx.com.pk/item/high-yield-investment-500-sq-yd-gola-d-cutting-residential-plot-for-sale-in-dha-phase-8-zone-c-iid-1118334113,Residential Plot,For Sale,500 SQYD,0.0,0.0,2 hours ago,Rs 11 Crore,"DHA Phase 8 - Zone C, Karachi",Karachi,OLX,110000000.0,SQYD,4500.0,False
https://www.olx.com.pk/item/high-growth-investment-500-sq-yd-residential-plot-for-sale-in-dha-phase-8-extension-iid-1118334107,Residential Plot,For Sale,500 SQYD,0.0,0.0,2 hours ago,Rs 9.90 Crore,"DHA Phase 8 Extension, Karachi",Karachi,OLX,99000000.0,SQYD,4500.0,False
https://www.olx.com.pk/item/high-growth-investment-300-sq-yard-residential-plot-for-sale-in-dha-phase-8-extension-iid-1118334102,Residential Plot,For Sale,300 SQYD,0.0,0.0,2 hours ago,Rs 6.95 Crore,"DHA Phase 8 Extension, Karachi",Karachi,OLX,69500000.0,SQYD,2700.0,False
https://www.olx.com.pk/item/west-open-for-sale-iid-1118787479,Other,For Sale,"1,600 SQFT",3.0,3.0,2 hours ago,Rs 4.50 Crore,"Sharfabad, Karachi",Karachi,OLX,45000000.0,SQFT,1600.0,False
https://www.olx.com.pk/item/al-murtaza-lane-2-near-zulfiqar-avenue-best-for-builder-investor-iid-1118650084,Other,For Sale,200 SQYD,4.0,5.0,2 hours ago,Rs 31 Crore,"Al-Murtaza Commercial Area, Karachi",Karachi,OLX,310000000.0,SQYD,1800.0,False
https://www.olx.com.pk/item/best-options-for-residential-plot-is-available-for-sale-in-dha-phase-8-extension-iid-1118650005,Residential Plot,For Sale,500 SQYD,0.0,0.0,2 hours ago,Rs 9.30 Crore,"DHA Phase 8 Extension, Karachi",Karachi,OLX,93000000.0,SQYD,4500.0,False
https://www.olx.com.pk/item/ultraluxe-signature-living-massive-550-sq-yd-23-planning-bungalow-with-study-for-sale-iid-1118649858,Other,For Sale,550 SQYD,5.0,5.0,2 hours ago,Rs 15.25 Crore,"DHA Phase 7, Karachi",Karachi,OLX,152500000.0,SQYD,4950.0,False
https://www.olx.com.pk/item/premium-real-estate-investment-strategic-100-sq-yd-commercial-plot-for-sale-in-dha-phase-8-extension-karachi-iid-1118334118,Commercial Plot,For Sale,100 SQYD,0.0,0.0,2 hours ago,Rs 9 Crore,"DHA Phase 8 Extension, Karachi",Karachi,OLX,90000000.0,SQYD,900.0,False
https://www.olx.com.pk/item/chance-deal-near-parkmasjidschool-best-for-home-maker-end-user-plot-for-sale-iid-1118650081,Plot,For Sale,500 SQYD,0.0,0.0,2 hours ago,Rs 11.50 Crore,"DHA Phase 8 - Zone E, Karachi",Karachi,OLX,115000000.0,SQYD,4500.0,False
https://www.olx.com.pk/item/near-park-beach-avenue-clock-tower-best-for-home-maker-with-meeting-documents-in-hand-iid-1118650076,Other,For Sale,300 SQYD,4.0,5.0,2 hours ago,Rs 7.20 Crore,"DHA Phase 8 Extension, Karachi",Karachi,OLX,72000000.0,SQYD,2700.0,False
https://www.olx.com.pk/item/brand-new-100-sq-yd-luxury-bungalow-with-full-basement-for-sale-in-dha-phase-8-karachi-iid-1118649900,Other,For Sale,100 SQYD,4.0,5.0,2 hours ago,Rs 8.50 Crore,"DHA Phase 8, Karachi",Karachi,OLX,85000000.0,SQYD,900.0,False
https://www.olx.com.pk/item/attractive-investment-deal-300-sq-yd-residential-plot-for-sale-in-dha-phase-7-extension-karachi-iid-1118649897,Residential Plot,For Sale,300 SQYD,0.0,0.0,2 hours ago,Rs 6.75 Crore,"DHA Phase 7 Extension, Karachi",Karachi,OLX,67500000.0,SQYD,2700.0,False
https://www.olx.com.pk/item/get-in-touch-now-to-buy-a-flat-in-karachi-iid-1118000441,Apartment,For Sale,"2,200 SQFT",3.0,3.0,4 days ago,Rs 4 Crore,"Clifton - Block 5, Karachi",Karachi,OLX,40000000.0,SQFT,2200.0,False
https://www.olx.com.pk/item/brand-new-house-for-sale-iid-1117195683,House,For Sale,240 SQYD,6.0,6.0,1 week ago,Rs 6.50 Crore,"Capital Cooperative Housing Society, Karachi",Karachi,OLX,65000000.0,SQYD,2160.0,False
https://www.olx.com.pk/item/chance-deal-rufi-global-city-plot-for-sale-iid-1117923254,Plot,For Sale,80 SQYD,0.0,0.0,2 weeks ago,Rs 29.50 Lacs,"Rufi Global City, Karachi",Karachi,OLX,2950000.0,SQYD,720.0,False
https://www.olx.com.pk/item/bank-loan-applicable-g2-house-for-sale-in-sector-5m-iid-1117942085,House,For Sale,80 SQYD,6.0,5.0,2 weeks ago,Rs 1.25 Crore,"North Karachi - Sector 5M, Karachi",Karachi,OLX,12500000.0,SQYD,720.0,False
https://www.olx.com.pk/item/prime-farms-premium-phase-plot-for-farmhouse-dairy-cattle-farm-in-just-15-lakh-iid-1118636234,House,For Sale,"1,000 SQYD",5.0,5.0,13 hours ago,Rs 15 Lacs,"Gadap Town, Karachi",Karachi,OLX,1500000.0,SQYD,9000.0,False
https://www.olx.com.pk/item/main-mangopir-road-210666-square-yards-commercial-plot-best-for-bank-and-high-rise-project-iid-1118755183,Commercial Plot,For Sale,"2,106 SQYD",0.0,0.0,15 hours ago,Rs 50 Crore,"Qasba Colony, Karachi",Karachi,OLX,500000000.0,SQYD,18954.0,False
https://www.olx.com.pk/item/160-square-yards-for-sale-block-l-portion-2nd-floor-3-bed-drawing-lounge-with-great-ventilation-no-issue-of-sweet-water-north-nazambad-block-l-demand-162-lacs-iid-1117171463,Other,For Sale,160 SQYD,3.0,3.0,1 day ago,Rs 1.55 Crore,"North Nazimabad - Block L, Karachi",Karachi,OLX,15500000.0,SQYD,1440.0,False
https://www.olx.com.pk/item/excellent-investment-deal-100120-sq-yd-bungalow-with-full-basement-for-sale-on-iqbal-lane-13-dha-phase-8-karachi-iid-1118649875,Other,For Sale,120 SQYD,4.0,5.0,2 hours ago,Rs 9 Crore,"DHA Phase 8, Karachi",Karachi,OLX,90000000.0,SQYD,1080.0,False
https://www.olx.com.pk/item/prime-500-sq-yd-5-bedroom-bungalow-for-sale-prime-locations-23-street-mujhaid-iid-1118649870,Room,For Sale,500 SQYD,5.0,6.0,2 hours ago,Rs 15 Crore,"DHA Phase 5, Karachi",Karachi,OLX,150000000.0,SQYD,4500.0,False
https://www.olx.com.pk/item/prime-100-sq-yd-4-bedroom-bungalow-for-sale-on-main-aziz-bhatti-street-dha-phase-7-extension-karachi-iid-1118649865,Room,For Sale,100 SQYD,4.0,5.0,2 hours ago,Rs 6 Crore,"DHA Phase 7 Extension, Karachi",Karachi,OLX,60000000.0,SQYD,900.0,False
https://www.olx.com.pk/item/plot-for-sale-iid-1118649837,Plot,For Sale,300 SQYD,0.0,0.0,2 hours ago,Rs 7.10 Crore,"DHA Phase 8 Extension, Karachi",Karachi,OLX,71000000.0,SQYD,2700.0,False
https://www.olx.com.pk/item/sahil-street-12-best-for-investment-home-maker-with-meeting-iid-1118650064,Other,For Sale,300 SQYD,4.0,5.0,2 hours ago,Rs 7.35 Crore,"DHA Phase 8 Extension, Karachi",Karachi,OLX,73500000.0,SQYD,2700.0,False
https://www.olx.com.pk/item/sahil-street-8-near-central-avenue-best-for-investor-home-maker-with-meeting-iid-1118650058,Other,For Sale,300 SQYD,4.0,5.0,2 hours ago,Rs 7.50 Crore,"DHA Phase 8 Extension, Karachi",Karachi,OLX,75000000.0,SQYD,2700.0,False
https://www.olx.com.pk/item/investment-opportunity-200-sq-yd-commercial-building-for-sale-on-khayaban-e-tanzeem-tauheed-commercial-dha-phase-5-karachi-iid-1118650031,Building,For Sale,200 SQYD,2.0,2.5,2 hours ago,Rs 26 Crore,"DHA Phase 5, Karachi",Karachi,OLX,260000000.0,SQYD,1800.0,False
https://www.olx.com.pk/item/brand-new-3beddd-for-sale-in-rimjhim-tower-guleshen-e-usman-scheme-33-iid-1118787307,Other,For Sale,"1,600 SQYD",3.0,3.0,3 hours ago,Rs 1.05 Crore,"Gulshan-e-Usman, Karachi",Karachi,OLX,10500000.0,SQYD,14400.0,False
https://www.olx.com.pk/item/sahil-street-13-best-for-low-budget-clint-with-meeting-iid-1118650051,Other,For Sale,300 SQYD,4.0,5.0,2 hours ago,Rs 7.15 Crore,"DHA Phase 8 Extension, Karachi",Karachi,OLX,71500000.0,SQYD,2700.0,False
https://www.olx.com.pk/item/near-park-with-meeting-street-21-d-cutting-iid-1118650047,Other,For Sale,500 SQYD,4.0,5.0,2 hours ago,Rs 11 Crore,"DHA Phase 8 - Zone C, Karachi",Karachi,OLX,110000000.0,SQYD,4500.0,False
https://www.olx.com.pk/item/bellow-market-chance-deal-with-meeting-iid-1118650041,Other,For Sale,200 SQYD,4.0,5.0,2 hours ago,Rs 17.80 Crore,"Peninsula Commercial Area, Karachi",Karachi,OLX,178000000.0,SQYD,1800.0,False
https://www.olx.com.pk/item/133-yards-2-units-4-beds-renovated-dha-phase-2-prime-location-near-khe-ittehad-ideal-for-2-families-flexible-payment-time-iid-1118787214,Other,For Sale,133 SQYD,4.0,4.0,3 hours ago,Rs 7 Crore,"DHA Phase 7, Karachi",Karachi,OLX,70000000.0,SQYD,1197.0,False
https://www.olx.com.pk/item/for-sale-premium-2-bedroom-designer-apartment-with-double-balconies-big-bukhari-commercial-dha-phase-6-karachi-iid-1118649776,Room,For Sale,950 SQFT,2.0,3.0,3 hours ago,Rs 2.70 Crore,"Bukhari Commercial Area, Karachi",Karachi,OLX,27000000.0,SQFT,950.0,False
https://www.olx.com.pk/item/for-sale-spacious-500-sq-yd-23-bedroom-bungalow-dha-phase-8-karachi-iid-1118649760,Room,For Sale,500 SQYD,5.0,6.0,3 hours ago,Rs 15 Crore,"DHA Phase 8 - Zone A, Karachi",Karachi,OLX,150000000.0,SQYD,4500.0,False
https://www.olx.com.pk/item/for-sale-brand-new-ultra-luxury-500-sq-yd-6-bedroom-bungalow-with-basement-cinema-khayaban-e-zulfiqar-dha-phase-8-zone-a-karachi-iid-1118649743,Room,For Sale,500 SQYD,6.0,6.0,3 hours ago,Rs 28 Crore,"DHA Phase 8 - Zone A, Karachi",Karachi,OLX,280000000.0,SQYD,4500.0,False
https://www.olx.com.pk/item/change-your-address-to-prime-location-surjani-town-sector-5d-karachi-for-a-reasonable-price-of-rs-10500000-iid-1117980075,Other,For Sale,80 SQYD,5.0,3.0,2 weeks ago,Rs 1.05 Crore,"Surjani Town - Sector 5D, Karachi",Karachi,OLX,10500000.0,SQYD,720.0,False
https://www.olx.com.pk/item/brand-new-flat-available-for-sale-3-bed-dd-full-floor-flat-floor-availability-1st-2nd-4th-with-roof-or-with-out-roof-also-lift-available-gulistan-e-johar-block-14-iid-1118004403,Apartment,For Sale,"1,450 SQFT",3.0,3.0,1 week ago,Rs 1.85 Crore,"Gulistan-e-Jauhar, Karachi",Karachi,OLX,18500000.0,SQFT,1450.0,False
https://www.olx.com.pk/item/zubaida-queens-valley-2-bed-d-d-flat-for-sale-iid-1118297765,Apartment,For Sale,900 SQFT,2.0,2.0,2 weeks ago,Rs 1.35 Crore,"North Nazimabad - Block H, Karachi",Karachi,OLX,13500000.0,SQFT,900.0,False
https://www.olx.com.pk/item/2-bed-l-gold-block-ext-iid-1118139710,Other,For Sale,550 SQFT,2.0,2.0,2 weeks ago,Rs 33 Lacs,"North Town Residency, Karachi",Karachi,OLX,3300000.0,SQFT,550.0,False
https://www.olx.com.pk/item/ground-plus-2-west-open-corner-house-available-for-sale-at-prime-location-of-north-nazimabad-iid-1117465699,House,For Sale,200 SQYD,6.0,7.0,1 week ago,Rs 4.75 Crore,"North Nazimabad - Block J, Karachi",Karachi,OLX,47500000.0,SQYD,1800.0,False
https://www.olx.com.pk/item/luxury-flat-for-sale-750-sqr-ft-2-bed-lounge-iid-1107363663,Apartment,For Sale,750 SQFT,2.0,2.0,4 weeks ago,Rs 90 Lacs,"Gwalior Cooperative Housing Society, Karachi",Karachi,OLX,9000000.0,SQFT,750.0,False
https://www.olx.com.pk/item/farm-house-plot-iid-1117626064,Farm House,For Sale,"1,000 SQYD",5.0,6.0,2 days ago,Rs 12 Lacs,"Gadap Town, Karachi",Karachi,OLX,1200000.0,SQYD,9000.0,False
https://www.olx.com.pk/item/5-rooms-apartment-with-lift-on-installment-for-sale-iid-1117206251,Room,For Sale,"1,400 SQFT",3.0,3.0,4 days ago,Rs 1.79 Crore,"Central Information Cooperative Housing Society, Karachi",Karachi,OLX,17900000.0,SQFT,1400.0,False
https://www.olx.com.pk/item/brand-new-ultra-luxury-bungalow-for-sale-street-7-khayaban-e-zulfiqar-dha-phase-8-zone-a-karachi-iid-1118649737,Other,For Sale,500 SQYD,6.0,6.0,3 hours ago,Rs 26 Crore,"DHA Phase 8 - Zone A, Karachi",Karachi,OLX,260000000.0,SQYD,4500.0,False
https://www.olx.com.pk/item/for-sale-premium-slightly-used-33-bedroom-bungalow-dha-phase-6-karachi-iid-1118649725,Room,For Sale,500 SQYD,6.0,6.0,3 hours ago,Rs 17.50 Crore,"DHA Phase 6, Karachi",Karachi,OLX,175000000.0,SQYD,4500.0,False
https://www.olx.com.pk/item/1000-sq-yard-plot-for-sale-iid-1118609529,Plot,For Sale,"1,000 SQYD",0.0,0.0,3 hours ago,Rs 20.75 Crore,"DHA Phase 8 - Zone E, Karachi",Karachi,OLX,207500000.0,SQYD,9000.0,False
https://www.olx.com.pk/item/brand-new-4-bed-drawing-dining-room-2-kitchen-g1-house-for-sale-in-block-3-saadi-garden-iid-1118708413,Room,For Sale,120 SQYD,4.0,4.0,3 hours ago,Rs 2.35 Crore,"Saadi Garden - Block 3, Karachi",Karachi,OLX,23500000.0,SQYD,1080.0,False
https://www.olx.com.pk/item/for-sale-ultra-luxury-4-bedroom-full-sea-front-apartment-emaar-pearl-tower-1-dha-phase-8-karachi-iid-1118650128,Room,For Sale,"2,542 SQFT",4.0,6.0,3 hours ago,Rs 16 Crore,"Emaar Pearl Towers, Karachi",Karachi,OLX,160000000.0,SQFT,2542.0,False
https://www.olx.com.pk/item/good-deal-2-beddrawingdining-room-for-sale-in-wasi-country-park-next-to-diamond-citymaymar-iid-1117921355,Room,For Sale,120 SQYD,2.0,2.0,3 hours ago,Rs 58 Lacs,"Wasi Country Park, Karachi",Karachi,OLX,5800000.0,SQYD,1080.0,False
https://www.olx.com.pk/item/brand-new-3bed-villa-near-entrance-available-in-precinct-31-iid-1118786891,Villa,For Sale,235 SQYD,3.0,3.0,3 hours ago,Rs 1.72 Crore,"Bahria Town - Precinct 31, Karachi",Karachi,OLX,17200000.0,SQYD,2115.0,False
https://www.olx.com.pk/item/500-sy-street-20-west-l-open-iid-1118650126,Other,For Sale,666 SQYD,4.0,5.0,3 hours ago,Rs 15 Crore,"DHA Phase 8 - Zone E, Karachi",Karachi,OLX,150000000.0,SQYD,5994.0,False
https://www.olx.com.pk/item/rimjhim-villas-iid-1118785747,Villa,For Sale,120 SQYD,2.0,2.0,4 hours ago,Rs 1.20 Crore,"Rimjhim VIllas, Karachi",Karachi,OLX,12000000.0,SQYD,1080.0,False
https://www.olx.com.pk/item/bank-loan-applicable-2-bed-dl-apartment-iid-1118785369,Apartment,For Sale,"1,000 SQFT",2.0,2.0,4 hours ago,Rs 48 Lacs,"Scheme 33, Karachi",Karachi,OLX,4800000.0,SQFT,1000.0,False
https://www.olx.com.pk/item/bank-loan-applicable-3-bed-dd-well-maintained-apartment-iid-1118653955,Apartment,For Sale,"1,400 SQFT",3.0,3.0,4 hours ago,Rs 1.40 Crore,"Gulshan-E-Iqbal Block 11, Karachi",Karachi,OLX,14000000.0,SQFT,1400.0,False
https://www.olx.com.pk/item/bank-loan-applicable-2-bed-dd-well-maintained-apartment-iid-1118302679,Apartment,For Sale,"1,050 SQFT",2.0,1.0,4 hours ago,Rs 1.10 Crore,"Federal B Area, Karachi",Karachi,OLX,11000000.0,SQFT,1050.0,False
https://www.olx.com.pk/item/2-bed-flat-for-sale-in-rufi-green-city-block-18-johar-iid-1118785231,Apartment,For Sale,"1,000 SQFT",2.0,2.0,4 hours ago,Rs 1.10 Crore,"Gulistan-e-Jauhar Block 18, Karachi",Karachi,OLX,11000000.0,SQFT,1000.0,False
https://www.olx.com.pk/item/pir-gul-hassan-town-iid-1118785212,Other,For Sale,240 SQYD,4.0,5.0,4 hours ago,Rs 50 Lacs,"Pir Gul Hassan Town, Karachi",Karachi,OLX,5000000.0,SQYD,2160.0,False
https://www.olx.com.pk/item/2-bed-dd-larib-garden-block-4-3rd-floor-demand-1-caror-code16903-iid-1118784651,Other,For Sale,950 SQFT,2.0,2.0,4 hours ago,Rs 1 Crore,"Gulshan-E-Iqbal Block 1, Karachi",Karachi,OLX,10000000.0,SQFT,950.0,False
https://www.olx.com.pk/item/200-sq-yd-single-storey-benglow-for-sale-iid-1118432920,Other,For Sale,200 SQYD,3.0,3.0,1 week ago,Rs 2.35 Crore,"Gulshan-e-Maymar, Karachi",Karachi,OLX,23500000.0,SQYD,1800.0,False
https://www.olx.com.pk/item/2-bed-dd-apartment-in-teacher-co-operative-housing-society-16-a-iid-1118650420,Apartment,For Sale,"1,000 SQFT",2.0,2.0,3 days ago,Rs 1.40 Crore,"Government Teacher Housing Society - Sector 16-A, Karachi",Karachi,OLX,14000000.0,SQFT,1000.0,False
https://www.olx.com.pk/item/120-sq-yard-west-open-leased-map-paas-plot-for-sale-in-saadi-garden-block-1-iid-1118316300,Plot,For Sale,120 SQYD,0.0,0.0,6 days ago,Rs 1.09 Crore,"Saadi Garden - Block 1, Karachi",Karachi,OLX,10900000.0,SQYD,1080.0,False
https://www.olx.com.pk/item/block-j-staff-bank-loan-applicable-taqi-centrer-apartment-beautiful-second-floor-north-nazimabad-iid-1118355356,Apartment,For Sale,650 SQFT,2.0,2.0,4 days ago,Rs 49 Lacs,"North Nazimabad - Block J, Karachi",Karachi,OLX,4900000.0,SQFT,650.0,False
https://www.olx.com.pk/item/2-bed-dd-west-open-with-roof-flat-for-sale-gulzar-e-hijri-near-fariya-chowk-bank-loan-applicable-iid-1118454719,Apartment,For Sale,950 SQFT,3.0,3.0,1 week ago,Rs 90 Lacs,"Gulzar-E-Hijri, Karachi",Karachi,OLX,9000000.0,SQFT,950.0,False
https://www.olx.com.pk/item/3rd-laraib-corner-2-bed-loung-58lac-code16736-iid-1118784610,Other,For Sale,650 SQFT,2.0,2.0,4 hours ago,Rs 60 Lacs,"Gulshan-E-Iqbal Block 1, Karachi",Karachi,OLX,6000000.0,SQFT,650.0,False
https://www.olx.com.pk/item/3-side-corner-3rd-floor-noman-plaza-boundary-wall-247-pani-lightgas-no-issue-no-parking-issue-banglow-facing-lease-flat-1100-square-feet-1-common-bath-demand-1-caror-60-lac-code16820-iid-1118784590,Apartment,For Sale,"1,300 SQFT",3.0,3.0,4 hours ago,Rs 1.60 Crore,"Gulshan-E-Iqbal Block 11, Karachi",Karachi,OLX,16000000.0,SQFT,1300.0,False
https://www.olx.com.pk/item/sector-l1-west-open-12-mtr-road-ground-floor-surjani-town-iid-1118784209,Other,For Sale,84 SQFT,2.0,2.0,4 hours ago,Rs 1.14 Crore,"Surjani Town - Sector L1, Karachi",Karachi,OLX,11399999.999999998,SQFT,84.0,False
https://www.olx.com.pk/item/defence-dha-phase-5-badar-commercial-brand-new-studio-flat-available-for-sale-iid-1118784200,Apartment,For Sale,500 SQFT,2.0,2.0,4 hours ago,Rs 60 Lacs,"DHA Defence, Karachi",Karachi,OLX,6000000.0,SQFT,500.0,False
https://www.olx.com.pk/item/sector-4a-brand-new-house-surjani-town-iid-1118783769,House,For Sale,84 SQYD,0.0,1.0,5 hours ago,Rs 83 Lacs,"Surjani Town - Sector 4A, Karachi",Karachi,OLX,8300000.0,SQYD,756.0,False
https://www.olx.com.pk/item/precinct-2-iqbal-villa-private-construction-designer-villa-available-for-sale-iid-1118783291,Villa,For Sale,154 SQYD,4.0,5.0,5 hours ago,Rs 2.54 Crore,"Bahria Homes - Iqbal Villas, Karachi",Karachi,OLX,25400000.0,SQYD,1386.0,False
https://www.olx.com.pk/item/sector-11b-beautiful-02-bed-d-d-hanif-centre-north-karachi-iid-1118783134,Other,For Sale,900 SQFT,2.0,3.0,5 hours ago,Rs 65 Lacs,"North Karachi - Sector 11B, Karachi",Karachi,OLX,6500000.0,SQFT,900.0,False
https://www.olx.com.pk/item/defence-dha-phase-6-rahat-commercial-meeznine-office-floor-available-for-sale-iid-1118466681,Office,For Sale,650 SQFT,8.0,6.0,5 hours ago,Rs 75 Lacs,"DHA Defence, Karachi",Karachi,OLX,7500000.0,SQFT,650.0,False
https://www.olx.com.pk/item/karachi-defence-dha-near-akhter-colony-90-yards-brand-new-building-for-sale-iid-1118466692,Building,For Sale,90 SQYD,6.0,1.0,5 hours ago,Rs 4 Crore,"Akhtar Colony, Karachi",Karachi,OLX,40000000.0,SQYD,810.0,False
https://www.olx.com.pk/item/defence-dha-phase-5-badar-commercial-brand-new-apartment-3-bed-d-d-direct-1rst-floor-corner-building-west-open-available-for-sale-iid-1117985557,Apartment,For Sale,"1,150 SQFT",3.0,3.0,5 hours ago,Rs 1.82 Crore,"DHA Phase 5, Karachi",Karachi,OLX,18200000.0,SQFT,1150.0,False
https://www.olx.com.pk/item/two-bed-apartment-vip-location-paragon-tower-ready-to-move-cash-instalment-iid-1118782986,Apartment,For Sale,"1,400 SQFT",2.0,2.0,5 hours ago,Rs 1.05 Crore,"Bahria Town - Precinct 17, Karachi",Karachi,OLX,10500000.0,SQFT,1400.0,False
https://www.olx.com.pk/item/350-square-yards-sport-city-villa-for-sale-in-bahria-town-karachi-iid-1118782956,Villa,For Sale,350 SQYD,4.0,4.0,5 hours ago,Rs 2.10 Crore,"Bahria Sports City, Karachi",Karachi,OLX,21000000.0,SQYD,3150.0,False
https://www.olx.com.pk/item/smart-village-on-booking-is-an-exceptional-residential-villas-project-located-in-the-heart-of-precinct-15-iid-1118629118,Villa,For Sale,125 SQYD,3.0,3.0,5 hours ago,Rs 1.80 Crore,"Bahria Town - Precinct 15, Karachi",Karachi,OLX,18000000.0,SQYD,1125.0,False
https://www.olx.com.pk/item/luxury-2-bed-apartment-etihad-residency-for-sale-at-bahria-town-karachi-iid-1118524093,Apartment,For Sale,875 SQFT,2.0,2.0,5 hours ago,Rs 71 Lacs,"Bahria Town - Precinct 19, Karachi",Karachi,OLX,7100000.0,SQFT,875.0,False
https://www.olx.com.pk/item/buy-your-ideal-1400-square-feet-flat-in-a-prime-location-of-karachi-iid-1118782934,Apartment,For Sale,"1,400 SQFT",2.0,2.0,5 hours ago,Rs 33 Lacs,"Bahria Town - Precinct 17, Karachi",Karachi,OLX,3300000.0,SQFT,1400.0,False
https://www.olx.com.pk/item/house-for-sale-in-gulistan-e-jauhar-block-11-iid-1118053283,House,For Sale,110 SQFT,3.0,3.0,6 days ago,Rs 2.50 Crore,"Gulistan-e-Jauhar Block 11, Karachi",Karachi,OLX,25000000.0,SQFT,110.0,True
https://www.olx.com.pk/item/apartment-for-sale-iid-1117748903,Apartment,For Sale,"1,600 SQFT",3.0,3.0,4 weeks ago,Rs 3.65 Crore,"Callachi Cooperative Housing Society, Karachi",Karachi,OLX,36500000.0,SQFT,1600.0,False
https://www.olx.com.pk/item/1st-floor-108-sqyd-portion-available-for-sale-iid-1118624605,Other,For Sale,108 SQYD,3.0,3.0,4 days ago,Rs 1.35 Crore,"Nazimabad 3 - Block A, Karachi",Karachi,OLX,13500000.0,SQYD,972.0,False
https://www.olx.com.pk/item/500sq-yard-villa-available-for-sale-at-good-location-bahria-paradise-bahria-town-karachi-iid-1118601491,Villa,For Sale,500 SQYD,5.0,5.0,5 days ago,Rs 4.70 Crore,"Bahria Paradise - Precinct 51, Karachi",Karachi,OLX,47000000.0,SQYD,4500.0,False
https://www.olx.com.pk/item/pha-apartment-for-sale-like-new-iid-1118046211,Apartment,For Sale,"1,350 SQFT",3.0,2.0,3 weeks ago,Rs 1.62 Crore,"Gulistan-e-Jauhar, Karachi",Karachi,OLX,16200000.000000002,SQFT,1350.0,False
https://www.olx.com.pk/item/ideally-located-house-for-sale-in-dha-phase-6-available-iid-1118077776,House,For Sale,"1,000 SQYD",6.0,6.0,4 days ago,Rs 42 Crore,"DHA Phase 6, Karachi",Karachi,OLX,420000000.0,SQYD,9000.0,False
https://www.olx.com.pk/item/125-square-yards-plots-available-for-sale-in-precinct-12-bahria-town-karachi-iid-1118523942,Plot,For Sale,125 SQYD,0.0,0.0,5 hours ago,Rs 50 Lacs,"Bahria Town - Precinct 12, Karachi",Karachi,OLX,5000000.0,SQYD,1125.0,False
https://www.olx.com.pk/item/gray-luxury-apartment-2-bed-for-sale-malir-cantt-karachi-iid-1118209729,Apartment,For Sale,850 SQFT,2.0,2.0,5 hours ago,Rs 59 Lacs,"Malir Cantonment, Karachi",Karachi,OLX,5900000.0,SQFT,850.0,False
https://www.olx.com.pk/item/125-square-yards-plots-available-for-sale-in-precinct-12-bahria-town-karachi-iid-1118025899,Plot,For Sale,125 SQYD,0.0,0.0,5 hours ago,Rs 1.60 Crore,"Bahria Town - Precinct 12, Karachi",Karachi,OLX,16000000.0,SQYD,1125.0,False
https://www.olx.com.pk/item/235-sq-yd-villa-for-sale-precinct-31-bahria-town-karachi-near-sports-city-villas-3-bedrooms-drawing-dining-closed-italian-kitchen-tv-lounge-amenities-nearby-15-min-drive-from-main-gate-iid-1118629018,Room,For Sale,235 SQYD,0.0,1.0,5 hours ago,Rs 1.65 Crore,"Bahria Town - Precinct 31, Karachi",Karachi,OLX,16500000.0,SQYD,2115.0,False
https://www.olx.com.pk/item/villa-for-sale-precinct-11a-btk-3-bedrooms-close-to-parks-mosques-shopping-gallery-iid-1118523857,Room,For Sale,160 SQYD,3.0,3.0,5 hours ago,Rs 1.82 Crore,"Bahria Town - Precinct 11-A, Karachi",Karachi,OLX,18200000.0,SQYD,1440.0,False
https://www.olx.com.pk/item/3-bed-dd-lounge-152-square-yard-bahria-construction-villa-available-for-sale-at-minimum-price-of-the-market-iid-1118310545,Villa,For Sale,152 SQYD,3.0,3.0,5 hours ago,Rs 1.61 Crore,"Bahria Town - Precinct 10-B, Karachi",Karachi,OLX,16100000.000000002,SQYD,1368.0,False
https://www.olx.com.pk/item/3-bed-luxurious-apartment-available-for-sale-in-bahria-town-karachi-iid-1118026075,Apartment,For Sale,"1,800 SQFT",3.0,4.0,5 hours ago,Rs 85 Lacs,"Bahria Town - Precinct 19, Karachi",Karachi,OLX,8500000.0,SQFT,1800.0,False
https://www.olx.com.pk/item/80-sq-yards-single-story-house-sector-za-gulshan-e-maymar-iid-1118780408,House,For Sale,80 SQYD,2.0,2.0,6 hours ago,Rs 85 Lacs,"Gulshan-e-Maymar - Sector ZA, Karachi",Karachi,OLX,8500000.0,SQYD,720.0,False
https://www.olx.com.pk/item/sub-leased-portion-with-roof-road-facing-iid-1118780205,Other,For Sale,120 SQYD,4.0,3.0,6 hours ago,Rs 1.28 Crore,"Federal B Area - Block 14, Karachi",Karachi,OLX,12800000.0,SQYD,1080.0,False
https://www.olx.com.pk/item/ground-1-house-for-sale-in-gulshan-e-iqbal-13d-2-iid-1118779652,House,For Sale,120 SQYD,4.0,6.0,7 hours ago,Rs 4 Crore,"Gulshan-e-Iqbal - Block 13/D-2, Karachi",Karachi,OLX,40000000.0,SQYD,1080.0,False
https://www.olx.com.pk/item/brand-new-bungalow-for-sale-in-gulshan-e-iqbal-13d1-iid-1118779533,Other,For Sale,120 SQYD,6.0,6.0,7 hours ago,Rs 6.25 Crore,"Gulshan-e-Iqbal - Block 13/D-1, Karachi",Karachi,OLX,62500000.0,SQYD,1080.0,False
https://www.olx.com.pk/item/houes-for-sale-iid-1118778442,Other,For Sale,120 SQYD,6.0,6.0,7 hours ago,Rs 7.50 Crore,"Federal B Area - Block 15, Karachi",Karachi,OLX,75000000.0,SQYD,1080.0,False
https://www.olx.com.pk/item/ground-plus-one-plus-second-floor-house-for-sale-iid-1118778437,House,For Sale,200 SQYD,6.0,6.0,7 hours ago,Rs 4.50 Crore,"Federal B Area - Block 16, Karachi",Karachi,OLX,45000000.0,SQYD,1800.0,False
https://www.olx.com.pk/item/g2-house-available-for-sale-iid-1118778423,House,For Sale,200 SQYD,6.0,7.0,7 hours ago,Rs 6.75 Crore,"Federal B Area - Block 16, Karachi",Karachi,OLX,67500000.0,SQYD,1800.0,False
https://www.olx.com.pk/item/g2-house-available-for-sale-iid-1118778409,House,For Sale,120 SQYD,0.0,1.0,7 hours ago,Rs 5.50 Crore,"Federal B Area - Block 16, Karachi",Karachi,OLX,55000000.0,SQYD,1080.0,False
https://www.olx.com.pk/item/phase-6-park-facing-vip-lavish-3-bedroom-apartment-for-sale-bank-loun-available-iid-1118393686,Room,For Sale,"1,250 SQFT",3.0,3.0,1 week ago,Rs 3.30 Crore,"DHA Phase 6, Karachi",Karachi,OLX,33000000.0,SQFT,1250.0,False
https://www.olx.com.pk/item/executive-block-plot-for-sale-iid-1117634969,Plot,For Sale,120 SQYD,0.0,0.0,1 week ago,Rs 68 Lacs,"North Town Residency, Karachi",Karachi,OLX,6800000.0,SQYD,1080.0,False
https://www.olx.com.pk/item/shahjahan-heights-phase-1-flat-for-sale-in-falaknaz-dreams-iid-1118133949,Apartment,For Sale,638 SQFT,2.0,2.0,1 week ago,Rs 55 Lacs,"Falaknaz Dreams, Karachi",Karachi,OLX,5500000.0,SQFT,638.0,False
https://www.olx.com.pk/item/r-1849-120-sq-yard-gold-block-iid-1118706636,Other,For Sale,120 SQYD,4.0,5.0,2 days ago,Rs 55 Lacs,"North Town Residency, Karachi",Karachi,OLX,5500000.0,SQYD,1080.0,False
https://www.olx.com.pk/item/120-sqyrds-residential-plot-available-best-opportunity-for-investment-iid-1117726920,Residential Plot,For Sale,120 SQYD,0.0,0.0,1 week ago,Rs 35 Lacs,"All Pakistan Newspapers Society, Karachi",Karachi,OLX,3500000.0,SQYD,1080.0,False
https://www.olx.com.pk/item/precinct-2-iqbal-villa-154sq-y-fully-furnished-with-solar-available-for-sale-03135549217-iid-1118220662,Villa,For Sale,154 SQYD,4.0,5.0,9 hours ago,Rs 2.60 Crore,"Bahria Town - Precinct 2, Karachi",Karachi,OLX,26000000.0,SQYD,1386.0,False
https://www.olx.com.pk/item/200-square-yards-house-for-sale-in-federal-b-area-iid-1118778384,House,For Sale,200 SQYD,6.0,6.0,7 hours ago,Rs 5.60 Crore,"Federal B Area, Karachi",Karachi,OLX,56000000.0,SQYD,1800.0,False
https://www.olx.com.pk/item/houes-for-sale-iid-1118778370,Other,For Sale,120 SQYD,6.0,6.0,7 hours ago,Rs 4.65 Crore,"Federal B Area - Block 14, Karachi",Karachi,OLX,46500000.0,SQYD,1080.0,False
https://www.olx.com.pk/item/houes-for-sale-iid-1118778353,Other,For Sale,120 SQYD,3.0,2.0,7 hours ago,Rs 6.25 Crore,"Federal B Area - Block 15, Karachi",Karachi,OLX,62500000.0,SQYD,1080.0,False
https://www.olx.com.pk/item/houes-for-sale-iid-1118778346,Other,For Sale,120 SQYD,6.0,7.0,7 hours ago,Rs 4.80 Crore,"Federal B Area - Block 16, Karachi",Karachi,OLX,48000000.0,SQYD,1080.0,False
https://www.olx.com.pk/item/houes-for-sale-iid-1118778289,Other,For Sale,120 SQYD,6.0,7.0,7 hours ago,Rs 4.34 Crore,"Federal B Area - Block 16, Karachi",Karachi,OLX,43400000.0,SQYD,1080.0,False
https://www.olx.com.pk/item/houes-for-sale-iid-1118778255,Other,For Sale,120 SQYD,6.0,6.0,7 hours ago,Rs 2.70 Crore,"Federal B Area - Block 16, Karachi",Karachi,OLX,27000000.0,SQYD,1080.0,False
https://www.olx.com.pk/item/precinct-11b-street-17-plot-allotment-iid-1118778204,Plot,For Sale,125 SQYD,0.0,0.0,7 hours ago,Rs 45 Lacs,"Bahria Town - Precinct 11-B, Karachi",Karachi,OLX,4500000.0,SQYD,1125.0,False
https://www.olx.com.pk/item/houes-for-sale-iid-1118778097,Other,For Sale,120 SQYD,6.0,6.0,7 hours ago,Rs 3.50 Crore,"Federal B Area - Block 16, Karachi",Karachi,OLX,35000000.0,SQYD,1080.0,False
https://www.olx.com.pk/item/house-for-sale-iid-1118778079,House,For Sale,120 SQYD,6.0,4.0,7 hours ago,Rs 2.90 Crore,"Federal B Area - Block 9, Karachi",Karachi,OLX,29000000.0,SQYD,1080.0,False
https://www.olx.com.pk/item/houes-for-sale-iid-1118778067,Other,For Sale,200 SQYD,6.0,7.0,7 hours ago,Rs 7.50 Crore,"Gulshan-E-Iqbal Block 3, Karachi",Karachi,OLX,75000000.0,SQYD,1800.0,False
https://www.olx.com.pk/item/houes-for-sale-iid-1118778055,Other,For Sale,200 SQYD,6.0,4.0,7 hours ago,Rs 6.50 Crore,"Gulshan-E-Iqbal Block 2, Karachi",Karachi,OLX,65000000.0,SQYD,1800.0,False
https://www.olx.com.pk/item/houes-for-sale-iid-1118778019,Other,For Sale,200 SQYD,6.0,6.0,7 hours ago,Rs 6 Crore,"Gulshan-E-Iqbal Block 1, Karachi",Karachi,OLX,60000000.0,SQYD,1800.0,False
https://www.olx.com.pk/item/houes-for-sale-iid-1118778008,Other,For Sale,120 SQYD,6.0,6.0,7 hours ago,Rs 6 Crore,"Federal B Area - Block 14, Karachi",Karachi,OLX,60000000.0,SQYD,1080.0,False
https://www.olx.com.pk/item/precinct-4-dead-end-corner-plot-for-sale-no-transfer-fee-no-tax-iid-1118777968,Plot,For Sale,500 SQYD,0.0,0.0,7 hours ago,Rs 1.65 Crore,"Bahria Town - Precinct 4, Karachi",Karachi,OLX,16500000.0,SQYD,4500.0,False
https://www.olx.com.pk/item/prime-location-portion-for-sale-chance-deal-iid-1118777473,Other,For Sale,200 SQYD,3.0,3.0,7 hours ago,Rs 3.25 Crore,"Pechs II, Karachi",Karachi,OLX,32500000.0,SQYD,1800.0,False
https://www.olx.com.pk/item/125-sq-yards-house-for-sale-ali-block-precinct-12-bahria-town-karachi-iid-1118602306,House,For Sale,125 SQYD,4.0,4.0,5 days ago,Rs 1.65 Crore,"Bahria Town - Ali Block, Karachi",Karachi,OLX,16500000.0,SQYD,1125.0,False
https://www.olx.com.pk/item/reserve-a-prime-location-flat-now-in-emaar-the-views-iid-1117755020,Apartment,For Sale,"2,700 SQFT",3.0,3.0,4 weeks ago,Rs 11.80 Crore,"Emaar The Views, Karachi",Karachi,OLX,118000000.0,SQFT,2700.0,False
https://www.olx.com.pk/item/apartment-for-sale-iid-1116539369,Apartment,For Sale,"1,167 SQFT",2.0,3.0,4 weeks ago,Rs 1.80 Crore,"Callachi Cooperative Housing Society, Karachi",Karachi,OLX,18000000.0,SQFT,1167.0,False
https://www.olx.com.pk/item/2-bed-rooms-brand-new-pant-house-iid-1117734680,Room,For Sale,800 SQFT,2.0,2.0,4 weeks ago,Rs 55 Lacs,"Akhtar Colony, Karachi",Karachi,OLX,5500000.0,SQFT,800.0,False
https://www.olx.com.pk/item/80-square-yards-house-ground1-vip-location-builder-file-for-sale-iid-1118173140,House,For Sale,80 SQYD,6.0,7.0,2 weeks ago,Rs 1.14 Crore,"Pak Kausar Town, Karachi",Karachi,OLX,11399999.999999998,SQYD,720.0,False
https://www.olx.com.pk/item/portion-for-sale-144-sq-yards-shah-faisal-colony-block-3-iid-1116590411,Other,For Sale,144 SQYD,3.0,3.0,3 weeks ago,Rs 73 Lacs,"Shah Faisal Town - Block 3, Karachi",Karachi,OLX,7300000.0,SQYD,1296.0,False
https://www.olx.com.pk/item/prime-farms-premium-phase-iid-1117617357,Other,For Sale,"1,000 SQYD",4.0,5.0,5 days ago,Rs 15 Lacs,"Gulshan-e-Maymar, Karachi",Karachi,OLX,1500000.0,SQYD,9000.0,False
https://www.olx.com.pk/item/prime-location-120-square-yards-spacious-house-is-available-in-north-karachi-sector-8-for-sale-iid-1118777465,House,For Sale,120 SQYD,6.0,6.0,7 hours ago,Rs 2.60 Crore,"North Karachi - Sector 8, Karachi",Karachi,OLX,26000000.0,SQYD,1080.0,False
https://www.olx.com.pk/item/prime-location-north-nazimabad-block-d-house-for-sale-sized-600-square-yards-iid-1118777458,House,For Sale,600 SQYD,5.0,5.0,7 hours ago,Rs 12 Crore,"North Nazimabad - Block D, Karachi",Karachi,OLX,120000000.0,SQYD,5400.0,False
https://www.olx.com.pk/item/prime-location-80-square-yards-house-situated-in-north-karachi-sector-5-c1-for-sale-iid-1118777450,House,For Sale,80 SQYD,4.0,4.0,7 hours ago,Rs 1.30 Crore,"North Karachi - Sector 5-C/1, Karachi",Karachi,OLX,13000000.0,SQYD,720.0,False
https://www.olx.com.pk/item/240sq-yard-house-available-for-sale-iid-1118777440,House,For Sale,240 SQYD,6.0,6.0,7 hours ago,Rs 4.80 Crore,"North Karachi - Sector 11B, Karachi",Karachi,OLX,48000000.0,SQYD,2160.0,False
https://www.olx.com.pk/item/perfect-prime-location-120-square-yards-house-in-north-karachi-sector-9-for-sale-iid-1118777427,House,For Sale,120 SQYD,4.0,4.0,7 hours ago,Rs 3.50 Crore,"North Karachi - Sector 9, Karachi",Karachi,OLX,35000000.0,SQYD,1080.0,False
https://www.olx.com.pk/item/buying-a-prime-location-house-in-karachi-iid-1118777412,House,For Sale,80 SQYD,4.0,4.0,7 hours ago,Rs 1.50 Crore,"North Karachi - Sector 5-C/3, Karachi",Karachi,OLX,15000000.0,SQYD,720.0,False
https://www.olx.com.pk/item/prime-location-ground-floor-shop-for-sale-iid-1118644813,Shop,For Sale,750 SQFT,3.5,5.0,7 hours ago,Rs 3.50 Crore,"Shahra-e-Liaquat, Karachi",Karachi,OLX,35000000.0,SQFT,750.0,False
https://www.olx.com.pk/item/godown-godam-available-for-sale-iid-1118644545,Other,For Sale,200 SQFT,4.0,5.0,7 hours ago,Rs 35 Lacs,"New Chali, Karachi",Karachi,OLX,3500000.0,SQFT,200.0,False
https://www.olx.com.pk/item/prime-location-portion-for-sale-iid-1118644500,Other,For Sale,200 SQYD,3.0,3.0,7 hours ago,Rs 3.50 Crore,"Tariq Road, Karachi",Karachi,OLX,35000000.0,SQYD,1800.0,False
https://www.olx.com.pk/item/portion-1800-sq-ft-for-sale-at-secure-location-iid-1117945414,Other,For Sale,"1,800 SQFT",3.0,3.0,7 hours ago,Rs 3.20 Crore,"Pechs II, Karachi",Karachi,OLX,32000000.0,SQFT,1800.0,False
https://www.olx.com.pk/item/godown-godam-available-for-sale-iid-1117945380,Other,For Sale,150 SQFT,4.0,5.0,7 hours ago,Rs 33 Lacs,"New Chali, Karachi",Karachi,OLX,3300000.0,SQFT,150.0,False
https://www.olx.com.pk/item/reasonably-priced-prime-location-240-square-yards-house-in-north-karachi-sector-11a-karachi-is-available-as-of-now-iid-1118777373,House,For Sale,240 SQYD,3.0,3.0,7 hours ago,Rs 4 Crore,"North Karachi - Sector 11A, Karachi",Karachi,OLX,40000000.0,SQYD,2160.0,False
https://www.olx.com.pk/item/brand-new-240-sq-yard-house-available-for-sale-iid-1118777340,House,For Sale,240 SQYD,6.0,6.0,7 hours ago,Rs 5.50 Crore,"North Karachi - Sector 11B, Karachi",Karachi,OLX,55000000.0,SQYD,2160.0,False
https://www.olx.com.pk/item/highly-coveted-prime-location-240-square-yards-house-is-available-in-north-karachi-sector-11b-for-sale-iid-1118777328,House,For Sale,240 SQYD,6.0,6.0,7 hours ago,Rs 5.50 Crore,"North Karachi - Sector 11B, Karachi",Karachi,OLX,55000000.0,SQYD,2160.0,False
https://www.olx.com.pk/item/prime-location-260-square-yards-house-in-north-karachi-for-sale-at-good-location-iid-1118777312,House,For Sale,260 SQYD,6.0,6.0,7 hours ago,Rs 5.50 Crore,"North Karachi - Sector 11A, Karachi",Karachi,OLX,55000000.0,SQYD,2340.0,False
https://www.olx.com.pk/item/saima-greens-chance-deal-1800-square-feet-flat-up-for-vm-sale-iid-1117024415,Apartment,For Sale,"1,800 SQFT",3.0,4.0,2 weeks ago,Rs 2.65 Crore,"Airport, Karachi",Karachi,OLX,26500000.0,SQFT,1800.0,False
https://www.olx.com.pk/item/120-sqtda-house-on-200-feet-road-iid-1117744885,House,For Sale,120 SQFT,3.0,4.0,4 days ago,Rs 3 Crore,"North Karachi - Sector 2, Karachi",Karachi,OLX,30000000.0,SQFT,120.0,True
https://www.olx.com.pk/item/shop-for-sale-in-gohar-shopping-mall-iid-1118369055,Shop,For Sale,180 SQFT,3.5,5.0,1 week ago,Rs 1.20 Crore,"Model Colony - Malir, Karachi",Karachi,OLX,12000000.0,SQFT,180.0,False
https://www.olx.com.pk/item/200-sq-yards-plot-for-sale-in-falaknaz-dreams-iid-1118724333,Plot,For Sale,200 SQYD,0.0,0.0,9 hours ago,Rs 76 Lacs,"Falaknaz Dreams, Karachi",Karachi,OLX,7600000.0,SQYD,1800.0,False
https://www.olx.com.pk/item/ground-floor-portion-for-sale-iid-1118130968,Other,For Sale,120 SQFT,2.0,2.0,6 days ago,Rs 60 Lacs,"Gulistan-e-Jauhar Block 10, Karachi",Karachi,OLX,6000000.0,SQFT,120.0,False
https://www.olx.com.pk/item/dont-miss-gulshan-block-8-corner-600-yards-double-storey-bungalow-for-sale-iid-1118755200,Other,For Sale,600 SQYD,6.0,6.0,15 hours ago,Rs 16.50 Crore,"Gulshan-E-Iqbal Block 8, Karachi",Karachi,OLX,165000000.0,SQYD,5400.0,False
https://www.olx.com.pk/item/falaknaz-dreams-plot-for-sale-iid-1118369021,Plot,For Sale,120 SQYD,0.0,0.0,1 week ago,Rs 50 Lacs,"Malir, Karachi",Karachi,OLX,5000000.0,SQYD,1080.0,False
https://www.olx.com.pk/item/a-prime-location-house-of-233-square-yards-in-karachi-iid-1118777307,House,For Sale,233 SQYD,6.0,6.0,7 hours ago,Rs 7 Crore,"North Nazimabad - Block N, Karachi",Karachi,OLX,70000000.0,SQYD,2097.0,False
https://www.olx.com.pk/item/get-a-prime-location-120-square-yards-house-for-sale-in-north-karachi-sector-9-iid-1118777301,House,For Sale,120 SQYD,4.0,4.0,7 hours ago,Rs 1.80 Crore,"North Karachi - Sector 9, Karachi",Karachi,OLX,18000000.0,SQYD,1080.0,False
https://www.olx.com.pk/item/prime-location-north-karachi-sector-9-house-for-sale-sized-120-square-yards-iid-1118777290,House,For Sale,120 SQYD,4.0,4.0,7 hours ago,Rs 2.85 Crore,"North Karachi - Sector 9, Karachi",Karachi,OLX,28500000.0,SQYD,1080.0,False
https://www.olx.com.pk/item/reserve-a-centrally-located-prime-location-residential-plot-of-200-square-yards-in-surjani-town-sector-6b-iid-1118777286,Residential Plot,For Sale,200 SQYD,0.0,0.0,7 hours ago,Rs 80 Lacs,"Surjani Town - Sector 6B, Karachi",Karachi,OLX,8000000.0,SQYD,1800.0,False
https://www.olx.com.pk/item/book-prime-location-house-today-in-north-karachi-sector-5-c2-iid-1118777229,House,For Sale,80 SQYD,6.0,6.0,7 hours ago,Rs 1.40 Crore,"North Karachi - Sector 5-C/2, Karachi",Karachi,OLX,14000000.0,SQYD,720.0,False
https://www.olx.com.pk/item/ready-to-buy-a-prime-location-house-577-square-yards-in-karachi-iid-1118777207,House,For Sale,577 SQYD,4.0,4.0,7 hours ago,Rs 12 Crore,"North Nazimabad - Block D, Karachi",Karachi,OLX,120000000.0,SQYD,5193.0,False
https://www.olx.com.pk/item/brand-new-house-for-sale-gulistan-e-johar-block-14-iid-1118776972,House,For Sale,700 SQYD,6.0,6.0,8 hours ago,Rs 12 Crore,"Gulistan-e-Jauhar Block 14, Karachi",Karachi,OLX,120000000.0,SQYD,6300.0,False
https://www.olx.com.pk/item/plot-for-sale-dha-phase-8-location-sahil-street-33-iid-1118776726,Plot,For Sale,300 SQYD,0.0,0.0,8 hours ago,Rs 6.75 Crore,"DHA Phase 8, Karachi",Karachi,OLX,67500000.0,SQYD,2700.0,False
https://www.olx.com.pk/item/bungalow-for-sale-dha-phase-2-location-near-abu-bakr-masjid-main-road-iid-1118776700,Other,For Sale,"1,000 SQYD",6.0,7.0,8 hours ago,Rs 40 Crore,"DHA Phase 2, Karachi",Karachi,OLX,400000000.0,SQYD,9000.0,False
https://www.olx.com.pk/item/240-sqyd-spacious-bungalow-for-sale-in-saadi-town-40-feet-wide-road-prime-location-iid-1118775556,Other,For Sale,240 SQYD,6.0,6.0,8 hours ago,Rs 4.50 Crore,"Saadi Town, Karachi",Karachi,OLX,45000000.0,SQYD,2160.0,False
https://www.olx.com.pk/item/240-sqyd-bungalow-for-sale-in-saadi-town-35-feet-road-prime-location-iid-1118775552,Other,For Sale,240 SQYD,6.0,6.0,8 hours ago,Rs 4.25 Crore,"Saadi Town, Karachi",Karachi,OLX,42500000.0,SQYD,2160.0,False
https://www.olx.com.pk/item/gfs-seven-wonders-city-phase-1-iid-1114338640,Other,For Sale,80 SQFT,4.0,5.0,9 hours ago,Rs 12.50 Lacs,"Zaman Town, Karachi",Karachi,OLX,1250000.0,SQFT,80.0,False
https://www.olx.com.pk/item/stunning-house-is-available-for-sale-in-gulistan-e-jauhar-block-13-iid-1118773633,House,For Sale,400 SQYD,3.0,3.0,9 hours ago,Rs 6.90 Crore,"Gulistan-e-Jauhar Block 13, Karachi",Karachi,OLX,69000000.0,SQYD,3600.0,False
https://www.olx.com.pk/item/bungalow-is-available-for-sale-iid-1118773121,Other,For Sale,800 SQYD,6.0,6.0,9 hours ago,Rs 90 Crore,"National Stadium Colony, Karachi",Karachi,OLX,900000000.0,SQYD,7200.0,False
https://www.olx.com.pk/item/bungalow-for-sale-prime-location-iid-1118773035,Other,For Sale,600 SQYD,6.0,6.0,9 hours ago,Rs 60 Crore,"KDA Officers Society, Karachi",Karachi,OLX,600000000.0,SQYD,5400.0,False
https://www.olx.com.pk/item/prime-location-120-square-yards-residential-corner-plot-for-sale-in-sachal-sarmast-town-scheme-33-iid-1118429697,Plot,For Sale,120 SQYD,0.0,0.0,1 day ago,Rs 50 Lacs,"Sachal Sarmast Society, Karachi",Karachi,OLX,5000000.0,SQYD,1080.0,False
https://www.olx.com.pk/item/north-town-phase-2-project-iid-1118702770,Other,For Sale,720 SQFT,4.0,5.0,1 day ago,Rs 23.50 Lacs,"North Town Residency - Phase 2, Karachi",Karachi,OLX,2350000.0,SQFT,720.0,False
https://www.olx.com.pk/item/prime-location-2700-square-feet-flat-is-available-for-sale-in-emaar-the-views-iid-1117754992,Apartment,For Sale,"2,700 SQFT",3.0,3.0,4 weeks ago,Rs 11.50 Crore,"Emaar The Views, Karachi",Karachi,OLX,115000000.0,SQFT,2700.0,False
https://www.olx.com.pk/item/sector-11a-first-floor-corner-two-bed-lounge-al-ghafoor-atrium-north-karachi-iid-1118355354,Other,For Sale,650 SQFT,2.0,2.0,4 days ago,Rs 55 Lacs,"North Karachi - Sector 11A, Karachi",Karachi,OLX,5500000.0,SQFT,650.0,False
https://www.olx.com.pk/item/bungalow-for-sale-prime-location-iid-1118773009,Other,For Sale,600 SQYD,6.0,6.0,9 hours ago,Rs 60 Crore,"National Stadium Colony, Karachi",Karachi,OLX,600000000.0,SQYD,5400.0,False
https://www.olx.com.pk/item/precinct-1-300sq-y-corner-gray-structure-very-near-roots-school-villa-available-for-sale-03135549217-iid-1118742644,Villa,For Sale,300 SQYD,6.0,7.0,9 hours ago,Rs 3.50 Crore,"Bahria Town - Precinct 1, Karachi",Karachi,OLX,35000000.0,SQYD,2700.0,False
https://www.olx.com.pk/item/precinct-9-hill-500sq-y-brand-new-villa-available-for-sale-03135549217-iid-1118742250,Villa,For Sale,500 SQYD,5.0,7.0,9 hours ago,Rs 5.80 Crore,"Bahria Town - Precinct 9, Karachi",Karachi,OLX,58000000.0,SQYD,4500.0,False
https://www.olx.com.pk/item/precinct-4-500sq-y-brand-new-designer-villa-available-for-sale-03135549217-iid-1118741904,Villa,For Sale,500 SQYD,6.0,7.0,9 hours ago,Rs 6.50 Crore,"Bahria Town - Precinct 4, Karachi",Karachi,OLX,65000000.0,SQYD,4500.0,False
https://www.olx.com.pk/item/bahria-tower-6-apartment-2600sqft-west-open-available-for-sale-iid-1118657045,Apartment,For Sale,"2,600 SQYD",3.0,4.0,9 hours ago,Rs 2.10 Crore,"Bahria Town - Precinct 19, Karachi",Karachi,OLX,21000000.0,SQYD,23400.0,False
https://www.olx.com.pk/item/residential-plot-for-sale-iid-1118468124,Residential Plot,For Sale,640 SQYD,0.0,0.0,9 hours ago,Rs 56 Crore,"National Stadium Colony, Karachi",Karachi,OLX,560000000.0,SQYD,5760.0,False
https://www.olx.com.pk/item/residential-plot-for-sale-iid-1118097074,Residential Plot,For Sale,600 SQYD,0.0,0.0,9 hours ago,Rs 15 Crore,"Callachi Cooperative Housing Society, Karachi",Karachi,OLX,150000000.0,SQYD,5400.0,False
https://www.olx.com.pk/item/plot-for-prime-location-of-karachi-iid-1118097030,Plot,For Sale,600 SQYD,0.0,0.0,9 hours ago,Rs 52 Crore,"National Stadium Colony, Karachi",Karachi,OLX,520000000.0,SQYD,5400.0,False
https://www.olx.com.pk/item/600-square-yards-residential-plot-for-sale-in-beautiful-national-stadium-colony-iid-1117784556,Residential Plot,For Sale,600 SQYD,0.0,0.0,9 hours ago,Rs 52 Crore,"National Stadium Colony, Karachi",Karachi,OLX,520000000.0,SQYD,5400.0,False
https://www.olx.com.pk/item/bungalow-for-sale-prime-location-iid-1118772890,Other,For Sale,400 SQYD,6.0,6.0,9 hours ago,Rs 40 Crore,"KDA Officers Society, Karachi",Karachi,OLX,400000000.0,SQYD,3600.0,False
https://www.olx.com.pk/item/bungalow-for-sale-prime-location-iid-1118772884,Other,For Sale,240 SQYD,5.0,5.0,9 hours ago,Rs 17 Crore,"KDA Officers Society, Karachi",Karachi,OLX,170000000.0,SQYD,2160.0,False
https://www.olx.com.pk/item/plot-for-prime-location-of-karachi-iid-1118496293,Plot,For Sale,800 SQYD,0.0,0.0,9 hours ago,Rs 75 Crore,"National Stadium Colony, Karachi",Karachi,OLX,750000000.0,SQYD,7200.0,False
https://www.olx.com.pk/item/bungalow-is-available-for-sale-iid-1118468047,Other,For Sale,600 SQYD,6.0,5.0,9 hours ago,Rs 60 Crore,"National Stadium Colony, Karachi",Karachi,OLX,600000000.0,SQYD,5400.0,False
https://www.olx.com.pk/item/house-is-available-for-sale-iid-1118467802,House,For Sale,400 SQYD,6.0,5.0,9 hours ago,Rs 13 Crore,"Gulshan-e-Iqbal - Block 13/D-1, Karachi",Karachi,OLX,130000000.0,SQYD,3600.0,False
https://www.olx.com.pk/item/bungalow-for-sale-prime-location-iid-1117784328,Other,For Sale,400 SQYD,5.0,5.0,9 hours ago,Rs 35 Crore,"KDA Officers Society, Karachi",Karachi,OLX,350000000.0,SQYD,3600.0,False
https://www.olx.com.pk/item/bank-loan-applicable-2-bed-lounge-flat-1st-floor-for-sale-sec-5d-surjani-near-kda-stop-iid-1118695156,Apartment,For Sale,66 SQYD,2.0,2.0,2 days ago,Rs 40 Lacs,"Surjani Town - Sector 5D, Karachi",Karachi,OLX,4000000.0,SQYD,594.0,False
https://www.olx.com.pk/item/pir-ahmed-zaman-town-block-3-240-40ft-road-west-open-iid-1118217745,Other,For Sale,240 SQYD,4.0,5.0,1 day ago,Rs 1.17 Crore,"Pir Ahmed Zaman Town, Karachi",Karachi,OLX,11700000.0,SQYD,2160.0,False
https://www.olx.com.pk/item/brand-new-stylish-and-modern-design-bunglow-for-sale-in-prime-sector-iid-1118252025,Other,For Sale,240 SQYD,6.0,7.0,4 days ago,Rs 4.84 Crore,"Gulshan-e-Maymar - Sector T, Karachi",Karachi,OLX,48400000.0,SQYD,2160.0,False
https://www.olx.com.pk/item/prime-location-shop-sized-60-square-feet-in-north-town-residency-iid-1117151298,Shop,For Sale,60 SQFT,3.5,5.0,3 weeks ago,Rs 7.20 Lac,"North Town Residency, Karachi",Karachi,OLX,720000.0,SQFT,60.0,False
https://www.olx.com.pk/item/200-sq-yards-commercial-plot-available-prime-location-iid-1118465952,Commercial Plot,For Sale,200 SQYD,0.0,1.0,4 days ago,Rs 3.70 Crore,"Orangi Town, Karachi",Karachi,OLX,37000000.0,SQYD,1800.0,False
https://www.olx.com.pk/item/with-lift-brand-new-2-bed-dd-flat-for-sale-iid-1117772685,Apartment,For Sale,100 SQYD,2.0,2.0,2 weeks ago,Rs 80 Lacs,"Anwar-e-Ibrahim, Karachi",Karachi,OLX,8000000.0,SQYD,900.0,False
https://www.olx.com.pk/item/ready-to-buy-a-flat-in-gulshan-e-iqbal-block-14-karachi-iid-1118096833,Apartment,For Sale,"2,500 SQFT",4.0,6.0,9 hours ago,Rs 7.50 Crore,"Gulshan-e-Iqbal - Block 14, Karachi",Karachi,OLX,75000000.0,SQFT,2500.0,False
https://www.olx.com.pk/item/residential-plot-for-sale-iid-1118096813,Residential Plot,For Sale,400 SQYD,0.0,0.0,9 hours ago,Rs 40 Crore,"National Stadium Colony, Karachi",Karachi,OLX,400000000.0,SQYD,3600.0,False
https://www.olx.com.pk/item/bungalow-for-sale-iid-1118096787,Other,For Sale,533 SQYD,6.0,7.0,9 hours ago,Rs 55 Crore,"National Stadium Colony, Karachi",Karachi,OLX,550000000.0,SQYD,4797.0,False
https://www.olx.com.pk/item/bungalow-for-sale-prime-location-iid-1117784303,Other,For Sale,600 SQYD,5.0,5.0,9 hours ago,Rs 60 Crore,"KDA Officers Society, Karachi",Karachi,OLX,600000000.0,SQYD,5400.0,False
https://www.olx.com.pk/item/bungalow-for-sale-prime-location-iid-1117784284,Other,For Sale,240 SQYD,6.0,6.0,9 hours ago,Rs 25 Crore,"KDA Officers Society, Karachi",Karachi,OLX,250000000.0,SQYD,2160.0,False
https://www.olx.com.pk/item/bungalow-for-sale-iid-1118098609,Other,For Sale,240 SQYD,6.0,6.0,9 hours ago,Rs 19 Crore,"KDA Officers Society, Karachi",Karachi,OLX,190000000.0,SQYD,2160.0,False
https://www.olx.com.pk/item/2-bed-dd-flat-for-sale-in-gulshan-e-iqbal-13d3-iid-1118772387,Apartment,For Sale,900 SQFT,2.0,2.0,9 hours ago,Rs 90 Lacs,"Gulshan-e-Iqbal - Block 13/D-3, Karachi",Karachi,OLX,9000000.0,SQFT,900.0,False
https://www.olx.com.pk/item/solaira-luxury-apartments-iid-1117774007,Apartment,For Sale,350 SQFT,1.0,1.0,10 hours ago,Rs 40 Lacs,"Gulistan-e-Jauhar Block 13, Karachi",Karachi,OLX,4000000.0,SQFT,350.0,False
https://www.olx.com.pk/item/triple-storey-120squre-yards-house-available-for-sale-iid-1118771676,House,For Sale,120 SQYD,6.0,6.0,10 hours ago,Rs 4.09 Crore,"Gulshan-e-Iqbal - Block 13/D-1, Karachi",Karachi,OLX,40900000.0,SQYD,1080.0,False
https://www.olx.com.pk/item/demolished-corner-single-story-400squre-yards-house-available-for-sale-iid-1118771644,House,For Sale,400 SQYD,3.0,3.0,10 hours ago,Rs 7.60 Crore,"Gulshan-E-Iqbal Block 3, Karachi",Karachi,OLX,76000000.0,SQYD,3600.0,False
https://www.olx.com.pk/item/bhayani-hights-2bed-dd-2nd-floor-available-for-sale-iid-1118771638,Other,For Sale,"1,000 SQFT",2.0,2.0,10 hours ago,Rs 1.28 Crore,"Gulshan-e-Iqbal, Karachi",Karachi,OLX,12800000.0,SQFT,1000.0,False
https://www.olx.com.pk/item/brand-new-portion-3bed-dd-1st-floor-on-240-squre-yards-near-to-kda-market-iid-1118771557,Other,For Sale,240 SQYD,3.0,3.0,10 hours ago,Rs 3.60 Crore,"Gulshan-E-Iqbal Block 3, Karachi",Karachi,OLX,36000000.0,SQYD,2160.0,False
https://www.olx.com.pk/item/3-bed-dd-apartment-for-sale-on-main-bahadurabad-sharfabad-high-rise-building-upper-floor-iid-1118771494,Apartment,For Sale,"1,700 SQFT",3.0,3.0,10 hours ago,Rs 4.50 Crore,"Bahadurabad, Karachi",Karachi,OLX,45000000.0,SQFT,1700.0,False
https://www.olx.com.pk/item/luxury-3-bed-apartment-for-sale-prime-location-of-sir-syed-road-khalid-bin-waleed-road-iid-1118771465,Apartment,For Sale,"1,700 SQFT",3.0,4.0,10 hours ago,Rs 5 Crore,"Khalid Bin Walid Road, Karachi",Karachi,OLX,50000000.0,SQFT,1700.0,False
https://www.olx.com.pk/item/well-maintain-triple-story-house-available-for-sale-iid-1118771247,House,For Sale,240 SQYD,6.0,6.0,10 hours ago,Rs 8 Crore,"Gulshan-E-Iqbal Block 3, Karachi",Karachi,OLX,80000000.0,SQYD,2160.0,False
https://www.olx.com.pk/item/family-farm-house-iid-1117626243,Farm House,For Sale,"1,000 SQYD",5.0,6.0,2 days ago,Rs 12 Lacs,"Gadap Town, Karachi",Karachi,OLX,1200000.0,SQYD,9000.0,False
https://www.olx.com.pk/item/brand-new-ultra-modern-120-sq-yard-house-sale-gulshan-e-iqbal-karachi-sindh-iid-1117258308,House,For Sale,120 SQYD,6.0,7.0,1 week ago,Rs 6.30 Crore,"Gulshan-e-Iqbal - Block 13/D-1, Karachi",Karachi,OLX,63000000.0,SQYD,1080.0,False
https://www.olx.com.pk/item/new-booking-chapal-courtyard-3-scheme-33-karachi-iid-1117410408,Other,For Sale,943 SQFT,2.0,2.0,4 days ago,Rs 1.30 Crore,"Chapal Courtyard, Karachi",Karachi,OLX,13000000.0,SQFT,943.0,False
https://www.olx.com.pk/item/336sq-yards-town-house-fully-renovated-prme-location-chance-deal-iid-1118167913,House,For Sale,336 SQYD,4.0,6.0,2 weeks ago,Rs 5.95 Crore,"PECHS Block 6, Karachi",Karachi,OLX,59500000.0,SQYD,3024.0,False
https://www.olx.com.pk/item/change-your-address-to-saadi-garden-block-3-karachi-for-a-reasonable-price-iid-1118173560,Other,For Sale,120 SQYD,4.0,5.0,5 days ago,Rs 1.90 Crore,"Saadi Garden - Block 3, Karachi",Karachi,OLX,19000000.0,SQYD,1080.0,False
https://www.olx.com.pk/item/one-bed-lounge-flat-for-sale-iid-1107946013,Apartment,For Sale,60 SQYD,1.0,1.0,3 weeks ago,Rs 20 Lacs,"Surjani Town - Sector 5D, Karachi",Karachi,OLX,2000000.0,SQYD,540.0,False
https://www.olx.com.pk/item/office-available-for-sale-in-commercial-building-iid-1117691561,Office,For Sale,"1,950 SQFT",8.0,6.0,4 days ago,Rs 3.85 Crore,"Baloch Colony, Karachi",Karachi,OLX,38500000.0,SQFT,1950.0,False
https://www.olx.com.pk/item/80-sqyards-plot-north-town-residency-phase-1-iid-1118770694,Plot,For Sale,80 SQYD,0.0,0.0,10 hours ago,Rs 40 Lacs,"North Town Residency, Karachi",Karachi,OLX,4000000.0,SQYD,720.0,False
https://www.olx.com.pk/item/hot-deal-120-sqyards-t-shape-plot-superior-block-north-town-residency-phase-1-iid-1118770241,Plot,For Sale,120 SQYD,0.0,0.0,10 hours ago,Rs 80 Lacs,"North Town Residency, Karachi",Karachi,OLX,8000000.0,SQYD,1080.0,False
https://www.olx.com.pk/item/corner-house-ground-plus-2-160-feet-main-road-facing-with-3-shops-iid-1118769893,House,For Sale,200 SQYD,6.0,7.0,10 hours ago,Rs 3.25 Crore,"North Karachi - Sector 8, Karachi",Karachi,OLX,32500000.0,SQYD,1800.0,False
https://www.olx.com.pk/item/house-ground-plus-2-park-facing-west-open-24-hours-sweet-water-and-electricity-kda-lease-excellent-condition-north-karachi-sector-8-iid-1118769834,House,For Sale,120 SQYD,6.0,6.0,10 hours ago,Rs 2.45 Crore,"North Karachi, Karachi",Karachi,OLX,24500000.0,SQYD,1080.0,False
https://www.olx.com.pk/item/commercial-house-ground-plus-2-excellent-new-condition-main-baara-market-business-street-best-for-commercial-use-living-iid-1118769764,House,For Sale,120 SQYD,6.0,6.0,11 hours ago,Rs 3.90 Crore,"North Karachi - Sector 5-C/3, Karachi",Karachi,OLX,39000000.0,SQYD,1080.0,False
https://www.olx.com.pk/item/shop-double-shutter-3-side-corner-with-attached-bath-extra-land-lease-200-feet-road-facing-vip-location-north-karachi-sector-11a-iid-1118567121,Shop,For Sale,800 SQFT,3.5,5.0,11 hours ago,Rs 1.30 Crore,"North Karachi - Sector 11A, Karachi",Karachi,OLX,13000000.0,SQFT,800.0,False
https://www.olx.com.pk/item/shop-corner-double-shutter-200-feet-main-road-facing-extra-land-north-karachi-iid-1118478026,Shop,For Sale,600 SQFT,3.5,5.0,11 hours ago,Rs 1.10 Crore,"North Karachi - Sector 11A, Karachi",Karachi,OLX,11000000.0,SQFT,600.0,False
https://www.olx.com.pk/item/shop-for-sale-with-attached-bath-corner-double-shutter-200-feet-main-road-facing-extra-land-ideal-location-iid-1118769641,Shop,For Sale,700 SQFT,3.5,5.0,11 hours ago,Rs 1.20 Crore,"North Karachi - Sector 11A, Karachi",Karachi,OLX,12000000.0,SQFT,700.0,False
https://www.olx.com.pk/item/tower-170-structure-is-ready-10th-floor-possession-in-18-months-and-payment-schedule-30-months-available-for-sale-iid-1118769593,Other,For Sale,"2,486 SQFT",3.0,3.0,11 hours ago,Rs 7.25 Crore,"Askari iv, Karachi",Karachi,OLX,72500000.0,SQFT,2486.0,False
https://www.olx.com.pk/item/shop-corner-double-shutter-200-feet-main-road-facing-extra-land-north-karachi-sector-11-a-iid-1118477918,Shop,For Sale,800 SQFT,3.5,5.0,11 hours ago,Rs 1.10 Crore,"North Karachi, Karachi",Karachi,OLX,11000000.0,SQFT,800.0,False
https://www.olx.com.pk/item/120-square-yards-plot-for-sale-in-gulshan-e-shiraz-iid-1118727944,Plot,For Sale,120 SQYD,0.0,0.0,11 hours ago,Rs 60 Lacs,"Surjani Town, Karachi",Karachi,OLX,6000000.0,SQYD,1080.0,False
https://www.olx.com.pk/item/1900-square-feet-flat-for-sale-in-gulistan-e-jauhar-block-10-iid-1117810431,Apartment,For Sale,"1,900 SQFT",3.0,3.0,11 hours ago,Rs 1.95 Crore,"Gulistan-e-Jauhar Block 10, Karachi",Karachi,OLX,19500000.0,SQFT,1900.0,False
https://www.olx.com.pk/item/flat-for-sale-in-karachi-iid-1117810427,Apartment,For Sale,"1,600 SQFT",3.0,3.0,11 hours ago,Rs 2.10 Crore,"Gulistan-e-Jauhar Block 16, Karachi",Karachi,OLX,21000000.0,SQFT,1600.0,False
https://www.olx.com.pk/item/sale-a-house-in-karachi-prime-location-iid-1117810425,House,For Sale,400 SQYD,5.0,5.0,11 hours ago,Rs 11.50 Crore,"Latifi Cooperative Housing Society, Karachi",Karachi,OLX,115000000.0,SQYD,3600.0,False
https://www.olx.com.pk/item/looking-for-a-flat-in-gulistan-e-jauhar-block-10-iid-1117810424,Apartment,For Sale,"2,700 SQFT",4.0,4.0,11 hours ago,Rs 2.40 Crore,"Gulistan-e-Jauhar Block 10, Karachi",Karachi,OLX,24000000.0,SQFT,2700.0,False
https://www.olx.com.pk/item/shop-45-block-c-gfs-jodia-bazar-north-town-residency-phase-01-iid-1060070299,Shop,For Sale,96 SQFT,3.5,5.0,4 years ago,Rs 4 Lac,"North Town Residency, Karachi",Karachi,OLX,400000.0,SQFT,96.0,False
https://www.olx.com.pk/item/240-square-yards-residential-plot-ideally-situated-in-gulshan-e-azeem-iid-1117923241,Residential Plot,For Sale,240 SQYD,0.0,0.0,2 weeks ago,Rs 2.10 Crore,"Gulshan-e-Azeem, Karachi",Karachi,OLX,21000000.0,SQYD,2160.0,False
https://www.olx.com.pk/item/sector-5-a1-ground-plus-two-house-best-for-rental-income-west-open-north-karachi-iid-1118218646,House,For Sale,80 SQYD,6.0,4.0,4 days ago,Rs 98 Lacs,"New Karachi - Sector 5-A/1, Karachi",Karachi,OLX,9800000.0,SQYD,720.0,False
https://www.olx.com.pk/item/2-bed-dd-flat-for-sale-in-punjabi-suadagaran-phase-1-iid-1118370901,Apartment,For Sale,700 SQFT,2.0,2.0,4 days ago,Rs 80 Lacs,"Punjabi Saudagaran Phase 1, Karachi",Karachi,OLX,8000000.0,SQFT,700.0,False
https://www.olx.com.pk/item/prime-residential-on-main-200-feet-shahrah-e-noor-jehan-best-location-iid-1117572556,Other,For Sale,600 SQFT,4.0,5.0,4 days ago,Rs 3.50 Crore,"North Karachi - Sector 11-C/3, Karachi",Karachi,OLX,35000000.0,SQFT,600.0,False
https://www.olx.com.pk/item/400-sq-yards-plot-available-for-sale-iid-1117544428,Plot,For Sale,400 SQYD,0.0,0.0,1 week ago,Rs 5.09 Crore,"New Rizvia Cooperative Housing Society, Karachi",Karachi,OLX,50900000.0,SQYD,3600.0,False
https://www.olx.com.pk/item/sector-11a-ground-plus-one-house-north-karachi-iid-1118355306,House,For Sale,240 SQFT,5.0,5.0,4 days ago,Rs 3.30 Crore,"North Karachi - Sector 11A, Karachi",Karachi,OLX,33000000.0,SQFT,240.0,False
https://www.olx.com.pk/item/slightly-used-2000-square-feet-flat-is-available-for-sale-iid-1116630710,Apartment,For Sale,"2,000 SQFT",4.0,5.0,2 weeks ago,Rs 2.54 Crore,"P & T Colony, Karachi",Karachi,OLX,25400000.0,SQFT,2000.0,False
https://www.olx.com.pk/item/direct-owner-240-yards-ground-plus-two-house-iid-1117492725,House,For Sale,240 SQYD,6.0,6.0,2 weeks ago,Rs 4.96 Crore,"Abul Hassan Isphani Road, Karachi",Karachi,OLX,49600000.0,SQYD,2160.0,False
https://www.olx.com.pk/item/buy-a-centrally-located-240-square-yards-house-in-gulistan-e-jauhar-block-2-iid-1117810422,House,For Sale,240 SQYD,6.0,6.0,11 hours ago,Rs 6.75 Crore,"Gulistan-e-Jauhar Block 2, Karachi",Karachi,OLX,67500000.0,SQYD,2160.0,False
https://www.olx.com.pk/item/centrally-located-flat-for-sale-in-gulistan-e-jauhar-block-18-available-iid-1117810421,Apartment,For Sale,"1,935 SQFT",3.0,3.0,11 hours ago,Rs 1.55 Crore,"Gulistan-e-Jauhar Block 18, Karachi",Karachi,OLX,15500000.0,SQFT,1935.0,False
https://www.olx.com.pk/item/residential-plot-for-sale-situated-in-gulistan-e-jauhar-block-1-iid-1117810419,Residential Plot,For Sale,"1,200 SQYD",0.0,0.0,11 hours ago,Rs 11 Crore,"Gulistan-e-Jauhar Block 1, Karachi",Karachi,OLX,110000000.0,SQYD,10800.0,False
https://www.olx.com.pk/item/a-residential-plot-of-120-square-yards-iid-1117810417,Residential Plot,For Sale,120 SQYD,0.0,0.0,11 hours ago,Rs 85 Lacs,"AG Sindh Cooperative Housing Society, Karachi",Karachi,OLX,8500000.0,SQYD,1080.0,False
https://www.olx.com.pk/item/reasonably-priced-300-square-yards-upper-portion-in-gulistan-e-jauhar-block-14-karachi-is-available-as-of-now-iid-1117810414,Upper Portion,For Sale,300 SQYD,3.0,3.0,11 hours ago,Rs 2.80 Crore,"Gulistan-e-Jauhar Block 14, Karachi",Karachi,OLX,28000000.0,SQYD,2700.0,False
https://www.olx.com.pk/item/reasonably-priced-900-square-feet-flat-in-gulistan-e-jauhar-block-13-karachi-is-available-as-of-now-iid-1117810370,Apartment,For Sale,900 SQFT,2.0,2.0,11 hours ago,Rs 75 Lacs,"Gulistan-e-Jauhar Block 13, Karachi",Karachi,OLX,7500000.0,SQFT,900.0,False
https://www.olx.com.pk/item/first-floor-apartment-for-sale-in-north-karachi-iid-1118767542,Apartment,For Sale,700 SQFT,2.0,2.0,11 hours ago,Rs 65 Lacs,"North Karachi, Karachi",Karachi,OLX,6500000.0,SQFT,700.0,False
https://www.olx.com.pk/item/200-sq-commercial-plot-for-sale-in-gulshan-e-roomi-iid-1118446167,Room,For Sale,200 SQYD,2.0,3.0,11 hours ago,Rs 1.90 Crore,"Gulshan-e-Roomi, Karachi",Karachi,OLX,19000000.0,SQYD,1800.0,False
https://www.olx.com.pk/item/120-square-yards-residential-plot-for-sale-in-gulshan-e-roomi-iid-1118446044,Room,For Sale,120 SQYD,2.0,3.0,11 hours ago,Rs 92 Lacs,"Gulshan-e-Roomi, Karachi",Karachi,OLX,9200000.0,SQYD,1080.0,False
https://www.olx.com.pk/item/fully-furnished-multi-unit-apartment-building-clifton-karachi-iid-1118767103,Apartment,For Sale,600 SQYD,2.0,2.0,11 hours ago,Rs 35 Crore,"Clifton - Block 2, Karachi",Karachi,OLX,350000000.0,SQYD,5400.0,False
https://www.olx.com.pk/item/522-sq-plot-for-sale-in-sachal-sarmast-town-iid-1118446148,Plot,For Sale,522 SQYD,0.0,0.0,11 hours ago,Rs 1.85 Crore,"Sachal Sarmast Society, Karachi",Karachi,OLX,18500000.0,SQYD,4698.0,False
https://www.olx.com.pk/item/200-commercial-plot-for-sale-gulishan-e-roomi-scheme-33-iid-1118445889,Room,For Sale,200 SQYD,2.0,3.0,11 hours ago,Rs 1.87 Crore,"Gulshan-e-Roomi, Karachi",Karachi,OLX,18700000.0,SQYD,1800.0,False
https://www.olx.com.pk/item/400-sq-plot-for-sale-gulishan-e-mahran-scheme-33-iid-1118445878,Plot,For Sale,400 SQYD,0.0,0.0,11 hours ago,Rs 70 Lacs,"Gulshan-e-Mehran, Karachi",Karachi,OLX,7000000.0,SQYD,3600.0,False
https://www.olx.com.pk/item/west-open-120-square-yards-residential-plot-for-sale-iid-1118766363,Residential Plot,For Sale,120 SQYD,0.0,0.0,12 hours ago,Rs 45 Lacs,"Sachal Sarmast Society, Karachi",Karachi,OLX,4500000.0,SQYD,1080.0,False
https://www.olx.com.pk/item/get-in-touch-now-to-buy-a-120-square-yards-residential-plot-in-gulshan-e-roomi-karachi-iid-1118766282,Room,For Sale,120 SQYD,2.0,3.0,12 hours ago,Rs 90 Lacs,"Gulshan-e-Roomi, Karachi",Karachi,OLX,9000000.0,SQYD,1080.0,False
https://www.olx.com.pk/item/8-marla-plot-for-sale-in-faisal-town-block-c-iid-1117677585,Plot,For Sale,8 Marla,0.0,0.0,2 weeks ago,Rs 1.65 Crore,"Faisal Town Phase 1 - Block C, Islamabad",Islamabad,OLX,16500000.0,Marla,2178.0,False
https://www.olx.com.pk/item/unit-is-available-for-sale-iid-1117726510,Other,For Sale,"2,100 SQFT",4.0,5.0,22 hours ago,Rs 26 Crore,"Blue Area, Islamabad",Islamabad,OLX,260000000.0,SQFT,2100.0,False
https://www.olx.com.pk/item/1-kanal-plot-for-sale-in-d-124-islamabad-prime-location-iid-1118615784,Plot,For Sale,1 Kanal,0.0,0.0,4 days ago,Rs 14 Crore,"D-12/4, Islamabad",Islamabad,OLX,140000000.0,Kanal,5445.0,False
https://www.olx.com.pk/item/1-kanal-vip-lop-approved-house-for-sale-in-jannah-garden-islamabad-iid-1118264166,House,For Sale,1 Kanal,6.0,7.0,2 weeks ago,Rs 7.95 Crore,"Jinnah Gardens Phase 1, Islamabad",Islamabad,OLX,79500000.0,Kanal,5445.0,False
https://www.olx.com.pk/item/5-marla-brand-new-house-available-for-sale-in-faisal-town-phase-1-of-block-c-islamabad-pakistan-iid-1116992096,House,For Sale,5 Marla,4.0,5.0,4 days ago,Rs 2.95 Crore,"Faisal Town Phase 1 - Block C, Islamabad",Islamabad,OLX,29500000.0,Marla,1361.25,False
https://www.olx.com.pk/item/5-kanal-farm-house-land-in-gulberg-greens-is-available-iid-1117570208,Farm House,For Sale,5 Kanal,5.0,6.0,2 weeks ago,Rs 13.95 Crore,"Gulberg Greens, Islamabad",Islamabad,OLX,139500000.0,Kanal,27225.0,False
https://www.olx.com.pk/item/investor-rate-solid-sun-face-plot-185-cr-in-fmcb17-islamabad-iid-1118163726,Plot,For Sale,20 Marla,0.0,0.0,2 weeks ago,Rs 1.90 Crore,"B-17, Islamabad",Islamabad,OLX,19000000.0,Marla,5445.0,False
https://www.olx.com.pk/item/plaza-for-sale-in-soan-garden-block-a-at-investor-price-iid-1118099411,Other,For Sale,4 Marla,4.0,5.0,3 days ago,Rs 2.48 Crore,"Soan Garden - Block A, Islamabad",Islamabad,OLX,24800000.0,Marla,1089.0,False
https://www.olx.com.pk/item/spacious-400-square-yards-house-available-for-sale-in-g-102-iid-1117472838,House,For Sale,400 SQYD,5.0,6.0,3 days ago,Rs 13.50 Crore,"G-10/2, Islamabad",Islamabad,OLX,135000000.0,SQYD,3600.0,False
https://www.olx.com.pk/item/two-bedroom-apartment-available-for-sale-in-capital-residencia-iid-1118787692,Room,For Sale,900 SQFT,2.0,2.0,2 hours ago,Rs 1.50 Crore,"Capital Residencia, Islamabad",Islamabad,OLX,15000000.0,SQFT,900.0,False
https://www.olx.com.pk/item/5-marla-15-story-house-for-sale-iid-1118786981,House,For Sale,5 Marla,3.0,4.0,3 hours ago,Rs 1.60 Crore,"Ghauri Town Phase 4A, Islamabad",Islamabad,OLX,16000000.0,Marla,1361.25,False
https://www.olx.com.pk/item/2-kanal-corner-plot-for-sale-sector-k-dha-phase-5-islamabad-iid-1118786567,Plot,For Sale,2 Kanal,0.0,0.0,3 hours ago,Rs 10.70 Crore,"DHA Phase 5 - Sector K, Islamabad",Islamabad,OLX,107000000.0,Kanal,10890.0,False
https://www.olx.com.pk/item/premium-3-bed-apartment-for-sale-in-askari-tower-1-dha-phase-2-islamabad-iid-1118627085,Apartment,For Sale,10 Marla,3.0,3.0,4 hours ago,Rs 3.85 Crore,"Askari Tower 1, Islamabad",Islamabad,OLX,38500000.0,Marla,2722.5,False
https://www.olx.com.pk/item/428-square-feet-flat-in-bahria-enclave-is-available-iid-1118785603,Apartment,For Sale,428 SQFT,0.0,1.0,4 hours ago,Rs 70 Lacs,"Bahria Enclave, Islamabad",Islamabad,OLX,7000000.0,SQFT,428.0,False
https://www.olx.com.pk/item/a-perfect-residential-plot-awaits-you-in-i-154-islamabad-iid-1118785600,Residential Plot,For Sale,5 Marla,0.0,0.0,4 hours ago,Rs 85 Lacs,"I-15/4, Islamabad",Islamabad,OLX,8500000.0,Marla,1361.25,False
https://www.olx.com.pk/item/reserve-a-house-of-2-kanal-now-in-bahria-enclave-iid-1118785598,House,For Sale,2 Kanal,5.0,5.0,4 hours ago,Rs 29.50 Crore,"Bahria Enclave, Islamabad",Islamabad,OLX,295000000.0,Kanal,10890.0,False
https://www.olx.com.pk/item/to-sale-you-can-find-spacious-residential-plot-in-top-city-1-block-g-iid-1118785596,Residential Plot,For Sale,5 Marla,0.0,0.0,4 hours ago,Rs 59 Lacs,"Top City 1 - Block G, Islamabad",Islamabad,OLX,5900000.0,Marla,1361.25,False
https://www.olx.com.pk/item/1088-square-feet-flat-ideally-situated-in-margalla-view-housing-society-iid-1118785066,Apartment,For Sale,"1,088 SQFT",2.0,2.0,4 hours ago,Rs 1.65 Crore,"Margalla View Housing Society, Islamabad",Islamabad,OLX,16500000.0,SQFT,1088.0,False
https://www.olx.com.pk/item/avail-yourself-a-great-10-marla-residential-plot-in-awt-block-c-iid-1118785064,Residential Plot,For Sale,10 Marla,0.0,0.0,4 hours ago,Rs 58 Lacs,"AWT - Block C, Islamabad",Islamabad,OLX,5800000.0,Marla,2722.5,False
https://www.olx.com.pk/item/g-11-size-3060-brand-new-house-for-sale-iid-1118784448,House,For Sale,8 Marla,5.0,5.0,4 hours ago,Rs 9 Crore,"G-11, Islamabad",Islamabad,OLX,90000000.0,Marla,2178.0,False
https://www.olx.com.pk/item/g-11-6-marla-doubel-storey-house-available-for-sale-iid-1118784346,House,For Sale,6 Marla,4.0,4.0,4 hours ago,Rs 5.50 Crore,"G-11/1, Islamabad",Islamabad,OLX,55000000.0,Marla,1633.5,False
https://www.olx.com.pk/item/g11-4marla-pindi-face-tarippal-story-house-for-sale-iid-1118784340,House,For Sale,4 Marla,3.0,3.0,4 hours ago,Rs 4.09 Crore,"G-11/3, Islamabad",Islamabad,OLX,40900000.0,Marla,1089.0,False
https://www.olx.com.pk/item/g11-markaz-margala-face-429sq-office-available-for-sale-iid-1118784336,Office,For Sale,429 SQFT,8.0,6.0,4 hours ago,Rs 1.30 Crore,"G-11 Markaz, Islamabad",Islamabad,OLX,13000000.0,SQFT,429.0,False
https://www.olx.com.pk/item/spacious-house-is-available-in-margalla-view-housing-society-for-sale-iid-1118784293,House,For Sale,"3,200 SQFT",0.0,1.0,4 hours ago,Rs 3.50 Crore,"Margalla View Housing Society, Islamabad",Islamabad,OLX,35000000.0,SQFT,3200.0,False
https://www.olx.com.pk/item/5-marla-double-storey-for-sale-block-c-iid-1117479488,Other,For Sale,5 Marla,4.0,4.0,5 days ago,Rs 2.60 Crore,"Faisal Town Phase 1, Islamabad",Islamabad,OLX,26000000.0,Marla,1361.25,False
https://www.olx.com.pk/item/triple-storey-house-for-sale-in-i-82-islamabad-orignal-picture-attached-iid-1117377062,House,For Sale,"2,800 SQFT",6.0,7.0,3 weeks ago,Rs 13 Crore,"I-8/2, Islamabad",Islamabad,OLX,130000000.0,SQFT,2800.0,False
https://www.olx.com.pk/item/ideal-corner-commercial-plot-available-for-sale-at-f-10-markaz-iid-1118264034,Commercial Plot,For Sale,"11,216 SQYD",0.0,0.0,1 week ago,Rs 900 Crore,"F-10 Markaz, Islamabad",Islamabad,OLX,9000000000.0,SQYD,100944.0,False
https://www.olx.com.pk/item/commercial-plot-for-sale-naval-anchorage-commercial-2-iid-1117770678,Commercial Plot,For Sale,200 SQYD,0.0,0.0,4 days ago,Rs 6 Crore,"Naval Anchorage, Islamabad",Islamabad,OLX,60000000.0,SQYD,1800.0,False
https://www.olx.com.pk/item/double-bed-flat-for-sale-in-soan-garden-isb-at-investor-price-iid-1117732535,Apartment,For Sale,4 Marla,2.0,2.0,3 days ago,Rs 55 Lacs,"Soan Garden - Block H, Islamabad",Islamabad,OLX,5500000.0,Marla,1089.0,False
https://www.olx.com.pk/item/600-square-yards-house-in-central-d-121-for-sale-iid-1118193422,House,For Sale,600 SQYD,6.0,6.0,5 days ago,Rs 20 Crore,"D-12/1, Islamabad",Islamabad,OLX,200000000.0,SQYD,5400.0,False
https://www.olx.com.pk/item/sector-f1-8-marla-road-4-plot-13-for-sale-iid-1118395936,Plot,For Sale,8 Marla,0.0,0.0,1 week ago,Rs 1.14 Crore,"Bahria Enclave - Sector F1, Islamabad",Islamabad,OLX,11399999.999999998,Marla,2178.0,False
https://www.olx.com.pk/item/2347-seqfet-flat-for-sale-ground-floor-g154-block-a-islamabad-iid-1117420210,Apartment,For Sale,"2,339 SQFT",4.0,4.0,5 days ago,Rs 1.60 Crore,"G-15/4, Islamabad",Islamabad,OLX,16000000.0,SQFT,2339.0,False
https://www.olx.com.pk/item/corner-10-marla-double-unit-house-550-cr-block-c1-sector-b17-islamabad-iid-1118163264,House,For Sale,10 Marla,6.0,6.0,2 weeks ago,Rs 5.50 Crore,"B-17, Islamabad",Islamabad,OLX,55000000.0,Marla,2722.5,False
https://www.olx.com.pk/item/1-kanal-develop-possession-plot-in-a-b-c-j-block-at-prime-location-in-gulberg-green-islamabad-iid-1118783528,Plot,For Sale,1 Kanal,0.0,0.0,5 hours ago,Rs 2.80 Crore,"Gulberg Residencia - Block A, Islamabad",Islamabad,OLX,28000000.0,Kanal,5445.0,False
https://www.olx.com.pk/item/1-kanal-develop-possession-plot-in-p-q-n-s-block-at-prime-location-in-gulberg-green-islamabad-iid-1118783520,Plot,For Sale,1 Kanal,0.0,0.0,5 hours ago,Rs 2.40 Crore,"Gulberg Residencia - Block P, Islamabad",Islamabad,OLX,24000000.0,Kanal,5445.0,False
https://www.olx.com.pk/item/g-114-pha-c-type-3rd-floor-flat-for-sale-full-renovated-iid-1118783515,Apartment,For Sale,"1,065 SQFT",2.0,2.0,5 hours ago,Rs 2.25 Crore,"G-11/4, Islamabad",Islamabad,OLX,22500000.0,SQFT,1065.0,False
https://www.olx.com.pk/item/g-114-pha-c-type-3rd-floor-flat-for-sale-full-renovated-iid-1118783513,Apartment,For Sale,"1,065 SQFT",2.0,2.0,5 hours ago,Rs 2.25 Crore,"G-11/4, Islamabad",Islamabad,OLX,22500000.0,SQFT,1065.0,False
https://www.olx.com.pk/item/g-114-pha-c-type-3rd-floor-flat-for-sale-fully-renovated-iid-1118783510,Apartment,For Sale,"1,065 SQFT",2.0,2.0,5 hours ago,Rs 2.25 Crore,"G-11/4, Islamabad",Islamabad,OLX,22500000.0,SQFT,1065.0,False
https://www.olx.com.pk/item/10-marla-develop-possession-plot-in-a-bc-i-f-j-block-at-prime-location-in-gulberg-green-islamabad-iid-1118783509,Plot,For Sale,10 Marla,0.0,0.0,5 hours ago,Rs 1.65 Crore,"Gulberg Residencia - Block A, Islamabad",Islamabad,OLX,16500000.0,Marla,2722.5,False
https://www.olx.com.pk/item/g-114-pha-c-type-3rd-floor-flat-for-sale-renovated-iid-1118783507,Apartment,For Sale,"1,065 SQFT",2.0,2.0,5 hours ago,Rs 2.25 Crore,"G-11/4, Islamabad",Islamabad,OLX,22500000.0,SQFT,1065.0,False
https://www.olx.com.pk/item/10-marla-develop-possession-plot-in-q-p-l-v-t-block-at-prime-location-in-gulberg-green-islamabad-iid-1118783492,Plot,For Sale,10 Marla,0.0,0.0,5 hours ago,Rs 1.50 Crore,"Gulberg Residencia - Block Q, Islamabad",Islamabad,OLX,15000000.0,Marla,2722.5,False
https://www.olx.com.pk/item/two-bedroom-luxurious-furnished-apartment-available-for-sale-iid-1118783479,Room,For Sale,900 SQFT,2.0,2.0,5 hours ago,Rs 1.30 Crore,"Smama Star Mall & Residency, Islamabad",Islamabad,OLX,13000000.0,SQFT,900.0,False
https://www.olx.com.pk/item/g-114-fgeha-e-type-fully-renovated-ground-floor-flat-for-sale-iid-1118783474,Apartment,For Sale,700 SQFT,2.0,2.0,5 hours ago,Rs 2.27 Crore,"G-11, Islamabad",Islamabad,OLX,22700000.0,SQFT,700.0,False
https://www.olx.com.pk/item/g-114-fgeha-e-type-fully-renovated-3rd-floor-flat-for-sale-iid-1118783466,Apartment,For Sale,700 SQFT,2.0,2.0,5 hours ago,Rs 2.27 Crore,"G-11, Islamabad",Islamabad,OLX,22700000.0,SQFT,700.0,False
https://www.olx.com.pk/item/g-113-capital-heights-brand-new-apartment-flat-for-sale-iid-1118783442,Apartment,For Sale,"1,600 SQFT",2.0,2.0,5 hours ago,Rs 3.50 Crore,"G-11/3, Islamabad",Islamabad,OLX,35000000.0,SQFT,1600.0,False
https://www.olx.com.pk/item/g-113-capital-heights-brand-new-apartment-flat-for-sale-iid-1118783432,Apartment,For Sale,"2,150 SQFT",3.0,3.0,5 hours ago,Rs 4.50 Crore,"G-11, Islamabad",Islamabad,OLX,45000000.0,SQFT,2150.0,False
https://www.olx.com.pk/item/double-storey-new-real-picture-urgent-sale-iid-1118359863,Other,For Sale,7 Marla,5.0,6.0,5 hours ago,Rs 3.55 Crore,"G-15, Islamabad",Islamabad,OLX,35500000.0,Marla,1905.75,False
https://www.olx.com.pk/item/double-story-real-picture-urgent-sale-iid-1117567390,Other,For Sale,12 Marla,6.0,6.0,5 hours ago,Rs 6 Crore,"G-15/1, Islamabad",Islamabad,OLX,60000000.0,Marla,3267.0,False
https://www.olx.com.pk/item/1500-square-feet-house-up-for-sale-in-g-104-iid-1118096337,House,For Sale,"1,500 SQFT",3.0,3.0,9 hours ago,Rs 5.20 Crore,"G-10/4, Islamabad",Islamabad,OLX,52000000.0,SQFT,1500.0,False
https://www.olx.com.pk/item/building-of-3200-square-feet-is-available-in-contemporary-neighborhood-of-g-9-iid-1118320638,Building,For Sale,"3,200 SQFT",2.0,2.5,1 week ago,Rs 60 Crore,"G-9/4, Islamabad",Islamabad,OLX,600000000.0,SQFT,3200.0,False
https://www.olx.com.pk/item/already-rented-shop-available-for-sale-on-main-road-iid-1117980936,Shop,For Sale,200 SQFT,3.5,5.0,6 days ago,Rs 50 Lacs,"GT Road, Islamabad",Islamabad,OLX,5000000.0,SQFT,200.0,False
https://www.olx.com.pk/item/commercial-plot-available-for-sale-in-dha-phase-5-iid-1118716475,Commercial Plot,For Sale,8 Marla,0.0,0.0,2 days ago,Rs 8.50 Crore,"DHA Defence Phase 5, Islamabad",Islamabad,OLX,85000000.0,Marla,2178.0,False
https://www.olx.com.pk/item/lavish-3-bedrooms-penthouse-available-for-sale-in-capital-residencia-iid-1118042991,Penthouse,For Sale,"4,500 SQFT",4.0,3.0,55 minutes ago,Rs 5.70 Crore,"Capital Residencia, Islamabad",Islamabad,OLX,57000000.0,SQFT,4500.0,False
https://www.olx.com.pk/item/brand-new-penthouse-available-for-sale-in-capital-residencia-iid-1118391413,Penthouse,For Sale,"4,200 SQFT",3.0,3.0,1 week ago,Rs 5.50 Crore,"Capital Residencia, Islamabad",Islamabad,OLX,55000000.0,SQFT,4200.0,False
https://www.olx.com.pk/item/1st-floor-500-sqft-beautiful-office-in-j-7-mall-39-k-rent-coming-iid-1117801001,Office,For Sale,500 SQFT,1.0,1.0,5 days ago,Rs 75 Lacs,"D-17, Islamabad",Islamabad,OLX,7500000.0,SQFT,500.0,False
https://www.olx.com.pk/item/1-prime-lower-ground-shop-for-sale-urban-square-mumtaz-city-iid-1117622981,Shop,For Sale,164 SQFT,3.5,5.0,2 weeks ago,Rs 93.59 Lacs,"Mumtaz City - Chanab Block, Islamabad",Islamabad,OLX,9359000.0,SQFT,164.0,False
https://www.olx.com.pk/item/double-story-new-real-picture-urgent-sale-iid-1118359754,Other,For Sale,7 Marla,5.0,6.0,5 hours ago,Rs 3.25 Crore,"G-15, Islamabad",Islamabad,OLX,32500000.0,Marla,1905.75,False
https://www.olx.com.pk/item/double-storey-new-with-solar-15-kv-iid-1118359736,Other,For Sale,12 Marla,6.0,6.0,5 hours ago,Rs 5.55 Crore,"G-15/1, Islamabad",Islamabad,OLX,55500000.0,Marla,3267.0,False
https://www.olx.com.pk/item/5-marla-8-marla-open-transferable-files-residential-plots-available-dha-phase-7-islamabad-iid-1118781265,Residential Plot,For Sale,5 Marla,0.0,0.0,6 hours ago,Rs 12 Lacs,"DHA Defence Phase 7, Islamabad",Islamabad,OLX,1200000.0,Marla,1361.25,False
https://www.olx.com.pk/item/5-8-marla-residential-plots-for-sale-in-dha-phase-7-islamabad-bluebell-rose-magnolia-oleander-lilly-iid-1118781260,Residential Plot,For Sale,5 Marla,0.0,0.0,6 hours ago,Rs 45 Lacs,"DHA Defence Phase 7, Islamabad",Islamabad,OLX,4500000.0,Marla,1361.25,False
https://www.olx.com.pk/item/10-marla-house-for-sale-sector-a-bahria-enclave-islamabad-iid-1117857865,House,For Sale,10 Marla,5.0,6.0,6 hours ago,Rs 5.35 Crore,"Bahria Enclave - Sector A, Islamabad",Islamabad,OLX,53500000.0,Marla,2722.5,False
https://www.olx.com.pk/item/property-for-sale-in-bahria-enclave-sector-a-islamabad-is-available-under-rs-53500000-iid-1117704868,Other,For Sale,10 Marla,5.0,5.0,6 hours ago,Rs 5.35 Crore,"Bahria Enclave - Sector A, Islamabad",Islamabad,OLX,53500000.0,Marla,2722.5,False
https://www.olx.com.pk/item/14-marla-house-for-sale-in-pwd-block-a-islamabad-iid-1118779252,House,For Sale,14 Marla,6.0,7.0,7 hours ago,Rs 5.50 Crore,"PWD Housing Society - Block A, Islamabad",Islamabad,OLX,55000000.0,Marla,3811.5,False
https://www.olx.com.pk/item/05-marla-open-file-for-sale-lavender-block-in-dha-phase-7-valley-islamabad-iid-1118778798,File,For Sale,5 Marla,0.0,0.0,7 hours ago,Rs 12.50 Lacs,"DHA Valley - Lavander Sector, Islamabad",Islamabad,OLX,1250000.0,Marla,1361.25,False
https://www.olx.com.pk/item/08-marla-open-file-for-sale-lotus-block-in-dha-phase-7-valley-islamabad-iid-1118778621,File,For Sale,8 Marla,0.0,0.0,7 hours ago,Rs 16 Lacs,"DHA Valley - Lotus Sector, Islamabad",Islamabad,OLX,1600000.0,Marla,2178.0,False
https://www.olx.com.pk/item/05-marla-open-file-for-sale-iris-block-in-dha-phase-7-valley-islamabad-iid-1118778534,File,For Sale,5 Marla,0.0,0.0,7 hours ago,Rs 12 Lacs,"DHA Valley - Iris Sector, Islamabad",Islamabad,OLX,1200000.0,Marla,1361.25,False
https://www.olx.com.pk/item/08-marla-brand-new-butifull-and-good-location-3-bedroom-house-available-for-sale-in-dha-valley-phase-7-islamabad-iid-1118778368,Room,For Sale,8 Marla,3.0,3.0,7 hours ago,Rs 2.20 Crore,"DHA Valley - Oleander Sector, Islamabad",Islamabad,OLX,22000000.0,Marla,2178.0,False
https://www.olx.com.pk/item/5-marla-2-bedroom-brand-new-beautiful-and-good-location-available-for-sale-in-lilly-e-block-dha-valley-phase-7-islamabad-iid-1118778187,Room,For Sale,5 Marla,2.0,2.0,7 hours ago,Rs 1.10 Crore,"DHA Valley - Lilly Sector, Islamabad",Islamabad,OLX,11000000.0,Marla,1361.25,False
https://www.olx.com.pk/item/plot-for-sale-in-sector-n-corner-possession-utility-paid-best-location-for-living-bahria-enclave-islamabad-iid-1118777906,Plot,For Sale,8 Marla,0.0,0.0,7 hours ago,Rs 1.70 Crore,"Bahria Enclave - Sector N, Islamabad",Islamabad,OLX,17000000.0,Marla,2178.0,False
https://www.olx.com.pk/item/plot-for-sale-in-sector-f-1-dead-end-possession-utility-paid-best-location-for-living-bahria-enclave-islamabad-iid-1118777454,Plot,For Sale,8 Marla,0.0,0.0,7 hours ago,Rs 1.25 Crore,"Bahria Enclave - Sector F1, Islamabad",Islamabad,OLX,12500000.0,Marla,2178.0,False
https://www.olx.com.pk/item/8-marla-plot-for-sale-dha-valley-islamabad-phase-7-sector-bougainvillea-iid-1118775792,Plot,For Sale,8 Marla,0.0,0.0,8 hours ago,Rs 55 Lacs,"DHA Valley - Bogenvelia Sector, Islamabad",Islamabad,OLX,5500000.0,Marla,2178.0,False
https://www.olx.com.pk/item/ideal-investment-opportunity-560-sq-ft-lower-ground-shop-in-npf-o-9-islamabad-iid-1117366534,Shop,For Sale,560 SQFT,3.5,5.0,2 weeks ago,Rs 60 Lacs,"National Police Foundation O-9 - Block F, Islamabad",Islamabad,OLX,6000000.0,SQFT,560.0,False
https://www.olx.com.pk/item/margalla-hils-four-bedrooms-apartment-available-for-sale-iid-1118335507,Room,For Sale,"2,700 SQFT",4.0,5.0,3 days ago,Rs 4.30 Crore,"E-11/1, Islamabad",Islamabad,OLX,43000000.0,SQFT,2700.0,False
https://www.olx.com.pk/item/2-bedroom-margalla-view-apartment-for-sale-tower-1-cube-apartments-bahria-enclave-islamabad-iid-1117709953,Room,For Sale,"1,052 SQFT",2.0,2.0,2 weeks ago,Rs 1.05 Crore,"Bahria Enclave - Sector C1, Islamabad",Islamabad,OLX,10500000.0,SQFT,1052.0,False
https://www.olx.com.pk/item/flat-available-for-sale-block-c-g153-islamabad-iid-1117086303,Apartment,For Sale,"1,400 SQFT",2.0,2.0,5 days ago,Rs 1.10 Crore,"G-15/3, Islamabad",Islamabad,OLX,11000000.0,SQFT,1400.0,False
https://www.olx.com.pk/item/sector-n-street-19-a-sami-develop-corner-plot-direct-deal-with-owner-iid-1116458885,Plot,For Sale,5 Marla,0.0,0.0,4 days ago,Rs 65 Lacs,"Bahria Enclave - Sector N, Islamabad",Islamabad,OLX,6500000.0,Marla,1361.25,False
https://www.olx.com.pk/item/3rd-floor-office-available-for-sale-iid-1118220766,Office,For Sale,"1,936 SQFT",8.0,6.0,2 weeks ago,Rs 26 Crore,"New Blue Area, Islamabad",Islamabad,OLX,260000000.0,SQFT,1936.0,False
https://www.olx.com.pk/item/f-10-silver-oaks-fully-furnished-7600sqft-4-bed-room-with-attach-bath-penthouse-available-for-sale-with-modern-living-standard-amenities-iid-1117472405,Penthouse,For Sale,"7,600 SQFT",4.0,5.0,3 days ago,Rs 35 Crore,"Silver Oaks Apartments, Islamabad",Islamabad,OLX,350000000.0,SQFT,7600.0,False
https://www.olx.com.pk/item/residential-plot-for-sale-zamar-valley-islamabad-iid-1118134900,Residential Plot,For Sale,6 Marla,0.0,0.0,2 days ago,Rs 62 Lacs,"Zamar Valley, Islamabad",Islamabad,OLX,6200000.0,Marla,1633.5,False
https://www.olx.com.pk/item/house-for-sale-iid-1118773616,House,For Sale,14 Marla,5.0,5.0,8 hours ago,Rs 10.25 Crore,"G-9/1, Islamabad",Islamabad,OLX,102500000.0,Marla,3811.5,False
https://www.olx.com.pk/item/best-for-investors-prime-commercial-plaza-in-b-17-islamabad-16-shops-12-apartments-pkr-11m-monthly-iid-1118774738,Apartment,For Sale,"18,000 SQFT",2.0,2.0,9 hours ago,Rs 24 Crore,"B-17, Islamabad",Islamabad,OLX,240000000.0,SQFT,18000.0,False
https://www.olx.com.pk/item/plot-for-sale-in-sector-n-possession-utility-paid-reasonable-price-best-location-for-living-bahria-enclave-islamabad-iid-1118773869,Plot,For Sale,5 Marla,0.0,0.0,9 hours ago,Rs 1.20 Crore,"Bahria Enclave - Sector N, Islamabad",Islamabad,OLX,12000000.0,Marla,1361.25,False
https://www.olx.com.pk/item/commercial-unit-for-sale-f-10-markaz-islamabad-iid-1118773047,Other,For Sale,416 SQYD,4.0,5.0,9 hours ago,Rs 28 Crore,"F-10 Markaz, Islamabad",Islamabad,OLX,280000000.0,SQYD,3744.0,False
https://www.olx.com.pk/item/10-marla-residential-plot-for-sale-iid-1118740240,Residential Plot,For Sale,10 Marla,0.0,0.0,9 hours ago,Rs 1.70 Crore,"Gulberg Residencia - Block Q, Islamabad",Islamabad,OLX,17000000.0,Marla,2722.5,False
https://www.olx.com.pk/item/ideal-corner-797-square-yards-residential-plot-available-in-g-154-islamabad-iid-1118454306,Residential Plot,For Sale,797 SQYD,0.0,0.0,10 hours ago,Rs 6 Crore,"G-15/4, Islamabad",Islamabad,OLX,60000000.0,SQYD,7173.0,False
https://www.olx.com.pk/item/get-your-hands-on-flat-in-islamabad-best-area-for-sale-iid-1118324063,Apartment,For Sale,"2,340 SQFT",0.0,1.0,10 hours ago,Rs 1.55 Crore,"G-15/4, Islamabad",Islamabad,OLX,15500000.0,SQFT,2340.0,False
https://www.olx.com.pk/item/buying-a-residential-plot-in-faisal-town-phase-2-islamabad-iid-1118321370,Residential Plot,For Sale,1 Kanal,0.0,0.0,10 hours ago,Rs 80 Lacs,"Faisal Town Phase 2, Islamabad",Islamabad,OLX,8000000.0,Kanal,5445.0,False
https://www.olx.com.pk/item/20-kanal-residential-plot-for-sale-in-rs-250000000-only-iid-1118321369,Residential Plot,For Sale,20 Kanal,0.0,0.0,10 hours ago,Rs 25 Crore,"Khayaban-e-Kashmir Zone 4, Islamabad",Islamabad,OLX,250000000.0,Kanal,108900.0,False
https://www.olx.com.pk/item/perfect-1650-square-feet-flat-in-g-154-for-sale-iid-1118321367,Apartment,For Sale,"1,650 SQFT",2.0,2.0,10 hours ago,Rs 1.25 Crore,"G-15/4, Islamabad",Islamabad,OLX,12500000.0,SQFT,1650.0,False
https://www.olx.com.pk/item/1800-square-feet-residential-plot-in-g-15-for-sale-at-good-location-iid-1118321365,Residential Plot,For Sale,"1,800 SQFT",0.0,0.0,10 hours ago,Rs 1.70 Crore,"G-15/1, Islamabad",Islamabad,OLX,17000000.0,SQFT,1800.0,False
https://www.olx.com.pk/item/own-a-residential-plot-in-5-marla-islamabad-iid-1118321358,Residential Plot,For Sale,5 Marla,0.0,0.0,10 hours ago,Rs 28 Lacs,"Faisal Town Phase 2, Islamabad",Islamabad,OLX,2800000.0,Marla,1361.25,False
https://www.olx.com.pk/item/residential-plot-of-2800-square-feet-for-sale-in-g-164-iid-1118317255,Residential Plot,For Sale,"2,800 SQFT",0.0,0.0,10 hours ago,Rs 2.15 Crore,"G-16/4, Islamabad",Islamabad,OLX,21500000.0,SQFT,2800.0,False
https://www.olx.com.pk/item/plot-for-sale-iid-1118769943,Plot,For Sale,5 Marla,0.0,0.0,10 hours ago,Rs 42 Lacs,"Parliamentarians Enclave, Islamabad",Islamabad,OLX,4200000.0,Marla,1361.25,False
https://www.olx.com.pk/item/sec-c1-10m-marla-sun-face-prime-location-plot-available-for-sale-iid-1118769382,Plot,For Sale,10 Marla,0.0,0.0,11 hours ago,Rs 2.35 Crore,"Bahria Enclave - Sector C1, Islamabad",Islamabad,OLX,23500000.0,Marla,2722.5,False
https://www.olx.com.pk/item/4-bedroom-apartment-for-sale-in-margalla-hills-building-sector-e-111-islamabad-iid-1118160456,Room,For Sale,"2,800 SQFT",4.0,5.0,1 week ago,Rs 4.40 Crore,"E-11/1, Islamabad",Islamabad,OLX,44000000.0,SQFT,2800.0,False
https://www.olx.com.pk/item/d-171-extension-8-marla-plot-available-for-sale-iid-1117786496,Plot,For Sale,200 SQYD,0.0,0.0,1 week ago,Rs 1.18 Crore,"D-17, Islamabad",Islamabad,OLX,11800000.0,SQYD,1800.0,False
https://www.olx.com.pk/item/5-marla-luxury-house-for-sale-in-faisal-margalla-city-fmc-b-17-islamabad-iid-1118082208,House,For Sale,5 Marla,5.0,6.0,2 weeks ago,Rs 2.80 Crore,"Faisal Margalla City, Islamabad",Islamabad,OLX,28000000.0,Marla,1361.25,False
https://www.olx.com.pk/item/residential-plots-and-commercial-plots-iid-1117608090,Residential Plot,For Sale,5 Marla,0.0,0.0,3 weeks ago,Rs 85 Lacs,"Chatha Bakhtawar, Islamabad",Islamabad,OLX,8500000.0,Marla,1361.25,False
https://www.olx.com.pk/item/brand-new-luxury-apartment-2076-square-feet-3-bedrooms-apartment-for-sale-in-eighteen-islamabad-iid-1117939289,Room,For Sale,"2,076 SQFT",3.0,4.0,4 days ago,Rs 6.80 Crore,"Eighteen, Islamabad",Islamabad,OLX,68000000.0,SQFT,2076.0,False
https://www.olx.com.pk/item/house-for-sale-15-marla-single-story-gangal-east-near-highway-islamabad-iid-1117627371,House,For Sale,400 SQFT,1.0,1.0,3 days ago,Rs 35 Lacs,"Koral Chowk, Islamabad",Islamabad,OLX,3500000.0,SQFT,400.0,False
https://www.olx.com.pk/item/luxury-fully-furnished-1-bed-apartment-for-sale-pavilion-7-eighteen-islamabad-1000-sq-ft-iid-1118443096,Apartment,For Sale,"1,000 SQFT",1.0,1.0,2 days ago,Rs 3 Crore,"Eighteen, Islamabad",Islamabad,OLX,30000000.0,SQFT,1000.0,False
https://www.olx.com.pk/item/5-marla-corner-ready-to-construct-plot-iid-1117600760,Plot,For Sale,5 Marla,0.0,0.0,3 weeks ago,Rs 85 Lacs,"Gulberg Residencia - Block V, Islamabad",Islamabad,OLX,8500000.0,Marla,1361.25,False
https://www.olx.com.pk/item/60x100-666-yards-proper-corner-sun-face-plot-for-sale-g-144-iid-1118769140,Plot,For Sale,666 SQYD,0.0,0.0,11 hours ago,Rs 10.50 Crore,"G-14/4, Islamabad",Islamabad,OLX,105000000.0,SQYD,5994.0,False
https://www.olx.com.pk/item/sec-f-10-marla-solid-land-hills-facing-lop-approved-plot-for-sale-iid-1118769134,Plot,For Sale,10 Marla,0.0,0.0,11 hours ago,Rs 1.90 Crore,"Bahria Enclave - Sector F, Islamabad",Islamabad,OLX,19000000.0,Marla,2722.5,False
https://www.olx.com.pk/item/25x40-4-marla-brand-new-house-for-sale-g-142-iid-1118769028,House,For Sale,4 Marla,4.0,4.0,11 hours ago,Rs 3.70 Crore,"G-14/2, Islamabad",Islamabad,OLX,37000000.0,Marla,1089.0,False
https://www.olx.com.pk/item/35x70-10-marla-street-88-plot-for-sale-g-142-iid-1118769011,Plot,For Sale,10 Marla,0.0,0.0,11 hours ago,Rs 3.95 Crore,"G-14/2, Islamabad",Islamabad,OLX,39500000.0,Marla,2722.5,False
https://www.olx.com.pk/item/35x70-10-marla-street-68-70-ft-road-plot-for-sale-g-142-iid-1118769008,Plot,For Sale,10 Marla,0.0,0.0,11 hours ago,Rs 3.87 Crore,"G-14/2, Islamabad",Islamabad,OLX,38700000.0,Marla,2722.5,False
https://www.olx.com.pk/item/park-view-city-islamabad-iid-1118768990,Other,For Sale,"1,125 SQFT",4.0,5.0,11 hours ago,Rs 38 Lacs,"Park View City Phase 2, Islamabad",Islamabad,OLX,3800000.0,SQFT,1125.0,False
https://www.olx.com.pk/item/dha-transfer-no-fake-rentals-dha-phase-4-islamabad-iid-1118768905,Other,For Sale,160 SQFT,4.0,5.0,11 hours ago,Rs 65 Lacs,"DHA Defence Phase 1, Islamabad",Islamabad,OLX,6500000.0,SQFT,160.0,False
https://www.olx.com.pk/item/b-17-block-g-1-kanal-first-owner-iid-1118362888,Other,For Sale,500 SQYD,4.0,5.0,11 hours ago,Rs 1.35 Crore,"MPCHS - Block G, Islamabad",Islamabad,OLX,13500000.0,SQYD,4500.0,False
https://www.olx.com.pk/item/250-sq-yd-plot-for-sale-block-e-iid-1117902194,Plot,For Sale,250 SQYD,0.0,0.0,11 hours ago,Rs 2.50 Crore,"Margalla Orchard, Islamabad",Islamabad,OLX,25000000.0,SQYD,2250.0,False
https://www.olx.com.pk/item/500-sq-yd-plot-for-sale-block-a-iid-1117902122,Plot,For Sale,500 SQYD,0.0,0.0,11 hours ago,Rs 4.20 Crore,"Margalla Orchard, Islamabad",Islamabad,OLX,42000000.0,SQYD,4500.0,False
https://www.olx.com.pk/item/500-sq-yd-plot-for-sale-block-a-iid-1117902077,Plot,For Sale,500 SQYD,0.0,0.0,11 hours ago,Rs 3.30 Crore,"Margalla Orchard, Islamabad",Islamabad,OLX,33000000.0,SQYD,4500.0,False
https://www.olx.com.pk/item/500-sq-yd-plot-for-sale-block-h-iid-1117902023,Plot,For Sale,500 SQYD,0.0,0.0,11 hours ago,Rs 3.10 Crore,"Margalla Orchard, Islamabad",Islamabad,OLX,31000000.0,SQYD,4500.0,False
https://www.olx.com.pk/item/500-sq-yd-plot-for-sale-block-d-iid-1117901988,Plot,For Sale,500 SQYD,0.0,0.0,11 hours ago,Rs 3.45 Crore,"Margalla Orchard, Islamabad",Islamabad,OLX,34500000.0,SQYD,4500.0,False
https://www.olx.com.pk/item/500-sq-yd-plot-for-sale-margalla-orchard-block-b-iid-1117901931,Plot,For Sale,500 SQYD,0.0,0.0,11 hours ago,Rs 3.55 Crore,"Margalla Orchard, Islamabad",Islamabad,OLX,35500000.0,SQYD,4500.0,False
https://www.olx.com.pk/item/500-sq-yd-pair-plots-for-sale-margalla-orchard-iid-1117901843,Plot,For Sale,500 SQYD,0.0,0.0,11 hours ago,Rs 7.60 Crore,"Margalla Orchard, Islamabad",Islamabad,OLX,76000000.0,SQYD,4500.0,False
https://www.olx.com.pk/item/level-possession-plot-sector-d-extra-land-iid-1118138955,Plot,For Sale,"2,500 SQYD",0.0,0.0,3 days ago,Rs 5.50 Crore,"Naval Farms Housing Scheme, Islamabad",Islamabad,OLX,55000000.0,SQYD,22500.0,False
https://www.olx.com.pk/item/margalla-orchard-corner-commercial-plot-with-extra-land-profit-dem-3-crore-save-3-crore-best-for-investment-iid-1117657582,Commercial Plot,For Sale,5 Marla,0.0,0.0,4 days ago,Rs 10.50 Crore,"Margalla Orchard, Islamabad",Islamabad,OLX,105000000.0,Marla,1361.25,False
https://www.olx.com.pk/item/5-marla-luxury-house-for-sale-faisal-margalla-city-fmc-b-17-islamabad-iid-1118082100,House,For Sale,5 Marla,5.0,6.0,2 weeks ago,Rs 2.80 Crore,"Faisal Margalla City, Islamabad",Islamabad,OLX,28000000.0,Marla,1361.25,False
https://www.olx.com.pk/item/5-marla-level-near-to-doubal-road-for-sale-iid-1118379154,Other,For Sale,5 Marla,4.0,5.0,4 days ago,Rs 78 Lacs,"I-16/1, Islamabad",Islamabad,OLX,7800000.0,Marla,1361.25,False
https://www.olx.com.pk/item/1-kanal-residential-plot-available-for-sale-in-multi-gardens-mpchs-b-17-block-f-islamabad-iid-1117280869,Residential Plot,For Sale,1 Kanal,0.0,0.0,6 days ago,Rs 2.25 Crore,"MPCHS - Block F, Islamabad",Islamabad,OLX,22500000.0,Kanal,5445.0,False
https://www.olx.com.pk/item/1000-sq-yd-pair-house-for-sale-500-sq-yd-each-iid-1118768289,House,For Sale,"1,000 SQYD",6.0,7.0,11 hours ago,Rs 25 Crore,"Bahria Enclave - Sector C2, Islamabad",Islamabad,OLX,250000000.0,SQYD,9000.0,False
https://www.olx.com.pk/item/river-view-north-block-b-5-marla-plot-dha-4-rawalpindi-iid-1118768106,Plot,For Sale,5 Marla,0.0,0.0,11 hours ago,Rs 65 Lacs,"DHA Defence Phase 4, Islamabad",Islamabad,OLX,6500000.0,Marla,1361.25,False
https://www.olx.com.pk/item/stunning-4-marla-commercial-plot-in-dha-defence-phase-5-available-iid-1118767837,Commercial Plot,For Sale,4 Marla,0.0,0.0,11 hours ago,Rs 6.25 Crore,"DHA Defence Phase 5, Islamabad",Islamabad,OLX,62500000.0,Marla,1089.0,False
https://www.olx.com.pk/item/1-kanal-ready-to-construct-plot-at-very-reasonable-price-iid-1118767628,Plot,For Sale,20 Marla,0.0,0.0,11 hours ago,Rs 1.60 Crore,"Gulberg Residencia, Islamabad",Islamabad,OLX,16000000.0,Marla,5445.0,False
https://www.olx.com.pk/item/best-location-1-kanal-plot-for-sale-at-reasonable-price-in-naval-anchorage-islamabad-iid-1117639716,Plot,For Sale,1 Kanal,0.0,0.0,11 hours ago,Rs 2.40 Crore,"Naval Anchorage, Islamabad",Islamabad,OLX,24000000.0,Kanal,5445.0,False
https://www.olx.com.pk/item/5-marla-1th-ballot-daffodils-block-boulevard-for-sale-in-dha-valley-phase-7-islmabad-iid-1118766365,Other,For Sale,5 Marla,4.0,5.0,12 hours ago,Rs 38 Lacs,"DHA Valley - Daffodils Sector, Islamabad",Islamabad,OLX,3800000.0,Marla,1361.25,False
https://www.olx.com.pk/item/islamabad-g153-plote-for-sale-iid-1118765851,Plot,For Sale,5 Marla,0.0,0.0,12 hours ago,Rs 1.35 Crore,"G-15/3, Islamabad",Islamabad,OLX,13500000.0,Marla,1361.25,False
https://www.olx.com.pk/item/proper-corner-commercial-plot-for-sale-in-g-92-bazar-no-08-in-front-of-new-blue-area-islamabad-iid-1118766027,Commercial Plot,For Sale,5 Marla,0.0,0.0,12 hours ago,Rs 18.50 Crore,"G-9/2, Islamabad",Islamabad,OLX,185000000.0,Marla,1361.25,False
https://www.olx.com.pk/item/corner-plaza-for-sale-in-g-10-islamabad-iid-1118766021,Other,For Sale,6 Marla,4.0,5.0,12 hours ago,Rs 23.50 Crore,"G-10, Islamabad",Islamabad,OLX,235000000.0,Marla,1633.5,False
https://www.olx.com.pk/item/house-for-sale-in-g-13-islamabad-iid-1118766010,House,For Sale,7 Marla,5.0,6.0,12 hours ago,Rs 5.35 Crore,"G-13, Islamabad",Islamabad,OLX,53500000.0,Marla,1905.75,False
https://www.olx.com.pk/item/35x70-plot-for-sale-in-f-144-islamabad-iid-1118765998,Plot,For Sale,10 Marla,0.0,0.0,12 hours ago,Rs 1.14 Crore,"F-14, Islamabad",Islamabad,OLX,11399999.999999998,Marla,2722.5,False
https://www.olx.com.pk/item/1-kanal-plot-for-sale-in-f-142-islamabad-iid-1118765990,Plot,For Sale,1 Kanal,0.0,0.0,12 hours ago,Rs 1.85 Crore,"F-14, Islamabad",Islamabad,OLX,18500000.0,Kanal,5445.0,False
https://www.olx.com.pk/item/brand-new-1-kanal-house-for-sale-in-g-13-islamabad-iid-1118765982,House,For Sale,1 Kanal,6.0,7.0,12 hours ago,Rs 14.50 Crore,"G-13, Islamabad",Islamabad,OLX,145000000.0,Kanal,5445.0,False
https://www.olx.com.pk/item/brand-new-4-marla-house-for-sale-in-g-14-islamabad-iid-1118765975,House,For Sale,4 Marla,5.0,5.0,12 hours ago,Rs 3.39 Crore,"G-14, Islamabad",Islamabad,OLX,33900000.0,Marla,1089.0,False
https://www.olx.com.pk/item/corner-house-40x80-14-marla-for-sale-in-g-13-islamabad-iid-1118765967,House,For Sale,14 Marla,6.0,6.0,12 hours ago,Rs 12.50 Crore,"G-13, Islamabad",Islamabad,OLX,125000000.0,Marla,3811.5,False
https://www.olx.com.pk/item/house-for-sale-constructed-1-year-ago-iid-1118511152,House,For Sale,7 Marla,4.0,7.0,3 days ago,Rs 6.50 Crore,"Margalla Town Phase 2, Islamabad",Islamabad,OLX,65000000.0,Marla,1905.75,False
https://www.olx.com.pk/item/07-marla-30x60-brand-new-designer-house-for-sale-in-g-132-islamabad-iid-1118708062,House,For Sale,7 Marla,4.0,6.0,1 day ago,Rs 6.90 Crore,"G-13/2, Islamabad",Islamabad,OLX,69000000.0,Marla,1905.75,False
https://www.olx.com.pk/item/brand-new-14-marla-house-available-for-sale-in-g-13-iid-1118502025,House,For Sale,"3,200 SQFT",6.0,7.0,2 days ago,Rs 12.50 Crore,"G-13, Islamabad",Islamabad,OLX,125000000.0,SQFT,3200.0,False
https://www.olx.com.pk/item/rented-corporate-office-for-sale-high-rental-return-iid-1117663537,Office,For Sale,"4,258 SQFT",8.0,6.0,1 week ago,Rs 21 Crore,"Gulberg Greens, Islamabad",Islamabad,OLX,210000000.0,SQFT,4258.0,False
https://www.olx.com.pk/item/a-60ft-road-sun-facing-beautiful-brand-new-double-storey-house-available-for-sale-lop-approved-iid-1118061432,House,For Sale,7 Marla,5.0,7.0,2 weeks ago,Rs 4.09 Crore,"Jinnah Gardens Phase 1, Islamabad",Islamabad,OLX,40900000.0,Marla,1905.75,False
https://www.olx.com.pk/item/house-for-sale-5-marla-iid-1118757906,House,For Sale,5 Marla,2.0,3.0,12 hours ago,Rs 1.07 Crore,"Anaya Heights, Islamabad",Islamabad,OLX,10700000.0,Marla,1361.25,False
https://www.olx.com.pk/item/1-kanal-house-for-sale-in-g-13-islamabad-iid-1118765956,House,For Sale,1 Kanal,6.0,6.0,12 hours ago,Rs 10 Crore,"G-13, Islamabad",Islamabad,OLX,100000000.0,Kanal,5445.0,False
https://www.olx.com.pk/item/6-marla-commercial-plot-for-sale-in-mumtaz-city-chenab-block-islamabad-iid-1118765941,Commercial Plot,For Sale,6 Marla,0.0,0.0,12 hours ago,Rs 3 Crore,"Mumtaz City - Chanab Block, Islamabad",Islamabad,OLX,30000000.0,Marla,1633.5,False
https://www.olx.com.pk/item/proper-corner-plot-for-sale-in-g-132-islamabad-iid-1118765925,Plot,For Sale,16 Marla,0.0,0.0,12 hours ago,Rs 32 Crore,"G-13/2, Islamabad",Islamabad,OLX,320000000.0,Marla,4356.0,False
https://www.olx.com.pk/item/5-marla-house-for-sale-in-g-153-fgeha-islamabad-iid-1118765905,House,For Sale,5 Marla,5.0,5.0,12 hours ago,Rs 3.50 Crore,"G-15/3, Islamabad",Islamabad,OLX,35000000.0,Marla,1361.25,False
https://www.olx.com.pk/item/1-kanal-plot-for-sale-in-g-14-islamabad-iid-1118765889,Plot,For Sale,1 Kanal,0.0,0.0,12 hours ago,Rs 4 Crore,"G-14, Islamabad",Islamabad,OLX,40000000.0,Kanal,5445.0,False
https://www.olx.com.pk/item/14-marla-plot-for-sale-in-g-143-islamabad-iid-1118765886,Plot,For Sale,14 Marla,0.0,0.0,12 hours ago,Rs 4.45 Crore,"G-14/3, Islamabad",Islamabad,OLX,44500000.0,Marla,3811.5,False
https://www.olx.com.pk/item/1-kanal-plot-for-sale-in-dha-phase-2-islamabad-iid-1118765882,Plot,For Sale,1 Kanal,0.0,0.0,12 hours ago,Rs 5.25 Crore,"DHA Defence Phase 2, Islamabad",Islamabad,OLX,52500000.0,Kanal,5445.0,False
https://www.olx.com.pk/item/10-marla-plot-for-sale-in-one-of-the-finest-project-by-faisal-town-group-iid-1118765800,Plot,For Sale,10 Marla,0.0,0.0,12 hours ago,Rs 1 Crore,"Faisal Margalla City, Islamabad",Islamabad,OLX,10000000.0,Marla,2722.5,False
https://www.olx.com.pk/item/8marla-1th-ballot-position-and-construction-latter-plot-for-sale-in-dha-valley-phase-7-islmabad-iid-1118765746,Plot,For Sale,8 Marla,0.0,0.0,12 hours ago,Rs 70 Lacs,"DHA Valley - Bluebell Sector, Islamabad",Islamabad,OLX,7000000.0,Marla,2178.0,False
https://www.olx.com.pk/item/8-marla-ballot-plot-for-sale-in-boganvila-block-dha-valley-phase-7-islamabad-iid-1118765371,Plot,For Sale,8 Marla,0.0,0.0,12 hours ago,Rs 52 Lacs,"DHA Valley - Bogenvelia Sector, Islamabad",Islamabad,OLX,5200000.0,Marla,2178.0,False
https://www.olx.com.pk/item/3570-double-storey-corner-house-for-sale-in-g-9-iid-1118727443,House,For Sale,10 Marla,4.0,4.0,12 hours ago,Rs 8.50 Crore,"G-9, Islamabad",Islamabad,OLX,85000000.0,Marla,2722.5,False
https://www.olx.com.pk/item/2550-double-house-for-sale-in-i-101-iid-1118727418,House,For Sale,5 Marla,3.0,3.0,12 hours ago,Rs 3.30 Crore,"I-10, Islamabad",Islamabad,OLX,33000000.0,Marla,1361.25,False
https://www.olx.com.pk/item/8marla-ballot-plot-for-sale-in-rose-block-dha-valley-phase-7-islamabad-iid-1118765204,Plot,For Sale,8 Marla,0.0,0.0,12 hours ago,Rs 42 Lacs,"DHA Valley - Rose Sector, Islamabad",Islamabad,OLX,4200000.0,Marla,2178.0,False
https://www.olx.com.pk/item/flat-for-sale-near-to-expressway-iid-1118765057,Apartment,For Sale,800 SQFT,2.0,2.0,12 hours ago,Rs 80 Lacs,"Ghauri Town, Islamabad",Islamabad,OLX,8000000.0,SQFT,800.0,False
https://www.olx.com.pk/item/8-marla-plots-for-sale-in-dha-phase-7-old-dha-valley-iid-1117906013,Plot,For Sale,8 Marla,0.0,0.0,2 days ago,Rs 65 Lacs,"DHA Defence Phase 7, Islamabad",Islamabad,OLX,6500000.0,Marla,2178.0,False
https://www.olx.com.pk/item/2-kanal-75120-in-block-g-in-street-3-margalla-face-full-heighted-level-plot-near-to-boulevard-residential-plot-available-for-sale-army-welfare-trust-awt-d-18-in-block-g-islamabad-iid-1117978108,Residential Plot,For Sale,2 Kanal,0.0,0.0,2 days ago,Rs 2 Crore,"AWT - Block G, Islamabad",Islamabad,OLX,20000000.0,Kanal,10890.0,False
https://www.olx.com.pk/item/brand-new-ultra-luxurious-4-marla-house-for-sale-in-i-11-iid-1117476859,House,For Sale,4 Marla,5.0,5.0,4 weeks ago,Rs 3 Crore,"I-11/2, Islamabad",Islamabad,OLX,30000000.0,Marla,1089.0,False
https://www.olx.com.pk/item/karakoram-3-bed-apartment-available-for-sale-rental-value-2-lac-60k-prime-location-iid-1117020437,Apartment,For Sale,"3,350 SQFT",3.0,3.0,3 weeks ago,Rs 5.95 Crore,"Karakoram Greens, Islamabad",Islamabad,OLX,59500000.0,SQFT,3350.0,False
https://www.olx.com.pk/item/flat-available-for-sale-iid-1118636791,Apartment,For Sale,"1,650 SQFT",2.0,2.0,3 days ago,Rs 1.25 Crore,"Islamabad Heights, Islamabad",Islamabad,OLX,12500000.0,SQFT,1650.0,False
https://www.olx.com.pk/item/possession-farm-good-view-sector-b-facing-water-stream-iid-1118139009,Other,For Sale,"2,500 SQYD",4.0,5.0,2 weeks ago,Rs 5.50 Crore,"Naval Farms Housing Scheme Sector B, Islamabad",Islamabad,OLX,55000000.0,SQYD,22500.0,False
https://www.olx.com.pk/item/3-kanal-farm-house-plot-with-dam-view-and-all-facilities-iid-1117649734,Farm House,For Sale,3 Kanal,5.0,6.0,2 weeks ago,Rs 4.50 Crore,"D-17, Islamabad",Islamabad,OLX,45000000.0,Kanal,16335.0,False
https://www.olx.com.pk/item/5-marla-single-storey-structure-house-for-sale-in-abu-bakar-block-iid-1118765009,House,For Sale,5 Marla,2.0,2.0,12 hours ago,Rs 65 Lacs,"Ghauri Town Phase 7, Islamabad",Islamabad,OLX,6500000.0,Marla,1361.25,False
https://www.olx.com.pk/item/3-marla-double-storey-house-for-sale-iid-1118764985,House,For Sale,3 Marla,5.0,5.0,12 hours ago,Rs 75 Lacs,"Ghauri Town Phase 4A, Islamabad",Islamabad,OLX,7500000.0,Marla,816.75,False
https://www.olx.com.pk/item/plots-for-sale-at-g-153-iid-1118764955,Plot,For Sale,5 Marla,0.0,0.0,12 hours ago,Rs 1.90 Crore,"G-15/3, Islamabad",Islamabad,OLX,19000000.0,Marla,1361.25,False
https://www.olx.com.pk/item/6-marla-single-storey-structure-ghauri-garden-iid-1118764940,Other,For Sale,6 Marla,2.0,3.0,12 hours ago,Rs 1.10 Crore,"Ghauri Town Phase 5B, Islamabad",Islamabad,OLX,11000000.0,Marla,1633.5,False
https://www.olx.com.pk/item/flat-for-sale-at-main-kalma-chowk-iid-1118764925,Apartment,For Sale,850 SQFT,2.0,2.0,12 hours ago,Rs 55 Lacs,"Ghauri Town Phase 4A, Islamabad",Islamabad,OLX,5500000.0,SQFT,850.0,False
https://www.olx.com.pk/item/6-marla-plot-for-sale-in-ghauri-gardan-iid-1118764917,Plot,For Sale,6 Marla,0.0,0.0,12 hours ago,Rs 70 Lacs,"Ghauri Garden, Islamabad",Islamabad,OLX,7000000.0,Marla,1633.5,False
https://www.olx.com.pk/item/pair-plots-for-sale-iid-1118764892,Plot,For Sale,945 SQFT,0.0,0.0,12 hours ago,Rs 53 Lacs,"Ghauri Town Phase 4 C2, Islamabad",Islamabad,OLX,5300000.0,SQFT,945.0,False
https://www.olx.com.pk/item/5-marla-25-storey-house-for-sale-iid-1118764873,House,For Sale,5 Marla,5.0,6.0,12 hours ago,Rs 1.90 Crore,"Ghauri Town, Islamabad",Islamabad,OLX,19000000.0,Marla,1361.25,False
https://www.olx.com.pk/item/8marla-2nd-to-4th-ballot-plot-for-sale-in-rose-block-dha-valley-phase7-islamabad-iid-1118764870,Plot,For Sale,8 SQFT,0.0,0.0,12 hours ago,Rs 42 Lacs,"DHA Valley - Rose Sector, Islamabad",Islamabad,OLX,4200000.0,SQFT,8.0,True
https://www.olx.com.pk/item/5-marla-commercial-plot-for-sale-in-ghauri-gardan-iid-1118764860,Commercial Plot,For Sale,5 Marla,0.0,0.0,12 hours ago,Rs 2.50 Crore,"Ghauri Garden, Islamabad",Islamabad,OLX,25000000.0,Marla,1361.25,False
https://www.olx.com.pk/item/10-marla-double-storey-for-sale-in-phase-4-a-electricity-water-gas-available-iid-1118764850,Other,For Sale,10 Marla,6.0,6.0,12 hours ago,Rs 3.50 Crore,"Ghauri Town Phase 4A, Islamabad",Islamabad,OLX,35000000.0,Marla,2722.5,False
https://www.olx.com.pk/item/ready-to-buy-a-shop-220-square-feet-in-g-15-markaz-iid-1118764847,Shop,For Sale,220 SQFT,3.5,5.0,12 hours ago,Rs 55 Lacs,"G-15 Markaz, Islamabad",Islamabad,OLX,5500000.0,SQFT,220.0,False
https://www.olx.com.pk/item/7-marla-dable-story-new-house-for-sale-in-gulberg-iid-1118764826,House,For Sale,7 Marla,4.0,4.0,12 hours ago,Rs 4.80 Crore,"Gulberg Residencia - Block F, Islamabad",Islamabad,OLX,48000000.0,Marla,1905.75,False
https://www.olx.com.pk/item/plots-for-sale-at-g-153-iid-1118764779,Plot,For Sale,5 Marla,0.0,0.0,12 hours ago,Rs 1.30 Crore,"G-15/3, Islamabad",Islamabad,OLX,13000000.0,Marla,1361.25,False
https://www.olx.com.pk/item/2-marla-pair-structure-for-sale-iid-1118764749,Other,For Sale,2 Marla,2.0,2.0,12 hours ago,Rs 35 Lacs,"Ghauri Town Phase 4 C2, Islamabad",Islamabad,OLX,3500000.0,Marla,544.5,False
https://www.olx.com.pk/item/dha-phase-9-gandhara-plot-for-sale-iid-1117601648,Plot,For Sale,20 Marla,0.0,0.0,4 weeks ago,Rs 50 Lacs,"DHA Defence Phase 9, Islamabad",Islamabad,OLX,5000000.0,Marla,5445.0,False
https://www.olx.com.pk/item/g-134-st-no-121-plot-25x40-for-sale-iid-1116607331,Plot,For Sale,111 SQYD,0.0,0.0,6 days ago,Rs 2.75 Crore,"G-13/4, Islamabad",Islamabad,OLX,27500000.0,SQYD,999.0,False
https://www.olx.com.pk/item/brand-new-5-marla-double-storey-house-in-park-view-city-islamabad-iid-1117620943,House,For Sale,5 Marla,4.0,4.0,3 days ago,Rs 2.85 Crore,"Park View - Block J, Islamabad",Islamabad,OLX,28500000.0,Marla,1361.25,False
https://www.olx.com.pk/item/plot-for-sale-sector-i-152-iid-1118279502,Plot,For Sale,5 Marla,0.0,0.0,4 days ago,Rs 65 Lacs,"I-15/2, Islamabad",Islamabad,OLX,6500000.0,Marla,1361.25,False
https://www.olx.com.pk/item/8-marla-luxury-house-for-sale-in-faisal-town-block-a-iid-1117612982,House,For Sale,8 Marla,5.0,6.0,2 weeks ago,Rs 3.70 Crore,"Faisal Town - F-18, Islamabad",Islamabad,OLX,37000000.0,Marla,2178.0,False
https://www.olx.com.pk/item/single-storey-house-is-available-for-sale-in-mpchs-block-f-iid-1117701782,House,For Sale,8 Marla,2.0,2.0,4 days ago,Rs 1.90 Crore,"MPCHS - Block F, Islamabad",Islamabad,OLX,19000000.0,Marla,2178.0,False
https://www.olx.com.pk/item/5-marla-brand-new-house-for-sale-in-g-14-iid-1118320132,House,For Sale,5 Marla,4.0,5.0,12 hours ago,Rs 5.30 Crore,"G-14, Islamabad",Islamabad,OLX,53000000.0,Marla,1361.25,False
https://www.olx.com.pk/item/brand-new-10-marla-house-for-sale-in-g-143-iid-1118320129,House,For Sale,10 Marla,5.0,6.0,12 hours ago,Rs 7.80 Crore,"G-14/3, Islamabad",Islamabad,OLX,78000000.0,Marla,2722.5,False
https://www.olx.com.pk/item/5-marla-plot-for-in-bahria-enclave-islamabad-iid-1118320121,Plot,For Sale,5 Marla,0.0,0.0,12 hours ago,Rs 1.10 Crore,"Bahria Enclave, Islamabad",Islamabad,OLX,11000000.0,Marla,1361.25,False
https://www.olx.com.pk/item/10-marla-plot-for-sale-in-bahria-enclave-islamabad-iid-1118320120,Plot,For Sale,10 Marla,0.0,0.0,12 hours ago,Rs 2.50 Crore,"Bahria Enclave - Sector C1, Islamabad",Islamabad,OLX,25000000.0,Marla,2722.5,False
https://www.olx.com.pk/item/10-marla-plot-for-sale-in-g-143-back-open-iid-1118320063,Plot,For Sale,10 Marla,0.0,0.0,12 hours ago,Rs 4.25 Crore,"G-14/3, Islamabad",Islamabad,OLX,42500000.0,Marla,2722.5,False
https://www.olx.com.pk/item/1-kanal-plot-for-sale-in-g-143-iid-1118320062,Plot,For Sale,1 Kanal,0.0,0.0,12 hours ago,Rs 6 Crore,"G-14/3, Islamabad",Islamabad,OLX,60000000.0,Kanal,5445.0,False
https://www.olx.com.pk/item/8-marla-plot-for-sale-sector-n-bahria-enclave-islamabad-iid-1118684884,Plot,For Sale,8 Marla,0.0,0.0,12 hours ago,Rs 1.35 Crore,"Bahria Enclave, Islamabad",Islamabad,OLX,13500000.0,Marla,2178.0,False
https://www.olx.com.pk/item/5-marla-plot-for-sale-park-view-islamabad-block-b-iid-1118684774,Plot,For Sale,5 Marla,0.0,0.0,12 hours ago,Rs 1.25 Crore,"Park View - Block B, Islamabad",Islamabad,OLX,12500000.0,Marla,1361.25,False
https://www.olx.com.pk/item/5-marla-plot-for-sale-park-view-islamabad-block-b-iid-1118684652,Plot,For Sale,5 Marla,0.0,0.0,12 hours ago,Rs 1.30 Crore,"Park View City, Islamabad",Islamabad,OLX,13000000.0,Marla,1361.25,False
https://www.olx.com.pk/item/prime-5-marla-plot-available-in-block-j-park-view-islamabad-iid-1118682197,Plot,For Sale,5 Marla,0.0,0.0,12 hours ago,Rs 1 Crore,"Park View - Block J, Islamabad",Islamabad,OLX,10000000.0,Marla,1361.25,False
https://www.olx.com.pk/item/1-bed-cube-apartment-for-sale-bahria-enclave-islamabad-iid-1118681239,Apartment,For Sale,"1,050 SQFT",1.0,2.0,12 hours ago,Rs 1.18 Crore,"Bahria Enclave, Islamabad",Islamabad,OLX,11800000.0,SQFT,1050.0,False
https://www.olx.com.pk/item/1-kanal-plot-for-sale-sector-m-bahria-enclave-islamabad-iid-1118679806,Plot,For Sale,1 Kanal,0.0,0.0,12 hours ago,Rs 2.80 Crore,"Bahria Enclave, Islamabad",Islamabad,OLX,28000000.0,Kanal,5445.0,False
https://www.olx.com.pk/item/8-marla-plot-for-sale-sector-n-bahria-enclave-islamabad-iid-1118679354,Plot,For Sale,8 Marla,0.0,0.0,12 hours ago,Rs 1.40 Crore,"Bahria Enclave, Islamabad",Islamabad,OLX,14000000.0,Marla,2178.0,False
https://www.olx.com.pk/item/plot-for-sale-in-g-141-islamabad-iid-1118764549,Plot,For Sale,4 Marla,0.0,0.0,12 hours ago,Rs 90 Lacs,"G-14/1, Islamabad",Islamabad,OLX,9000000.0,Marla,1089.0,False
https://www.olx.com.pk/item/8-marla-ballot-plot-for-sale-boganvila-block-dha-valley-phase-7-islamabad-valley-iid-1118763680,Plot,For Sale,8 Marla,0.0,0.0,13 hours ago,Rs 62 Lacs,"DHA Valley - Bogenvelia Sector, Islamabad",Islamabad,OLX,6200000.0,Marla,2178.0,False
