id,url,type,purpose,area,bedroom,bath,added,price,location,location_city,source
510,https://www.zameen.com/Property/dha_phase_7_sehar_commercial_area_corner_masterpiece_executive_2-bedroom_bungalow-facing_apartment_for_rent_in_sehar_commercial_dha_phase_7-54010283-8489-1.html,Room,For Rent,106 Sq. Yd.,2,2.0,1 hour ago,PKR 1.7 Crore,"Sehar Commercial Area, DHA Phase 7",Karachi,Zameen
796,https://www.zameen.com/Property/e_11_e-11_4_e-11_4_makkah_tower_1_bedroom_apartment_available_for_rent-54692537-3241-1.html,Room,For Rent,4 Marla,1,1.0,1 hour ago,PKR 1.18 Crore,"E-11/4, E-11",Islamabad,Zameen
2237,https://www.zameen.com/Property/dha_phase_6_dha_phase_6_-_block_k_1_kanal_luxury_modern_design_house_for_rent_in_dha_phase_6_lahore_near_to_dolmen_mall-54626650-1619-4.html,House,For Rent,1 Kanal,5,6.0,4 hours ago,PKR 3.25 Lakh,"DHA Phase 6 - Block K, DHA Phase 6",Lahore,Zameen
2238,https://www.zameen.com/Property/dha_defence_dha_9_town_ulta_modren_brand_new_house_available_for_rent_in_dha_9_town_lahore-54664605-1452-4.html,House,For Rent,5 Marla,3,3.0,5 hours ago,PKR 1.15 Lakh,"DHA 9 Town, DHA Defence",Lahore,Zameen
2239,https://www.zameen.com/Property/dha_defence_dha_phase_5_10_marla_house_for_rent_dha_phase_5_9_kv_solar_install-54625316-1447-4.html,House,For Rent,10 Marla,4,5.0,12 hours ago,PKR 2.7 Lakh,"DHA Phase 5, DHA Defence",Lahore,Zameen
2240,https://www.zameen.com/Property/dha_defence_dha_phase_1_2_kanal_facing_park_house_for_rent-54689150-1442-4.html,House,For Rent,2 Kanal,,,12 hours ago,PKR 5.5 Lakh,"DHA Phase 1, DHA Defence",Lahore,Zameen
2241,https://www.zameen.com/Property/dha_defence_dha_phase_5_1_kanal_fully_furnished_most_beautiful_design_bungalow_for_sale_at_prime_location_of_dha_phase_5_for_rent-54689342-1447-4.html,Other,For Rent,1 Kanal,5,7.0,12 hours ago,PKR 4.5 Lakh,"DHA Phase 5, DHA Defence",Lahore,Zameen
2242,https://www.zameen.com/Property/dha_defence_dha_phase_3_full_house_for_rent_in_dha_phase_3_vip_location_5_bed_attach_bath_tv_lough_double_kitchen_fully_furnished-54263584-1454-4.html,House,For Rent,1 Kanal,5,6.0,4 hours ago,PKR 4.5 Lakh,"DHA Phase 3, DHA Defence",Lahore,Zameen
2243,https://www.zameen.com/Property/askari_askari_11_5_marla_2bed_family_apartments_are_available_for_rent_in_sector-c-54291685-1503-4.html,Apartment,For Rent,5 Marla,2,2.0,5 hours ago,PKR 53 Thousand,"Askari 11, Askari",Lahore,Zameen
2244,https://www.zameen.com/Property/dha_phase_5_dha_phase_5_-_block_d_well_maintained_one_kanal_renovated_beautiful_bungalow_near_big_park_posh_area-53516734-1601-4.html,Other,For Rent,1 Kanal,5,6.0,7 hours ago,PKR 3.25 Lakh,"DHA Phase 5 - Block D, DHA Phase 5",Lahore,Zameen
2245,https://www.zameen.com/Property/dha_defence_dha_phase_5_live_the_premium_lifestyle_stunning_one_kanal_modern_bungalow_steps_away_from_park_and_market-53471308-1447-4.html,Other,For Rent,1 Kanal,5,6.0,7 hours ago,PKR 3.5 Lakh,"DHA Phase 5, DHA Defence",Lahore,Zameen
2246,https://www.zameen.com/Property/dha_defence_dha_phase_6_top_of_line_one_kanal_bungalow_situated_at_most_prime_location_once_visit_for_rent-47137304-1448-4.html,Other,For Rent,1 Kanal,5,6.0,7 hours ago,PKR 3.65 Lakh,"DHA Phase 6, DHA Defence",Lahore,Zameen
2247,https://www.zameen.com/Property/dha_defence_dha_phase_5_1_kanal_brand_new_full_luxury_house_available_for_rent_in_dha_phase_5-50076470-1447-4.html,House,For Rent,1 Kanal,5,6.0,3 hours ago,PKR 3 Lakh,"DHA Phase 5, DHA Defence",Lahore,Zameen
2248,https://www.zameen.com/Property/dha_defence_dha_phase_3_10_marla_beautiful_house_for_rent_with_basement_in_dha_phase_3_lahore-50653973-1454-4.html,House,For Rent,10 Marla,4,5.0,3 hours ago,PKR 1.8 Lakh,"DHA Phase 3, DHA Defence",Lahore,Zameen
2249,https://www.zameen.com/Property/dha_phase_7_dha_phase_7_-_block_t_1_kanal_elegant_and_semi_furnished_super_hot_located_bungalow_is_available_in_the_best_block_of_dha_lahore-54564704-1627-4.html,Other,For Rent,1 Kanal,5,6.0,1 hour ago,PKR 3.5 Lakh,"DHA Phase 7 - Block T, DHA Phase 7",Lahore,Zameen
2250,https://www.zameen.com/Property/dha_phase_6_dha_phase_6_-_block_d_1_kanal_elegant_and_slightly_used_super_hot_located_bungalow_is_available_in_the_best_block_of_dha_lahore-54564706-1613-4.html,Other,For Rent,1 Kanal,5,6.0,1 hour ago,PKR 4.99 Lakh,"DHA Phase 6 - Block D, DHA Phase 6",Lahore,Zameen
2251,https://www.zameen.com/Property/dha_phase_6_dha_phase_6_-_block_l_1_kanal_elegant_and_slightly_used_super_hot_located_bungalow_is_available_in_the_best_block_of_dha_lahore-54564708-1620-4.html,Other,For Rent,1 Kanal,5,6.0,1 hour ago,PKR 2.8 Lakh,"DHA Phase 6 - Block L, DHA Phase 6",Lahore,Zameen
2252,https://www.zameen.com/Property/dha_phase_7_dha_phase_7_-_block_z1_1_kanal_elegant_super_hot_located_bungalow_near_to_mosque_park_mcdonald_s_is_available_in_the_best_block_of_dha_lahore-54564716-1633-4.html,Other,For Rent,1 Kanal,5,6.0,1 hour ago,PKR 2.7 Lakh,"DHA Phase 7 - Block Z1, DHA Phase 7",Lahore,Zameen
2253,https://www.zameen.com/Property/lahore_bahria_orchard_beautiful_facing_park_8_marla_house_is_available_for_rent_at_best_rent-49364681-1474-4.html,House,For Rent,8 Marla,5,6.0,1 hour ago,PKR 1.03 Lakh,"Bahria Orchard, Lahore",Lahore,Zameen
2254,https://www.zameen.com/Property/askari_askari_10_10_marla_3_bedroom_house_low_price_from_market_available-54692606-1011-4.html,Room,For Rent,10 Marla,3,3.0,24 minutes ago,PKR 1.6 Lakh,"Askari 10, Askari",Lahore,Zameen
2255,https://www.zameen.com/Property/bahria_town_sector_c_bahria_town_-_tulip_block_one_bed_non_furnished_apartment_for_rent_bahria_town_lahore-53312181-1789-4.html,Apartment,For Rent,2.2 Marla,1,1.0,31 minutes ago,PKR 38 Thousand,"Bahria Town - Tulip Block, Bahria Town - Sector C",Lahore,Zameen
2256,https://www.zameen.com/Property/bahria_town_bahria_town_-_sector_c_one_bed_luxury_furnished_apartment_for_rent_in_prime_location-53198121-1784-4.html,Apartment,For Rent,2.4 Marla,1,1.0,31 minutes ago,PKR 50 Thousand,"Bahria Town - Sector C, Bahria Town",Lahore,Zameen
2257,https://www.zameen.com/Property/lake_city_meadows_lake_city_meadows_phase_1_luxury_house_portion_for_rent_furnished-54629401-4190-4.html,House,For Rent,5 Marla,1,2.0,40 minutes ago,PKR 1 Lakh,"Lake City Meadows Phase 1, Lake City Meadows",Lahore,Zameen
2258,https://www.zameen.com/Property/askari_askari_11_askari_11_4_bed_flat_for_rent_good_location-54237227-1503-4.html,Flat,For Rent,12 Marla,4,5.0,40 minutes ago,PKR 1.7 Lakh,"Askari 11, Askari",Lahore,Zameen
2259,https://www.zameen.com/Property/lahore_central_park_housing_scheme_1_kanal_upper_portion_available_for_rent-54556168-1013-4.html,Upper Portion,For Rent,1 Kanal,3,3.0,1 hour ago,PKR 85 Thousand,"Central Park Housing Scheme, Lahore",Lahore,Zameen
2260,https://www.zameen.com/Property/bahria_town_bahria_town_-_sector_e_10_marala_upper_portion_lower_lock_available_for_rent-54649054-1802-4.html,Upper Portion,For Rent,10 Marla,3,3.0,1 hour ago,PKR 70 Thousand,"Bahria Town - Sector E, Bahria Town",Lahore,Zameen
2261,https://www.zameen.com/Property/land_breeze_housing_society_zameen_opal_2_bed_fully_furnished_luxury_apartment_near_thokar_raiwind_road_zameen_opal-54110684-12916-4.html,Apartment,For Rent,4.7 Marla,2,3.0,2 hours ago,PKR 1.7 Lakh,"Zameen Opal, Land Breeze Housing Society",Lahore,Zameen
2262,https://www.zameen.com/Property/dha_defence_dha_phase_4_10_marla_beautiful_house_for_rent_in_phase_4_dha-53978404-1446-4.html,House,For Rent,10 Marla,4,5.0,14 hours ago,PKR 2.4 Lakh,"DHA Phase 4, DHA Defence",Lahore,Zameen
2263,https://www.zameen.com/Property/dha_defence_dha_phase_6_1_kanal_house_for_rent_in_phase_6_dha-54688623-1448-4.html,House,For Rent,1 Kanal,5,6.0,15 hours ago,PKR 3.75 Lakh,"DHA Phase 6, DHA Defence",Lahore,Zameen
2264,https://www.zameen.com/Property/lahore_gulberg_1_kanal_luxury_house_for_rent_in_gulberg_ideal_for_residence_or_office-53904274-7-4.html,House,For Rent,1 Kanal,5,5.0,17 hours ago,PKR 5 Lakh,"Gulberg, Lahore",Lahore,Zameen
2265,https://www.zameen.com/Property/askari_11_askari_11_-_sector_d_facing_park_10_marla_flat_is_available_in_askari_11_sector_d_at_super_hot_location-54593950-21437-4.html,Flat,For Rent,10 Marla,3,3.0,1 day ago,PKR 1.7 Lakh,"Askari 11 - Sector D, Askari 11",Lahore,Zameen
2266,https://www.zameen.com/Property/bahria_town_bahria_town_-_sector_b_one_bed_furnished_apartment_available_for_rent_in_sector_b_bahria_town_lahore-53320461-1772-4.html,Apartment,For Rent,2.2 Marla,1,1.0,1 day ago,PKR 41 Thousand,"Bahria Town - Sector B, Bahria Town",Lahore,Zameen
2267,https://www.zameen.com/Property/dha_phase_6_dha_phase_6_-_block_c_one_kanal_ultra_modern_luxurious_bungalow_design_by_reputed_architect_for_rent-53476837-1612-4.html,Other,For Rent,1 Kanal,5,6.0,7 hours ago,PKR 3.75 Lakh,"DHA Phase 6 - Block C, DHA Phase 6",Lahore,Zameen
2268,https://www.zameen.com/Property/dha_phase_5_dha_phase_5_-_block_l_dha_phase_5_l_block_1_kanal_fully_furnished_house_for_rent-54602985-1608-4.html,House,For Rent,1 Kanal,5,6.0,11 hours ago,PKR 5 Lakh,"DHA Phase 5 - Block L, DHA Phase 5",Lahore,Zameen
2269,https://www.zameen.com/Property/gulberg_gulberg_3_prime_location_house_of_10_marla_for_rent_in_gulberg_3-54689409-3824-4.html,House,For Rent,10 Marla,4,5.0,11 hours ago,PKR 2.1 Lakh,"Gulberg 3, Gulberg",Lahore,Zameen
2270,https://www.zameen.com/Property/askari_11_askari_11_-_sector_b_don_t_miss_out_this_beautiful_house_for_rent-54689561-15702-4.html,House,For Rent,1 Kanal,4,4.0,12 hours ago,PKR 2.5 Lakh,"Askari 11 - Sector B, Askari 11",Lahore,Zameen
2271,https://www.zameen.com/Property/lahore_bedian_road_farm_house_for_rent_on_daily_basis-52675536-378-4.html,Farm House,For Rent,4 Kanal,2,3.0,14 hours ago,PKR 15 Thousand,"Bedian Road, Lahore",Lahore,Zameen
2272,https://www.zameen.com/Property/bahria_town_sector_c_bahria_town_-_jasmine_block_10_marla_like_brand_new_house_for_rent_in_jasmine_block_bahria_town_lahore-52585888-1786-4.html,House,For Rent,10 Marla,5,6.0,4 hours ago,PKR 1.5 Lakh,"Bahria Town - Jasmine Block, Bahria Town - Sector C",Lahore,Zameen
2273,https://www.zameen.com/Property/bahria_town_sector_d_bahria_town_-_block_bb_5_marla_like_brand_new_full_house_for_rent_in_bb_block_bahria_town_lahore-52423007-1798-4.html,House,For Rent,5 Marla,3,4.0,4 hours ago,PKR 80 Thousand,"Bahria Town - Block BB, Bahria Town - Sector D",Lahore,Zameen
2274,https://www.zameen.com/Property/dha_phase_4_dha_phase_4_-_block_gg_10_marla_full_basement_home_theater_modern_bungalow_for_rent-42493179-1595-4.html,Other,For Rent,10 Marla,5,6.0,1 hour ago,PKR 2.85 Lakh,"DHA Phase 4 - Block GG, DHA Phase 4",Lahore,Zameen
2275,https://www.zameen.com/Property/dha_phase_7_dha_phase_7_-_block_y_10_marla_almost_brand_new_house_available_for_rent-54575664-1632-4.html,House,For Rent,10 Marla,4,5.0,2 hours ago,PKR 2.5 Lakh,"DHA Phase 7 - Block Y, DHA Phase 7",Lahore,Zameen
2276,https://www.zameen.com/Property/bahria_town_bahria_town_-_sector_c_1_bed_spacious_and_luxury_furnished_apartment_available_for_rent_bahria_town_lhr_near_talwar_chowk-54654263-1784-4.html,Apartment,For Rent,2.7 Marla,1,1.0,2 hours ago,PKR 50 Thousand,"Bahria Town - Sector C, Bahria Town",Lahore,Zameen
2277,https://www.zameen.com/Property/dha_phase_3_dha_phase_3_-_block_xx_10_marla_newly_upper_portion_fully_furnished_in_dha_phase_3-54281207-1586-4.html,Upper Portion,For Rent,10 Marla,3,3.0,2 hours ago,PKR 1.1 Lakh,"DHA Phase 3 - Block XX, DHA Phase 3",Lahore,Zameen
2278,https://www.zameen.com/Property/bahria_orchard_bahria_orchard_phase_2_5_marla_new_luxury_house_for_rent-53012600-8236-4.html,House,For Rent,5 Marla,3,4.0,3 hours ago,PKR 80 Thousand,"Bahria Orchard Phase 2, Bahria Orchard",Lahore,Zameen
2279,https://www.zameen.com/Property/land_breeze_housing_society_zameen_opal_1_bed_starlight_furnished_apartment_for_rent_in_zameen_opal_raiwind_road_lahore-54130869-12916-4.html,Apartment,For Rent,2.6 Marla,1,1.0,2 hours ago,PKR 1.2 Lakh,"Zameen Opal, Land Breeze Housing Society",Lahore,Zameen
2280,https://www.zameen.com/Property/land_breeze_housing_society_zameen_opal_1_bed_starlight_furnished_apartment_for_rent_in_zameen_opal_raiwind_road_lahore_located_in_the_heart_of_zameen_opal_this_beautifully_designed_1_bedroom_starlight_furnished_apartment_offers_a_perfect_blend_of_luxury_comfort_and_convenience-54127612-12916-4.html,Room,For Rent,2.7 Marla,1,1.0,2 hours ago,PKR 1.25 Lakh,"Zameen Opal, Land Breeze Housing Society",Lahore,Zameen
2281,https://www.zameen.com/Property/johar_town_johar_town_phase_2_premium_furnished_office_space_for_rent_with_expo_centre_view_lahore-54199278-3961-4.html,Office,For Rent,12 Marla,,2.0,2 hours ago,PKR 3.5 Lakh,"Johar Town Phase 2, Johar Town",Lahore,Zameen
2282,https://www.zameen.com/Property/lahore_wapda_town_24_marla_lower_portion_40_persons_setting_fully_furnished_office_use_available_in_wapdatown_main_bulivered_lahore-54254658-423-4.html,Lower Portion,For Rent,1.2 Kanal,3,4.0,2 hours ago,PKR 2.3 Lakh,"Wapda Town, Lahore",Lahore,Zameen
2283,https://www.zameen.com/Property/zafar_ali_road_zameen_quadrangle_one_bed_semi-furnished_apartment_for_rent_in_zameen_quadrangle_gulberg_lahore-54466721-17424-4.html,Apartment,For Rent,3.1 Marla,1,1.0,2 hours ago,PKR 1.29 Lakh,"Zameen Quadrangle, Zafar Ali Road",Lahore,Zameen
2284,https://www.zameen.com/Property/lahore_allama_iqbal_town_10_marla_furnished_portion_with_beautiful_furniture_available_for_rent-53739726-58-4.html,Other,For Rent,10 Marla,3,3.0,2 hours ago,PKR 1.4 Lakh,"Allama Iqbal Town, Lahore",Lahore,Zameen
2285,https://www.zameen.com/Property/wapda_town_wapda_town_phase_1_furnished_5_marla_neat_and_clean_lower_portion_in_wapda_town_for_job_holders_or_bachelor_s-54692432-4307-4.html,Lower Portion,For Rent,5 Marla,1,1.0,2 hours ago,PKR 42 Thousand,"Wapda Town Phase 1, Wapda Town",Lahore,Zameen
2286,https://www.zameen.com/Property/askari_11_askari_11_-_sector_b_apartments_12_marla_4_bed_flat_for_rent_in_askari_11_-sector_b_lahore-53848207-15703-4.html,Flat,For Rent,12 Marla,4,5.0,3 hours ago,PKR 1.45 Lakh,"Askari 11 - Sector B Apartments, Askari 11",Lahore,Zameen
2287,https://www.zameen.com/Property/dha_defence_dha_phase_6_one_kanal_brand_new_luxury_semi_furnish_house_located_at_prime_location_in_dha_phase_6_lahore-54640916-1448-4.html,House,For Rent,1 Kanal,5,6.0,1 day ago,PKR 3.15 Lakh,"DHA Phase 6, DHA Defence",Lahore,Zameen
2288,https://www.zameen.com/Property/dha_defence_dha_phase_6_one_kanal_brand_new_luxury_modern_design_house_available_for_rent_in_dha_phase_6_hot_location-54651164-1448-4.html,House,For Rent,1 Kanal,5,6.0,1 day ago,PKR 3.25 Lakh,"DHA Phase 6, DHA Defence",Lahore,Zameen
2289,https://www.zameen.com/Property/college_road_eden_boulevard_housing_scheme_5_marla_double_story_house_for_rent_in_eden_boulevard_main_college_road_lahore_bijli_pani_available_use_for_family_brand_new_typr_house-54477531-12447-4.html,House,For Rent,5 Marla,4,4.0,1 day ago,PKR 1 Lakh,"Eden Boulevard Housing Scheme, College Road",Lahore,Zameen
2290,https://www.zameen.com/Property/dha_defence_dha_phase_7_2_kanal_house_for_rent_1_kanal_house_1_kanal_lawn_20_kv_solar-54686500-1450-4.html,House,For Rent,2 Kanal,5,6.0,1 day ago,PKR 6 Lakh,"DHA Phase 7, DHA Defence",Lahore,Zameen
2291,https://www.zameen.com/Property/bahria_town_sector_c_bahria_town_-_jasmine_block_two_bed_furnished_apartment_available_for_rent_in_sector_c_bahria_town_lahore-53739088-1786-4.html,Apartment,For Rent,3.6 Marla,2,2.0,1 day ago,PKR 85 Thousand,"Bahria Town - Jasmine Block, Bahria Town - Sector C",Lahore,Zameen
2292,https://www.zameen.com/Property/al_kabir_town_al-kabir_town_-_phase_2_one_bed_studio_with_kitchen_and_bath-52904967-11704-4.html,Other,For Rent,2 Marla,,1.0,15 hours ago,PKR 28 Thousand,"Al-Kabir Town - Phase 2, Al-Kabir Town",Lahore,Zameen
2293,https://www.zameen.com/Property/lahore_model_town_a_facing_park_3_kanal_house_is_up_for_grabs_in_model_town-54248046-8-4.html,House,For Rent,3 Kanal,6,6.0,18 hours ago,PKR 9 Lakh,"Model Town, Lahore",Lahore,Zameen
2294,https://www.zameen.com/Property/askari_askari_11_ultra-modern_brand-new_4-bed_apartment_for_rent_3_637_sq_ft_askari_11_lahore-54646759-1503-4.html,Apartment,For Rent,16 Marla,4,5.0,21 hours ago,PKR 2.5 Lakh,"Askari 11, Askari",Lahore,Zameen
2295,https://www.zameen.com/Property/bahria_town_bahria_town_-_sector_c_1_bed_luxury_brand_new_apartment_fully_furnished_super_hot_location_bahria_town-54635528-1784-4.html,Apartment,For Rent,2.4 Marla,1,1.0,1 day ago,PKR 46 Thousand,"Bahria Town - Sector C, Bahria Town",Lahore,Zameen
2296,https://www.zameen.com/Property/askari_10_askari_10_-_sector_f_beautiful_house_for_rent_in_askari_10_sector_f-54687190-10542-4.html,House,For Rent,1 Kanal,5,6.0,1 day ago,PKR 3 Lakh,"Askari 10 - Sector F, Askari 10",Lahore,Zameen
2297,https://www.zameen.com/Property/bahria_town_bahria_town_-_sector_c_1_bed_brand_new_appartment_for_rent_in_sector_c_bahria_town_lahore-54692021-1784-4.html,Other,For Rent,2 Marla,1,1.0,4 hours ago,PKR 70 Thousand,"Bahria Town - Sector C, Bahria Town",Lahore,Zameen
2298,https://www.zameen.com/Property/bahria_town_bahria_town_-_sector_c_10_marla_brand_new_upper_portion_for_rent_in_gulbahar_block_bahria_town_lahore-54618131-1784-4.html,Upper Portion,For Rent,10 Marla,3,4.0,4 hours ago,PKR 75 Thousand,"Bahria Town - Sector C, Bahria Town",Lahore,Zameen
2299,https://www.zameen.com/Property/lahore_bahria_orchard_fully_furnished_house_is_for_rent-53007346-1474-4.html,House,For Rent,5 Marla,3,4.0,3 hours ago,PKR 1.5 Lakh,"Bahria Orchard, Lahore",Lahore,Zameen
2300,https://www.zameen.com/Property/bahria_orchard_bahria_orchard_phase_4_8_marla_brand_new_house_for_rent-53474000-11201-4.html,House,For Rent,8 Marla,5,5.0,3 hours ago,PKR 1.15 Lakh,"Bahria Orchard Phase 4, Bahria Orchard",Lahore,Zameen
2301,https://www.zameen.com/Property/lahore_bahria_orchard_northern_block_near_gate_1_house-54221702-1474-4.html,House,For Rent,10 Marla,5,5.0,3 hours ago,PKR 1.6 Lakh,"Bahria Orchard, Lahore",Lahore,Zameen
2302,https://www.zameen.com/Property/askari_11_askari_11_-_sector_b_apartments_12_marla_4_bed_flat_for_rent_in_askari_11_-sector_b_lahore-48919026-15703-4.html,Flat,For Rent,12 Marla,4,4.0,3 hours ago,PKR 1.45 Lakh,"Askari 11 - Sector B Apartments, Askari 11",Lahore,Zameen
2303,https://www.zameen.com/Property/askari_11_askari_11_-_sector_b_apartments_4_bed_luxury_apartment_for_rent_in_askari_11_lahore-54572897-15703-4.html,Apartment,For Rent,12 Marla,4,4.0,3 hours ago,PKR 1.5 Lakh,"Askari 11 - Sector B Apartments, Askari 11",Lahore,Zameen
2304,https://www.zameen.com/Property/dha_defence_dha_9_town_5_marla_brand_new_magnificent_designer_house_for_rent_in_dha_phase_9-54692383-1452-4.html,House,For Rent,5 Marla,3,4.0,3 hours ago,PKR 1 Lakh,"DHA 9 Town, DHA Defence",Lahore,Zameen
2305,https://www.zameen.com/Property/askari_11_askari_11_-_sector_b_10_marla_3_bed_room_flat_for_rent_in_askari_xi_sector_b_lahore-47495310-15702-4.html,Room,For Rent,10 Marla,3,3.0,3 hours ago,PKR 1.45 Lakh,"Askari 11 - Sector B, Askari 11",Lahore,Zameen
2306,https://www.zameen.com/Property/bahria_town_sector_c_bahria_town_-_janiper_block_luxury_furnished_10_marla_lower_portion_available_for_rent_in_bahria_town_lahore-54692351-1792-4.html,Lower Portion,For Rent,10 Marla,2,3.0,3 hours ago,PKR 1.2 Lakh,"Bahria Town - Janiper Block, Bahria Town - Sector C",Lahore,Zameen
2307,https://www.zameen.com/Property/wapda_town_wapda_town_phase_1_10_marla_3bed_upper_portion_is_for_rent_in_wapda_town_e-2_block-52568221-4307-4.html,Upper Portion,For Rent,10 Marla,3,4.0,3 hours ago,PKR 70 Thousand,"Wapda Town Phase 1, Wapda Town",Lahore,Zameen
2308,https://www.zameen.com/Property/wapda_town_wapda_town_phase_1_10_marla_superb_tile_2_bed_lower_portion_is_for_rent_in_wapda_town_phase_1-53876886-4307-4.html,Lower Portion,For Rent,10 Marla,2,3.0,3 hours ago,PKR 75 Thousand,"Wapda Town Phase 1, Wapda Town",Lahore,Zameen
2309,https://www.zameen.com/Property/lahore_valencia_housing_society_1_kanal_brand_new_3_bed_upper_portion_is_for_rent_in_valencia_town_near_wapda_town-54488334-373-4.html,Upper Portion,For Rent,1 Kanal,3,4.0,3 hours ago,PKR 1.1 Lakh,"Valencia Housing Society, Lahore",Lahore,Zameen
2310,https://www.zameen.com/Property/dha_phase_6_dha_phase_6_-_block_h_1_kanal_modern_house_for_rent_hot_location_reasonable_in_the_market-54645448-1617-4.html,House,For Rent,1 Kanal,5,6.0,3 hours ago,PKR 3.5 Lakh,"DHA Phase 6 - Block H, DHA Phase 6",Lahore,Zameen
2311,https://www.zameen.com/Property/lahore_shadab_garden_a_10_marla_upper_portion_in_shadab_garden_is_on_the_market_for_rent-54596109-4451-4.html,Upper Portion,For Rent,10 Marla,2,3.0,3 hours ago,PKR 65 Thousand,"Shadab Garden, Lahore",Lahore,Zameen
2312,https://www.zameen.com/Property/bahria_town_sector_b_bahria_town_-_shaheen_block_1_kanal_beautiful_luxury_new_house_with_solar_installed_for_rent_in_shaheen_block_bahria_town_lahore-54364890-1775-4.html,House,For Rent,1 Kanal,5,7.0,1 day ago,PKR 3 Lakh,"Bahria Town - Shaheen Block, Bahria Town - Sector B",Lahore,Zameen
2313,https://www.zameen.com/Property/bahria_town_sector_d_bahria_town_-_block_bb_5_marla_beautiful_fully_furnished_new_house_for_rent-54469636-1798-4.html,House,For Rent,5 Marla,3,4.0,1 day ago,PKR 1.4 Lakh,"Bahria Town - Block BB, Bahria Town - Sector D",Lahore,Zameen
2314,https://www.zameen.com/Property/bahria_town_bahria_town_-_sector_c_one_bed_non_furnished_apartment_available_for_rent_in_bahria_town_lahore-54186567-1784-4.html,Apartment,For Rent,2.4 Marla,1,1.0,2 days ago,PKR 37 Thousand,"Bahria Town - Sector C, Bahria Town",Lahore,Zameen
2315,https://www.zameen.com/Property/dha_defence_dha_9_town_luxurious_5_marla_lavish_brand_new_bungalow_on_top_location_for_rent_phase_9_town_dha_lahore-54218439-1452-4.html,Other,For Rent,5 Marla,3,4.0,2 days ago,PKR 95 Thousand,"DHA 9 Town, DHA Defence",Lahore,Zameen
2316,https://www.zameen.com/Property/gulberg_gulberg_5_2_bedroom_premium_corner_apartment_7th_floor_3-side_gulberg_views-54628228-3848-4.html,Room,For Rent,4.4 Marla,2,2.0,2 days ago,PKR 2.2 Lakh,"Gulberg 5, Gulberg",Lahore,Zameen
2317,https://www.zameen.com/Property/dha_defence_dha_phase_7_farm_house_for_rent_dha_and_swimming_pool_rent_and_farmhouse_per_day-53937625-1450-4.html,Farm House,For Rent,12 Kanal,5,6.0,1 day ago,PKR 13 Thousand,"DHA Phase 7, DHA Defence",Lahore,Zameen
2318,https://www.zameen.com/Property/sabzazar_scheme_sabzazar_scheme_-_block_g_affordable_upper_portion_of_10_marla_is_available_for_rent-54660133-4170-4.html,Upper Portion,For Rent,10 Marla,3,3.0,1 day ago,PKR 75 Thousand,"Sabzazar Scheme - Block G, Sabzazar Scheme",Lahore,Zameen
2319,https://www.zameen.com/Property/dha_phase_8_dha_phase_8_-_ex_park_view_defence_8_ex_park_view_kanal_elegant_and_fully_maintained_super_hot_located_bungalows_upper_portion_is_available_in_the_best_block_of_dha_lahore-54647520-485-4.html,Upper Portion,For Rent,1 Kanal,3,3.0,2 days ago,PKR 1.6 Lakh,"DHA Phase 8 - Ex Park View, DHA Phase 8",Lahore,Zameen
2320,https://www.zameen.com/Property/dha_defence_dha_phase_4_kanal_lavish_fully_furnished_house_available_for_rent_in_dha_phase_4-54647945-1446-4.html,House,For Rent,1 Kanal,5,6.0,2 days ago,PKR 4.5 Lakh,"DHA Phase 4, DHA Defence",Lahore,Zameen
2321,https://www.zameen.com/Property/dha_defence_dha_phase_7_ultra_luxury_kanal_upper_portion_for_rent_dha_phase_7_lahore-54648188-1450-4.html,Upper Portion,For Rent,1 Kanal,3,3.0,2 days ago,PKR 1.35 Lakh,"DHA Phase 7, DHA Defence",Lahore,Zameen
2322,https://www.zameen.com/Property/bahria_town_bahria_town_-_sector_c_10_marla_brand_new_lower_portion_for_rent_in_gulbahar_block_bahria_town_lahore-54618201-1784-4.html,Lower Portion,For Rent,10 Marla,2,3.0,4 hours ago,PKR 75 Thousand,"Bahria Town - Sector C, Bahria Town",Lahore,Zameen
2323,https://www.zameen.com/Property/askari_askari_10_newly_built_10_marla_flat_available_for_rent_in_askari_10_sector_f_lahore-54688900-1011-4.html,Flat,For Rent,10 Marla,3,3.0,5 hours ago,PKR 1.5 Lakh,"Askari 10, Askari",Lahore,Zameen
2324,https://www.zameen.com/Property/dha_defence_dha_phase_3_full_house_for_rent_in_dha_phase_3_vip_location_5_bed_attach_bath_tv_lough_double_kitchen_fully_furnished-54257386-1454-4.html,House,For Rent,1 Kanal,5,6.0,4 hours ago,PKR 4.5 Lakh,"DHA Phase 3, DHA Defence",Lahore,Zameen
2325,https://www.zameen.com/Property/dha_defence_dha_phase_1_lower_portion_for_rent_in_dha_phase_1-54451121-1442-4.html,Lower Portion,For Rent,1 Kanal,2,3.0,4 hours ago,PKR 1.5 Lakh,"DHA Phase 1, DHA Defence",Lahore,Zameen
2326,https://www.zameen.com/Property/lahore_paragon_city_10_marla_house_for_rent_in_paragon_city_lahore-45647546-1014-4.html,House,For Rent,10 Marla,5,5.0,4 hours ago,PKR 1.5 Lakh,"Paragon City, Lahore",Lahore,Zameen
2327,https://www.zameen.com/Property/lahore_paragon_city_5_marla_house_for_rent_in_paragon_city_lahore-45644866-1014-4.html,House,For Rent,5 Marla,3,4.0,4 hours ago,PKR 80 Thousand,"Paragon City, Lahore",Lahore,Zameen
2328,https://www.zameen.com/Property/lahore_paragon_city_5_marla_house_for_rent_in_paragon_city_lahore-45770728-1014-4.html,House,For Rent,5 Marla,3,4.0,4 hours ago,PKR 80 Thousand,"Paragon City, Lahore",Lahore,Zameen
2329,https://www.zameen.com/Property/askari_11_askari_11_-_sector_b_apartments_10_marla_3_bed_flat_for_rent_in_askari_11_-sector_b_lahore-48878309-15703-4.html,Flat,For Rent,10 Marla,3,3.0,3 hours ago,PKR 1.2 Lakh,"Askari 11 - Sector B Apartments, Askari 11",Lahore,Zameen
2330,https://www.zameen.com/Property/askari_11_askari_11_-_sector_b_apartments_12_marla_4_bed_flat_for_rent_in_askari_11_lahore-47750372-15703-4.html,Flat,For Rent,12 Marla,4,4.0,3 hours ago,PKR 1.45 Lakh,"Askari 11 - Sector B Apartments, Askari 11",Lahore,Zameen
2331,https://www.zameen.com/Property/askari_11_askari_11_-_sector_b_12_marla_4_bed_flat_for_rent_in_askari_11_-sector_b_lahore-51503574-15702-4.html,Flat,For Rent,12 Marla,4,4.0,3 hours ago,PKR 1.45 Lakh,"Askari 11 - Sector B, Askari 11",Lahore,Zameen
2332,https://www.zameen.com/Property/askari_11_askari_11_-_sector_b_10_marla_3_bed_flat_for_rent_in_askari_11_-sector_b_lahore-51506230-15702-4.html,Flat,For Rent,10 Marla,3,3.0,3 hours ago,PKR 1.15 Lakh,"Askari 11 - Sector B, Askari 11",Lahore,Zameen
2333,https://www.zameen.com/Property/askari_11_askari_11_-_sector_b_12_marla_4_bed_flat_for_rent_in_askari_11_-sector_b_lahore-51536197-15702-4.html,Flat,For Rent,12 Marla,4,4.0,3 hours ago,PKR 1.45 Lakh,"Askari 11 - Sector B, Askari 11",Lahore,Zameen
2334,https://www.zameen.com/Property/dha_9_town_dha_9_town_-_block_a_100_original_picture_defence_5_marla_fully_furnished_house_for_rent_phase_9-54613270-8173-4.html,House,For Rent,5 Marla,3,4.0,3 hours ago,PKR 2.4 Lakh,"DHA 9 Town - Block A, DHA 9 Town",Lahore,Zameen
2335,https://www.zameen.com/Property/lahore_nfc_1_1_kanal_brand_new_saperate_gate_upper_portion_is_available_for_rent_in_nfc_society-54687312-4083-4.html,Upper Portion,For Rent,1 Kanal,3,3.0,3 hours ago,PKR 1.3 Lakh,"NFC 1, Lahore",Lahore,Zameen
2336,https://www.zameen.com/Property/wapda_town_wapda_town_phase_1_1_kanal_very_neat_upper_portion_is_for_rent_in_wapda_town_phase1-54671125-4307-4.html,Upper Portion,For Rent,1 Kanal,3,3.0,3 hours ago,PKR 1.1 Lakh,"Wapda Town Phase 1, Wapda Town",Lahore,Zameen
2337,https://www.zameen.com/Property/dha_defence_dha_phase_7_brand_new_1_kanal_house_with_basement_acs_for_rent_in_dha_phase_7-54637932-1450-4.html,House,For Rent,1 Kanal,5,6.0,2 days ago,PKR 5.25 Lakh,"DHA Phase 7, DHA Defence",Lahore,Zameen
2338,https://www.zameen.com/Property/bahria_town_bahria_town_-_sector_c_one_bed_luxury_furnished_apartment_available_for_rent_in_sector_c_bahria_town_lahore-53387082-1784-4.html,Apartment,For Rent,2.4 Marla,1,1.0,2 days ago,PKR 45 Thousand,"Bahria Town - Sector C, Bahria Town",Lahore,Zameen
2339,https://www.zameen.com/Property/bahria_town_sector_c_bahria_town_-_jasmine_block_10_marla_house_for_rent_in_jasmine_block_hot_location_near_to_park_school_market_al_fateah_very_hot_location-54031274-1786-4.html,House,For Rent,10 Marla,5,6.0,2 days ago,PKR 1.3 Lakh,"Bahria Town - Jasmine Block, Bahria Town - Sector C",Lahore,Zameen
2340,https://www.zameen.com/Property/bahria_town_sector_c_bahria_town_-_jasmine_block_one_bed_furnished_apartment_available_for_rent_in_sector_c_bahria_town_lahore-53739069-1786-4.html,Apartment,For Rent,2.2 Marla,1,1.0,2 days ago,PKR 45 Thousand,"Bahria Town - Jasmine Block, Bahria Town - Sector C",Lahore,Zameen
2341,https://www.zameen.com/Property/askari_askari_10_12_marla_4_bedroom_apartment_available_for_rent-54683822-1011-4.html,Room,For Rent,12 Marla,4,5.0,2 days ago,PKR 1.85 Lakh,"Askari 10, Askari",Lahore,Zameen
2342,https://www.zameen.com/Property/dha_defence_dha_phase_6_luxury_1_kanal_full_house_for_rent_dha_phase_6_j_block-54673646-1448-4.html,House,For Rent,1 Kanal,6,7.0,2 days ago,PKR 3.8 Lakh,"DHA Phase 6, DHA Defence",Lahore,Zameen
2343,https://www.zameen.com/Property/dha_11_rahbar_sector_2_dha_11_rahbar_sector_2_-_block_h_dha_phase_11_rahbar_5_marla_house_for_rent_near_to_park_50_feet_road_gass_available-54681342-3718-4.html,House,For Rent,5 Marla,3,4.0,2 days ago,PKR 1.15 Lakh,"DHA 11 Rahbar Sector 2 - Block H, DHA 11 Rahbar Sector 2",Lahore,Zameen
2344,https://www.zameen.com/Property/askari_11_askari_11_-_sector_d_front_side_sector_d_apartment_available_for_rent-54607728-21437-4.html,Apartment,For Rent,10 Marla,3,4.0,2 days ago,PKR 1.75 Lakh,"Askari 11 - Sector D, Askari 11",Lahore,Zameen
2345,https://www.zameen.com/Property/gulberg_mm_alam_road_brand_new_2_bed_fully_loaded_furnished_atched_glass_cabin_bath-54573782-3850-4.html,Other,For Rent,6.6 Marla,2,3.0,14 hours ago,PKR 3 Lakh,"MM Alam Road, Gulberg",Lahore,Zameen
2346,https://www.zameen.com/Property/dha_defence_dha_9_town_fully_furnished_5_marla_house_10kv_solar-54645581-1452-4.html,House,For Rent,5 Marla,3,3.0,1 day ago,PKR 2.25 Lakh,"DHA 9 Town, DHA Defence",Lahore,Zameen
2347,https://www.zameen.com/Property/dha_defence_dha_phase_8_4_kanal_beautifully_designed_fully_furnished_house_with_100_original_pictures_available_for_rent_in_dha_lahore-50784404-1451-4.html,House,For Rent,4 Kanal,6,6.0,7 hours ago,PKR 12.5 Lakh,"DHA Phase 8, DHA Defence",Lahore,Zameen
2348,https://www.zameen.com/Property/dha_defence_dha_phase_6_1_kanal_lavish_house_with_100_original_pics_available_for_rent_in_dha_lahore-50784406-1448-4.html,House,For Rent,1 Kanal,5,5.0,7 hours ago,PKR 2.9 Lakh,"DHA Phase 6, DHA Defence",Lahore,Zameen
2349,https://www.zameen.com/Property/lahore_paragon_city_10_marla_house_for_rent_in_paragon_city_lahore-45714470-1014-4.html,House,For Rent,10 Marla,5,6.0,4 hours ago,PKR 1.5 Lakh,"Paragon City, Lahore",Lahore,Zameen
2350,https://www.zameen.com/Property/lahore_paragon_city_10_marla_upper_portion_for_rent_in_paragon_city_lahore-45186432-1014-4.html,Upper Portion,For Rent,10 Marla,3,4.0,4 hours ago,PKR 70 Thousand,"Paragon City, Lahore",Lahore,Zameen
2351,https://www.zameen.com/Property/lahore_paragon_city_10_marla_lower_portion_for_rent_in_paragon_city_lahore-49844324-1014-4.html,Lower Portion,For Rent,10 Marla,2,3.0,4 hours ago,PKR 75 Thousand,"Paragon City, Lahore",Lahore,Zameen
2352,https://www.zameen.com/Property/lahore_paragon_city_10_marla_portion_for_rent_in_paragon_city_lahore-45639450-1014-4.html,Other,For Rent,10 Marla,3,4.0,4 hours ago,PKR 70 Thousand,"Paragon City, Lahore",Lahore,Zameen
2353,https://www.zameen.com/Property/lahore_paragon_city_5_marla_house_for_rent_in_paragon_city_lahore-45200311-1014-4.html,House,For Rent,5 Marla,3,4.0,4 hours ago,PKR 80 Thousand,"Paragon City, Lahore",Lahore,Zameen
2354,https://www.zameen.com/Property/lahore_gulberg_1_bed_brand_new_furnished_apartment_zameen_aurum_gulberg-54148228-7-4.html,Apartment,For Rent,2.8 Marla,1,1.0,4 hours ago,PKR 1.5 Lakh,"Gulberg, Lahore",Lahore,Zameen
2355,https://www.zameen.com/Property/bahria_town_bahria_town_-_sector_e_fully_furnished_1_bed_apartment_available_for_rent_on_ideal_location-41734213-1802-4.html,Apartment,For Rent,2 Marla,1,1.0,4 hours ago,PKR 60 Thousand,"Bahria Town - Sector E, Bahria Town",Lahore,Zameen
2356,https://www.zameen.com/Property/bahria_town_sector_c_bahria_town_-_gulbahar_block_1_kanal_brand_new_full_house_for_rent_in_gulbahar_block_bahria_town_lahore-52567701-1793-4.html,House,For Rent,1 Kanal,5,6.0,4 hours ago,PKR 2.3 Lakh,"Bahria Town - Gulbahar Block, Bahria Town - Sector C",Lahore,Zameen
2357,https://www.zameen.com/Property/lahore_central_park_housing_scheme_10_marla_upper_portion_for_rent-54692035-1013-4.html,Upper Portion,For Rent,10 Marla,3,3.0,4 hours ago,PKR 55 Thousand,"Central Park Housing Scheme, Lahore",Lahore,Zameen
2358,https://www.zameen.com/Property/dha_defence_dha_phase_1_d_h_a_lahore_2_kanal_brand_new_mazher_munir_design_house_fully_furnished_with_100_original_pics_available_for_rent-54691911-1442-4.html,House,For Rent,2 Kanal,7,7.0,5 hours ago,PKR 18 Lakh,"DHA Phase 1, DHA Defence",Lahore,Zameen
2359,https://www.zameen.com/Property/dha_defence_dha_phase_1_1_kanal_beautiful_upper_portion_for_rent_at_top_location_of_dha_phase_1-54204553-1442-4.html,Upper Portion,For Rent,1 Kanal,2,2.0,5 hours ago,PKR 1.15 Lakh,"DHA Phase 1, DHA Defence",Lahore,Zameen
2360,https://www.zameen.com/Property/lahore_lda_avenue_10_marla_full_house-54486345-547-4.html,House,For Rent,10 Marla,,,5 hours ago,PKR 1.65 Lakh,"LDA Avenue, Lahore",Lahore,Zameen
2361,https://www.zameen.com/Property/dha_defence_dha_phase_8_2_bed_fully_furnished_apartment_available_for_rent-54558334-1451-4.html,Apartment,For Rent,4.5 Marla,2,3.0,5 hours ago,PKR 1.5 Lakh,"DHA Phase 8, DHA Defence",Lahore,Zameen
2362,https://www.zameen.com/Property/askari_askari_10_12_marla_brand_new_4_bedroom_apartment_available_for_rent-54574906-1011-4.html,Room,For Rent,12 Marla,4,5.0,2 days ago,PKR 1.75 Lakh,"Askari 10, Askari",Lahore,Zameen
2363,https://www.zameen.com/Property/dha_phase_6_dha_phase_6_-_block_k_1_kanal_house_for_rent_executive_luxury_residence_block_k_dha_phase_6-54687313-1619-4.html,House,For Rent,1 Kanal,5,6.0,1 day ago,PKR 3.4 Lakh,"DHA Phase 6 - Block K, DHA Phase 6",Lahore,Zameen
2364,https://www.zameen.com/Property/bahria_town_bahria_town_-_sector_e_air_bnb_one_bed_furnished_apartment_available_for_rent_in_sector_e_bahria_town_lahore-53360292-1802-4.html,Apartment,For Rent,2.4 Marla,1,1.0,2 days ago,PKR 75 Thousand,"Bahria Town - Sector E, Bahria Town",Lahore,Zameen
2365,https://www.zameen.com/Property/gulberg_gulberg_3_one_kanal_commercial_house_for_rent_gulberg-47539609-3824-4.html,House,For Rent,1 Kanal,6,6.0,2 days ago,PKR 4 Lakh,"Gulberg 3, Gulberg",Lahore,Zameen
2366,https://www.zameen.com/Property/dha_defence_dha_phase_7_one_kanal_brand_new_luxury_modern_design_house_available_for_rent_in_dha_phase_7_hot_location-54561143-1450-4.html,House,For Rent,1 Kanal,5,6.0,2 days ago,PKR 3.1 Lakh,"DHA Phase 7, DHA Defence",Lahore,Zameen
2367,https://www.zameen.com/Property/bahria_town_sector_e_bahria_town_-_talha_block_facing_park_10_marla_lower_portion-54583268-10063-4.html,Lower Portion,For Rent,10 Marla,2,2.0,12 hours ago,PKR 85 Thousand,"Bahria Town - Talha Block, Bahria Town - Sector E",Lahore,Zameen
2368,https://www.zameen.com/Property/dha_defence_dha_phase_5_10_marla_furnished_elegant_designer_bungalow_phase_5-54318051-1447-4.html,Other,For Rent,10 Marla,4,5.0,2 days ago,PKR 3.5 Lakh,"DHA Phase 5, DHA Defence",Lahore,Zameen
2369,https://www.zameen.com/Property/al_kabir_town_al-kabir_town_-_phase_2_1_bed_apartment_with_tv_lounge_brand_new-52967165-11704-4.html,Apartment,For Rent,3 Marla,1,1.0,15 hours ago,PKR 30 Thousand,"Al-Kabir Town - Phase 2, Al-Kabir Town",Lahore,Zameen
2370,https://www.zameen.com/Property/askari_10_askari_10_-_sector_s_13-marla_4-bedroom_s_apartment_available_for_rent_in_sector-s_askari-10_lahore-54685380-21434-4.html,Room,For Rent,13 Marla,4,4.0,2 days ago,PKR 1.85 Lakh,"Askari 10 - Sector S, Askari 10",Lahore,Zameen
2371,https://www.zameen.com/Property/lahore_shah_jamal_fully_furnished_apartment_for_rent_in_shah_jamal-54679644-1491-4.html,Apartment,For Rent,4.4 Marla,2,2.0,2 days ago,PKR 1.75 Lakh,"Shah Jamal, Lahore",Lahore,Zameen
2372,https://www.zameen.com/Property/dha_defence_dha_phase_7_d_h_a_lahore_1_kanal_brand_new_faisal_rasool_design_house_with_100_original_pics_available_for_rent-49900982-1450-4.html,House,For Rent,1 Kanal,5,6.0,7 hours ago,PKR 3.3 Lakh,"DHA Phase 7, DHA Defence",Lahore,Zameen
2373,https://www.zameen.com/Property/dha_defence_dha_phase_4_d_h_a_lahore_10_marla_owner_build_design_house_fully_furnished_available_for_rent_100_original_pictures-48428326-1446-4.html,House,For Rent,10 Marla,3,4.0,7 hours ago,PKR 2.5 Lakh,"DHA Phase 4, DHA Defence",Lahore,Zameen
2374,https://www.zameen.com/Property/lahore_paragon_city_1_kanal_upper_portion_for_rent_in_paragon_city_lahore-45591229-1014-4.html,Upper Portion,For Rent,1 Kanal,3,3.0,4 hours ago,PKR 1 Lakh,"Paragon City, Lahore",Lahore,Zameen
2375,https://www.zameen.com/Property/lahore_paragon_city_12_marla_upper_portion_for_rent_in_paragon_city_lahore-45629354-1014-4.html,Upper Portion,For Rent,12 Marla,3,4.0,4 hours ago,PKR 80 Thousand,"Paragon City, Lahore",Lahore,Zameen
2376,https://www.zameen.com/Property/lahore_paragon_city_10_marla_house_for_rent_in_paragon_city_lahore-45625682-1014-4.html,House,For Rent,10 Marla,5,5.0,4 hours ago,PKR 1.55 Lakh,"Paragon City, Lahore",Lahore,Zameen
2377,https://www.zameen.com/Property/lahore_paragon_city_12_marla_house_for_rent_in_paragon_city_lahore-46370383-1014-4.html,House,For Rent,12 Marla,5,5.0,4 hours ago,PKR 1.6 Lakh,"Paragon City, Lahore",Lahore,Zameen
2378,https://www.zameen.com/Property/lahore_paragon_city_10_marla_upper_portion_for_rent_in_paragon_city_lahore-45678612-1014-4.html,Upper Portion,For Rent,10 Marla,3,4.0,4 hours ago,PKR 70 Thousand,"Paragon City, Lahore",Lahore,Zameen
2379,https://www.zameen.com/Property/dha_defence_dha_phase_7_dha_phase_7_5_marla_full_house_fully_furnished_for_rent_it_s_having-54691711-1450-4.html,House,For Rent,5 Marla,3,3.0,6 hours ago,PKR 1.6 Lakh,"DHA Phase 7, DHA Defence",Lahore,Zameen
2380,https://www.zameen.com/Property/dha_defence_dha_phase_6_dha_phase_6_7_marla_full_house_proper_double_unit_for_rent_it_s_having-54691663-1448-4.html,House,For Rent,7 Marla,4,5.0,6 hours ago,PKR 2 Lakh,"DHA Phase 6, DHA Defence",Lahore,Zameen
2381,https://www.zameen.com/Property/eden_boulevard_housing_scheme_eden_boulevard_-_block_b_5_marla_full_house_for_rent-54677039-12449-4.html,House,For Rent,5 Marla,5,6.0,6 hours ago,PKR 1.05 Lakh,"Eden Boulevard - Block B, Eden Boulevard Housing Scheme",Lahore,Zameen
2382,https://www.zameen.com/Property/al_kabir_town_al-kabir_town_-_phase_2_house_for_rent_3_bedroom_3_marla_block_c-51814292-11704-4.html,Room,For Rent,3 Marla,3,5.0,6 hours ago,PKR 65 Thousand,"Al-Kabir Town - Phase 2, Al-Kabir Town",Lahore,Zameen
2383,https://www.zameen.com/Property/dha_phase_7_dha_phase_7_-_block_q_1_kanal_spainish_house_fully_furnished_for_rent-54621136-1624-4.html,House,For Rent,1 Kanal,5,7.0,6 hours ago,PKR 6 Lakh,"DHA Phase 7 - Block Q, DHA Phase 7",Lahore,Zameen
2384,https://www.zameen.com/Property/dha_defence_dha_phase_7_dha_phase_7_kanal_upper_portionis_available_for_rent-52852058-1450-4.html,Upper Portion,For Rent,1 Kanal,2,2.0,6 hours ago,PKR 1.2 Lakh,"DHA Phase 7, DHA Defence",Lahore,Zameen
2385,https://www.zameen.com/Property/dha_defence_dha_phase_8_dha_proper_phase_8_kanal_full_house_fully_furnished_for_rent-53362173-1451-4.html,House,For Rent,1 Kanal,5,6.0,6 hours ago,PKR 6 Lakh,"DHA Phase 8, DHA Defence",Lahore,Zameen
2386,https://www.zameen.com/Property/dha_defence_dha_phase_6_dha_phase_6_kanal_brand_new_full_house_for_rent-53101485-1448-4.html,House,For Rent,1 Kanal,5,6.0,6 hours ago,PKR 4.25 Lakh,"DHA Phase 6, DHA Defence",Lahore,Zameen
2387,https://www.zameen.com/Property/askari_askari_11_rent_the_ideally_located_flat_for_an_incredible_price_of_pkr_rs_130000-54649026-1503-4.html,Flat,For Rent,10 Marla,3,3.0,2 days ago,PKR 1.3 Lakh,"Askari 11, Askari",Lahore,Zameen
2388,https://www.zameen.com/Property/dha_defence_dha_phase_6_1_kanal_ultra_modern_luxury_house_available_for_rent_in_dha_phase_6_lahore-54635332-1448-4.html,House,For Rent,1 Kanal,5,6.0,2 days ago,PKR 3.5 Lakh,"DHA Phase 6, DHA Defence",Lahore,Zameen
2389,https://www.zameen.com/Property/dha_defence_dha_9_town_5_marla_out_class_stylish_luxury_bungalow_for_rent_in_dha_phase_9_town_a_block_approach_wide-54660197-1452-4.html,Other,For Rent,5 Marla,3,4.0,2 days ago,PKR 1.2 Lakh,"DHA 9 Town, DHA Defence",Lahore,Zameen
2390,https://www.zameen.com/Property/askari_askari_10_beautiful_brand_new_x_shape_4_bed_apartment_for_urgent_rent_in_askari_10_sec-s-54669186-1011-4.html,Apartment,For Rent,12 Marla,4,5.0,2 days ago,PKR 1.8 Lakh,"Askari 10, Askari",Lahore,Zameen
2391,https://www.zameen.com/Property/bahria_town_bahria_town_-_sector_f_1_bedroom_luxury_apartment_is_available_for_rent_in_bahria_town-54599421-3097-4.html,Room,For Rent,2.4 Marla,1,1.0,2 days ago,PKR 45 Thousand,"Bahria Town - Sector F, Bahria Town",Lahore,Zameen
2392,https://www.zameen.com/Property/askari_11_askari_11_-_sector_c_askari_11_-_sector_c_flat_sized_5_marla_for_rent-54623232-20788-4.html,Flat,For Rent,5 Marla,2,2.0,2 days ago,PKR 55 Thousand,"Askari 11 - Sector C, Askari 11",Lahore,Zameen
2393,https://www.zameen.com/Property/dha_defence_dha_phase_3_dha_phase_3_5marla_house_3beds_with_attached_washroom_tv_launch_kitchen_store_fully_marble_flooring_double_kitchen-54621780-1454-4.html,Room,For Rent,5 Marla,3,4.0,2 days ago,PKR 1.2 Lakh,"DHA Phase 3, DHA Defence",Lahore,Zameen
2394,https://www.zameen.com/Property/bahria_town_bahria_town_-_sector_d_fully_furnished_5_marla_house_for_rent_bahria_town_lahore-54674810-1796-4.html,House,For Rent,5 Marla,3,4.0,3 days ago,PKR 1.8 Lakh,"Bahria Town - Sector D, Bahria Town",Lahore,Zameen
2395,https://www.zameen.com/Property/bahria_town_bahria_town_-_sector_c_one_bed_apartment_luxury_furnished_available_for_rent_in_sector_c_bahria_town_lahore-53725901-1784-4.html,Apartment,For Rent,2.4 Marla,1,1.0,3 days ago,PKR 45 Thousand,"Bahria Town - Sector C, Bahria Town",Lahore,Zameen
2396,https://www.zameen.com/Property/askari_11_askari_11_-_sector_b_apartments_10_marla_stunning_3-bed_flat_in_prime_location_-_perfect_for_families-52887151-15703-4.html,Flat,For Rent,10 Marla,3,4.0,3 days ago,PKR 1.35 Lakh,"Askari 11 - Sector B Apartments, Askari 11",Lahore,Zameen
2397,https://www.zameen.com/Property/dha_defence_dha_phase_5_dha_lahore_1_kanal_owner_build_design_house_with_100_original_pics_available_for_rent-48440574-1447-4.html,House,For Rent,1 Kanal,5,6.0,7 hours ago,PKR 3 Lakh,"DHA Phase 5, DHA Defence",Lahore,Zameen
2398,https://www.zameen.com/Property/dha_defence_dha_phase_2_dha_lahore_1_kanal_brand_new_mazhar_munir_design_house_with_100_original_pictures_available_for_rent-47496224-1444-4.html,House,For Rent,1 Kanal,5,6.0,7 hours ago,PKR 2.6 Lakh,"DHA Phase 2, DHA Defence",Lahore,Zameen
2399,https://www.zameen.com/Property/lahore_paragon_city_10_marla_upper_portion_for_rent_in_paragon_city_lahore-45264111-1014-4.html,Upper Portion,For Rent,10 Marla,3,4.0,4 hours ago,PKR 70 Thousand,"Paragon City, Lahore",Lahore,Zameen
2400,https://www.zameen.com/Property/lahore_paragon_city_5_marla_house_for_rent_in_paragon_city_lahore-45663792-1014-4.html,House,For Rent,5 Marla,3,4.0,4 hours ago,PKR 80 Thousand,"Paragon City, Lahore",Lahore,Zameen
2401,https://www.zameen.com/Property/lahore_paragon_city_5_marla_house_for_rent_in_paragon_city_lahore-45237798-1014-4.html,House,For Rent,5 Marla,3,4.0,4 hours ago,PKR 80 Thousand,"Paragon City, Lahore",Lahore,Zameen
2402,https://www.zameen.com/Property/lahore_paragon_city_5_marla_house_for_rent_in_paragon_city_lahore-45696946-1014-4.html,House,For Rent,5 Marla,3,4.0,4 hours ago,PKR 85 Thousand,"Paragon City, Lahore",Lahore,Zameen
2403,https://www.zameen.com/Property/lahore_paragon_city_5_marla_house_for_rent_in_paragon_city_lahore-45421417-1014-4.html,House,For Rent,5 Marla,3,4.0,4 hours ago,PKR 80 Thousand,"Paragon City, Lahore",Lahore,Zameen
2404,https://www.zameen.com/Property/dha_defence_dha_phase_2_dha_phase_2_2_kanal_lower_portion_for_rent-53316337-1444-4.html,Lower Portion,For Rent,2 Kanal,4,5.0,6 hours ago,PKR 2.3 Lakh,"DHA Phase 2, DHA Defence",Lahore,Zameen
2405,https://www.zameen.com/Property/dha_defence_dha_phase_2_dha_phase_2_kanal_upper_portion_for_rent-54224238-1444-4.html,Upper Portion,For Rent,1 Kanal,3,3.0,6 hours ago,PKR 1.25 Lakh,"DHA Phase 2, DHA Defence",Lahore,Zameen
2406,https://www.zameen.com/Property/dha_defence_dha_phase_6_dha_phase_6_1_kanal_full_house_for_rent_it_s_having-54549268-1448-4.html,House,For Rent,1 Kanal,5,6.0,6 hours ago,PKR 3.4 Lakh,"DHA Phase 6, DHA Defence",Lahore,Zameen
2407,https://www.zameen.com/Property/dha_defence_dha_phase_8_dha_phase_8_lvy_z_block_1_kanal_brand_new_full_house_for_rent_it_s_having-54555634-1451-4.html,House,For Rent,1 Kanal,4,5.0,6 hours ago,PKR 2.6 Lakh,"DHA Phase 8, DHA Defence",Lahore,Zameen
2408,https://www.zameen.com/Property/dha_defence_dha_phase_7_dha_phase_6_1_kanal_upper_portion_for_rent_it_s_having-54555838-1450-4.html,Upper Portion,For Rent,1 Kanal,3,3.0,6 hours ago,PKR 1.5 Lakh,"DHA Phase 7, DHA Defence",Lahore,Zameen
2409,https://www.zameen.com/Property/lake_city_meadows_lake_city_meadows_phase_1_state_life_society_1_kanal_lower_portion_fully_furnished_for_rent_it_s_having-54556052-4190-4.html,Lower Portion,For Rent,1 Kanal,3,4.0,6 hours ago,PKR 2.5 Lakh,"Lake City Meadows Phase 1, Lake City Meadows",Lahore,Zameen
2410,https://www.zameen.com/Property/dha_defence_dha_phase_7_1_kanal_brand_new_luxury_house_for_rent_in_dha_phase_7-54558023-1450-4.html,House,For Rent,1 Kanal,7,7.0,6 hours ago,PKR 5 Lakh,"DHA Phase 7, DHA Defence",Lahore,Zameen
2411,https://www.zameen.com/Property/dha_defence_dha_phase_6_dha_phase_6_kanal_upper_fully_furnished_for_rent_it_s_having-54575709-1448-4.html,Other,For Rent,1 Kanal,2,3.0,6 hours ago,PKR 1.75 Lakh,"DHA Phase 6, DHA Defence",Lahore,Zameen
2412,https://www.zameen.com/Property/dha_9_town_dha_9_town_-_block_b_solar_powered_house_for_rent_in_prime_area-54490469-8174-4.html,House,For Rent,5 Marla,4,5.0,3 days ago,PKR 1.6 Lakh,"DHA 9 Town - Block B, DHA 9 Town",Lahore,Zameen
2413,https://www.zameen.com/Property/lahore_gulberg_1757_square_feet_2_bedrooms_semi_furnished_apartment_for_rent_in_gulberg-53975696-7-4.html,Room,For Rent,6.2 Marla,2,3.0,3 days ago,PKR 1.9 Lakh,"Gulberg, Lahore",Lahore,Zameen
2414,https://www.zameen.com/Property/bahria_town_sector_c_bahria_town_-_janiper_block_upper_portion_of_10_marla_house_available_for_rent_in_bahria_town_lahore-54652717-1792-4.html,Upper Portion,For Rent,10 Marla,3,3.0,3 days ago,PKR 70 Thousand,"Bahria Town - Janiper Block, Bahria Town - Sector C",Lahore,Zameen
2415,https://www.zameen.com/Property/dha_defence_dha_phase_5_1_kanal_house_for_rent_in_dha_phase_5_lahore-53383709-1447-4.html,House,For Rent,1 Kanal,5,6.0,3 days ago,PKR 3.6 Lakh,"DHA Phase 5, DHA Defence",Lahore,Zameen
2416,https://www.zameen.com/Property/dha_defence_dha_phase_6_1_kanal_house_for_rent_with_swimming_pool_in_dha_phase_6_lahore-53389492-1448-4.html,House,For Rent,1 Kanal,5,6.0,3 days ago,PKR 3.6 Lakh,"DHA Phase 6, DHA Defence",Lahore,Zameen
2417,https://www.zameen.com/Property/askari_11_askari_11_-_sector_b_3_beds_10_marla_ideal_location_apartment_for_rent_in_sector_b_askari_11_lahore-52805848-15702-4.html,Apartment,For Rent,10 Marla,3,3.0,3 days ago,PKR 1.17 Lakh,"Askari 11 - Sector B, Askari 11",Lahore,Zameen
2418,https://www.zameen.com/Property/dha_defence_dha_phase_6_one_kanal_beautifull_sami_furnished_house_available_for_rent_in_dha_phase_6-54639748-1448-4.html,House,For Rent,1 Kanal,5,6.0,3 days ago,PKR 3.8 Lakh,"DHA Phase 6, DHA Defence",Lahore,Zameen
2419,https://www.zameen.com/Property/askari_askari_11_3_bed_flat_for_rent_askari_11_lahore_rs145_000-19227878-1503-4.html,Flat,For Rent,10 Marla,3,3.0,3 days ago,PKR 1.45 Lakh,"Askari 11, Askari",Lahore,Zameen
2420,https://www.zameen.com/Property/dha_defence_dha_phase_7_one_kanal_ultra_modern_luxurious_bungalow_situated_at_most_prime_location_near_park-51964821-1450-4.html,Other,For Rent,1 Kanal,5,6.0,4 days ago,PKR 3.15 Lakh,"DHA Phase 7, DHA Defence",Lahore,Zameen
2421,https://www.zameen.com/Property/dha_defence_dha_phase_7_brand_new_one_kanal_mazhar_munir_design_luxury_bungalow_near_fairways_commercial-53177945-1450-4.html,Other,For Rent,1 Kanal,5,6.0,4 days ago,PKR 3.25 Lakh,"DHA Phase 7, DHA Defence",Lahore,Zameen
2422,https://www.zameen.com/Property/dha_defence_dha_phase_5_dha_lahore_1_kanal_owner_build_design_house_and_fully_furnished_with_100_original_pictures_available_for_rent-47950744-1447-4.html,House,For Rent,1 Kanal,5,6.0,7 hours ago,PKR 4 Lakh,"DHA Phase 5, DHA Defence",Lahore,Zameen
2423,https://www.zameen.com/Property/dha_defence_dha_phase_4_dha_lahore_1_kanal_mazhar_munir_design_house_with_fully_furnished_with_100_original_picture_available_for_rent-47950761-1446-4.html,House,For Rent,1 Kanal,5,6.0,7 hours ago,PKR 3.85 Lakh,"DHA Phase 4, DHA Defence",Lahore,Zameen
2424,https://www.zameen.com/Property/lahore_paragon_city_10_marla_upper_portion_for_rent_in_paragon_city_lahore-45622456-1014-4.html,Upper Portion,For Rent,10 Marla,3,4.0,4 hours ago,PKR 70 Thousand,"Paragon City, Lahore",Lahore,Zameen
2425,https://www.zameen.com/Property/lahore_paragon_city_5_marla_house_for_rent_in_paragon_city_lahore-48081053-1014-4.html,House,For Rent,5 Marla,3,4.0,4 hours ago,PKR 80 Thousand,"Paragon City, Lahore",Lahore,Zameen
2426,https://www.zameen.com/Property/bahria_town_sector_e_bahria_town_-_iqbal_block_brand_new_first_entry_studio_non_furnished_apartment_available_for_rent_in_iqbal_block_bahria_town_lahore-48280143-1805-4.html,Apartment,For Rent,1.2 Marla,,1.0,5 hours ago,PKR 29 Thousand,"Bahria Town - Iqbal Block, Bahria Town - Sector E",Lahore,Zameen
2427,https://www.zameen.com/Property/dha_defence_dha_phase_4_15kv_solar1_kanal_slightly_used_modern_design_house_for_rent_in_dha_phase_4_lahore-54690303-1446-4.html,House,For Rent,1 Kanal,5,6.0,5 hours ago,PKR 4 Lakh,"DHA Phase 4, DHA Defence",Lahore,Zameen
2428,https://www.zameen.com/Property/askari_11_askari_11_-_sector_b_apartments_3_bed_apartment_available_for_rent-54691810-15703-4.html,Apartment,For Rent,10 Marla,3,4.0,5 hours ago,PKR 1.15 Lakh,"Askari 11 - Sector B Apartments, Askari 11",Lahore,Zameen
2429,https://www.zameen.com/Property/dha_defence_dha_phase_5_dha_phase_5_kanal_full_house_fully_furnished_for_rent_it_s_having-54617570-1447-4.html,House,For Rent,1 Kanal,6,6.0,6 hours ago,PKR 8 Lakh,"DHA Phase 5, DHA Defence",Lahore,Zameen
2430,https://www.zameen.com/Property/dha_defence_dha_phase_6_dha_phase_6_kanal_full_house_with_beasment_proper_duble_unit_for_rent_it_s_having-54639815-1448-4.html,House,For Rent,1 Kanal,5,6.0,6 hours ago,PKR 3.8 Lakh,"DHA Phase 6, DHA Defence",Lahore,Zameen
2431,https://www.zameen.com/Property/dha_defence_dha_phase_6_dha_phase_6_kanal_brand_new_full_house_for_rent_it_s_having-54687103-1448-4.html,House,For Rent,1 Kanal,5,6.0,6 hours ago,PKR 6 Lakh,"DHA Phase 6, DHA Defence",Lahore,Zameen
2432,https://www.zameen.com/Property/model_town_model_town_-_block_p_1_kanal_double_story_house_with_4_car_parking_for_rent_in_p_block_model_town_lahore-54037270-4041-4.html,House,For Rent,1 Kanal,5,5.0,6 hours ago,PKR 3.25 Lakh,"Model Town - Block P, Model Town",Lahore,Zameen
2433,https://www.zameen.com/Property/model_town_model_town_extension_1_kanal_brand_new_upper_portion_for_office_and_residency_at_ideal_location_of_model_town_extension_lahore-52771869-17704-4.html,Upper Portion,For Rent,1 Kanal,3,3.0,6 hours ago,PKR 1.25 Lakh,"Model Town Extension, Model Town",Lahore,Zameen
2434,https://www.zameen.com/Property/askari_askari_10_12_marla_newly_build_flat_available_for_rent_in_askari_10_sector_s_lahore-54691452-1011-4.html,Flat,For Rent,12 Marla,4,4.0,6 hours ago,PKR 1.9 Lakh,"Askari 10, Askari",Lahore,Zameen
2435,https://www.zameen.com/Property/dha_defence_dha_phase_5_dha_phase_5_10_marla_full_house_for_rent_it_s_having-54663043-1447-4.html,House,For Rent,10 Marla,5,6.0,7 hours ago,PKR 2.8 Lakh,"DHA Phase 5, DHA Defence",Lahore,Zameen
2436,https://www.zameen.com/Property/dha_phase_7_dha_phase_7_-_block_s_1_kanal_brand_new_luxury_house_for_rent_in_dha_phase_7_s_block_lahore_ds_properties-54550309-1626-4.html,House,For Rent,1 Kanal,5,6.0,7 hours ago,PKR 2.9 Lakh,"DHA Phase 7 - Block S, DHA Phase 7",Lahore,Zameen
2437,https://www.zameen.com/Property/dha_defence_dha_phase_7_brand_new_modern_house_for_rent_in_dha_phase_7-54505065-1450-4.html,House,For Rent,1 Kanal,5,6.0,3 days ago,PKR 3.1 Lakh,"DHA Phase 7, DHA Defence",Lahore,Zameen
2438,https://www.zameen.com/Property/dha_defence_dha_phase_6_ideal_location_1_kanal_full_house_is_available_for_rent_in_dha_phase_6-53182365-1448-4.html,House,For Rent,1 Kanal,6,6.0,3 days ago,PKR 3.2 Lakh,"DHA Phase 6, DHA Defence",Lahore,Zameen
2439,https://www.zameen.com/Property/dha_defence_dha_phase_6_1_kanal_modern_designe_top_location_bungalow_dha_lahore_for_rent-52578547-1448-4.html,Other,For Rent,1 Kanal,5,6.0,3 days ago,PKR 4.1 Lakh,"DHA Phase 6, DHA Defence",Lahore,Zameen
2440,https://www.zameen.com/Property/bahria_town_sector_e_bahria_town_-_jinnah_block_5_marla_luxury_full_furnished_house_is_available_for_rent_in_bahria_town_lahore-54594135-1804-4.html,House,For Rent,5 Marla,3,4.0,3 days ago,PKR 1.2 Lakh,"Bahria Town - Jinnah Block, Bahria Town - Sector E",Lahore,Zameen
2441,https://www.zameen.com/Property/bahria_town_bahria_town_-_sector_d_one_bed_furnished_apartment_available_for_rent_in_sector_d_bahria_town_lahore-53320474-1796-4.html,Apartment,For Rent,2.2 Marla,1,1.0,3 days ago,PKR 44 Thousand,"Bahria Town - Sector D, Bahria Town",Lahore,Zameen
2442,https://www.zameen.com/Property/lahore_garden_town_23_marla_house_for_rent_in_new_garden_town_lahore-54582347-4-4.html,House,For Rent,1.2 Kanal,6,6.0,4 days ago,PKR 7 Lakh,"Garden Town, Lahore",Lahore,Zameen
2443,https://www.zameen.com/Property/bahria_town_bahria_town_-_sector_c_luxurious_10_marla_double_story_house_available_for_rent_heart_of_sector_c_bahria_town_lahore-54648212-1784-4.html,House,For Rent,10 Marla,5,6.0,4 days ago,PKR 1.55 Lakh,"Bahria Town - Sector C, Bahria Town",Lahore,Zameen
2444,https://www.zameen.com/Property/lahore_lake_city_meadows_1_kanal_portion_for_rent_original_pics-53657910-487-4.html,Other,For Rent,1 Kanal,3,4.0,4 days ago,PKR 1.4 Lakh,"Lake City Meadows, Lahore",Lahore,Zameen
2445,https://www.zameen.com/Property/bahria_town_sector_e_bahria_town_-_quaid_block_one-bed_luxury_furnished_apartment_available_for_rent_in_bahria_town_lahore-54676615-1808-4.html,Apartment,For Rent,2.4 Marla,1,1.0,4 days ago,PKR 46 Thousand,"Bahria Town - Quaid Block, Bahria Town - Sector E",Lahore,Zameen
2446,https://www.zameen.com/Property/dha_defence_dha_phase_1_2_kanal_immaculate_well_maintained_renovated_bungalow_near_to_park_for_rent-54578640-1442-4.html,Other,For Rent,2 Kanal,5,5.0,4 days ago,PKR 4.2 Lakh,"DHA Phase 1, DHA Defence",Lahore,Zameen
2447,https://www.zameen.com/Property/dha_defence_dha_phase_7_dha_lahore_1_kanal_brand_new_owner_build_stylish_house_with_100_original_pics_available_for_rent-46598516-1450-4.html,House,For Rent,1 Kanal,5,6.0,7 hours ago,PKR 2.5 Lakh,"DHA Phase 7, DHA Defence",Lahore,Zameen
2448,https://www.zameen.com/Property/dha_defence_dha_phase_5_dha_lahore_1_kanal_stylish_house_fully_furnished_with_100_original_pics_available_for_rent-46968221-1447-4.html,House,For Rent,1 Kanal,5,6.0,7 hours ago,PKR 4.25 Lakh,"DHA Phase 5, DHA Defence",Lahore,Zameen
2449,https://www.zameen.com/Property/askari_11_askari_11_-_sector_c_5_marla_3_bed_apartment_available_for_rent_in_sector_c_askari_11_lahore-54291877-20788-4.html,Apartment,For Rent,5 Marla,2,2.0,6 hours ago,PKR 59 Thousand,"Askari 11 - Sector C, Askari 11",Lahore,Zameen
2450,https://www.zameen.com/Property/dha_phase_5_penta_square_by_dha_lahore_2_bedroom_luxury_apartment_for_rent_penta_square_dha_phase_5_lahore-54539515-11845-4.html,Room,For Rent,5 Marla,2,2.0,6 hours ago,PKR 2.49 Lakh,"Penta Square By DHA Lahore, DHA Phase 5",Lahore,Zameen
2451,https://www.zameen.com/Property/al_rehman_garden_al_rehman_garden_phase_2_2_marla_flat_portion_f-54405771-4506-4.html,Flat,For Rent,2 Marla,1,1.0,6 hours ago,PKR 22 Thousand,"Al Rehman Garden Phase 2, Al Rehman Garden",Lahore,Zameen
2452,https://www.zameen.com/Property/askari_askari_11_well_maintained_house_for_rent-54656502-1503-4.html,House,For Rent,10 Marla,3,3.0,7 hours ago,PKR 1.5 Lakh,"Askari 11, Askari",Lahore,Zameen
2453,https://www.zameen.com/Property/dha_defence_dha_phase_5_20_marla_house_ideally_situated_in_dha_phase_5-53472594-1447-4.html,House,For Rent,1 Kanal,5,6.0,7 hours ago,PKR 3.6 Lakh,"DHA Phase 5, DHA Defence",Lahore,Zameen
2454,https://www.zameen.com/Property/dha_phase_6_dha_phase_6_-_block_n_fully_furnished_1_kanal_like_brand_new_house_for_rent_in_dha_phase_6_lahore_ds_properties-54551893-1622-4.html,House,For Rent,1 Kanal,6,6.0,7 hours ago,PKR 4.3 Lakh,"DHA Phase 6 - Block N, DHA Phase 6",Lahore,Zameen
2455,https://www.zameen.com/Property/dha_defence_dha_phase_5_furnished_1_kanal_faisal_rasool_design_house-54635244-1447-4.html,House,For Rent,1 Kanal,5,6.0,7 hours ago,PKR 5.5 Lakh,"DHA Phase 5, DHA Defence",Lahore,Zameen
2456,https://www.zameen.com/Property/dha_defence_dha_phase_6_brand_new_2_kanal_fully_furnished_house_available_for_rent_in_dha_lahore-54661071-1448-4.html,House,For Rent,2 Kanal,6,6.0,7 hours ago,PKR 9 Lakh,"DHA Phase 6, DHA Defence",Lahore,Zameen
2457,https://www.zameen.com/Property/dha_defence_dha_phase_6_d_h_a_lahore_1_kanal_brand_new_mazhar_munir_design_house_with_100_original_pics_available_for_rent-53245168-1448-4.html,House,For Rent,1 Kanal,5,6.0,7 hours ago,PKR 3.5 Lakh,"DHA Phase 6, DHA Defence",Lahore,Zameen
2458,https://www.zameen.com/Property/dha_defence_dha_phase_7_d_h_a_lahore_1_kanal_brand_new_mazher_munir_design_house_with_100_original_pics_available_for_rent-53245199-1450-4.html,House,For Rent,1 Kanal,5,6.0,7 hours ago,PKR 2.7 Lakh,"DHA Phase 7, DHA Defence",Lahore,Zameen
2459,https://www.zameen.com/Property/dha_defence_dha_phase_8_d_h_a_lahore_1_kanal_brand_new_mazhar_munir_design_house_with_100_original_pics_available_for_rent-53245223-1451-4.html,House,For Rent,1 Kanal,6,7.0,7 hours ago,PKR 3.25 Lakh,"DHA Phase 8, DHA Defence",Lahore,Zameen
2460,https://www.zameen.com/Property/dha_defence_dha_phase_7_1_kanal_house_at_prime_location-52610466-1450-4.html,House,For Rent,1 Kanal,5,6.0,7 hours ago,PKR 2.5 Lakh,"DHA Phase 7, DHA Defence",Lahore,Zameen
2461,https://www.zameen.com/Property/dha_defence_dha_phase_7_luxury_house_modern_1_kanal_house_at_prime_location-52610471-1450-4.html,House,For Rent,1 Kanal,5,6.0,7 hours ago,PKR 2.5 Lakh,"DHA Phase 7, DHA Defence",Lahore,Zameen
2462,https://www.zameen.com/Property/bahria_town_bahria_town_-_sector_e_fully_furnished_apartment_for_rent_in_sector_e_bahria_town_lahore-52129063-1802-4.html,Apartment,For Rent,1.8 Marla,1,1.0,3 days ago,PKR 45 Thousand,"Bahria Town - Sector E, Bahria Town",Lahore,Zameen
2463,https://www.zameen.com/Property/dha_defence_dha_phase_7_brand_new_10_marla_house_for_rent_dha_phase_7_original_pics-54625003-1450-4.html,House,For Rent,10 Marla,4,5.0,3 days ago,PKR 2.5 Lakh,"DHA Phase 7, DHA Defence",Lahore,Zameen
2464,https://www.zameen.com/Property/dha_defence_dha_phase_7_one_kanal_semi_furnished_house_for_rent_at_top_location_close_to_raya_masjid_park-54676974-1450-4.html,House,For Rent,1 Kanal,5,6.0,3 days ago,PKR 4 Lakh,"DHA Phase 7, DHA Defence",Lahore,Zameen
2465,https://www.zameen.com/Property/dha_defence_dha_phase_3_1_kanal_beautiful_house_for_rent_in_dha_phase_iii-54644677-1454-4.html,House,For Rent,1 Kanal,5,6.0,4 days ago,PKR 3.6 Lakh,"DHA Phase 3, DHA Defence",Lahore,Zameen
2466,https://www.zameen.com/Property/dha_defence_dha_phase_6_like_a_brand_new_1_kanal_house_for_rent_dha_phase_6-54620744-1448-4.html,House,For Rent,1 Kanal,5,6.0,4 days ago,PKR 3.5 Lakh,"DHA Phase 6, DHA Defence",Lahore,Zameen
2467,https://www.zameen.com/Property/lahore_dha_11_rahbar_brand_new_5_marla_upper_portion_for_rent_in_dha_modern_living_prime_location-54573978-1410-4.html,Upper Portion,For Rent,5 Marla,2,2.0,4 days ago,PKR 65 Thousand,"DHA 11 Rahbar, Lahore",Lahore,Zameen
2468,https://www.zameen.com/Property/lahore_paragon_city_10_marla_house_for_rent_in_paragon_city_lahore-45895798-1014-4.html,House,For Rent,10 Marla,5,6.0,4 days ago,PKR 1.5 Lakh,"Paragon City, Lahore",Lahore,Zameen
2469,https://www.zameen.com/Property/lahore_paragon_city_5_marla_house_for_rent_in_paragon_city_lahore-46069739-1014-4.html,House,For Rent,5 Marla,3,4.0,4 days ago,PKR 80 Thousand,"Paragon City, Lahore",Lahore,Zameen
2470,https://www.zameen.com/Property/dha_defence_dha_9_town_5_marla_brand_new_house_for_rent_in_dha_phase_9_town_near_to_park-54582683-1452-4.html,House,For Rent,5 Marla,3,4.0,4 days ago,PKR 1.1 Lakh,"DHA 9 Town, DHA Defence",Lahore,Zameen
2471,https://www.zameen.com/Property/askari_askari_11_2_bed_05_marla_flat_is_available_for_rent_in_askari_11_lahore-54519911-1503-4.html,Flat,For Rent,5 Marla,2,2.0,3 days ago,PKR 53 Thousand,"Askari 11, Askari",Lahore,Zameen
2472,https://www.zameen.com/Property/dha_defence_dha_phase_5_d_h_a_lahore_1_kanal_owner_build_design_house_with_100_original_pics_available_for_rent-47483548-1447-4.html,House,For Rent,1 Kanal,5,6.0,7 hours ago,PKR 2.65 Lakh,"DHA Phase 5, DHA Defence",Lahore,Zameen
2473,https://www.zameen.com/Property/dha_defence_dha_phase_5_dha_lahore_2_kanal_owner_build_design_house_fully_furnished_with_basement_and_swimming_pool_100_original_pics_available_for_rent-45927040-1447-4.html,House,For Rent,2 Kanal,6,6.0,7 hours ago,PKR 10 Lakh,"DHA Phase 5, DHA Defence",Lahore,Zameen
2474,https://www.zameen.com/Property/dha_defence_dha_phase_5_prime_location_ultra_modern_one_kanal_luxury_bungalow_walking_distance_to_park_and_market-53471698-1447-4.html,Other,For Rent,1 Kanal,5,6.0,7 hours ago,PKR 3.8 Lakh,"DHA Phase 5, DHA Defence",Lahore,Zameen
2475,https://www.zameen.com/Property/dha_defence_dha_phase_7_one_kanal_beautiful_designer_bungalow_situated_at_heart_of_phase_7_near_macdonald_for_rent-53177847-1450-4.html,Other,For Rent,1 Kanal,5,6.0,7 hours ago,PKR 3 Lakh,"DHA Phase 7, DHA Defence",Lahore,Zameen
2476,https://www.zameen.com/Property/dha_defence_dha_phase_7_one_kanal_newly_built_designer_bungalow_near_carrefour_mall_hot_location-53177416-1450-4.html,Other,For Rent,1 Kanal,5,6.0,7 hours ago,PKR 2.95 Lakh,"DHA Phase 7, DHA Defence",Lahore,Zameen
2477,https://www.zameen.com/Property/dha_phase_6_dha_phase_6_-_block_b_one_kanal_ultra_modern_luxurious_bungalow_design_by_reputed_architect_for_rent-53477002-1611-4.html,Other,For Rent,1 Kanal,5,6.0,8 hours ago,PKR 3.55 Lakh,"DHA Phase 6 - Block B, DHA Phase 6",Lahore,Zameen
2478,https://www.zameen.com/Property/dha_defence_dha_phase_6_one_kanal_eye_catching_luxury_bungalow_near_big_park_must_once_visit-51965023-1448-4.html,Other,For Rent,1 Kanal,5,6.0,8 hours ago,PKR 3.55 Lakh,"DHA Phase 6, DHA Defence",Lahore,Zameen
2479,https://www.zameen.com/Property/dha_defence_dha_phase_7_classical_spanish_design_1_kanal_house_at_prime_location-52610474-1450-4.html,House,For Rent,1 Kanal,5,6.0,7 hours ago,PKR 2.4 Lakh,"DHA Phase 7, DHA Defence",Lahore,Zameen
2480,https://www.zameen.com/Property/dha_defence_dha_phase_3_dha_lahore_1_kanal_brand_new_mazher_munir_design_house_with_100_original_pics_available_for_rent-52599548-1454-4.html,House,For Rent,1 Kanal,5,6.0,7 hours ago,PKR 2.6 Lakh,"DHA Phase 3, DHA Defence",Lahore,Zameen
2481,https://www.zameen.com/Property/dha_defence_dha_phase_4_d_h_a_lahore_1_kanal_brand_new_mazher_munir_design_house_with_100_original_pics_available_for_rent-52599570-1446-4.html,House,For Rent,1 Kanal,5,6.0,7 hours ago,PKR 2.65 Lakh,"DHA Phase 4, DHA Defence",Lahore,Zameen
2482,https://www.zameen.com/Property/dha_defence_dha_phase_5_d_h_a_lahore_1_kanal_brand_new_faisal_rasool_design_house_with_100_original_pics_available_for_rent-52599609-1447-4.html,House,For Rent,1 Kanal,5,6.0,7 hours ago,PKR 3 Lakh,"DHA Phase 5, DHA Defence",Lahore,Zameen
2483,https://www.zameen.com/Property/dha_defence_dha_phase_6_d_h_a_lahore_2_kanal_mazher_munir_design_house_fully_furnished_with_swimming_pool_and_full_basement_with_100_original_pics_available_for_rent-52599730-1448-4.html,House,For Rent,2 Kanal,6,7.0,7 hours ago,PKR 7.65 Lakh,"DHA Phase 6, DHA Defence",Lahore,Zameen
2484,https://www.zameen.com/Property/dha_defence_dha_phase_7_dha_lahore_1_kanal_brand_new_faisal_rasool_design_house_with_100_original_pics_available_for_rent-52599767-1450-4.html,House,For Rent,1 Kanal,5,6.0,7 hours ago,PKR 2.35 Lakh,"DHA Phase 7, DHA Defence",Lahore,Zameen
2485,https://www.zameen.com/Property/dha_defence_dha_phase_8_d_h_a_lahore_1_kanal_brand_new_faisal_rasool_design_house_with_100_original_pictures_available_for_rent-52599821-1451-4.html,House,For Rent,1 Kanal,5,6.0,7 hours ago,PKR 3 Lakh,"DHA Phase 8, DHA Defence",Lahore,Zameen
2486,https://www.zameen.com/Property/dha_defence_dha_phase_1_d_h_a_lahore_1_kanal_brand_new_faisal_rasool_design_house_with_100_original_pics_available_for_rent-52610008-1442-4.html,House,For Rent,1 Kanal,5,6.0,7 hours ago,PKR 2.65 Lakh,"DHA Phase 1, DHA Defence",Lahore,Zameen
2487,https://www.zameen.com/Property/etihad_town_etihad_town_phase_1_5_marla_house_for_rent_in_etihad_town_phase_1_main_raiwind_road_lahore-54349514-16882-4.html,House,For Rent,5 Marla,4,4.0,4 days ago,PKR 1.45 Lakh,"Etihad Town Phase 1, Etihad Town",Lahore,Zameen
2488,https://www.zameen.com/Property/dha_defence_dha_phase_6_luxurious_07-bed_corner_house_for_rent_in_dha_phase_6-54591553-1448-4.html,House,For Rent,1.2 Kanal,7,7.0,4 days ago,PKR 6.5 Lakh,"DHA Phase 6, DHA Defence",Lahore,Zameen
2489,https://www.zameen.com/Property/gulberg_mm_alam_road_1_bedroom_600_sqft_unfurnished_apartment_for_rent_on_mm_alam_road-53894281-3850-4.html,Room,For Rent,2.7 Marla,1,1.0,4 days ago,PKR 1.4 Lakh,"MM Alam Road, Gulberg",Lahore,Zameen
2490,https://www.zameen.com/Property/dha_defence_dha_phase_7_1_kanal_brand_new_luxury_modern_design_beautiful_design_bungalow_for_rent_at_prime_location_of_dha_7-52462255-1450-4.html,Other,For Rent,1 Kanal,5,6.0,4 days ago,PKR 3.3 Lakh,"DHA Phase 7, DHA Defence",Lahore,Zameen
2491,https://www.zameen.com/Property/dha_defence_dha_phase_3_kanal_fully_furnished_luxry_house_for_rent_in_dha_phase_3-54674942-1454-4.html,House,For Rent,1 Kanal,8,7.0,4 days ago,PKR 3.8 Lakh,"DHA Phase 3, DHA Defence",Lahore,Zameen
2492,https://www.zameen.com/Property/lahore_shah_jamal_fully_furnished_studio_apartment_for_rent_in_shah_jamal-54082881-1491-4.html,Apartment,For Rent,1.3 Marla,,1.0,4 days ago,PKR 65 Thousand,"Shah Jamal, Lahore",Lahore,Zameen
2493,https://www.zameen.com/Property/dha_phase_5_dha_phase_5_-_block_l_facing_park_10_marla_modern_house_double_unit_with_basement_available_for_rent_at_prime_location_of_dha_phase_5-54639721-1608-4.html,House,For Rent,10 Marla,4,5.0,4 days ago,PKR 2.5 Lakh,"DHA Phase 5 - Block L, DHA Phase 5",Lahore,Zameen
2494,https://www.zameen.com/Property/lahore_gulshan-e-mustafa_housing_society_10_marla_full_house_for_rent_gulshane_mustafa_society-54673938-8565-4.html,House,For Rent,10 Marla,5,6.0,4 days ago,PKR 1.6 Lakh,"Gulshan-E-Mustafa Housing Society, Lahore",Lahore,Zameen
2495,https://www.zameen.com/Property/lahore_gulberg_beautiful_fully_furnished_apartment_for_rent-54579697-7-4.html,Apartment,For Rent,1.9 Marla,1,1.0,4 days ago,PKR 1.4 Lakh,"Gulberg, Lahore",Lahore,Zameen
2496,https://www.zameen.com/Property/dha_defence_dha_9_town_5_marla_full_house_2_year_old_in_dha_phase_9_town_near_askari_11_phase_6_lahore-53682715-1452-4.html,House,For Rent,5 Marla,3,4.0,5 days ago,PKR 1 Lakh,"DHA 9 Town, DHA Defence",Lahore,Zameen
2497,https://www.zameen.com/Property/dha_defence_dha_phase_7_d_h_a_lahore_1_kanal_brand_new_mazher_munir_design_house_with_100_original_pics_available_for_rent-46133965-1450-4.html,House,For Rent,1 Kanal,5,6.0,7 hours ago,PKR 2.6 Lakh,"DHA Phase 7, DHA Defence",Lahore,Zameen
2498,https://www.zameen.com/Property/dha_defence_dha_phase_6_d_h_a_lahore_1_kanal_mazher_munir_design_house_with_100_original_picture_available_for_rent-46135083-1448-4.html,House,For Rent,1 Kanal,5,6.0,7 hours ago,PKR 2.8 Lakh,"DHA Phase 6, DHA Defence",Lahore,Zameen
2499,https://www.zameen.com/Property/lahore_johar_town_reserve_a_flat_now_in_johar_town-54556818-93-4.html,Flat,For Rent,1.3 Marla,,1.0,8 hours ago,PKR 40 Thousand,"Johar Town, Lahore",Lahore,Zameen
2500,https://www.zameen.com/Property/dha_defence_dha_phase_5_10marla_newly_house_for_rent_with_10kav_solar_in_dha_phase_5-54690688-1447-4.html,House,For Rent,10 Marla,4,5.0,9 hours ago,PKR 2.49 Lakh,"DHA Phase 5, DHA Defence",Lahore,Zameen
2501,https://www.zameen.com/Property/gulberg_gulberg_3_2_bed_fully_furnished_apartment_available_for_rent_gulberg_2-54690588-3824-4.html,Apartment,For Rent,4.1 Marla,2,2.0,9 hours ago,PKR 1.95 Lakh,"Gulberg 3, Gulberg",Lahore,Zameen
2502,https://www.zameen.com/Property/dha_phase_5_penta_square_by_dha_lahore_2_bedroom_semi_furnished_facing_garden_apartment_available_for_rent-54478896-11845-4.html,Room,For Rent,7.3 Marla,2,3.0,9 hours ago,PKR 1.8 Lakh,"Penta Square By DHA Lahore, DHA Phase 5",Lahore,Zameen
2503,https://www.zameen.com/Property/dha_phase_5_penta_square_by_dha_lahore_luxury_furnished_3_bedroom_penthouse_available_for_rent-54675891-11845-4.html,Penthouse,For Rent,10 Marla,3,4.0,9 hours ago,PKR 3.25 Lakh,"Penta Square By DHA Lahore, DHA Phase 5",Lahore,Zameen
2504,https://www.zameen.com/Property/dha_defence_dha_phase_2_d_h_a_lahore_1_kanal_brand_new_mazher_munir_design_house_with_100_original_pics_available_for_rent-52610031-1444-4.html,House,For Rent,1 Kanal,5,6.0,7 hours ago,PKR 2.55 Lakh,"DHA Phase 2, DHA Defence",Lahore,Zameen
2505,https://www.zameen.com/Property/dha_defence_dha_phase_3_d_h_a_lahore_1_kanal_brand_new_faisal_rasool_design_house_with_100_original_pics_available_for_rent-52610073-1454-4.html,House,For Rent,1 Kanal,5,6.0,7 hours ago,PKR 2.55 Lakh,"DHA Phase 3, DHA Defence",Lahore,Zameen
2506,https://www.zameen.com/Property/dha_defence_dha_phase_4_d_h_a_lahore_1_kanal_brand_new_mazhar_munir_design_house_fully_furnished_with_100_original_pictures-52610137-1446-4.html,House,For Rent,1 Kanal,5,6.0,7 hours ago,PKR 4.2 Lakh,"DHA Phase 4, DHA Defence",Lahore,Zameen
2507,https://www.zameen.com/Property/dha_defence_dha_phase_8_d_h_a_lahore_1_kanal_brand_new_mazher_munir_design_house_with_100_original_pics_available_for_rent-52575571-1451-4.html,House,For Rent,1 Kanal,5,6.0,7 hours ago,PKR 3.25 Lakh,"DHA Phase 8, DHA Defence",Lahore,Zameen
2508,https://www.zameen.com/Property/dha_defence_dha_phase_7_d_h_a_lahore_1_kanal_brand_new_mazhar_munir_design_house_with_100_original_pics_available_for_rent-52577311-1450-4.html,House,For Rent,1 Kanal,5,6.0,7 hours ago,PKR 2.75 Lakh,"DHA Phase 7, DHA Defence",Lahore,Zameen
2509,https://www.zameen.com/Property/dha_defence_dha_phase_6_d_h_a_lahore_1_kanal_brand_new_mazher_munir_design_house_with_100_original_pics_available_for_rent-52577450-1448-4.html,House,For Rent,1 Kanal,5,6.0,7 hours ago,PKR 3.35 Lakh,"DHA Phase 6, DHA Defence",Lahore,Zameen
2510,https://www.zameen.com/Property/dha_defence_dha_phase_5_d_h_a_lahore_1_kanal_brand_new_mazher_munir_design_house_with_100_original_pics_available_for_rent-52577780-1447-4.html,House,For Rent,1 Kanal,5,6.0,7 hours ago,PKR 3.35 Lakh,"DHA Phase 5, DHA Defence",Lahore,Zameen
2511,https://www.zameen.com/Property/dha_defence_dha_phase_4_d_h_a_lahore_1_kanal_owner_build_design_house_with_100_original_pictures_available_for_rent-52578030-1446-4.html,House,For Rent,1 Kanal,5,6.0,7 hours ago,PKR 3 Lakh,"DHA Phase 4, DHA Defence",Lahore,Zameen
2512,https://www.zameen.com/Property/bahria_town_bahria_town_-_sector_c_2_bed_fully_furnished_family_option_flat_for_rent_in_sector_c_bahria_town_lahroe-54674101-1784-4.html,Flat,For Rent,4.1 Marla,2,2.0,3 days ago,PKR 78 Thousand,"Bahria Town - Sector C, Bahria Town",Lahore,Zameen
2513,https://www.zameen.com/Property/dha_defence_dha_phase_6_1_kanal_brand_new_levish_house_for_rent_with_ac_installed_phase_6_top_location-54648008-1448-4.html,House,For Rent,1 Kanal,5,6.0,4 days ago,PKR 3.25 Lakh,"DHA Phase 6, DHA Defence",Lahore,Zameen
2514,https://www.zameen.com/Property/dha_defence_dha_9_town_elegant_5_marla_house_for_rent_spacious_design_amp_premium_finishing-54020793-1452-4.html,House,For Rent,5 Marla,3,4.0,4 days ago,PKR 1.1 Lakh,"DHA 9 Town, DHA Defence",Lahore,Zameen
2515,https://www.zameen.com/Property/dha_defence_defence_raya_2_kanal_luxury_fully_furnished_fully_renovated_villa_for_rent_defence_raya_lahore-54580881-8172-4.html,Villa,For Rent,2 Kanal,5,6.0,4 days ago,PKR 12 Lakh,"Defence Raya, DHA Defence",Lahore,Zameen
2516,https://www.zameen.com/Property/gulberg_gulberg_3_luxury_2-bedroom_fully_furnished_apartment_with_maid_room_premium_living-54533245-3824-4.html,Room,For Rent,5.2 Marla,2,3.0,5 days ago,PKR 2.25 Lakh,"Gulberg 3, Gulberg",Lahore,Zameen
2517,https://www.zameen.com/Property/bahria_town_sector_d_bahria_town_-_block_cc_5_marla_like_a_brand_new_full_luxury_ideal_excellent_good_full_house_for_rent_in_cc_block_bahria_town_lahore-54672536-1799-4.html,House,For Rent,5 Marla,3,4.0,5 days ago,PKR 85 Thousand,"Bahria Town - Block CC, Bahria Town - Sector D",Lahore,Zameen
2518,https://www.zameen.com/Property/dha_defence_dha_phase_5_one_kanal_beautifull_house_available_for_rent_in_dha_phase_5-54647986-1447-4.html,House,For Rent,1 Kanal,5,6.0,5 days ago,PKR 3 Lakh,"DHA Phase 5, DHA Defence",Lahore,Zameen
2519,https://www.zameen.com/Property/dha_defence_dha_9_town_prime_location_house_of_5_marla_is_available_in_contemporary_neighborhood_of_dha_defence-54625194-1452-4.html,House,For Rent,5 Marla,3,3.0,5 days ago,PKR 1.1 Lakh,"DHA 9 Town, DHA Defence",Lahore,Zameen
2520,https://www.zameen.com/Property/askari_11_askari_11_-_sector_b_apartments_12_marla_4_bed_for_rent_in_askari_11_lahore-52150016-15703-4.html,Other,For Rent,12 Marla,4,4.0,5 days ago,PKR 1.45 Lakh,"Askari 11 - Sector B Apartments, Askari 11",Lahore,Zameen
2521,https://www.zameen.com/Property/lahore_allama_iqbal_intl_airport_mian_farm_house_for_private_events-53102620-759-4.html,Farm House,For Rent,4 Kanal,1,6.0,5 days ago,PKR 75 Thousand,"Allama Iqbal Intl Airport, Lahore",Lahore,Zameen
2522,https://www.zameen.com/Property/dha_defence_dha_phase_5_dha_lahore_2_kanal_owner_build_design_corner_house_with_basement_with_100_original_pics_available_for_rent-46144226-1447-4.html,House,For Rent,2 Kanal,6,6.0,7 hours ago,PKR 7.5 Lakh,"DHA Phase 5, DHA Defence",Lahore,Zameen
2523,https://www.zameen.com/Property/dha_defence_dha_phase_5_dha_lahore_2_kanal_mazher_munir_design_fully_furnished_house_with_swimming_pool_with_100_original_pics_available_for_rent-46144685-1447-4.html,House,For Rent,2 Kanal,5,6.0,7 hours ago,PKR 8.75 Lakh,"DHA Phase 5, DHA Defence",Lahore,Zameen
2524,https://www.zameen.com/Property/dha_9_town_dha_9_town_-_block_b_5_marla_elegant_and_fully_maintained_super_hot_located_bungalow_is_available_in_the_best_block_of_dha_lahore-54578643-8174-4.html,Other,For Rent,5 Marla,4,4.0,10 hours ago,PKR 1.25 Lakh,"DHA 9 Town - Block B, DHA 9 Town",Lahore,Zameen
2525,https://www.zameen.com/Property/sa_gardens_sa_gardens_phase_2_5_marla_upper_portion_available_for_rent_in_shoaib_block_facing_park_house-54143351-12498-4.html,Upper Portion,For Rent,5 Marla,2,2.0,10 hours ago,PKR 35 Thousand,"SA Gardens Phase 2, SA Gardens",Lahore,Zameen
2526,https://www.zameen.com/Property/sa_gardens_sa_gardens_phase_2_5_marla_double_storey_park_facing_brand_new_house_available_at_vip_location-54321414-12498-4.html,House,For Rent,5 Marla,3,3.0,10 hours ago,PKR 70 Thousand,"SA Gardens Phase 2, SA Gardens",Lahore,Zameen
2527,https://www.zameen.com/Property/dha_phase_7_dha_phase_7_-_block_u_defence_phase_7_u_block_1_kanal_brand_new_non_furnished_house_for_rent-54602543-1628-4.html,House,For Rent,1 Kanal,5,6.0,11 hours ago,PKR 5.5 Lakh,"DHA Phase 7 - Block U, DHA Phase 7",Lahore,Zameen
2528,https://www.zameen.com/Property/bahria_town_bahria_town_-_sector_c_1_bedroom_furnished_apartment_available_for_rent-54575107-1784-4.html,Room,For Rent,2.7 Marla,1,1.0,11 hours ago,PKR 65 Thousand,"Bahria Town - Sector C, Bahria Town",Lahore,Zameen
2529,https://www.zameen.com/Property/dha_defence_dha_phase_3_d_h_a_lahore_1_kanal_brand_new_faisal_rasool_design_house_full_basement_with_100_original_pics_available_for_rent-52578991-1454-4.html,House,For Rent,1 Kanal,5,6.0,7 hours ago,PKR 3.85 Lakh,"DHA Phase 3, DHA Defence",Lahore,Zameen
2530,https://www.zameen.com/Property/dha_defence_dha_phase_2_d_h_a_lahore_1_kanal_brand_new_mazher_munir_design_house_with_100_original_pics_available_for_rent-52579063-1444-4.html,House,For Rent,1 Kanal,5,6.0,7 hours ago,PKR 2.5 Lakh,"DHA Phase 2, DHA Defence",Lahore,Zameen
2531,https://www.zameen.com/Property/dha_defence_dha_phase_1_dha_lahore_1_kanal_brand_new_mazher_munir_design_house_with_100_original_pics_available_for_rent-52579116-1442-4.html,House,For Rent,1 Kanal,5,6.0,7 hours ago,PKR 2.55 Lakh,"DHA Phase 1, DHA Defence",Lahore,Zameen
2532,https://www.zameen.com/Property/dha_defence_dha_phase_8_d_h_a_lahore_1_kanal_brand_new_mazher_munir_design_house_with_100_original_pictures_available_for_rent-52579171-1451-4.html,House,For Rent,1 Kanal,5,6.0,7 hours ago,PKR 3.15 Lakh,"DHA Phase 8, DHA Defence",Lahore,Zameen
2533,https://www.zameen.com/Property/dha_defence_dha_phase_8_d_h_a_lahore_1_kanal_brand_new_mazher_munir_design_house_with_100_original_pics_available_for_rent-52591234-1451-4.html,House,For Rent,1 Kanal,5,6.0,7 hours ago,PKR 2.8 Lakh,"DHA Phase 8, DHA Defence",Lahore,Zameen
2534,https://www.zameen.com/Property/lahore_hbfc_housing_society_modern_design_1_kanal_top_class_luxurious_house_for_rent-51921989-1718-4.html,House,For Rent,1 Kanal,5,6.0,7 hours ago,PKR 2.7 Lakh,"HBFC Housing Society, Lahore",Lahore,Zameen
2535,https://www.zameen.com/Property/dha_defence_dha_phase_4_d_h_a_lahore_1_kanal_mazhar_munir_design_house_with_100_original_pictures_available_for_rent-52025164-1446-4.html,House,For Rent,1 Kanal,5,6.0,7 hours ago,PKR 2.65 Lakh,"DHA Phase 4, DHA Defence",Lahore,Zameen
2536,https://www.zameen.com/Property/dha_defence_dha_phase_4_d_h_a_lahore_1_kanal_owner_build_design_house_with_100_original_pictures_available_for_rent-51265721-1446-4.html,House,For Rent,1 Kanal,5,6.0,7 hours ago,PKR 2.6 Lakh,"DHA Phase 4, DHA Defence",Lahore,Zameen
2537,https://www.zameen.com/Property/dha_defence_dha_phase_5_10_marla_full_house_for_rent-54633698-1447-4.html,House,For Rent,10 Marla,4,4.0,5 days ago,PKR 2.4 Lakh,"DHA Phase 5, DHA Defence",Lahore,Zameen
2538,https://www.zameen.com/Property/bahria_town_sector_c_bahria_town_-_jasmine_block_10_marla_house_available_for_rent_in_sector_c_bahria_town_lahore-53360517-1786-4.html,House,For Rent,10 Marla,5,6.0,5 days ago,PKR 1.65 Lakh,"Bahria Town - Jasmine Block, Bahria Town - Sector C",Lahore,Zameen
2539,https://www.zameen.com/Property/bahria_town_bahria_town_-_sector_e_2_bed_furnished_apartment_available_for_rent_in_sector_e_bahria_town_lahore-54611754-1802-4.html,Apartment,For Rent,4 Marla,2,2.0,5 days ago,PKR 90 Thousand,"Bahria Town - Sector E, Bahria Town",Lahore,Zameen
2540,https://www.zameen.com/Property/askari_askari_10_12_marla_brand_new_flat_available_for_rent_in_askari_10_sec_s_lahore-54574889-1011-4.html,Flat,For Rent,12 Marla,4,5.0,5 days ago,PKR 1.8 Lakh,"Askari 10, Askari",Lahore,Zameen
2541,https://www.zameen.com/Property/dha_phase_6_dha_phase_6_-_block_k_1_kanal_brand_new_bungalow_for_rent_in_dha_phase_near_to_park_amp_mosque_amp_raya-53848109-1619-4.html,Other,For Rent,1 Kanal,5,7.0,5 days ago,PKR 3.25 Lakh,"DHA Phase 6 - Block K, DHA Phase 6",Lahore,Zameen
2542,https://www.zameen.com/Property/bahria_town_bahria_town_-_sector_e_10_marla_upper_portion_available_for_rent_in_sector_e_bahria_town_lahore-54531032-1802-4.html,Upper Portion,For Rent,10 Marla,3,3.0,6 days ago,PKR 65 Thousand,"Bahria Town - Sector E, Bahria Town",Lahore,Zameen
2543,https://www.zameen.com/Property/askari_askari_11_10_marla_flat_in_askari_11_for_rent-54668028-1503-4.html,Flat,For Rent,10 Marla,3,3.0,6 days ago,PKR 1.22 Lakh,"Askari 11, Askari",Lahore,Zameen
2544,https://www.zameen.com/Property/dha_phase_6_dha_phase_6_-_block_n_1_kanal_elegant_and_fully_maintained_bungalow_near_raya_and_golf_course_is_available_in_the_best_block_of_dha_lahore-54641291-1622-4.html,Other,For Rent,1 Kanal,5,6.0,6 days ago,PKR 3.3 Lakh,"DHA Phase 6 - Block N, DHA Phase 6",Lahore,Zameen
2545,https://www.zameen.com/Property/lahore_wapda_town_20_marla_brand_new_upper_portion_for_rent-54333853-423-4.html,Upper Portion,For Rent,1 Kanal,3,3.0,6 days ago,PKR 1.5 Lakh,"Wapda Town, Lahore",Lahore,Zameen
2546,https://www.zameen.com/Property/lahore_nfc_1_brand_new_saprat_gate_independent_upper_portion-54573831-4083-4.html,Upper Portion,For Rent,1 Kanal,3,3.0,6 days ago,PKR 1.15 Lakh,"NFC 1, Lahore",Lahore,Zameen
2547,https://www.zameen.com/Property/dha_defence_dha_phase_6_d_h_a_lahore_2_kanal_mazher_munir_design_house_with_swimming_pool_fully_furnished_100_original_pics_available_for_rent-44500001-1448-4.html,House,For Rent,2 Kanal,6,6.0,7 hours ago,PKR 7.5 Lakh,"DHA Phase 6, DHA Defence",Lahore,Zameen
2548,https://www.zameen.com/Property/dha_defence_dha_phase_5_d_h_a_lahore_1_kanal_brand_new_stylish_house_with_basement_and_full_furnished_house_with_100_original_pics_available_for_rent-45753760-1447-4.html,House,For Rent,1 Kanal,5,6.0,7 hours ago,PKR 4.5 Lakh,"DHA Phase 5, DHA Defence",Lahore,Zameen
2549,https://www.zameen.com/Property/dha_defence_dha_phase_6_dha_phase_6_1_kanal_house_for_rent-54607344-1448-4.html,House,For Rent,1 Kanal,6,7.0,11 hours ago,PKR 4.25 Lakh,"DHA Phase 6, DHA Defence",Lahore,Zameen
2550,https://www.zameen.com/Property/dha_defence_dha_phase_7_dha_phase_7_spacious_upper_portion_for_rent-54632652-1450-4.html,Upper Portion,For Rent,1 Kanal,3,3.0,11 hours ago,PKR 1.4 Lakh,"DHA Phase 7, DHA Defence",Lahore,Zameen
2551,https://www.zameen.com/Property/dha_phase_6_dha_phase_6_-_block_m_1_kanal_modern_house_for_rent_hot_location_reasonable_in_the_market-54670125-1621-4.html,House,For Rent,1 Kanal,5,6.0,11 hours ago,PKR 3.5 Lakh,"DHA Phase 6 - Block M, DHA Phase 6",Lahore,Zameen
2552,https://www.zameen.com/Property/al_kabir_town_al-kabir_town_-_phase_2_3_marla_upper_portion_for_rent_in_al-kabir_town_-_phase_2_lahore_in_only-53796790-11704-4.html,Upper Portion,For Rent,3 Marla,2,2.0,11 hours ago,PKR 33 Thousand,"Al-Kabir Town - Phase 2, Al-Kabir Town",Lahore,Zameen
2553,https://www.zameen.com/Property/al_kabir_town_al-kabir_town_-_phase_2_1_bedroom_prime_location_apartment_available_for_rent_in_al_kabir_town_phase_2-53745889-11704-4.html,Room,For Rent,3 Marla,1,1.0,11 hours ago,PKR 29 Thousand,"Al-Kabir Town - Phase 2, Al-Kabir Town",Lahore,Zameen
2554,https://www.zameen.com/Property/dha_defence_dha_phase_6_d_h_a_lahore_1_kanal_brand_new_mazhar_munir_design_house_with_100_original_pictures-51265786-1448-4.html,House,For Rent,1 Kanal,5,6.0,7 hours ago,PKR 2.7 Lakh,"DHA Phase 6, DHA Defence",Lahore,Zameen
2555,https://www.zameen.com/Property/dha_defence_dha_phase_6_dha_lahore_1_kanal_brand_new_faisal_rasool_design_house_with_100_original_pics_available_for_rent-51265883-1448-4.html,House,For Rent,1 Kanal,5,6.0,7 hours ago,PKR 3.75 Lakh,"DHA Phase 6, DHA Defence",Lahore,Zameen
2556,https://www.zameen.com/Property/dha_defence_dha_phase_4_near_commercial_market_-_full_furnished_10_marla_modern_house_for_rent-51873187-1446-4.html,House,For Rent,10 Marla,3,4.0,7 hours ago,PKR 2.85 Lakh,"DHA Phase 4, DHA Defence",Lahore,Zameen
2557,https://www.zameen.com/Property/dha_defence_dha_phase_6_1_kanal_beautifully_designed_house_with_100_original_pics_available_for_rent_in_dha_lahore-50743121-1448-4.html,House,For Rent,1 Kanal,5,5.0,7 hours ago,PKR 4.5 Lakh,"DHA Phase 6, DHA Defence",Lahore,Zameen
2558,https://www.zameen.com/Property/dha_defence_dha_phase_6_1_kanal_beautifully_designed_house_with_100_original_pictures_available_for_rent_in_dha_lahore-50743624-1448-4.html,House,For Rent,1 Kanal,5,5.0,7 hours ago,PKR 3.3 Lakh,"DHA Phase 6, DHA Defence",Lahore,Zameen
2559,https://www.zameen.com/Property/dha_defence_dha_phase_4_1_kanal_beautifully_designed_corner_house_with_100_original_pics_available_for_rent_in_dha_lahore-50743909-1446-4.html,House,For Rent,1 Kanal,5,5.0,7 hours ago,PKR 2.6 Lakh,"DHA Phase 4, DHA Defence",Lahore,Zameen
2560,https://www.zameen.com/Property/dha_defence_dha_phase_4_1_kanal_beautifully_designed_semi_furnished_house_with_100_original_pictures_available_for_rent_in_dha_lahore-50784401-1446-4.html,House,For Rent,1 Kanal,5,5.0,7 hours ago,PKR 2.9 Lakh,"DHA Phase 4, DHA Defence",Lahore,Zameen
2561,https://www.zameen.com/Property/dha_defence_dha_phase_5_1_kanal_beautifully_designed_house_with_100_original_pics_available_for_rent_in_dha_lahore-50784403-1447-4.html,House,For Rent,1 Kanal,5,5.0,7 hours ago,PKR 3.1 Lakh,"DHA Phase 5, DHA Defence",Lahore,Zameen
2562,https://www.zameen.com/Property/dha_phase_5_penta_square_by_dha_lahore_brand_new_1_bed_fully_furnished_apartment_for_rent_at_penta_square_by_dha_lahore-54597191-11845-4.html,Apartment,For Rent,6.5 Marla,1,2.0,5 days ago,PKR 1.6 Lakh,"Penta Square By DHA Lahore, DHA Phase 5",Lahore,Zameen
2563,https://www.zameen.com/Property/askari_askari_11_10_marla_3_bedroom_apartment_for_rent_in_askari_11_lhr-54669167-1503-4.html,Room,For Rent,10 Marla,3,3.0,6 days ago,PKR 1.3 Lakh,"Askari 11, Askari",Lahore,Zameen
2564,https://www.zameen.com/Property/askari_askari_10_15_kva_solar_brig_house_17_marla_five_beds_well_maintained_urgent_for_rent-54568367-1011-4.html,House,For Rent,17 Marla,5,6.0,6 days ago,PKR 4.05 Lakh,"Askari 10, Askari",Lahore,Zameen
2565,https://www.zameen.com/Property/askari_askari_10_well_maintained_corner_5_bed_brig_house_available_for_urgent_rent_in_askari_10_sec-s-54602464-1011-4.html,House,For Rent,15 Marla,5,6.0,6 days ago,PKR 3.2 Lakh,"Askari 10, Askari",Lahore,Zameen
2566,https://www.zameen.com/Property/lahore_gulberg_1_kanal_luxury_house_for_rent_best_for_office_residence_prime_location-53543160-7-4.html,House,For Rent,1 Kanal,6,6.0,6 days ago,PKR 4 Lakh,"Gulberg, Lahore",Lahore,Zameen
2567,https://www.zameen.com/Property/lahore_jail_road_independet_furnished_room_is_available_for_rent_in_hostel-54576484-528-4.html,Room,For Rent,0.9 Marla,,,4 days ago,PKR 15 Thousand,"Jail Road, Lahore",Lahore,Zameen
2568,https://www.zameen.com/Property/dha_11_rahbar_sector_2_extension_dha_11_rahbar_sector_2_extension_-_block_n_dha_rahbar_sector-2_block_n_3_years_old_house_for_rent_available_in_best_condition-54669571-8522-4.html,House,For Rent,5 Marla,3,4.0,5 days ago,PKR 1.1 Lakh,"DHA 11 Rahbar Sector 2 Extension - Block N, DHA 11 Rahbar Sector 2 Extension",Lahore,Zameen
2569,https://www.zameen.com/Property/valencia_housing_society_valencia_-_block_h_1_bedroom_flat_facing_park_studio-54486651-4280-4.html,Room,For Rent,2 Marla,1,1.0,6 days ago,PKR 24 Thousand,"Valencia - Block H, Valencia Housing Society",Lahore,Zameen
2570,https://www.zameen.com/Property/lahore_eme_society_2_kanal_uper_floor_available_for_rent_near_all_facilities-54672700-410-4.html,Other,For Rent,2 Kanal,3,4.0,5 days ago,PKR 1.4 Lakh,"EME Society, Lahore",Lahore,Zameen
2571,https://www.zameen.com/Property/lahore_central_park_housing_scheme_5_marla_brand_new_house-54661598-1013-4.html,House,For Rent,5 Marla,4,4.0,4 days ago,PKR 80 Thousand,"Central Park Housing Scheme, Lahore",Lahore,Zameen
2572,https://www.zameen.com/Property/dha_defence_dha_phase_6_dha_lahore_2_kanal_brand_new_faisal_rasool_design_house_and_fully_furnished_with_basement_with_100_original_pics_available_for_rent-45791605-1448-4.html,House,For Rent,2 Kanal,5,6.0,7 hours ago,PKR 21 Lakh,"DHA Phase 6, DHA Defence",Lahore,Zameen
2573,https://www.zameen.com/Property/dha_defence_dha_phase_6_d_h_a_lahore_1_kanal_brand_new_mazher_munir_design_house_full_basement_with_100_original_pics_available_for_rent-46146188-1448-4.html,House,For Rent,1 Kanal,7,6.0,7 hours ago,PKR 3.75 Lakh,"DHA Phase 6, DHA Defence",Lahore,Zameen
2574,https://www.zameen.com/Property/bahria_town_bahria_town_-_sector_c_10_marla_brand_new_luxury_fully_furnished_house_available_for_rent-54640246-1784-4.html,House,For Rent,10 Marla,5,6.0,11 hours ago,PKR 2 Lakh,"Bahria Town - Sector C, Bahria Town",Lahore,Zameen
2575,https://www.zameen.com/Property/dha_9_town_dha_9_town_-_block_d_beautiful_5_marla_fully_furnished_house_for_rent-54681340-8176-4.html,House,For Rent,5 Marla,3,4.0,11 hours ago,PKR 2 Lakh,"DHA 9 Town - Block D, DHA 9 Town",Lahore,Zameen
2576,https://www.zameen.com/Property/main_canal_bank_road_al_hafeez_garden_-_phase_5_5_marla_house_available_for_rent_in_al_hafeez_garden_phase_5_main_canal_road_lahore-54551600-18829-4.html,House,For Rent,5 Marla,4,5.0,11 hours ago,PKR 1.1 Lakh,"Al Hafeez Garden - Phase 5, Main Canal Bank Road",Lahore,Zameen
2577,https://www.zameen.com/Property/gt_road_bismillah_housing_scheme_5_marla_slightly_used_house_for_rent_in_bismillah_housing_scheme_only_serious_client_s-54550917-8446-4.html,House,For Rent,5 Marla,4,5.0,11 hours ago,PKR 80 Thousand,"Bismillah Housing Scheme, GT Road",Lahore,Zameen
2578,https://www.zameen.com/Property/main_canal_bank_road_al_hafeez_garden_-_phase_5_3_marla_house_available_for_rent_in_al_hafeez_garden_phase_5_main_canal_road_lahore-54551389-18829-4.html,House,For Rent,3 Marla,3,4.0,11 hours ago,PKR 60 Thousand,"Al Hafeez Garden - Phase 5, Main Canal Bank Road",Lahore,Zameen
2579,https://www.zameen.com/Property/dha_defence_dha_phase_7_1_kanal_brand_new_house_with_100_original_pics_available_for_rent_in_dha_lahore-50784405-1450-4.html,House,For Rent,1 Kanal,5,5.0,7 hours ago,PKR 2.6 Lakh,"DHA Phase 7, DHA Defence",Lahore,Zameen
2580,https://www.zameen.com/Property/dha_defence_dha_phase_4_dha_lahore_1_kanal_house_with_100_original_pics_available_for_rent-50932359-1446-4.html,House,For Rent,1 Kanal,5,5.0,7 hours ago,PKR 3.25 Lakh,"DHA Phase 4, DHA Defence",Lahore,Zameen
2581,https://www.zameen.com/Property/dha_defence_dha_phase_4_dha_lahore_1_kanal_owner_build_design_house_available_for_rent_with_100_original_pictures-49997696-1446-4.html,House,For Rent,1 Kanal,6,6.0,7 hours ago,PKR 2.9 Lakh,"DHA Phase 4, DHA Defence",Lahore,Zameen
2582,https://www.zameen.com/Property/dha_defence_dha_phase_6_dha_lahore_1_kanal_brand_new_faisal_rasool_design_house_with_100_original_pics_available_for_rent-49997836-1448-4.html,House,For Rent,1 Kanal,5,6.0,7 hours ago,PKR 3.5 Lakh,"DHA Phase 6, DHA Defence",Lahore,Zameen
2583,https://www.zameen.com/Property/dha_defence_dha_phase_6_d_h_a_lahore_1_kanal_brand_new_mazher_munir_design_house_with_100_original_pics_available_for_rent-50009567-1448-4.html,House,For Rent,1 Kanal,5,6.0,7 hours ago,PKR 3.9 Lakh,"DHA Phase 6, DHA Defence",Lahore,Zameen
2584,https://www.zameen.com/Property/dha_defence_dha_phase_5_d_h_a_lahore_1_kanal_owner_build_design_house_fully_basement_with_swimming_pool_with_100_original_pictures_available_for_rent-50009909-1447-4.html,House,For Rent,1 Kanal,7,6.0,7 hours ago,PKR 3.35 Lakh,"DHA Phase 5, DHA Defence",Lahore,Zameen
2585,https://www.zameen.com/Property/dha_defence_dha_phase_2_dha_lahore_1_kanal_mazhar_munir_design_house_available_for_rent-50032112-1444-4.html,House,For Rent,1 Kanal,6,6.0,7 hours ago,PKR 3.3 Lakh,"DHA Phase 2, DHA Defence",Lahore,Zameen
2586,https://www.zameen.com/Property/dha_defence_dha_phase_6_d_h_a_lahore_1_kanal_mazher_munir_design_house_with_100_original_pics_available_for_rent-49869526-1448-4.html,House,For Rent,1 Kanal,5,6.0,7 hours ago,PKR 3 Lakh,"DHA Phase 6, DHA Defence",Lahore,Zameen
2587,https://www.zameen.com/Property/bahria_town_bahria_town_-_sector_e_1_bed_fully_furnished_luxury_flat_for_rent_in_sector_e_bahria_town_lahore-54667464-1802-4.html,Flat,For Rent,2.3 Marla,1,1.0,6 days ago,PKR 46 Thousand,"Bahria Town - Sector E, Bahria Town",Lahore,Zameen
2588,https://www.zameen.com/Property/lahore_gulberg_gulberg_prime_location_2_kanal_house_for_rent-45851112-7-4.html,House,For Rent,2 Kanal,7,8.0,6 days ago,PKR 6 Lakh,"Gulberg, Lahore",Lahore,Zameen
2589,https://www.zameen.com/Property/lahore_park_view_city_05_marla_brand_new_luxury_house_avliable_for_rent_in_park_view_city_lahore-54434485-1466-4.html,House,For Rent,5 Marla,4,3.0,6 days ago,PKR 95 Thousand,"Park View City, Lahore",Lahore,Zameen
2590,https://www.zameen.com/Property/dha_defence_dha_phase_1_2_kanal_single_story_house_with_17_6_kw_solar_system_acs_for_rent_in_dha_phase_1-54663890-1442-4.html,House,For Rent,2 Kanal,4,5.0,6 days ago,PKR 5.75 Lakh,"DHA Phase 1, DHA Defence",Lahore,Zameen
2591,https://www.zameen.com/Property/askari_askari_10_10_marla_3_bedroom_apartment_available_for_rent-54559248-1011-4.html,Room,For Rent,10 Marla,3,4.0,6 days ago,PKR 1.5 Lakh,"Askari 10, Askari",Lahore,Zameen
2592,https://www.zameen.com/Property/etihad_town_etihad_town_phase_1_5_marla_brand_new_house_for_rent_in_etihad_town_phase_1-54589419-16882-4.html,House,For Rent,5 Marla,5,5.0,4 days ago,PKR 1.6 Lakh,"Etihad Town Phase 1, Etihad Town",Lahore,Zameen
2593,https://www.zameen.com/Property/dha_defence_dha_9_town_5_marla_brand_new_house_for_rent-53794054-1452-4.html,House,For Rent,5 Marla,3,4.0,5 days ago,PKR 1 Lakh,"DHA 9 Town, DHA Defence",Lahore,Zameen
2594,https://www.zameen.com/Property/lahore_sabzazar_scheme_vip_beautiful_6_marla_portion_is_available_for_rent_in_sabzazar_scheme_lahore-54674868-562-4.html,Other,For Rent,6 Marla,2,2.0,4 days ago,PKR 50 Thousand,"Sabzazar Scheme, Lahore",Lahore,Zameen
2595,https://www.zameen.com/Property/bahria_town_sector_e_bahria_town_-_iqbal_block_one_bed_luxury_furnished_apartment_available_for_rent_in_iqbal_block_sector_e_bahria_town_lahore-54549315-1805-4.html,Apartment,For Rent,2.4 Marla,1,1.0,6 days ago,PKR 50 Thousand,"Bahria Town - Iqbal Block, Bahria Town - Sector E",Lahore,Zameen
2596,https://www.zameen.com/Property/bahria_town_bahria_town_-_sector_e_one_bed_furnished_apartment_available_for_rent_in_sector_e_bahria_town_lahore-53579066-1802-4.html,Apartment,For Rent,2.5 Marla,1,1.0,6 days ago,PKR 43 Thousand,"Bahria Town - Sector E, Bahria Town",Lahore,Zameen
2597,https://www.zameen.com/Property/dha_defence_dha_phase_6_d_h_a_lahore_2_kanal_brand_new_faisal_rasool_design_house_and_fully_furnished_with_100_original_pics_available_for_rent-46146809-1448-4.html,House,For Rent,2 Kanal,6,6.0,7 hours ago,PKR 11.5 Lakh,"DHA Phase 6, DHA Defence",Lahore,Zameen
2598,https://www.zameen.com/Property/dha_defence_dha_phase_7_d_h_a_lahore_1_kanal_brand_new_mazher_munir_design_house_with_100_original_pictures_available_for_rent-46163256-1450-4.html,House,For Rent,1 Kanal,5,6.0,7 hours ago,PKR 2.65 Lakh,"DHA Phase 7, DHA Defence",Lahore,Zameen
2599,https://www.zameen.com/Property/gt_road_al_hafeez_gardens_5_marla_house_available_for_rent_in_al_hafeez_garden_phase_1_gt_road_lahore-54551237-8573-4.html,House,For Rent,5 Marla,4,5.0,11 hours ago,PKR 75 Thousand,"Al Hafeez Gardens, GT Road",Lahore,Zameen
2600,https://www.zameen.com/Property/gt_road_bismillah_housing_scheme_5_marla_brand_new_house_available_for_rent_in_bismillah_housing_scheme-54550847-8446-4.html,House,For Rent,5 Marla,4,5.0,11 hours ago,PKR 1 Lakh,"Bismillah Housing Scheme, GT Road",Lahore,Zameen
2601,https://www.zameen.com/Property/bahria_town_sector_e_bahria_town_-_nishtar_block_first_floor_furnished_2_bed_appartment-54690018-1806-4.html,Other,For Rent,3.8 Marla,2,2.0,11 hours ago,PKR 1.1 Lakh,"Bahria Town - Nishtar Block, Bahria Town - Sector E",Lahore,Zameen
2602,https://www.zameen.com/Property/gt_road_bismillah_housing_scheme_3_marla_house_available_for_rent_in_bismillah_housing_scheme-54550953-8446-4.html,House,For Rent,3 Marla,3,4.0,11 hours ago,PKR 55 Thousand,"Bismillah Housing Scheme, GT Road",Lahore,Zameen
2603,https://www.zameen.com/Property/punjab_small_industries_colony_punjab_small_industries_colony_-_block_b_4_marla_ground_floor_basement_portion_available_for_rent_in_b_block_punjab_small_industries_lahore-54629330-16354-4.html,Other,For Rent,4 Marla,1,1.0,11 hours ago,PKR 50 Thousand,"Punjab Small Industries Colony - Block B, Punjab Small Industries Colony",Lahore,Zameen
2604,https://www.zameen.com/Property/dha_defence_dha_phase_5_d_h_a_lahore_1_kanal_faisal_rasool_design_house_with_100_original_pictures_available_for_rent-49900838-1447-4.html,House,For Rent,1 Kanal,5,6.0,7 hours ago,PKR 2.65 Lakh,"DHA Phase 5, DHA Defence",Lahore,Zameen
2605,https://www.zameen.com/Property/dha_phase_8_dha_phase_8_-_ex_air_avenue_d_h_a_lahore_1_kanal_brand_new_faisal_rasool_design_house_with_100_original_pictures_available_for_rent-49900883-407-4.html,House,For Rent,1 Kanal,5,6.0,7 hours ago,PKR 3.3 Lakh,"DHA Phase 8 - Ex Air Avenue, DHA Phase 8",Lahore,Zameen
2606,https://www.zameen.com/Property/dha_defence_dha_phase_6_d_h_a_lahore_1_kanal_mazhar_munir_design_house_with_100_original_pictures_available_for_rent-48313428-1448-4.html,House,For Rent,1 Kanal,5,6.0,7 hours ago,PKR 3.1 Lakh,"DHA Phase 6, DHA Defence",Lahore,Zameen
2607,https://www.zameen.com/Property/dha_defence_dha_phase_5_d_h_a_lahore_1_kanal_mazher_munir_design_house_with_100_original_pics_available_for_rent-48313458-1447-4.html,House,For Rent,1 Kanal,5,6.0,7 hours ago,PKR 3 Lakh,"DHA Phase 5, DHA Defence",Lahore,Zameen
2608,https://www.zameen.com/Property/dha_defence_dha_phase_3_d_h_a_lahore_1_kanal_mazhar_munir_design_house_fully_furnished_with_100_original_pics_available_for_rent-48428253-1454-4.html,House,For Rent,1 Kanal,5,6.0,7 hours ago,PKR 3.1 Lakh,"DHA Phase 3, DHA Defence",Lahore,Zameen
2609,https://www.zameen.com/Property/dha_defence_dha_phase_5_d_h_a_lahore_1_kanal_brand_new_owner_build_design_house_fully_furnished_full_basement_with_100_original_pics_available_for_rent-47496000-1447-4.html,House,For Rent,1 Kanal,6,6.0,7 hours ago,PKR 4.15 Lakh,"DHA Phase 5, DHA Defence",Lahore,Zameen
2610,https://www.zameen.com/Property/dha_defence_dha_phase_6_d_h_a_lahore_1_kanal_brand_new_faisal_rasool_design_house_with_100_original_pics_available_for_rent-47496315-1448-4.html,House,For Rent,1 Kanal,5,6.0,7 hours ago,PKR 3.3 Lakh,"DHA Phase 6, DHA Defence",Lahore,Zameen
2611,https://www.zameen.com/Property/dha_defence_dha_phase_5_dha_lahore_1_kanal_mazhar_munir_design_house_with_100_original_pics_available_for_rent-47497224-1447-4.html,House,For Rent,1 Kanal,5,6.0,7 hours ago,PKR 2.65 Lakh,"DHA Phase 5, DHA Defence",Lahore,Zameen
2612,https://www.zameen.com/Property/dha_phase_6_bukhari_commercial_area_west-open_2-bedroom_apartment_with_drawing_lounge_for_rent_in_bukhari_commercial_dha_phase_6_karachi-54498742-6674-4.html,Room,For Rent,100 Sq. Yd.,2,3.0,2 hours ago,PKR 1.3 Lakh,"Bukhari Commercial Area, DHA Phase 6",Karachi,Zameen
2613,https://www.zameen.com/Property/pechs_pechs_block_6_corner_house_for_rent_-_commercial_use-53816562-6935-4.html,House,For Rent,"1,000 Sq. Yd.",9,6.0,11 hours ago,PKR 11.95 Lakh,"PECHS Block 6, PECHS",Karachi,Zameen
2614,https://www.zameen.com/Property/dha_defence_dha_phase_6_for_rent_brand_new_residential_apartment_on_3rd_floor_bukhari_commercial_dha_phase_6_karachi-54685076-1483-4.html,Apartment,For Rent,161 Sq. Yd.,3,4.0,13 hours ago,PKR 2.5 Lakh,"DHA Phase 6, DHA Defence",Karachi,Zameen
2615,https://www.zameen.com/Property/dha_defence_dha_phase_8_for_rent_like-new_500_sq_yd_1_3_bedroom_bungalow_dha_phase_8_karachi-54688455-1485-4.html,Room,For Rent,500 Sq. Yd.,4,5.0,17 hours ago,PKR 6 Lakh,"DHA Phase 8, DHA Defence",Karachi,Zameen
2616,https://www.zameen.com/Property/dha_defence_dha_phase_8_bungalow_for_rent_500_square_yards_in_dha_phase_8-54534143-1485-4.html,Other,For Rent,500 Sq. Yd.,4,5.0,2 days ago,PKR 6.75 Lakh,"DHA Phase 8, DHA Defence",Karachi,Zameen
2617,https://www.zameen.com/Property/dha_defence_dha_phase_8_most_luxurious_portion_for_rent-54690543-1485-4.html,Other,For Rent,500 Sq. Yd.,4,4.0,3 hours ago,PKR 3.25 Lakh,"DHA Phase 8, DHA Defence",Karachi,Zameen
2618,https://www.zameen.com/Property/bahria_town_karachi_bahria_town_-_precinct_1_ideal_prime_location_272_square_yards_house_has_landed_on_market_in_bahria_town_-_precinct_1_karachi-54688676-10007-4.html,House,For Rent,272 Sq. Yd.,5,5.0,5 hours ago,PKR 1.3 Lakh,"Bahria Town - Precinct 1, Bahria Town Karachi",Karachi,Zameen
2619,https://www.zameen.com/Property/north_nazimabad_block_h_sarah_enclave_sarah_enclave_3_bedrooms_apartment-54686898-9614-4.html,Room,For Rent,178 Sq. Yd.,3,3.0,8 hours ago,PKR 1 Lakh,"Sarah Enclave, North Nazimabad - Block H",Karachi,Zameen
2620,https://www.zameen.com/Property/dha_defence_dha_phase_6_modernized_stylish_superior_extra_ordinary_bunglow_ideal_for_2_families_proper_2_unit_house-54688232-1483-4.html,House,For Rent,800 Sq. Yd.,8,6.0,12 hours ago,PKR 8 Lakh,"DHA Phase 6, DHA Defence",Karachi,Zameen
2621,https://www.zameen.com/Property/scheme_33_kesc_housing_society_house_for_rent_in_specious_location-54163759-9075-4.html,House,For Rent,400 Sq. Yd.,4,3.0,15 hours ago,PKR 1.3 Lakh,"KESC Housing Society, Scheme 33",Karachi,Zameen
2622,https://www.zameen.com/Property/dha_defence_dha_phase_6_1000_yards_bungalow_full_basement_and_pool_for_rent_in_phase_6_karachi-52665206-1483-4.html,Other,For Rent,"1,000 Sq. Yd.",6,6.0,1 hour ago,PKR 18 Lakh,"DHA Phase 6, DHA Defence",Karachi,Zameen
2623,https://www.zameen.com/Property/dha_phase_8_dha_phase_8_-_zone_b_well-maintained_1_3_bedroom_bungalow_for_rent_zone_b_dha_phase_8_karachi-53325971-6678-4.html,Room,For Rent,100 Sq. Yd.,4,4.0,1 hour ago,PKR 2.5 Lakh,"DHA Phase 8 - Zone B, DHA Phase 8",Karachi,Zameen
2624,https://www.zameen.com/Property/emaar_crescent_bay_emaar_pearl_towers_fully_furnished_luxury_apartment_for_rent-52903011-10719-4.html,Apartment,For Rent,200 Sq. Yd.,2,4.0,2 hours ago,PKR 3.3 Lakh,"Emaar Pearl Towers, Emaar Crescent Bay",Karachi,Zameen
2625,https://www.zameen.com/Property/emaar_crescent_bay_emaar_reef_towers_luxury_apartment_for_rent-53927789-10720-4.html,Apartment,For Rent,200 Sq. Yd.,2,4.0,2 hours ago,PKR 2.6 Lakh,"Emaar Reef Towers, Emaar Crescent Bay",Karachi,Zameen
2626,https://www.zameen.com/Property/emaar_crescent_bay_emaar_pearl_towers_luxury_apartment_for_rent-54507624-10719-4.html,Apartment,For Rent,289 Sq. Yd.,4,6.0,2 hours ago,PKR 4.25 Lakh,"Emaar Pearl Towers, Emaar Crescent Bay",Karachi,Zameen
2627,https://www.zameen.com/Property/emaar_crescent_bay_emaar_coral_towers_luxury_apartment_for_rent-54507622-10721-4.html,Apartment,For Rent,289 Sq. Yd.,4,6.0,2 hours ago,PKR 3 Lakh,"Emaar Coral Towers, Emaar Crescent Bay",Karachi,Zameen
2628,https://www.zameen.com/Property/emaar_crescent_bay_emaar_pearl_towers_luxury_apartment_for_rent-54507792-10719-4.html,Apartment,For Rent,289 Sq. Yd.,4,6.0,2 hours ago,PKR 4.2 Lakh,"Emaar Pearl Towers, Emaar Crescent Bay",Karachi,Zameen
2629,https://www.zameen.com/Property/gulistan_e_jauhar_gulistan-e-jauhar_-_block_2_portion_for_rent_3_bedroom_drawing_and_lounge_vip_block_2-52589319-6825-4.html,Room,For Rent,240 Sq. Yd.,3,3.0,1 hour ago,PKR 95 Thousand,"Gulistan-e-Jauhar - Block 2, Gulistan-e-Jauhar",Karachi,Zameen
2630,https://www.zameen.com/Property/gulistan_e_jauhar_gulistan-e-jauhar_-_block_5_portionfor_rent_3_bed_dd_with_roof-54632886-6829-4.html,Other,For Rent,200 Sq. Yd.,3,3.0,1 hour ago,PKR 90 Thousand,"Gulistan-e-Jauhar - Block 5, Gulistan-e-Jauhar",Karachi,Zameen
2631,https://www.zameen.com/Property/gulistan_e_jauhar_gulistan-e-jauhar_-_block_11_saima_palm_residency_2_bed_drawing_dining_apartment_for_rent_block_11_jauhar-53478850-6835-4.html,Apartment,For Rent,122 Sq. Yd.,2,2.0,2 hours ago,PKR 78 Thousand,"Gulistan-e-Jauhar - Block 11, Gulistan-e-Jauhar",Karachi,Zameen
2632,https://www.zameen.com/Property/gulshan_e_iqbal_gulshan-e-iqbal_-_block_6_commercial_use_bunglow_available_for_rent_in_gulshan_e_iqbal-54397469-6867-4.html,Other,For Rent,600 Sq. Yd.,10,6.0,2 hours ago,PKR 4.5 Lakh,"Gulshan-e-Iqbal - Block 6, Gulshan-e-Iqbal",Karachi,Zameen
2633,https://www.zameen.com/Property/dha_defence_dha_phase_2_bungalow_for_rent-54692469-1479-4.html,Other,For Rent,500 Sq. Yd.,4,5.0,2 hours ago,PKR 4 Lakh,"DHA Phase 2, DHA Defence",Karachi,Zameen
2634,https://www.zameen.com/Property/federal_b_area_federal_b_area_-_block_12_flat_for_rent_in_federal_a_area_block_12-54552555-6696-4.html,Flat,For Rent,167 Sq. Yd.,3,3.0,2 hours ago,PKR 1 Lakh,"Federal B Area - Block 12, Federal B Area",Karachi,Zameen
2635,https://www.zameen.com/Property/dha_defence_dha_phase_6_bungalow_for_rent-54692460-1483-4.html,Other,For Rent,500 Sq. Yd.,6,6.0,2 hours ago,PKR 4.5 Lakh,"DHA Phase 6, DHA Defence",Karachi,Zameen
2636,https://www.zameen.com/Property/dha_defence_dha_phase_4_bungalow_for_rent-54692447-1481-4.html,Other,For Rent,300 Sq. Yd.,5,5.0,2 hours ago,PKR 4 Lakh,"DHA Phase 4, DHA Defence",Karachi,Zameen
2637,https://www.zameen.com/Property/dha_phase_8_emaar_crescent_bay_luxury_3-bedroom_apartment_for_rent_views_tower_1_emaar_pakistan-54656507-8503-4.html,Room,For Rent,276 Sq. Yd.,3,4.0,2 days ago,PKR 3.85 Lakh,"Emaar Crescent Bay, DHA Phase 8",Karachi,Zameen
2638,https://www.zameen.com/Property/emaar_crescent_bay_emaar_reef_towers_emaar_oceanfront_4_bed_luxury_apartment_for_rent_in_reef_towers-54596721-10720-4.html,Apartment,For Rent,311 Sq. Yd.,4,5.0,2 days ago,PKR 4 Lakh,"Emaar Reef Towers, Emaar Crescent Bay",Karachi,Zameen
2639,https://www.zameen.com/Property/dha_defence_dha_phase_8_ultra_luxury_fully_furnished_bungalow_for_rent_dha_phase_8_main_khay-e-qasim_experience_luxury_privacy_and_comfort_in_one_of_dha_s_most_prestigious_locations-54597141-1485-4.html,Other,For Rent,"1,000 Sq. Yd.",5,6.0,2 days ago,PKR 12.5 Lakh,"DHA Phase 8, DHA Defence",Karachi,Zameen
2640,https://www.zameen.com/Property/zamzama_navy_housing_scheme_zamzama_800_sq_yards_house_available_for_rent-51231966-1508-4.html,House,For Rent,800 Sq. Yd.,5,6.0,2 days ago,PKR 8 Lakh,"Navy Housing Scheme Zamzama, Zamzama",Karachi,Zameen
2641,https://www.zameen.com/Property/dha_phase_8_emaar_the_views_maar_the_views_3-bedroom_apartment_for_rent_premium_full_sea_view_high_floor-54245563-17808-4.html,Room,For Rent,289 Sq. Yd.,3,5.0,3 days ago,PKR 4.25 Lakh,"Emaar The Views, DHA Phase 8",Karachi,Zameen
2642,https://www.zameen.com/Property/dha_phase_6_nishat_commercial_area_apartment_for_rent-54597986-8491-4.html,Apartment,For Rent,106 Sq. Yd.,2,2.0,16 hours ago,PKR 90 Thousand,"Nishat Commercial Area, DHA Phase 6",Karachi,Zameen
2643,https://www.zameen.com/Property/dha_defence_dha_phase_5_extra_ordinary_modernized_stylish_superior_fully_furnished_bungalow_for_rent_posh_vicinity-53467785-1482-4.html,Other,For Rent,666 Sq. Yd.,6,6.0,21 hours ago,PKR 6.5 Lakh,"DHA Phase 5, DHA Defence",Karachi,Zameen
2644,https://www.zameen.com/Property/malir_falcon_complex_new_malir_brand_new_500_sq_yards_house_for_rent_in_falcon_complex_new_malir_spacious_stylish_ideal_for_families-54347561-9582-4.html,House,For Rent,500 Sq. Yd.,5,5.0,1 day ago,PKR 2.7 Lakh,"Falcon Complex New Malir, Malir",Karachi,Zameen
2645,https://www.zameen.com/Property/dha_defence_dha_phase_6_3-bedroom_apartment_for_rent_dha_phase_6_khayaban-e-ittehad-54687682-1483-4.html,Room,For Rent,133 Sq. Yd.,3,3.0,1 day ago,PKR 1.5 Lakh,"DHA Phase 6, DHA Defence",Karachi,Zameen
2646,https://www.zameen.com/Property/north_nazimabad_north_nazimabad_-_block_l_new_portion_available_for_rent-54437204-7220-4.html,Other,For Rent,450 Sq. Yd.,3,4.0,1 day ago,PKR 2.3 Lakh,"North Nazimabad - Block L, North Nazimabad",Karachi,Zameen
2647,https://www.zameen.com/Property/dha_phase_6_bukhari_commercial_area_premium_apartment_for_rent_in_bukhari_commercial_dha_phase_6_karachi-53568021-6674-4.html,Apartment,For Rent,100 Sq. Yd.,2,3.0,1 hour ago,PKR 1.3 Lakh,"Bukhari Commercial Area, DHA Phase 6",Karachi,Zameen
2648,https://www.zameen.com/Property/dha_phase_6_bukhari_commercial_area_prime_1st_floor_3-bedroom_with_lift_executive_apartment_for_rent_in_bukhari_commercial-54029232-6674-4.html,Room,For Rent,133 Sq. Yd.,3,3.0,2 hours ago,PKR 1.15 Lakh,"Bukhari Commercial Area, DHA Phase 6",Karachi,Zameen
2649,https://www.zameen.com/Property/gulshan_e_iqbal_town_gulshan-e-iqbal_in_karachi_you_can_find_the_perfect_upper_portion_for_rent-54061184-233-4.html,Upper Portion,For Rent,200 Sq. Yd.,3,4.0,2 hours ago,PKR 90 Thousand,"Gulshan-e-Iqbal, Gulshan-e-Iqbal Town",Karachi,Zameen
2650,https://www.zameen.com/Property/karachi_khalid_bin_walid_road_flat_for_rent-54691212-253-4.html,Flat,For Rent,161 Sq. Yd.,3,4.0,2 hours ago,PKR 1.85 Lakh,"Khalid Bin Walid Road, Karachi",Karachi,Zameen
2651,https://www.zameen.com/Property/dha_defence_dha_phase_7_protion_for_rent_600_yards-54691210-1484-4.html,Other,For Rent,600 Sq. Yd.,3,3.0,2 hours ago,PKR 3.25 Lakh,"DHA Phase 7, DHA Defence",Karachi,Zameen
2652,https://www.zameen.com/Property/dha_phase_6_bukhari_commercial_area_commercial_flat_for_office_for_rent_small_bukhari-54686228-6674-4.html,Flat,For Rent,61 Sq. Yd.,,2.0,2 hours ago,PKR 55 Thousand,"Bukhari Commercial Area, DHA Phase 6",Karachi,Zameen
2653,https://www.zameen.com/Property/dha_defence_dha_phase_6_well_designed_2_bedroom_apartment_with_lift_available_for_rent_in_dha_phase_6_karachi-54575968-1483-4.html,Room,For Rent,106 Sq. Yd.,2,2.0,3 hours ago,PKR 1.25 Lakh,"DHA Phase 6, DHA Defence",Karachi,Zameen
2654,https://www.zameen.com/Property/clifton_clifton_-_block_8_flat_available_for_rent_clifton_block_8-54629997-1670-4.html,Flat,For Rent,133 Sq. Yd.,2,3.0,2 hours ago,PKR 1 Lakh,"Clifton - Block 8, Clifton",Karachi,Zameen
2655,https://www.zameen.com/Property/bahria_town_karachi_bahria_town_-_precinct_12_fully_furnished_villa_on_rent_near_sports_complex_and_chirpy_park-54162143-10022-4.html,Villa,For Rent,125 Sq. Yd.,3,3.0,2 hours ago,PKR 90 Thousand,"Bahria Town - Precinct 12, Bahria Town Karachi",Karachi,Zameen
2656,https://www.zameen.com/Property/bahria_town_precinct_11_bahria_town_-_precinct_11-b_fully_furnished_125_sqy_with_basement_villa_for_rent_in_precinct_11b_bahria_town_karachi-53141097-10021-4.html,Villa,For Rent,125 Sq. Yd.,3,3.0,2 hours ago,PKR 1 Lakh,"Bahria Town - Precinct 11-B, Bahria Town - Precinct 11",Karachi,Zameen
2657,https://www.zameen.com/Property/bahria_town_karachi_bahria_town_-_precinct_12_fully_furnished_villa_on_rent_near_sports_complex_and_chirpy_park-54178243-10022-4.html,Villa,For Rent,125 Sq. Yd.,3,3.0,2 hours ago,PKR 90 Thousand,"Bahria Town - Precinct 12, Bahria Town Karachi",Karachi,Zameen
2658,https://www.zameen.com/Property/dha_defence_dha_phase_7_extension_100_yards_banglow_for_rent_in_dha_phase_7_extension-54687116-1674-4.html,Other,For Rent,100 Sq. Yd.,3,3.0,3 hours ago,PKR 2.1 Lakh,"DHA Phase 7 Extension, DHA Defence",Karachi,Zameen
2659,https://www.zameen.com/Property/dha_phase_8_emaar_the_views_emaar_the_views_tower_3_bed_dd_apartment_for_rent-54655843-17808-4.html,Apartment,For Rent,207 Sq. Yd.,3,3.0,3 hours ago,PKR 4.25 Lakh,"Emaar The Views, DHA Phase 8",Karachi,Zameen
2660,https://www.zameen.com/Property/dha_defence_dha_phase_6_luxury_furnished_2_bed_dd_apartment_for_rent_in_dha_phase_6_prime_commercial-54653094-1483-4.html,Apartment,For Rent,100 Sq. Yd.,2,2.0,3 hours ago,PKR 2 Lakh,"DHA Phase 6, DHA Defence",Karachi,Zameen
2661,https://www.zameen.com/Property/dha_defence_dha_phase_7_500_yards_upper_portion_for_rent_in_dha_phase_7_main_bahria-54602690-1484-4.html,Upper Portion,For Rent,500 Sq. Yd.,3,3.0,3 hours ago,PKR 2.6 Lakh,"DHA Phase 7, DHA Defence",Karachi,Zameen
2662,https://www.zameen.com/Property/dha_phase_8_emaar_the_views_luxury_4-bed_apartment_for_rent_in_emaar_the_views_north_full_sea_facing_3_711_sq_ft_dha_phase_8-54656476-17808-4.html,Apartment,For Rent,412 Sq. Yd.,4,6.0,3 days ago,PKR 5.49 Lakh,"Emaar The Views, DHA Phase 8",Karachi,Zameen
2663,https://www.zameen.com/Property/dha_defence_dha_phase_5_fully_furnished_bungalow_for_rent_5_bedrooms_basement_400_yards_garden_dha_phase_v-54627455-1482-4.html,Room,For Rent,850 Sq. Yd.,5,6.0,3 days ago,PKR 10 Lakh,"DHA Phase 5, DHA Defence",Karachi,Zameen
2664,https://www.zameen.com/Property/dha_defence_dha_phase_6_bungalow_for_rent_4_bedrooms_study_prime_location_dha_phase_6-54638821-1483-4.html,Room,For Rent,500 Sq. Yd.,4,6.0,3 days ago,PKR 6.5 Lakh,"DHA Phase 6, DHA Defence",Karachi,Zameen
2665,https://www.zameen.com/Property/karachi_shahra-e-faisal_2000_yards_independent_banglow_rent_for_office_school_collage_use-54331909-310-4.html,Office,For Rent,"2,000 Sq. Yd.",10,6.0,4 days ago,PKR 25 Lakh,"Shahra-e-Faisal, Karachi",Karachi,Zameen
2666,https://www.zameen.com/Property/dha_defence_dha_phase_5_recently_renovated_500_yards_luxury_bungalow_for_rent-54611061-1482-4.html,Other,For Rent,500 Sq. Yd.,5,6.0,4 days ago,PKR 5.5 Lakh,"DHA Phase 5, DHA Defence",Karachi,Zameen
2667,https://www.zameen.com/Property/north_nazimabad_north_nazimabad_-_block_l_portion_available_for_rent-54539221-7220-4.html,Other,For Rent,400 Sq. Yd.,3,4.0,1 day ago,PKR 1.6 Lakh,"North Nazimabad - Block L, North Nazimabad",Karachi,Zameen
2668,https://www.zameen.com/Property/dha_defence_dha_phase_7_upper_portion_for_rent-48353952-1484-4.html,Upper Portion,For Rent,500 Sq. Yd.,3,4.0,2 days ago,PKR 2.75 Lakh,"DHA Phase 7, DHA Defence",Karachi,Zameen
2669,https://www.zameen.com/Property/dha_defence_dha_phase_7_500_yard_portion_for_rent-34280113-1484-4.html,Other,For Rent,500 Sq. Yd.,3,3.0,2 days ago,PKR 2.8 Lakh,"DHA Phase 7, DHA Defence",Karachi,Zameen
2670,https://www.zameen.com/Property/dha_defence_dha_phase_8_upper_portion_on_rent-54590196-1485-4.html,Upper Portion,For Rent,500 Sq. Yd.,3,4.0,2 days ago,PKR 2.8 Lakh,"DHA Phase 8, DHA Defence",Karachi,Zameen
2671,https://www.zameen.com/Property/dha_defence_dha_phase_6_upper_portion_for_rent-54590209-1483-4.html,Upper Portion,For Rent,500 Sq. Yd.,3,4.0,2 days ago,PKR 2.8 Lakh,"DHA Phase 6, DHA Defence",Karachi,Zameen
2672,https://www.zameen.com/Property/dha_phase_8_creek_vista_creek_vista_furnished_apartments_4_bedroom_west_open_facing_lowe_floor-54180073-9058-4.html,Room,For Rent,418 Sq. Yd.,4,5.0,2 hours ago,PKR 3.5 Lakh,"Creek Vista, DHA Phase 8",Karachi,Zameen
2673,https://www.zameen.com/Property/dha_defence_dha_phase_8_premium_modern_500_square_yard_upper_portion_for_rent_in_dha_phase_8_1st_belt_karachi-54565802-1485-4.html,Upper Portion,For Rent,500 Sq. Yd.,3,4.0,2 hours ago,PKR 3.5 Lakh,"DHA Phase 8, DHA Defence",Karachi,Zameen
2674,https://www.zameen.com/Property/dha_defence_dha_phase_5_fully_renovated_1st_floor_apartment_available_for_rent_in_dha_phase_5_karachi-54575787-1482-4.html,Apartment,For Rent,111 Sq. Yd.,2,2.0,3 hours ago,PKR 70 Thousand,"DHA Phase 5, DHA Defence",Karachi,Zameen
2675,https://www.zameen.com/Property/clifton_clifton_-_block_7_clifton_marina_apartment_for_rent_4_bedroom_like_brand_new-54630240-1669-4.html,Room,For Rent,167 Sq. Yd.,4,5.0,3 hours ago,PKR 2 Lakh,"Clifton - Block 7, Clifton",Karachi,Zameen
2676,https://www.zameen.com/Property/dha_defence_dha_phase_8_luxury_3bed_dd_ground_portion_for_rent_in_dha_phase_8_prime_location-54602991-1485-4.html,Other,For Rent,500 Sq. Yd.,3,3.0,3 hours ago,PKR 3.5 Lakh,"DHA Phase 8, DHA Defence",Karachi,Zameen
2677,https://www.zameen.com/Property/dha_defence_dha_phase_6_fully_furnished_studio_apartment_for_rent_in_small_bukhari_commercial-54582865-1483-4.html,Apartment,For Rent,50 Sq. Yd.,2,2.0,3 hours ago,PKR 85 Thousand,"DHA Phase 6, DHA Defence",Karachi,Zameen
2678,https://www.zameen.com/Property/dha_defence_dha_phase_7_extension_100_yards_bungalow_for_rent_in_dha_phase_7_extension-54573623-1674-4.html,Other,For Rent,100 Sq. Yd.,4,4.0,3 hours ago,PKR 2.5 Lakh,"DHA Phase 7 Extension, DHA Defence",Karachi,Zameen
2679,https://www.zameen.com/Property/dha_defence_dha_phase_6_luxury_3bed_lounge_upper_portion_for_rent_in_dha_phase_6_near_phase-54491911-1483-4.html,Upper Portion,For Rent,500 Sq. Yd.,3,3.0,3 hours ago,PKR 2.6 Lakh,"DHA Phase 6, DHA Defence",Karachi,Zameen
2680,https://www.zameen.com/Property/dha_defence_dha_phase_8_luxury_sea_facing_3_bed_dd_apartment_for_rent_in_emmar_pearl_tower-54485396-1485-4.html,Apartment,For Rent,300 Sq. Yd.,3,3.0,3 hours ago,PKR 4 Lakh,"DHA Phase 8, DHA Defence",Karachi,Zameen
2681,https://www.zameen.com/Property/dha_defence_dha_phase_8_luxury_500_yards_ground_portion_for_rent_in_dha_phase_8-54432539-1485-4.html,Other,For Rent,500 Sq. Yd.,2,2.0,3 hours ago,PKR 3 Lakh,"DHA Phase 8, DHA Defence",Karachi,Zameen
2682,https://www.zameen.com/Property/dha_defence_dha_phase_7_extension_luxury_500_yards_upper_portion_for_rent_in_dha_phase_7_extension-54404337-1674-4.html,Upper Portion,For Rent,500 Sq. Yd.,3,3.0,3 hours ago,PKR 3 Lakh,"DHA Phase 7 Extension, DHA Defence",Karachi,Zameen
2683,https://www.zameen.com/Property/dha_defence_dha_phase_8_full_sea_facing_apartment_for_rent_in_emmar_ocean_front-54403650-1485-4.html,Apartment,For Rent,239 Sq. Yd.,3,3.0,3 hours ago,PKR 5 Lakh,"DHA Phase 8, DHA Defence",Karachi,Zameen
2684,https://www.zameen.com/Property/dha_defence_dha_phase_7_extension_120_yards_bungalow_for_rent_in_dha_phase_7_extension-54403594-1674-4.html,Other,For Rent,120 Sq. Yd.,4,4.0,3 hours ago,PKR 2.5 Lakh,"DHA Phase 7 Extension, DHA Defence",Karachi,Zameen
2685,https://www.zameen.com/Property/dha_defence_dha_phase_7_extension_fully_furnished_500yards_luxury_bungalow_for_rent-54388063-1674-4.html,Other,For Rent,500 Sq. Yd.,5,5.0,3 hours ago,PKR 6.5 Lakh,"DHA Phase 7 Extension, DHA Defence",Karachi,Zameen
2686,https://www.zameen.com/Property/dha_defence_dha_phase_5_vip_new_lavish_furnished_flat_for_rent_fully_renuwated_just_like_new_only_for_long_term_agreement_1_st_floor-53429994-1482-4.html,Flat,For Rent,111 Sq. Yd.,2,2.0,3 hours ago,PKR 1.4 Lakh,"DHA Phase 5, DHA Defence",Karachi,Zameen
2687,https://www.zameen.com/Property/dha_phase_8_emaar_crescent_bay_sophisticated_2-bedroom_penthouse_for_rent_at_emaar_reef_tower-54655148-8503-4.html,Penthouse,For Rent,288 Sq. Yd.,2,4.0,4 days ago,PKR 4 Lakh,"Emaar Crescent Bay, DHA Phase 8",Karachi,Zameen
2688,https://www.zameen.com/Property/dha_phase_8_emaar_crescent_bay_the_views_emaar_2-bedroom_sea-facing_apartment_available_for_rent-54626017-8503-4.html,Room,For Rent,197 Sq. Yd.,2,3.0,4 days ago,PKR 3 Lakh,"Emaar Crescent Bay, DHA Phase 8",Karachi,Zameen
2689,https://www.zameen.com/Property/dha_phase_8_emaar_crescent_bay_luxury_3-bedroom_with_higher_floor_sea-facing_apartment_for_rent_the_views_tower_emaar-54626397-8503-4.html,Room,For Rent,276 Sq. Yd.,3,5.0,4 days ago,PKR 3.55 Lakh,"Emaar Crescent Bay, DHA Phase 8",Karachi,Zameen
2690,https://www.zameen.com/Property/dha_defence_dha_phase_8_luxury_1000_sq_yards_bungalow_for_rent_dha_phase_8-54582886-1485-4.html,Other,For Rent,"1,000 Sq. Yd.",6,7.0,4 days ago,PKR 21 Lakh,"DHA Phase 8, DHA Defence",Karachi,Zameen
2691,https://www.zameen.com/Property/dha_defence_dha_phase_8_bungalow_500_sq_yards_2_units_with_basement_dha_phase_8-54576956-1485-4.html,Other,For Rent,500 Sq. Yd.,6,6.0,4 days ago,PKR 6.5 Lakh,"DHA Phase 8, DHA Defence",Karachi,Zameen
2692,https://www.zameen.com/Property/dha_defence_dha_phase_7_upper_portion_for_rent-54590211-1484-4.html,Upper Portion,For Rent,500 Sq. Yd.,3,4.0,2 days ago,PKR 2.7 Lakh,"DHA Phase 7, DHA Defence",Karachi,Zameen
2693,https://www.zameen.com/Property/dha_defence_dha_phase_7_upper_portion_for_rent-54590204-1484-4.html,Upper Portion,For Rent,500 Sq. Yd.,3,4.0,2 days ago,PKR 2.7 Lakh,"DHA Phase 7, DHA Defence",Karachi,Zameen
2694,https://www.zameen.com/Property/pechs_pechs_block_2_beautiful_brand_new_3_bed_drawing_portion_for_rent-54679794-6933-4.html,Other,For Rent,200 Sq. Yd.,3,3.0,2 days ago,PKR 1.5 Lakh,"PECHS Block 2, PECHS",Karachi,Zameen
2695,https://www.zameen.com/Property/pechs_pechs_block_6_1200_square_yards_spacious_house_is_available_in_pechs_block_6_for_rent-54520890-6935-4.html,House,For Rent,"1,200 Sq. Yd.",11,7.0,2 days ago,PKR 12.5 Lakh,"PECHS Block 6, PECHS",Karachi,Zameen
2696,https://www.zameen.com/Property/pechs_pechs_block_6_750_yards_commercial_use_independent_bungalow_for_rent_in_outstanding_condition_boasting_8_000_sqft_of_carpeted_area_suitable_for_any_kind_of_business_located_in_wide_road_near_shahrah-e-faisal_karsaz_and_shaheed-e-millat-52894345-6935-4.html,Other,For Rent,750 Sq. Yd.,11,7.0,2 days ago,PKR 8.5 Lakh,"PECHS Block 6, PECHS",Karachi,Zameen
2697,https://www.zameen.com/Property/clifton_clifton_-_block_9_for_rent_brand_new_2_700_sq_ft_3-bed_dd_luxury_apartment_zamzam_arcade_clifton_block_9_karachi-54629839-1671-4.html,Apartment,For Rent,300 Sq. Yd.,3,4.0,2 hours ago,PKR 3 Lakh,"Clifton - Block 9, Clifton",Karachi,Zameen
2698,https://www.zameen.com/Property/dha_phase_6_nishat_commercial_area_for_rent_fully_furnished_2_000_sq_ft_4-bedroom_apartment_front_entrance-54621514-8491-4.html,Room,For Rent,222 Sq. Yd.,4,4.0,2 hours ago,PKR 2.25 Lakh,"Nishat Commercial Area, DHA Phase 6",Karachi,Zameen
2699,https://www.zameen.com/Property/north_nazimabad_north_nazimabad_-_block_n_flat_available_for_rent-53991454-7222-4.html,Flat,For Rent,178 Sq. Yd.,3,3.0,3 hours ago,PKR 75 Thousand,"North Nazimabad - Block N, North Nazimabad",Karachi,Zameen
2700,https://www.zameen.com/Property/dha_defence_dha_phase_6_500_yards_bungalow_for_rent-54580751-1483-4.html,Other,For Rent,500 Sq. Yd.,5,6.0,3 hours ago,PKR 4.85 Lakh,"DHA Phase 6, DHA Defence",Karachi,Zameen
2701,https://www.zameen.com/Property/dha_defence_dha_phase_8_500_yards_lower_portion_for_rent-54609986-1485-4.html,Lower Portion,For Rent,500 Sq. Yd.,3,4.0,3 hours ago,PKR 3 Lakh,"DHA Phase 8, DHA Defence",Karachi,Zameen
2702,https://www.zameen.com/Property/dha_defence_dha_phase_8_500_yards_ground_floor_portion_for_rent-54609994-1485-4.html,Other,For Rent,500 Sq. Yd.,3,3.0,3 hours ago,PKR 2.75 Lakh,"DHA Phase 8, DHA Defence",Karachi,Zameen
2703,https://www.zameen.com/Property/dha_defence_dha_phase_8_1000_yards_bungalow_for_rent-54614388-1485-4.html,Other,For Rent,"1,000 Sq. Yd.",6,6.0,3 hours ago,PKR 12 Lakh,"DHA Phase 8, DHA Defence",Karachi,Zameen
2704,https://www.zameen.com/Property/dha_defence_dha_phase_7_extension_fully_furnished_3_bed_dd_apartment_for_rent-54385303-1674-4.html,Apartment,For Rent,128 Sq. Yd.,3,3.0,3 hours ago,PKR 2.5 Lakh,"DHA Phase 7 Extension, DHA Defence",Karachi,Zameen
2705,https://www.zameen.com/Property/qayyumabad_qayyumabad_-_a_area_bedroom_apartment_for_rent_with_attached_washrooms_in_qayoma_bad-54192650-7255-4.html,Room,For Rent,89 Sq. Yd.,1,1.0,3 hours ago,PKR 20 Thousand,"Qayyumabad - A Area, Qayyumabad",Karachi,Zameen
2706,https://www.zameen.com/Property/dha_defence_dha_phase_8_500_yards_first_floor_portion_for_rent-54385185-1485-4.html,Other,For Rent,500 Sq. Yd.,3,4.0,3 hours ago,PKR 2.35 Lakh,"DHA Phase 8, DHA Defence",Karachi,Zameen
2707,https://www.zameen.com/Property/karachi_civil_lines_apartment_for_rent-54447884-493-4.html,Apartment,For Rent,259 Sq. Yd.,3,3.0,3 hours ago,PKR 3 Lakh,"Civil Lines, Karachi",Karachi,Zameen
2708,https://www.zameen.com/Property/dha_defence_dha_phase_8_500_yards_slightly_used_lower_portion_for_rent-54381264-1485-4.html,Lower Portion,For Rent,500 Sq. Yd.,3,3.0,3 hours ago,PKR 2.75 Lakh,"DHA Phase 8, DHA Defence",Karachi,Zameen
2709,https://www.zameen.com/Property/dha_defence_dha_phase_8_1000_yards_fully_renovated_ready_to_move_bungalow_for_rent-54614401-1485-4.html,Other,For Rent,"1,000 Sq. Yd.",6,6.0,3 hours ago,PKR 12 Lakh,"DHA Phase 8, DHA Defence",Karachi,Zameen
2710,https://www.zameen.com/Property/dha_defence_dha_phase_8_500_yards_lower_portion_for_rent-54658116-1485-4.html,Lower Portion,For Rent,500 Sq. Yd.,3,3.0,3 hours ago,PKR 2.7 Lakh,"DHA Phase 8, DHA Defence",Karachi,Zameen
2711,https://www.zameen.com/Property/dha_defence_dha_phase_8_500_yards_upper_portion_for_rent_only_for_small_family-54679142-1485-4.html,Upper Portion,For Rent,500 Sq. Yd.,3,3.0,3 hours ago,PKR 2.5 Lakh,"DHA Phase 8, DHA Defence",Karachi,Zameen
2712,https://www.zameen.com/Property/dha_defence_dha_phase_8_elegant_2-unit_bungalow_with_basement_available_for_rent_in_dha_phase_8-54661087-1485-4.html,Other,For Rent,500 Sq. Yd.,6,7.0,4 days ago,PKR 6.5 Lakh,"DHA Phase 8, DHA Defence",Karachi,Zameen
2713,https://www.zameen.com/Property/dha_phase_8_emaar_crescent_bay_brand_new_three_beds_apartment_available_for_rent-54650012-8503-4.html,Apartment,For Rent,272 Sq. Yd.,3,5.0,4 days ago,PKR 3.5 Lakh,"Emaar Crescent Bay, DHA Phase 8",Karachi,Zameen
2714,https://www.zameen.com/Property/dha_phase_8_emaar_crescent_bay_premium_3-bedroom_apartment_for_rent_emaar_karachi-54596799-8503-4.html,Room,For Rent,244 Sq. Yd.,3,5.0,4 days ago,PKR 4.2 Lakh,"Emaar Crescent Bay, DHA Phase 8",Karachi,Zameen
2715,https://www.zameen.com/Property/dha_defence_dha_phase_7_semi-furnished_bungalow_for_rent_5_bedrooms_study_4-car_parking_prime_location_dha_phase_vii-54625321-1484-4.html,Room,For Rent,700 Sq. Yd.,5,6.0,3 days ago,PKR 6.5 Lakh,"DHA Phase 7, DHA Defence",Karachi,Zameen
2716,https://www.zameen.com/Property/dha_defence_dha_phase_6_west_open_bungalow_for_rent_5_bedrooms_study_2_kitchens_prime_location_dha_phase_vi-54667235-1483-4.html,Room,For Rent,500 Sq. Yd.,5,6.0,3 days ago,PKR 4.8 Lakh,"DHA Phase 6, DHA Defence",Karachi,Zameen
2717,https://www.zameen.com/Property/dha_defence_dha_phase_6_600_yard_banglow_for_rent_in_phase_6-54670120-1483-4.html,Other,For Rent,600 Sq. Yd.,5,6.0,2 days ago,PKR 5.15 Lakh,"DHA Phase 6, DHA Defence",Karachi,Zameen
2718,https://www.zameen.com/Property/clifton_clifton_-_block_5_portion_for_rent_clifton_block_5_250_yard_s_3_bedroom_s_fully_furnished-54533892-1667-4.html,Room,For Rent,250 Sq. Yd.,2,2.0,20 hours ago,PKR 3.25 Lakh,"Clifton - Block 5, Clifton",Karachi,Zameen
2719,https://www.zameen.com/Property/gulistan_e_jauhar_gulistan-e-jauhar_-_block_14_well_maintained_portion_for_rent-54688255-6838-4.html,Other,For Rent,300 Sq. Yd.,3,3.0,4 hours ago,PKR 95 Thousand,"Gulistan-e-Jauhar - Block 14, Gulistan-e-Jauhar",Karachi,Zameen
2720,https://www.zameen.com/Property/university_road_urban_twin_towers_4_bed_dd_apartment_for_rent_in_urban_twin_towers_near_agha_khan_hospital-54691786-11667-4.html,Apartment,For Rent,328 Sq. Yd.,4,5.0,5 hours ago,PKR 3.25 Lakh,"Urban Twin Towers, University Road",Karachi,Zameen
2721,https://www.zameen.com/Property/dha_defence_dha_phase_7_extension_1_3_planning_120_yards_bungalow_available_for_rent_at_dha_phase_7_extension-54690777-1674-4.html,Other,For Rent,120 Sq. Yd.,4,5.0,8 hours ago,PKR 2.4 Lakh,"DHA Phase 7 Extension, DHA Defence",Karachi,Zameen
2722,https://www.zameen.com/Property/dha_defence_dha_phase_5_for_rent_fully_furnished_2-bed_dd_apartment_country_club_apartments_dha_phase_5_karachi-54670046-1482-4.html,Apartment,For Rent,144 Sq. Yd.,2,2.0,2 hours ago,PKR 1.35 Lakh,"DHA Phase 5, DHA Defence",Karachi,Zameen
2723,https://www.zameen.com/Property/dha_phase_8_dha_phase_8_-_zone_a_premium_500_square_yard_furnished_bungalow_for_rent_in_dha_phase_8_karachi-54461782-6677-4.html,Other,For Rent,500 Sq. Yd.,6,,2 hours ago,PKR 6.5 Lakh,"DHA Phase 8 - Zone A, DHA Phase 8",Karachi,Zameen
2724,https://www.zameen.com/Property/dha_defence_dha_phase_7_extension_fully_furnished_double_story_bungalow_for_rent_in_dha_phase_7_ext_with_full_basement-54510534-1674-4.html,Other,For Rent,100 Sq. Yd.,3,3.0,3 hours ago,PKR 2.7 Lakh,"DHA Phase 7 Extension, DHA Defence",Karachi,Zameen
2725,https://www.zameen.com/Property/dha_defence_dha_phase_8_500yards_most_luxurious_and_architecture_ultra_modern_style_double_story_bungalow_ground_portion_for_rent_in_dha_phase_8_most_elite_class_location_in_dha_karachi-54670238-1485-4.html,Other,For Rent,500 Sq. Yd.,3,4.0,3 hours ago,PKR 3.6 Lakh,"DHA Phase 8, DHA Defence",Karachi,Zameen
2726,https://www.zameen.com/Property/dha_defence_dha_phase_8_500yards_two_unit_double_story_bungalow_for_rent_in_dha_phase_8_most_prime_location_in_dha_karachi-54679051-1485-4.html,Other,For Rent,500 Sq. Yd.,6,6.0,3 hours ago,PKR 6.75 Lakh,"DHA Phase 8, DHA Defence",Karachi,Zameen
2727,https://www.zameen.com/Property/dha_defence_dha_phase_7_500yards_upper_portion_for_rent_in_dha_phase_7_with_separate_main_gate-54679692-1484-4.html,Upper Portion,For Rent,500 Sq. Yd.,3,4.0,3 hours ago,PKR 2.85 Lakh,"DHA Phase 7, DHA Defence",Karachi,Zameen
2728,https://www.zameen.com/Property/dha_defence_dha_phase_7_extension_100yards_double_storey_bungalow_for_rent_in_dha_phase_7_ext-54613980-1674-4.html,Other,For Rent,100 Sq. Yd.,3,3.0,4 hours ago,PKR 2.1 Lakh,"DHA Phase 7 Extension, DHA Defence",Karachi,Zameen
2729,https://www.zameen.com/Property/dha_defence_dha_phase_6_500yards_upper_portion_for_rent_in_dha_phase_6_most_elite_class_location_in_dha_karachi-54082316-1483-4.html,Upper Portion,For Rent,500 Sq. Yd.,3,4.0,3 hours ago,PKR 3.5 Lakh,"DHA Phase 6, DHA Defence",Karachi,Zameen
2730,https://www.zameen.com/Property/dha_defence_dha_phase_7_500yards_most_luxurious_and_architecture_ultra_modern_style_upper_portion_for_rent_in_dha_phase_7-54497749-1484-4.html,Upper Portion,For Rent,500 Sq. Yd.,3,3.0,3 hours ago,PKR 2.7 Lakh,"DHA Phase 7, DHA Defence",Karachi,Zameen
2731,https://www.zameen.com/Property/dha_defence_dha_phase_7_extension_most_luxurious_house_for_rent-54294254-1674-4.html,House,For Rent,120 Sq. Yd.,4,4.0,3 hours ago,PKR 2.4 Lakh,"DHA Phase 7 Extension, DHA Defence",Karachi,Zameen
2732,https://www.zameen.com/Property/dha_defence_dha_phase_6_semi_furnished_or_unfurnished_most_luxurious_apartment_for_rent_in_dha_phase_6_ittehad_commercial-54599496-1483-4.html,Apartment,For Rent,200 Sq. Yd.,3,3.0,3 hours ago,PKR 1.8 Lakh,"DHA Phase 6, DHA Defence",Karachi,Zameen
2733,https://www.zameen.com/Property/dha_defence_dha_phase_6_fully_furnished_appartment_for_rent_in_dha_phase_6_nishat_commercial-54599501-1483-4.html,Other,For Rent,244 Sq. Yd.,3,3.0,3 hours ago,PKR 1.95 Lakh,"DHA Phase 6, DHA Defence",Karachi,Zameen
2734,https://www.zameen.com/Property/dha_defence_dha_phase_6_full_floor_appartment_for_rent_in_dha_phase_6_ittehad_commercial-54675176-1483-4.html,Other,For Rent,222 Sq. Yd.,4,4.0,3 hours ago,PKR 1.65 Lakh,"DHA Phase 6, DHA Defence",Karachi,Zameen
2735,https://www.zameen.com/Property/dha_defence_dha_phase_6_500yards_bungalow_for_rent_in_dha_phase_6-54679707-1483-4.html,Other,For Rent,500 Sq. Yd.,5,5.0,3 hours ago,PKR 4.5 Lakh,"DHA Phase 6, DHA Defence",Karachi,Zameen
2736,https://www.zameen.com/Property/dha_defence_dha_phase_7_extension_500_yards_bungalow_upper_portion_for_rent_in_dha_phase_7_ext_most_elite_class_location_in_dha_karachi-54534516-1674-4.html,Upper Portion,For Rent,500 Sq. Yd.,3,3.0,4 hours ago,PKR 2.8 Lakh,"DHA Phase 7 Extension, DHA Defence",Karachi,Zameen
2737,https://www.zameen.com/Property/dha_phase_8_emaar_crescent_bay_the_views_tower_02_bedrooms_apartment_in_available_for_rent-54606530-8503-4.html,Room,For Rent,154 Sq. Yd.,2,3.0,5 days ago,PKR 3.35 Lakh,"Emaar Crescent Bay, DHA Phase 8",Karachi,Zameen
2738,https://www.zameen.com/Property/dha_phase_8_emaar_the_views_chace_deal_of_views_tower-54663667-17808-4.html,Other,For Rent,156 Sq. Yd.,2,3.0,5 days ago,PKR 2.55 Lakh,"Emaar The Views, DHA Phase 8",Karachi,Zameen
2739,https://www.zameen.com/Property/dha_phase_8_emaar_crescent_bay_emaar_reef_tower_1_4_bedroom_apartment_for_rent-54632313-8503-4.html,Room,For Rent,292 Sq. Yd.,4,6.0,6 days ago,PKR 4 Lakh,"Emaar Crescent Bay, DHA Phase 8",Karachi,Zameen
2740,https://www.zameen.com/Property/pechs_pechs_block_6_1000_sq_yards_commercial_bungalow_for_rent_pechs_block_6-54586830-6935-4.html,Other,For Rent,"1,000 Sq. Yd.",11,7.0,6 days ago,PKR 16 Lakh,"PECHS Block 6, PECHS",Karachi,Zameen
2741,https://www.zameen.com/Property/emaar_crescent_bay_emaar_coral_towers_emaar_reef_towers_4_bed_brand_new_partail_sea_facing_apartment_available_for_rent-45934779-10721-4.html,Apartment,For Rent,289 Sq. Yd.,4,6.0,6 days ago,PKR 4 Lakh,"Emaar Coral Towers, Emaar Crescent Bay",Karachi,Zameen
2742,https://www.zameen.com/Property/clifton_clifton_-_block_1_luxurious_sea-facing_penthouse_for_rent_in_clifton_block-1_brand_new_duplex_with_premium_amenities-51489458-1663-4.html,Penthouse,For Rent,400 Sq. Yd.,,,12 hours ago,PKR 2.25 Lakh,"Clifton - Block 1, Clifton",Karachi,Zameen
2743,https://www.zameen.com/Property/gulshan_e_iqbal_gulshan-e-iqbal_-_block_13_d-1_portion_for_rent-54645821-6875-4.html,Other,For Rent,400 Sq. Yd.,3,3.0,1 day ago,PKR 2 Lakh,"Gulshan-e-Iqbal - Block 13/D-1, Gulshan-e-Iqbal",Karachi,Zameen
2744,https://www.zameen.com/Property/dha_defence_dha_phase_7_upper_floor_portion_available_for_rent_dha_phase_7_khy_rizwan-54568541-1484-4.html,Other,For Rent,300 Sq. Yd.,3,3.0,1 day ago,PKR 1.1 Lakh,"DHA Phase 7, DHA Defence",Karachi,Zameen
2745,https://www.zameen.com/Property/scheme_33_meerut_society_independent_almost_new_70ft_wide_road_play_ground_face_only_urdu_speaking-54680726-9078-4.html,Other,For Rent,240 Sq. Yd.,6,6.0,1 day ago,PKR 2 Lakh,"Meerut Society, Scheme 33",Karachi,Zameen
2746,https://www.zameen.com/Property/dha_defence_dha_phase_6_ground_portion_for_rent-54632739-1483-4.html,Other,For Rent,500 Sq. Yd.,3,4.0,2 days ago,PKR 3.3 Lakh,"DHA Phase 6, DHA Defence",Karachi,Zameen
2747,https://www.zameen.com/Property/dha_defence_dha_phase_5_spacious_1_000_square_yard_old_but_well-maintained_7-bedroom_bungalow_near_khayaban-e-shamsheer_dha_phase_5_karachi-54581311-1482-4.html,Room,For Rent,"1,000 Sq. Yd.",7,7.0,2 hours ago,PKR 8.5 Lakh,"DHA Phase 5, DHA Defence",Karachi,Zameen
2748,https://www.zameen.com/Property/karachi_naya_nazimabad_naya_nazimabad_block_d_160_square_yard_bungalow_available_for_rent-54055726-10079-4.html,Other,For Rent,160 Sq. Yd.,5,5.0,4 hours ago,PKR 1.65 Lakh,"Naya Nazimabad, Karachi",Karachi,Zameen
2749,https://www.zameen.com/Property/dha_defence_dha_phase_6_3_bed_dd_apartment_for_rent_with_car_parking_in_dha_phase_6-54691054-1483-4.html,Apartment,For Rent,189 Sq. Yd.,3,3.0,4 hours ago,PKR 1.65 Lakh,"DHA Phase 6, DHA Defence",Karachi,Zameen
2750,https://www.zameen.com/Property/bahria_town_precinct_11_bahria_town_-_precinct_11-a_200sq_yd_3_bedrooms_luxury_villa_is_available_for_rent_8km_from_entrance_of_btk_3_bed_ddl_1_kitchen-54630987-10020-4.html,Room,For Rent,200 Sq. Yd.,3,3.0,4 hours ago,PKR 55 Thousand,"Bahria Town - Precinct 11-A, Bahria Town - Precinct 11",Karachi,Zameen
2751,https://www.zameen.com/Property/bahria_town_karachi_bahria_town_-_precinct_1_5_bedrooms_luxurious_villa_for_rent_near_main_entrance_of_bahria_town-54635785-10007-4.html,Room,For Rent,272 Sq. Yd.,5,5.0,4 hours ago,PKR 70 Thousand,"Bahria Town - Precinct 1, Bahria Town Karachi",Karachi,Zameen
2752,https://www.zameen.com/Property/bahria_town_karachi_bahria_town_-_precinct_8_prime_location_house_of_272_square_yards_available_for_rent_in_bahria_town_-_precinct_8-54688395-10016-4.html,House,For Rent,272 Sq. Yd.,5,5.0,5 hours ago,PKR 1 Lakh,"Bahria Town - Precinct 8, Bahria Town Karachi",Karachi,Zameen
2753,https://www.zameen.com/Property/bahria_town_karachi_bahria_paradise_bahria_paradise_villa_karachi_500_sq_yards_luxury_villa_tour_5_bed_villa_bahria_town_karachi-54666556-11458-4.html,Villa,For Rent,500 Sq. Yd.,5,5.0,5 hours ago,PKR 1.3 Lakh,"Bahria Paradise, Bahria Town Karachi",Karachi,Zameen
2754,https://www.zameen.com/Property/bahria_town_precinct_11_bahria_town_-_precinct_11-b_152sq_yd_3_bedrooms_luxury_villa_is_available_for_rent_8km_from_entrance_of_btk_3_bed_ddl_1_kitchen-54559009-10021-4.html,Room,For Rent,152 Sq. Yd.,3,3.0,4 hours ago,PKR 55 Thousand,"Bahria Town - Precinct 11-B, Bahria Town - Precinct 11",Karachi,Zameen
2755,https://www.zameen.com/Property/north_nazimabad_north_nazimabad_-_block_d_north_nazimabad_block_d_ground_floor_3_bed_dd_3_attached_washrooms_renovated_portion-54692025-7212-4.html,Room,For Rent,200 Sq. Yd.,3,3.0,4 hours ago,PKR 1.05 Lakh,"North Nazimabad - Block D, North Nazimabad",Karachi,Zameen
2756,https://www.zameen.com/Property/dha_phase_6_ittehad_commercial_area_furnished_apartment_available_for_rent_ittehad_commercial_dha_phase_6-54692018-6673-4.html,Apartment,For Rent,128 Sq. Yd.,3,3.0,4 hours ago,PKR 2 Lakh,"Ittehad Commercial Area, DHA Phase 6",Karachi,Zameen
2757,https://www.zameen.com/Property/bahria_town_karachi_bahria_town_-_jinnah_avenue_for_rent_brand_new_apartment_1440_sq_ft_3_bed_main_jinnah_avenue_btk-54657557-13847-4.html,Apartment,For Rent,160 Sq. Yd.,3,3.0,4 hours ago,PKR 40 Thousand,"Bahria Town - Jinnah Avenue, Bahria Town Karachi",Karachi,Zameen
2758,https://www.zameen.com/Property/dha_phase_8_emaar_crescent_bay_2_bed_brand_new_apartment_for_rent_in_the_views_tower_emaar_oceanfront-54547317-8503-4.html,Apartment,For Rent,201 Sq. Yd.,2,3.0,4 hours ago,PKR 2.7 Lakh,"Emaar Crescent Bay, DHA Phase 8",Karachi,Zameen
2759,https://www.zameen.com/Property/dha_phase_8_emaar_crescent_bay_100_confirmed_chance_deal_brand_new_3_bed_maid_2600_sqft_boulevard_view_higher_floor_the_views_tower_emaar_oceanfront-54547946-8503-4.html,Other,For Rent,289 Sq. Yd.,3,5.0,4 hours ago,PKR 3.7 Lakh,"Emaar Crescent Bay, DHA Phase 8",Karachi,Zameen
2760,https://www.zameen.com/Property/bahria_town_karachi_bahria_sports_city_350_sq_yards_luxury_4_bed_villa_for_rent_precinct_35_bahria_sports_city_bahria_town_karachi-54670858-10061-4.html,Villa,For Rent,350 Sq. Yd.,4,4.0,5 hours ago,PKR 45 Thousand,"Bahria Sports City, Bahria Town Karachi",Karachi,Zameen
2761,https://www.zameen.com/Property/bahria_town_karachi_bahria_town_-_precinct_31_235_sq_yards_3_bed_villa_for_rent_in_bahria_homes_precinct_31_bahria_town_karachi-54670820-10045-4.html,Villa,For Rent,235 Sq. Yd.,3,3.0,5 hours ago,PKR 38 Thousand,"Bahria Town - Precinct 31, Bahria Town Karachi",Karachi,Zameen
2762,https://www.zameen.com/Property/dha_phase_8_emaar_the_views_emaar_the_views_towers_brand_new_3bed_seafacing_avaliable_flat_for_rent-54122557-17808-4.html,Flat,For Rent,276 Sq. Yd.,3,5.0,6 days ago,PKR 4 Lakh,"Emaar The Views, DHA Phase 8",Karachi,Zameen
2763,https://www.zameen.com/Property/dha_phase_8_emaar_the_views_luxurious_02-beds_brand_new_apartment_for_rent-54614870-17808-4.html,Apartment,For Rent,200 Sq. Yd.,2,3.0,4 days ago,PKR 2.55 Lakh,"Emaar The Views, DHA Phase 8",Karachi,Zameen
2764,https://www.zameen.com/Property/emaar_crescent_bay_emaar_coral_towers_emaar_coral_towers_4bed_seafacing_avaliable_for_rent-54662589-10721-4.html,Other,For Rent,289 Sq. Yd.,4,6.0,6 days ago,PKR 3.5 Lakh,"Emaar Coral Towers, Emaar Crescent Bay",Karachi,Zameen
2765,https://www.zameen.com/Property/malir_falcon_complex_new_malir_a_spacious_500_square_yards_house_in_falcon_complex_new_malir-54033184-9582-4.html,House,For Rent,500 Sq. Yd.,5,5.0,1 week ago,PKR 2.5 Lakh,"Falcon Complex New Malir, Malir",Karachi,Zameen
2766,https://www.zameen.com/Property/dha_defence_dha_phase_5_slightly_use_1000_yards_fully_furnished_house_with_pool_for_rent_dha_defence_phase_v_karachi-54621202-1482-4.html,House,For Rent,"1,000 Sq. Yd.",5,6.0,1 week ago,PKR 22 Lakh,"DHA Phase 5, DHA Defence",Karachi,Zameen
2767,https://www.zameen.com/Property/dha_defence_dha_phase_6_upper_portion_for_rent-52747150-1483-4.html,Upper Portion,For Rent,500 Sq. Yd.,3,4.0,2 days ago,PKR 2.9 Lakh,"DHA Phase 6, DHA Defence",Karachi,Zameen
2768,https://www.zameen.com/Property/karachi_bath_island_prime_location_2400_square_feet_flat_in_bath_island_is_available_for_rent-54685442-198-4.html,Flat,For Rent,267 Sq. Yd.,3,3.0,2 days ago,PKR 3.5 Lakh,"Bath Island, Karachi",Karachi,Zameen
2769,https://www.zameen.com/Property/dha_defence_dha_phase_6_500_yards_bungalow_for_rent-54689611-1483-4.html,Other,For Rent,500 Sq. Yd.,4,6.0,12 hours ago,PKR 5.25 Lakh,"DHA Phase 6, DHA Defence",Karachi,Zameen
2770,https://www.zameen.com/Property/dha_defence_dha_phase_6_bungalow_available_for_rent-54674484-1483-4.html,Other,For Rent,"1,000 Sq. Yd.",6,6.0,8 hours ago,PKR 18 Lakh,"DHA Phase 6, DHA Defence",Karachi,Zameen
2771,https://www.zameen.com/Property/karachi_tipu_sultan_road_luxury_flat_with_servant_room-53746300-415-4.html,Room,For Rent,300 Sq. Yd.,4,6.0,10 hours ago,PKR 2.6 Lakh,"Tipu Sultan Road, Karachi",Karachi,Zameen
2772,https://www.zameen.com/Property/dha_phase_8_emaar_crescent_bay_3_bedroom_full_sea_facing_apartment_available_for_rent_in_pearl_tower-53042525-8503-4.html,Room,For Rent,272 Sq. Yd.,3,5.0,4 hours ago,PKR 3 Lakh,"Emaar Crescent Bay, DHA Phase 8",Karachi,Zameen
2773,https://www.zameen.com/Property/dha_phase_8_emaar_crescent_bay_luxury_3_bedroom_sea_facing_apartment_available_for_rent_in_pearl_tower-53684641-8503-4.html,Room,For Rent,272 Sq. Yd.,3,5.0,4 hours ago,PKR 3.5 Lakh,"Emaar Crescent Bay, DHA Phase 8",Karachi,Zameen
2774,https://www.zameen.com/Property/bahria_town_karachi_bahria_town_-_precinct_1_bahria_town_karachi_precinct_1_villa_tour_250_sq_yards_luxury_villa_5_bed_house_complete_tour-54666649-10007-4.html,House,For Rent,250 Sq. Yd.,5,5.0,5 hours ago,PKR 1.15 Lakh,"Bahria Town - Precinct 1, Bahria Town Karachi",Karachi,Zameen
2775,https://www.zameen.com/Property/bahria_town_karachi_bahria_town_-_precinct_2_200_sq_yards_quaid_villa_for_rent_in_bahria_town_karachi_precinct_2-54666734-10010-4.html,Villa,For Rent,200 Sq. Yd.,3,3.0,5 hours ago,PKR 70 Thousand,"Bahria Town - Precinct 2, Bahria Town Karachi",Karachi,Zameen
2776,https://www.zameen.com/Property/dha_phase_8_al-murtaza_commercial_area_flat_of_1100_square_feet_is_available_for_rent_in_al-murtaza_commercial_area_karachi-54240333-10370-4.html,Flat,For Rent,122 Sq. Yd.,3,3.0,5 hours ago,PKR 1.95 Lakh,"Al-Murtaza Commercial Area, DHA Phase 8",Karachi,Zameen
2777,https://www.zameen.com/Property/karachi_clifton_premium_1600_square_feet_flat_is_available_for_rent_in_clifton-50794219-5-4.html,Flat,For Rent,178 Sq. Yd.,3,4.0,5 hours ago,PKR 1.5 Lakh,"Clifton, Karachi",Karachi,Zameen
2778,https://www.zameen.com/Property/karachi_bath_island_brand_new_apartment_available_for_rent-50978533-198-4.html,Apartment,For Rent,244 Sq. Yd.,3,4.0,5 hours ago,PKR 2.45 Lakh,"Bath Island, Karachi",Karachi,Zameen
2779,https://www.zameen.com/Property/bahria_town_precinct_17_paragon_tower_1400_sq_ft_luxury_2_bed_apartment_for_rent_in_paragon_towers_bahria_town_karachi-54667426-21833-4.html,Apartment,For Rent,156 Sq. Yd.,2,3.0,5 hours ago,PKR 42 Thousand,"Paragon Tower, Bahria Town - Precinct 17",Karachi,Zameen
2780,https://www.zameen.com/Property/dha_phase_8_al-murtaza_commercial_area_branded_3_bed_lounge_apartment_open_american_kitchen_false_ceiling_in_every_room_rent-54447748-10370-4.html,Room,For Rent,107 Sq. Yd.,3,3.0,5 hours ago,PKR 1.5 Lakh,"Al-Murtaza Commercial Area, DHA Phase 8",Karachi,Zameen
2781,https://www.zameen.com/Property/dha_phase_8_al-murtaza_commercial_area_brand_new_3-bedroom_apartment_huge_lounge_false_ceiling_in_every_room_backup_generator_ideal_for_smal_family_living_rent-54661616-10370-4.html,Room,For Rent,150 Sq. Yd.,3,3.0,5 hours ago,PKR 2.25 Lakh,"Al-Murtaza Commercial Area, DHA Phase 8",Karachi,Zameen
2782,https://www.zameen.com/Property/karachi_clifton_brand_new_apartment_available_for_rent-50557061-5-4.html,Apartment,For Rent,244 Sq. Yd.,4,5.0,5 hours ago,PKR 2 Lakh,"Clifton, Karachi",Karachi,Zameen
2783,https://www.zameen.com/Property/karachi_clifton_apartment_for_rent-50095548-5-4.html,Apartment,For Rent,261 Sq. Yd.,2,3.0,5 hours ago,PKR 1.5 Lakh,"Clifton, Karachi",Karachi,Zameen
2784,https://www.zameen.com/Property/karachi_civil_lines_brand_new_apartment_for_rent-54414626-493-4.html,Apartment,For Rent,256 Sq. Yd.,3,4.0,5 hours ago,PKR 2.9 Lakh,"Civil Lines, Karachi",Karachi,Zameen
2785,https://www.zameen.com/Property/karachi_clifton_flat_sized_1800_square_feet_is_available_for_rent_in_clifton-53303547-5-4.html,Flat,For Rent,200 Sq. Yd.,3,4.0,5 hours ago,PKR 2 Lakh,"Clifton, Karachi",Karachi,Zameen
2786,https://www.zameen.com/Property/karachi_clifton_brand_new_apartment_available_for_rent-53134605-5-4.html,Apartment,For Rent,244 Sq. Yd.,3,4.0,5 hours ago,PKR 2.1 Lakh,"Clifton, Karachi",Karachi,Zameen
2787,https://www.zameen.com/Property/dha_defence_dha_phase_6_500_yards_fully_furnished_bunglow_for_rent_dha_defence_phase_6_karachi-54622637-1483-4.html,Other,For Rent,500 Sq. Yd.,5,6.0,1 week ago,PKR 7.5 Lakh,"DHA Phase 6, DHA Defence",Karachi,Zameen
2788,https://www.zameen.com/Property/dha_defence_dha_phase_8_fully_renovated_penthouse_for_rent-54592380-1485-4.html,Penthouse,For Rent,622 Sq. Yd.,5,5.0,1 week ago,PKR 5.5 Lakh,"DHA Phase 8, DHA Defence",Karachi,Zameen
2789,https://www.zameen.com/Property/dha_defence_dha_phase_4_ground_floor_portion_available_for_rent-54462909-1481-4.html,Other,For Rent,300 Sq. Yd.,2,3.0,2 weeks ago,PKR 2 Lakh,"DHA Phase 4, DHA Defence",Karachi,Zameen
2790,https://www.zameen.com/Property/dha_phase_8_emaar_crescent_bay_luxury_2-bedroom_apartment_for_rent_premium_living_at_emaar_karachi-54596763-8503-4.html,Room,For Rent,200 Sq. Yd.,2,3.0,2 weeks ago,PKR 3.25 Lakh,"Emaar Crescent Bay, DHA Phase 8",Karachi,Zameen
2791,https://www.zameen.com/Property/pechs_pechs_block_6_beautiful_house_for_rent-53825433-6935-4.html,House,For Rent,"1,025 Sq. Yd.",10,6.0,2 weeks ago,PKR 16 Lakh,"PECHS Block 6, PECHS",Karachi,Zameen
2792,https://www.zameen.com/Property/jamshed_town_pechs_independent_townhouse_basement_g_1-54345984-403-4.html,House,For Rent,200 Sq. Yd.,4,5.0,1 day ago,PKR 2.65 Lakh,"PECHS, Jamshed Town",Karachi,Zameen
2793,https://www.zameen.com/Property/karachi_shaheed_millat_road_brand_new_luxury_apartment-53538419-413-4.html,Apartment,For Rent,333 Sq. Yd.,4,6.0,1 day ago,PKR 2.5 Lakh,"Shaheed Millat Road, Karachi",Karachi,Zameen
2794,https://www.zameen.com/Property/karachi_navy_housing_scheme_karsaz_nhs_superior_luxurious_apartment-52989781-11579-4.html,Apartment,For Rent,400 Sq. Yd.,5,6.0,1 day ago,PKR 3.75 Lakh,"Navy Housing Scheme Karsaz, Karachi",Karachi,Zameen
2795,https://www.zameen.com/Property/dha_defence_dha_phase_8_1000_yard_portion_for_rent-54590218-1485-4.html,Other,For Rent,"1,000 Sq. Yd.",4,5.0,2 days ago,PKR 4.2 Lakh,"DHA Phase 8, DHA Defence",Karachi,Zameen
2796,https://www.zameen.com/Property/dha_defence_dha_phase_8_ground_portion_for_rent-54632692-1485-4.html,Other,For Rent,500 Sq. Yd.,3,4.0,2 days ago,PKR 3.3 Lakh,"DHA Phase 8, DHA Defence",Karachi,Zameen
2797,https://www.zameen.com/Property/dha_defence_dha_phase_8_500_yards_bungalow_available_for_rent_in_dha_phase_8-54476606-1485-4.html,Other,For Rent,500 Sq. Yd.,4,6.0,4 hours ago,PKR 5.25 Lakh,"DHA Phase 8, DHA Defence",Karachi,Zameen
2798,https://www.zameen.com/Property/dha_phase_8_emaar_crescent_bay_2_bed_study_apartment_available_for_rent_in_pearl_tower-54554331-8503-4.html,Apartment,For Rent,227 Sq. Yd.,2,5.0,4 hours ago,PKR 2.6 Lakh,"Emaar Crescent Bay, DHA Phase 8",Karachi,Zameen
2799,https://www.zameen.com/Property/pechs_pechs_block_6_600_square_yards_bungalow_available_rent_for_commercial_used-54560728-6935-4.html,Other,For Rent,600 Sq. Yd.,10,6.0,6 hours ago,PKR 10 Lakh,"PECHS Block 6, PECHS",Karachi,Zameen
2800,https://www.zameen.com/Property/pechs_pechs_block_2_brand_new_4_bed_dd_portion_available_for_rent_on_pechs_block_2-54649189-6933-4.html,Other,For Rent,200 Sq. Yd.,4,4.0,6 hours ago,PKR 2 Lakh,"PECHS Block 2, PECHS",Karachi,Zameen
2801,https://www.zameen.com/Property/dha_defence_dha_phase_5_banglow_for_rent_500_yards-54691252-1482-4.html,Other,For Rent,500 Sq. Yd.,5,5.0,7 hours ago,PKR 6 Lakh,"DHA Phase 5, DHA Defence",Karachi,Zameen
2802,https://www.zameen.com/Property/clifton_clifton_-_block_5_investors_should_rent_this_flat_located_ideally_in_clifton-54520365-1667-4.html,Flat,For Rent,200 Sq. Yd.,3,3.0,8 hours ago,PKR 1.6 Lakh,"Clifton - Block 5, Clifton",Karachi,Zameen
2803,https://www.zameen.com/Property/dha_defence_dha_phase_6_just_like_new_ground_floor_portion_for_rant_dha_phase_6-54690795-1483-4.html,Other,For Rent,500 Sq. Yd.,3,4.0,8 hours ago,PKR 3.3 Lakh,"DHA Phase 6, DHA Defence",Karachi,Zameen
2804,https://www.zameen.com/Property/karachi_bath_island_apartment_available_for_rent-54679619-198-4.html,Apartment,For Rent,244 Sq. Yd.,3,4.0,5 hours ago,PKR 2.55 Lakh,"Bath Island, Karachi",Karachi,Zameen
2805,https://www.zameen.com/Property/smchs_sindhi_muslim_society_sindhi_muslim_society_-_block_a_independent_bungalow_for_office_use_and_options_available_as_per_ur_requirment_this_vicinity_titanium_leading_real_estate_in_town-42034010-6953-4.html,Office,For Rent,600 Sq. Yd.,11,6.0,7 hours ago,PKR 8.5 Lakh,"Sindhi Muslim Society - Block A, SMCHS - Sindhi Muslim Society",Karachi,Zameen
2806,https://www.zameen.com/Property/karachi_shaheed_millat_road_state_of_the_art_building_full_luxury_flat_with_all_facilities-45936991-413-4.html,Flat,For Rent,278 Sq. Yd.,4,4.0,7 hours ago,PKR 3.5 Lakh,"Shaheed Millat Road, Karachi",Karachi,Zameen
2807,https://www.zameen.com/Property/gulshan_e_iqbal_town_mohammad_ali_society_300_yards_spacious_ground_floor_portion_for_rent_mohammad_ali_society-49076729-411-4.html,Other,For Rent,450 Sq. Yd.,2,2.0,7 hours ago,PKR 2.2 Lakh,"Mohammad Ali Society, Gulshan-e-Iqbal Town",Karachi,Zameen
2808,https://www.zameen.com/Property/karachi_shaheed_millat_road_huge_size_property_available_for_rent_in_shaheed-e-millat-50505158-413-4.html,Other,For Rent,"1,100 Sq. Yd.",10,6.0,7 hours ago,PKR 8 Lakh,"Shaheed Millat Road, Karachi",Karachi,Zameen
2809,https://www.zameen.com/Property/karachi_shaheed_millat_road_spacious_700_yard_bungalow_available_for_rent-50505236-413-4.html,Other,For Rent,700 Sq. Yd.,10,6.0,7 hours ago,PKR 10 Lakh,"Shaheed Millat Road, Karachi",Karachi,Zameen
2810,https://www.zameen.com/Property/pechs_pechs_block_6_luxury_design_bungalow_available_for_rent_in_residential_and_comercial_just_1_call-50514154-6935-4.html,Other,For Rent,600 Sq. Yd.,8,6.0,7 hours ago,PKR 7.5 Lakh,"PECHS Block 6, PECHS",Karachi,Zameen
2811,https://www.zameen.com/Property/gulistan_e_jauhar_gulistan-e-jauhar_-_block_16_325_s_q_yard_house_for_rent_in_gulistan_e_johar_block_16-54550888-6840-4.html,House,For Rent,325 Sq. Yd.,6,6.0,7 hours ago,PKR 2.5 Lakh,"Gulistan-e-Jauhar - Block 16, Gulistan-e-Jauhar",Karachi,Zameen
2812,https://www.zameen.com/Property/karachi_shahra-e-faisal_reasonable_demand_house_for_rent-54592611-310-4.html,House,For Rent,"1,000 Sq. Yd.",,,3 weeks ago,PKR 10.5 Lakh,"Shahra-e-Faisal, Karachi",Karachi,Zameen
2813,https://www.zameen.com/Property/dha_defence_dha_phase_6_1000_yards_fully_furnished_bunglow_for_rent_with_basement_pool_for_rent_dha_defence_phase_vi_karachi-54591164-1483-4.html,Other,For Rent,"1,000 Sq. Yd.",4,5.0,3 weeks ago,PKR 12 Lakh,"DHA Phase 6, DHA Defence",Karachi,Zameen
2814,https://www.zameen.com/Property/malir_falcon_complex_new_malir_500_square_yards_house_in_central_falcon_complex_new_malir_for_rent-44059022-9582-4.html,House,For Rent,500 Sq. Yd.,5,5.0,4 weeks ago,PKR 2.4 Lakh,"Falcon Complex New Malir, Malir",Karachi,Zameen
2815,https://www.zameen.com/Property/emaar_crescent_bay_emaar_pearl_towers_luxury_apartment_for_rent-53927864-10719-4.html,Apartment,For Rent,272 Sq. Yd.,3,5.0,2 days ago,PKR 3.3 Lakh,"Emaar Pearl Towers, Emaar Crescent Bay",Karachi,Zameen
2816,https://www.zameen.com/Property/dha_phase_8_creek_vista_extraordinarily_maintained_fully_renovated_4-bedroom_drawing_dining_west-open_apartment_available_for_rent_in_creek_vista-54590611-9058-4.html,Room,For Rent,411 Sq. Yd.,4,5.0,3 days ago,PKR 4 Lakh,"Creek Vista, DHA Phase 8",Karachi,Zameen
2817,https://www.zameen.com/Property/dha_defence_dha_phase_6_5_bed_house_for_rent_in_dha_phase_6_prime_location_basement-54677126-1483-4.html,House,For Rent,500 Sq. Yd.,5,6.0,3 days ago,PKR 5.75 Lakh,"DHA Phase 6, DHA Defence",Karachi,Zameen
2818,https://www.zameen.com/Property/pechs_pechs_block_6_210_sq_yards_lower_portion_with_basement_on_rent_for_silent_commercial-54675299-6935-4.html,Lower Portion,For Rent,210 Sq. Yd.,3,3.0,4 days ago,PKR 2.75 Lakh,"PECHS Block 6, PECHS",Karachi,Zameen
2819,https://www.zameen.com/Property/dha_defence_dha_phase_6_1000_square_yard_brand_new_house_available_for_rent_at_phase_6-53521040-1483-4.html,House,For Rent,"1,000 Sq. Yd.",6,6.0,4 days ago,PKR 22 Lakh,"DHA Phase 6, DHA Defence",Karachi,Zameen
2820,https://www.zameen.com/Property/dha_defence_dha_phase_8_500_square_yard_brand_new_house_available_for_rent_at_dha_phase_8-54579567-1485-4.html,House,For Rent,500 Sq. Yd.,6,6.0,4 days ago,PKR 8 Lakh,"DHA Phase 8, DHA Defence",Karachi,Zameen
2821,https://www.zameen.com/Property/clifton_clifton_-_block_1_penthouse_for_rent_in_clifton_block-1_pyramid_residency-54682675-1663-4.html,Penthouse,For Rent,200 Sq. Yd.,3,4.0,2 days ago,PKR 1.6 Lakh,"Clifton - Block 1, Clifton",Karachi,Zameen
2822,https://www.zameen.com/Property/dha_phase_8_emaar_crescent_bay_sea_facing_3_bed_maid_2480_square_feet_the_views_emaar_oceanfront-54558032-8503-4.html,Other,For Rent,276 Sq. Yd.,3,5.0,4 hours ago,PKR 3.8 Lakh,"Emaar Crescent Bay, DHA Phase 8",Karachi,Zameen
2823,https://www.zameen.com/Property/dha_phase_8_emaar_the_views_the_views_tower_01_luxury_3-bedroom_sea-facing_apartment_for_rent-54566184-17808-4.html,Room,For Rent,206 Sq. Yd.,3,4.0,7 hours ago,PKR 3.9 Lakh,"Emaar The Views, DHA Phase 8",Karachi,Zameen
2824,https://www.zameen.com/Property/bahria_town_karachi_bahria_town_-_precinct_4_affordable_living_500_square_yards_5_bedrooms_luxurious_private_construction_villa_is_available_on_rent_in_bahria_town_karachi-54668647-10013-4.html,Room,For Rent,500 Sq. Yd.,5,5.0,8 hours ago,PKR 75 Thousand,"Bahria Town - Precinct 4, Bahria Town Karachi",Karachi,Zameen
2825,https://www.zameen.com/Property/bahria_town_karachi_bahria_town_-_precinct_10-a_200sq_yd_3_bedrooms_luxury_villa_is_available_for_rent_8km_from_entrance_of_btk_3_bed_ddl_1_kitchen-54668633-18125-4.html,Room,For Rent,200 Sq. Yd.,3,3.0,8 hours ago,PKR 60 Thousand,"Bahria Town - Precinct 10-A, Bahria Town Karachi",Karachi,Zameen
2826,https://www.zameen.com/Property/dha_defence_dha_phase_8_upper_portion_3bed_dd_phase_8-54690569-1485-4.html,Upper Portion,For Rent,500 Sq. Yd.,3,3.0,8 hours ago,PKR 4 Lakh,"DHA Phase 8, DHA Defence",Karachi,Zameen
2827,https://www.zameen.com/Property/dha_defence_dha_phase_8_like_brand_new_portion_available_for_rent-54501231-1485-4.html,Other,For Rent,500 Sq. Yd.,3,4.0,8 hours ago,PKR 3.35 Lakh,"DHA Phase 8, DHA Defence",Karachi,Zameen
2828,https://www.zameen.com/Property/karachi_civil_lines_3_bedroom_apartment_available_for_rent_in_prime_residency_civil_lines_clifton_karachi-54573703-493-4.html,Room,For Rent,256 Sq. Yd.,3,4.0,9 hours ago,PKR 2.6 Lakh,"Civil Lines, Karachi",Karachi,Zameen
2829,https://www.zameen.com/Property/karachi_shahra-e-faisal_prime_commercial_bungalow_for_rent_near_shahrah-e-faisal_ground_plus_2_10_800_sq_ft-51755751-310-4.html,Other,For Rent,"1,200 Sq. Yd.",8,7.0,7 hours ago,PKR 11 Lakh,"Shahra-e-Faisal, Karachi",Karachi,Zameen
2830,https://www.zameen.com/Property/karachi_hill_park_500_yards_office_use_bungalow_having_4500_sq_ft_of_carpeted_space_located_in_close_proximity_to_shahrah-e-faisal_suitable_for_it_company_multinational_company_other_firms-51755967-758-4.html,Office,For Rent,500 Sq. Yd.,8,7.0,7 hours ago,PKR 8 Lakh,"Hill Park, Karachi",Karachi,Zameen
2831,https://www.zameen.com/Property/karachi_tipu_sultan_road_750_yards_executive_bungalow_for_rent_kda_scheme_1_near_tipu_sultan_road_10_rooms_ideal_for_corporate_office-51972438-415-4.html,Room,For Rent,750 Sq. Yd.,11,7.0,7 hours ago,PKR 8 Lakh,"Tipu Sultan Road, Karachi",Karachi,Zameen
2832,https://www.zameen.com/Property/pechs_pechs_block_6_residential_town_house_available_for_rent-54386980-6935-4.html,House,For Rent,250 Sq. Yd.,4,4.0,7 hours ago,PKR 4.5 Lakh,"PECHS Block 6, PECHS",Karachi,Zameen
2833,https://www.zameen.com/Property/jamshed_town_smchs_-_sindhi_muslim_society_300_yards_silent_commercial_bungalow_for_rent_in_sindhi_muslim_ideal_for_office_software_house_consultancy-54446610-418-4.html,House,For Rent,300 Sq. Yd.,5,5.0,7 hours ago,PKR 4.5 Lakh,"SMCHS - Sindhi Muslim Society, Jamshed Town",Karachi,Zameen
2834,https://www.zameen.com/Property/karachi_shahra-e-faisal_best_for_silent_commercial_used_banglow_for_rent-54564152-310-4.html,Other,For Rent,500 Sq. Yd.,5,5.0,7 hours ago,PKR 8 Lakh,"Shahra-e-Faisal, Karachi",Karachi,Zameen
2835,https://www.zameen.com/Property/dha_phase_6_muslim_commercial_area_furnished_studio_apartment_for_rent-54691085-8493-4.html,Apartment,For Rent,50 Sq. Yd.,2,2.0,7 hours ago,PKR 90 Thousand,"Muslim Commercial Area, DHA Phase 6",Karachi,Zameen
2836,https://www.zameen.com/Property/gulshan_e_iqbal_gulshan-e-iqbal_-_block_13_d_3_bed_dd_flat_lakhani_excellency_for_rent_in_gulshan_e_iqbal_13_d-54691050-6874-4.html,Flat,For Rent,167 Sq. Yd.,3,3.0,7 hours ago,PKR 75 Thousand,"Gulshan-e-Iqbal - Block 13/D, Gulshan-e-Iqbal",Karachi,Zameen
2837,https://www.zameen.com/Property/dha_phase_8_emaar_the_views_brand_new_apartment_for_rent-54571192-17808-4.html,Apartment,For Rent,201 Sq. Yd.,2,3.0,2 days ago,PKR 2.75 Lakh,"Emaar The Views, DHA Phase 8",Karachi,Zameen
2838,https://www.zameen.com/Property/clifton_clifton_-_block_2_creek_view_tower_apartment_for_rent_clifton_black_2-54315178-1664-4.html,Apartment,For Rent,244 Sq. Yd.,3,4.0,3 days ago,PKR 2.5 Lakh,"Clifton - Block 2, Clifton",Karachi,Zameen
2839,https://www.zameen.com/Property/dha_phase_8_emaar_the_views_brand_new_apartment_for_rent-54214738-17808-4.html,Apartment,For Rent,256 Sq. Yd.,3,5.0,2 days ago,PKR 4 Lakh,"Emaar The Views, DHA Phase 8",Karachi,Zameen
2840,https://www.zameen.com/Property/gulshan_e_iqbal_block_10_a_callachi_cooperative_housing_society_brand_new_appartments_in_the_court_twin_towers_callachi_society-54615385-12954-4.html,Other,For Rent,250 Sq. Yd.,3,5.0,4 days ago,PKR 2 Lakh,"Callachi Cooperative Housing Society, Gulshan-e-Iqbal - Block 10-A",Karachi,Zameen
2841,https://www.zameen.com/Property/callachi_cooperative_housing_society_the_court_twin_towers_the_court_twin_towers-54680360-22545-4.html,Other,For Rent,267 Sq. Yd.,3,5.0,3 days ago,PKR 2 Lakh,"The Court Twin Towers, Callachi Cooperative Housing Society",Karachi,Zameen
2842,https://www.zameen.com/Property/dha_defence_dha_phase_1_upper_portion_available_for_rent-54552897-1478-4.html,Upper Portion,For Rent,700 Sq. Yd.,4,5.0,4 days ago,PKR 3 Lakh,"DHA Phase 1, DHA Defence",Karachi,Zameen
2843,https://www.zameen.com/Property/gulshan_e_iqbal_town_bahadurabad_3_bed_dd_high-rise_flat_for_rent-54085898-524-4.html,Flat,For Rent,167 Sq. Yd.,3,3.0,4 days ago,PKR 1.2 Lakh,"Bahadurabad, Gulshan-e-Iqbal Town",Karachi,Zameen
2844,https://www.zameen.com/Property/dha_defence_dha_phase_8_1000_yard_luxury_bungalow_for_rent_in_dha_phase_8-54219489-1485-4.html,Other,For Rent,"1,000 Sq. Yd.",6,6.0,4 days ago,PKR 14.5 Lakh,"DHA Phase 8, DHA Defence",Karachi,Zameen
2845,https://www.zameen.com/Property/bahria_paradise_bahria_paradise_-_precinct_51_ready_to_rent_a_prime_location_house_500_square_yards_in_karachi-54665229-12070-4.html,House,For Rent,500 Sq. Yd.,5,5.0,4 days ago,PKR 1.6 Lakh,"Bahria Paradise - Precinct 51, Bahria Paradise",Karachi,Zameen
2846,https://www.zameen.com/Property/dha_defence_dha_phase_6_portion_for_rent-54632184-1483-4.html,Other,For Rent,500 Sq. Yd.,3,3.0,5 days ago,PKR 3.25 Lakh,"DHA Phase 6, DHA Defence",Karachi,Zameen
2847,https://www.zameen.com/Property/clifton_clifton_-_block_7_4_bedrooms_dd_apartment_available_for_rent_in_clifton_block_7-54218763-1669-4.html,Room,For Rent,244 Sq. Yd.,4,4.0,9 hours ago,PKR 2 Lakh,"Clifton - Block 7, Clifton",Karachi,Zameen
2848,https://www.zameen.com/Property/gulshan_e_kaneez_fatima_gulshan-e-kaneez_fatima_-_block_4_premium_house_for_rent_in_gulshan-e-kaneez_fatima_block_4_400_sy-54048378-13853-4.html,House,For Rent,400 Sq. Yd.,3,3.0,10 hours ago,PKR 1.25 Lakh,"Gulshan-e-Kaneez Fatima - Block 4, Gulshan-e-Kaneez Fatima",Karachi,Zameen
2849,https://www.zameen.com/Property/karachi_civil_lines_3_bedroom_apartment_available_for_rent_in_al_habib_residency_civil_lines_clifton_karachi-54574573-493-4.html,Room,For Rent,167 Sq. Yd.,3,3.0,9 hours ago,PKR 2.1 Lakh,"Civil Lines, Karachi",Karachi,Zameen
2850,https://www.zameen.com/Property/dha_defence_dha_phase_5_1st_floor_studio_apartment_for_rent_in_badar_commercial_phase_5-54690599-1482-4.html,Apartment,For Rent,50 Sq. Yd.,,,9 hours ago,PKR 38 Thousand,"DHA Phase 5, DHA Defence",Karachi,Zameen
2851,https://www.zameen.com/Property/gulistan_e_jauhar_gulistan-e-jauhar_-_block_15_120sq_silent_commercial_house_available_for_rent-54679266-6839-4.html,House,For Rent,120 Sq. Yd.,6,3.0,9 hours ago,PKR 1.25 Lakh,"Gulistan-e-Jauhar - Block 15, Gulistan-e-Jauhar",Karachi,Zameen
2852,https://www.zameen.com/Property/karachi_navy_housing_scheme_karsaz_350_sqyd_house_available_for_rent_nhs_karsaz_karachi_phase_iv_golf-53895012-11579-4.html,House,For Rent,350 Sq. Yd.,5,5.0,9 hours ago,PKR 4 Lakh,"Navy Housing Scheme Karsaz, Karachi",Karachi,Zameen
2853,https://www.zameen.com/Property/karachi_navy_housing_scheme_karsaz_350_sq_yards_villa_available_for_rent_nhs_karsaz_karachi-53956351-11579-4.html,Villa,For Rent,350 Sq. Yd.,5,5.0,9 hours ago,PKR 4.25 Lakh,"Navy Housing Scheme Karsaz, Karachi",Karachi,Zameen
2854,https://www.zameen.com/Property/dha_phase_8_emaar_the_views_emaar_oceanfront_the_views_tower_2_luxurious_2-bedroom_apartment_for_rent-54673155-17808-4.html,Room,For Rent,178 Sq. Yd.,2,3.0,7 hours ago,PKR 2.85 Lakh,"Emaar The Views, DHA Phase 8",Karachi,Zameen
2855,https://www.zameen.com/Property/karachi_shaheed_millat_road_independent_bungalow_available_for_rent_for_silent_commercial-54436777-413-4.html,Other,For Rent,"1,100 Sq. Yd.",10,6.0,7 hours ago,PKR 14.5 Lakh,"Shaheed Millat Road, Karachi",Karachi,Zameen
2856,https://www.zameen.com/Property/karachi_shaheed_millat_road_bungalow_available_for_rent_g_1-54436824-413-4.html,Other,For Rent,500 Sq. Yd.,10,6.0,7 hours ago,PKR 8.5 Lakh,"Shaheed Millat Road, Karachi",Karachi,Zameen
2857,https://www.zameen.com/Property/clifton_clifton_-_block_7_portion_available_for_rent-52722830-1669-4.html,Other,For Rent,"1,000 Sq. Yd.",7,4.0,7 hours ago,PKR 8 Lakh,"Clifton - Block 7, Clifton",Karachi,Zameen
2858,https://www.zameen.com/Property/gulistan_e_jauhar_gulistan-e-jauhar_-_block_7_independent_house_for_rent_120_sq_yard-54682828-6831-4.html,House,For Rent,120 Sq. Yd.,4,4.0,7 hours ago,PKR 1.1 Lakh,"Gulistan-e-Jauhar - Block 7, Gulistan-e-Jauhar",Karachi,Zameen
2859,https://www.zameen.com/Property/bahria_town_karachi_bahria_town_-_precinct_8_272_sq_yd_5_bedrooms_luxury_villa_is_available_for_rent-54547315-10016-4.html,Room,For Rent,272 Sq. Yd.,5,5.0,7 hours ago,PKR 90 Thousand,"Bahria Town - Precinct 8, Bahria Town Karachi",Karachi,Zameen
2860,https://www.zameen.com/Property/karachi_shaheed_millat_road_flat_available_for_rent_in_high-rise-54393385-413-4.html,Flat,For Rent,278 Sq. Yd.,4,5.0,7 hours ago,PKR 2.5 Lakh,"Shaheed Millat Road, Karachi",Karachi,Zameen
2861,https://www.zameen.com/Property/karachi_shaheed_millat_road_flat_available_for_rent_in_high-rise-54393396-413-4.html,Flat,For Rent,200 Sq. Yd.,3,4.0,7 hours ago,PKR 1.65 Lakh,"Shaheed Millat Road, Karachi",Karachi,Zameen
2862,https://www.zameen.com/Property/dha_phase_6_bukhari_commercial_area_brand_new_aesthetically_furnished_3_bed_lounge_apartment_for_rent_1st_floor_bukhari_commercial-54672537-6674-4.html,Apartment,For Rent,113 Sq. Yd.,3,3.0,5 days ago,PKR 2.5 Lakh,"Bukhari Commercial Area, DHA Phase 6",Karachi,Zameen
2863,https://www.zameen.com/Property/dha_phase_6_bukhari_commercial_area_unfinished_3-bedroom_apartments_ideally_located_in_bukhari_commercial_dha_phase_vi_for_rent-54667190-6674-4.html,Room,For Rent,116 Sq. Yd.,3,3.0,5 days ago,PKR 1.5 Lakh,"Bukhari Commercial Area, DHA Phase 6",Karachi,Zameen
2864,https://www.zameen.com/Property/dha_defence_dha_phase_6_short_term_furnished_flat_rahat_commercial-54665434-1483-4.html,Flat,For Rent,144 Sq. Yd.,3,3.0,5 days ago,PKR 2.6 Lakh,"DHA Phase 6, DHA Defence",Karachi,Zameen
2865,https://www.zameen.com/Property/dha_defence_dha_phase_6_furnished_apartment_for_rent-54671390-1483-4.html,Apartment,For Rent,200 Sq. Yd.,3,3.0,5 days ago,PKR 2.5 Lakh,"DHA Phase 6, DHA Defence",Karachi,Zameen
2866,https://www.zameen.com/Property/karachi_clifton_clifton_4_bedroom_brand_new_apartment_for_rent-53343397-5-4.html,Room,For Rent,300 Sq. Yd.,4,5.0,5 days ago,PKR 2.5 Lakh,"Clifton, Karachi",Karachi,Zameen
2867,https://www.zameen.com/Property/dha_phase_8_creek_vista_creek_vista_3-bedrooms_apartment_for_rent_new_kitchen_drawing_room_partition_upper_floor_moin_khan_compound_facing_west_open-54622086-9058-4.html,Room,For Rent,361 Sq. Yd.,3,4.0,5 days ago,PKR 3.25 Lakh,"Creek Vista, DHA Phase 8",Karachi,Zameen
2868,https://www.zameen.com/Property/karachi_navy_housing_scheme_karsaz_350_yards_5_beds_renovated_bungalow_for_rent_having_servant_quarter_located_in_navy_housing_scheme_karsaz_near_askari_4_suitable_for_those_in_search_of_a_safe_locality_for_themselves-53819117-11579-4.html,Other,For Rent,350 Sq. Yd.,5,5.0,6 days ago,PKR 3.85 Lakh,"Navy Housing Scheme Karsaz, Karachi",Karachi,Zameen
2869,https://www.zameen.com/Property/karachi_navy_housing_scheme_karsaz_4200_square_feet_5_beds_corner_apartment_for_rent_in_immaculate_condition_with_maid_room_in_a_secure_gated_society_called_navy_housing_scheme_located_next_to_karsaz_and_sharah-e-faisal-54095942-11579-4.html,Room,For Rent,467 Sq. Yd.,5,7.0,6 days ago,PKR 3.6 Lakh,"Navy Housing Scheme Karsaz, Karachi",Karachi,Zameen
2870,https://www.zameen.com/Property/dha_defence_dha_phase_2_extension_2_bedroom_apartment_for_rent-54558086-1672-4.html,Room,For Rent,111 Sq. Yd.,2,2.0,4 days ago,PKR 85 Thousand,"DHA Phase 2 Extension, DHA Defence",Karachi,Zameen
2871,https://www.zameen.com/Property/dha_defence_dha_phase_6_prime_location_300_square_feet_room_is_available_for_rent-54660071-1483-4.html,Room,For Rent,33 Sq. Yd.,1,1.0,5 days ago,PKR 95 Thousand,"DHA Phase 6, DHA Defence",Karachi,Zameen
2872,https://www.zameen.com/Property/dha_phase_8_emaar_crescent_bay_sea_facing_04_bedrooms_in_the_coral_tower_emaar_available_for_rent-54669751-8503-4.html,Room,For Rent,355 Sq. Yd.,4,6.0,10 hours ago,PKR 3.56 Lakh,"Emaar Crescent Bay, DHA Phase 8",Karachi,Zameen
2873,https://www.zameen.com/Property/pechs_pechs_block_6_beautiful_house_for_rent-53816988-6935-4.html,House,For Rent,600 Sq. Yd.,9,6.0,11 hours ago,PKR 8 Lakh,"PECHS Block 6, PECHS",Karachi,Zameen
2874,https://www.zameen.com/Property/navy_housing_scheme_karsaz_navy_housing_scheme_karsaz_-_phase_2_upper_portion_of_500_sqyd_available_for_rent_in_nhs_karsaz_karachi-53883934-11581-4.html,Upper Portion,For Rent,500 Sq. Yd.,3,3.0,9 hours ago,PKR 4 Lakh,"Navy Housing Scheme Karsaz - Phase 2, Navy Housing Scheme Karsaz",Karachi,Zameen
2875,https://www.zameen.com/Property/clifton_clifton_-_block_7_4_bedrooms_dd_apartment_available_for_rent_in_clifton_block_7-54686341-1669-4.html,Room,For Rent,244 Sq. Yd.,4,4.0,10 hours ago,PKR 2 Lakh,"Clifton - Block 7, Clifton",Karachi,Zameen
2876,https://www.zameen.com/Property/pechs_pechs_block_6_property_rent_for_commercial_used-54650410-6935-4.html,Other,For Rent,240 Sq. Yd.,,,10 hours ago,PKR 5.5 Lakh,"PECHS Block 6, PECHS",Karachi,Zameen
2877,https://www.zameen.com/Property/karachi_north_nazimabad_brand_new_4_bed_dd_portion_available_for_rent_ground_floor_entrance_separate-54682052-11-4.html,Other,For Rent,450 Sq. Yd.,4,4.0,10 hours ago,PKR 2.1 Lakh,"North Nazimabad, Karachi",Karachi,Zameen
2878,https://www.zameen.com/Property/emaar_crescent_bay_emaar_reef_towers_centrally_located_prime_location_flat_in_emaar_reef_towers_is_available_for_rent-54608007-10720-4.html,Flat,For Rent,201 Sq. Yd.,2,2.0,10 hours ago,PKR 3.5 Lakh,"Emaar Reef Towers, Emaar Crescent Bay",Karachi,Zameen
2879,https://www.zameen.com/Property/karachi_shaheed_millat_road_flat_available_for_rent_in_high-rise-54393431-413-4.html,Flat,For Rent,211 Sq. Yd.,3,4.0,7 hours ago,PKR 1.75 Lakh,"Shaheed Millat Road, Karachi",Karachi,Zameen
2880,https://www.zameen.com/Property/karachi_shaheed_millat_road_a_stunning_flat_is_up_for_grabs_in_shaheed_millat_road_shaheed_millat_road-54406740-413-4.html,Flat,For Rent,222 Sq. Yd.,4,5.0,7 hours ago,PKR 3.1 Lakh,"Shaheed Millat Road, Karachi",Karachi,Zameen
2881,https://www.zameen.com/Property/karachi_shaheed_millat_road_well_maintained_like_brand_new_flat_available_for_rent_at_main_shaheed_e_milat_road_near_naheed_super_market-54408565-413-4.html,Flat,For Rent,200 Sq. Yd.,3,4.0,7 hours ago,PKR 1.8 Lakh,"Shaheed Millat Road, Karachi",Karachi,Zameen
2882,https://www.zameen.com/Property/karachi_shaheed_millat_road_spacious_and_well-maintained_2_bedroom_drawing_dining_apartment_available_for_rent_ideally_located_on_main_shaheed-e-millat_road_karachi-54408926-413-4.html,Room,For Rent,133 Sq. Yd.,2,3.0,7 hours ago,PKR 1.3 Lakh,"Shaheed Millat Road, Karachi",Karachi,Zameen
2883,https://www.zameen.com/Property/university_road_burj-ul-harmain_available_flat_for_rent_4_bed_dd_open_view_2300_sqft_j-54511529-9674-4.html,Flat,For Rent,256 Sq. Yd.,4,4.0,7 hours ago,PKR 1 Lakh,"Burj-Ul-Harmain, University Road",Karachi,Zameen
2884,https://www.zameen.com/Property/gulshan_e_iqbal_gulshan-e-iqbal_-_block_4a_500_sq_yds_old_construction_independent_house_for_rent_gulshan-e-iqbal_block_4-a-54691011-6865-4.html,House,For Rent,500 Sq. Yd.,7,6.0,8 hours ago,PKR 3.7 Lakh,"Gulshan-e-Iqbal - Block 4A, Gulshan-e-Iqbal",Karachi,Zameen
2885,https://www.zameen.com/Property/dha_defence_dha_phase_7_extension_luxury_upper_portion_for_rent-54186283-1674-4.html,Upper Portion,For Rent,500 Sq. Yd.,3,3.0,8 hours ago,PKR 2.45 Lakh,"DHA Phase 7 Extension, DHA Defence",Karachi,Zameen
2886,https://www.zameen.com/Property/dha_defence_dha_phase_7_extension_500_square_yard_upper_portion_for_rent-54490607-1674-4.html,Upper Portion,For Rent,500 Sq. Yd.,3,4.0,8 hours ago,PKR 2.5 Lakh,"DHA Phase 7 Extension, DHA Defence",Karachi,Zameen
2887,https://www.zameen.com/Property/shah_faisal_town_shamsi_society_flat_for_rent-54670828-7300-4.html,Flat,For Rent,94 Sq. Yd.,4,3.0,5 days ago,PKR 45 Thousand,"Shamsi Society, Shah Faisal Town",Karachi,Zameen
2888,https://www.zameen.com/Property/dha_defence_dha_phase_5_bungalow_for_rent-54570114-1482-4.html,Other,For Rent,500 Sq. Yd.,6,6.0,6 days ago,PKR 7.5 Lakh,"DHA Phase 5, DHA Defence",Karachi,Zameen
2889,https://www.zameen.com/Property/jinnah_avenue_metropolis_residency_duplex_flat_for_rent-53855961-11073-4.html,Flat,For Rent,267 Sq. Yd.,4,5.0,5 days ago,PKR 1.1 Lakh,"Metropolis Residency, Jinnah Avenue",Karachi,Zameen
2890,https://www.zameen.com/Property/dha_phase_8_creek_vista_creek_vista_3-bedrooms_apartment_very_neat_and_clean_2nd_floor_park_facing_ready_to_move_condition_325k_exclusive_maintenance-54596207-9058-4.html,Room,For Rent,361 Sq. Yd.,3,4.0,5 days ago,PKR 3.25 Lakh,"Creek Vista, DHA Phase 8",Karachi,Zameen
2891,https://www.zameen.com/Property/dha_defence_dha_phase_7_upper_portion_for_rent-54587127-1484-4.html,Upper Portion,For Rent,500 Sq. Yd.,3,4.0,4 days ago,PKR 3 Lakh,"DHA Phase 7, DHA Defence",Karachi,Zameen
2892,https://www.zameen.com/Property/dha_defence_dha_phase_8_used_banglow_available_for_rent-54670822-1485-4.html,Other,For Rent,"1,000 Sq. Yd.",8,6.0,5 days ago,PKR 16 Lakh,"DHA Phase 8, DHA Defence",Karachi,Zameen
2893,https://www.zameen.com/Property/dha_defence_dha_phase_6_300_yards_1_3_bed_bungalow_for_rent_muhafiz_street_dha_phase_vi_karachi-54669443-1483-4.html,Other,For Rent,300 Sq. Yd.,4,4.0,5 days ago,PKR 3.5 Lakh,"DHA Phase 6, DHA Defence",Karachi,Zameen
2894,https://www.zameen.com/Property/clifton_block_9_dynasty_tower_4_bed_apartment_for_rent_in_dynasty_clifton_block_9_next_to_ocean_mall-52514726-22168-4.html,Apartment,For Rent,356 Sq. Yd.,4,,4 days ago,PKR 3.6 Lakh,"Dynasty Tower, Clifton - Block 9",Karachi,Zameen
2895,https://www.zameen.com/Property/dha_defence_dha_phase_7_extension_fully_renovated_500_yards_luxury_portion_for_rent_in_dha_phase_7_extension-54602902-1674-4.html,Other,For Rent,500 Sq. Yd.,3,3.0,6 days ago,PKR 3 Lakh,"DHA Phase 7 Extension, DHA Defence",Karachi,Zameen
2896,https://www.zameen.com/Property/dha_phase_5_dha_phase_5_extension_4_bed_dd_upper_portion_for_rent_in_dha_phase_5_extension-54594334-1673-4.html,Upper Portion,For Rent,500 Sq. Yd.,4,4.0,6 days ago,PKR 2.5 Lakh,"DHA Phase 5 Extension, DHA Phase 5",Karachi,Zameen
2897,https://www.zameen.com/Property/dha_phase_8_emaar_crescent_bay_chance_deal_3_bed_sea_facing_available_flat_for_rent_in_emaar_pearl_tower-54441105-8503-4.html,Flat,For Rent,272 Sq. Yd.,3,5.0,12 hours ago,PKR 3 Lakh,"Emaar Crescent Bay, DHA Phase 8",Karachi,Zameen
2898,https://www.zameen.com/Property/clifton_clifton_-_block_9_town_house_available_for_rent-54644507-1671-4.html,House,For Rent,250 Sq. Yd.,4,4.0,13 hours ago,PKR 2.5 Lakh,"Clifton - Block 9, Clifton",Karachi,Zameen
2899,https://www.zameen.com/Property/emaar_crescent_bay_emaar_pearl_towers_4_bedrooms_fully_furnished_apartment_for_rent_available_in_emaar-54669866-10719-4.html,Room,For Rent,311 Sq. Yd.,4,5.0,11 hours ago,PKR 7 Lakh,"Emaar Pearl Towers, Emaar Crescent Bay",Karachi,Zameen
2900,https://www.zameen.com/Property/emaar_crescent_bay_emaar_pearl_towers_3_bedrooms_fully_furnished_apartment_available_for_rent_in_emaar-54673999-10719-4.html,Room,For Rent,244 Sq. Yd.,3,4.0,11 hours ago,PKR 4 Lakh,"Emaar Pearl Towers, Emaar Crescent Bay",Karachi,Zameen
2901,https://www.zameen.com/Property/dha_defence_dha_phase_6_first_floor_portion_for_rent_dha_phase_6-53717302-1483-4.html,Other,For Rent,600 Sq. Yd.,3,4.0,11 hours ago,PKR 3 Lakh,"DHA Phase 6, DHA Defence",Karachi,Zameen
2902,https://www.zameen.com/Property/dha_defence_dha_phase_6_first_floor_portion_for_rent_dha_phase_6-53698980-1483-4.html,Other,For Rent,500 Sq. Yd.,3,4.0,11 hours ago,PKR 3 Lakh,"DHA Phase 6, DHA Defence",Karachi,Zameen
2903,https://www.zameen.com/Property/dha_phase_7_sehar_commercial_area_brand_new_apartment_for_rent-54670481-8489-4.html,Apartment,For Rent,100 Sq. Yd.,2,3.0,11 hours ago,PKR 1.4 Lakh,"Sehar Commercial Area, DHA Phase 7",Karachi,Zameen
2904,https://www.zameen.com/Property/dha_defence_dha_phase_7_extension_100_yards_brand_new_double_story_bungalow_for_rent_in_dha_phase_7_ext-54566585-1674-4.html,Other,For Rent,100 Sq. Yd.,4,5.0,8 hours ago,PKR 2.55 Lakh,"DHA Phase 7 Extension, DHA Defence",Karachi,Zameen
2905,https://www.zameen.com/Property/dha_defence_dha_phase_6_everything_separate_portion_for_rant_dha_phase_6_ground_floor-53769242-1483-4.html,Other,For Rent,500 Sq. Yd.,3,3.0,8 hours ago,PKR 2.6 Lakh,"DHA Phase 6, DHA Defence",Karachi,Zameen
2906,https://www.zameen.com/Property/dha_defence_dha_phase_6_1000_yard_first_floor_portion_for_rent_dha_phase_6-53731330-1483-4.html,Other,For Rent,"1,000 Sq. Yd.",3,4.0,8 hours ago,PKR 3.5 Lakh,"DHA Phase 6, DHA Defence",Karachi,Zameen
2907,https://www.zameen.com/Property/dha_defence_dha_phase_5_ground_floor_portion_for_rent_dha_phase_5-53720005-1482-4.html,Other,For Rent,500 Sq. Yd.,3,4.0,8 hours ago,PKR 2.6 Lakh,"DHA Phase 5, DHA Defence",Karachi,Zameen
2908,https://www.zameen.com/Property/dha_defence_dha_phase_5_most_luxurious_seaview_apartment_for_rent-54372315-1482-4.html,Apartment,For Rent,244 Sq. Yd.,3,4.0,8 hours ago,PKR 3 Lakh,"DHA Phase 5, DHA Defence",Karachi,Zameen
2909,https://www.zameen.com/Property/dha_defence_dha_phase_6_ground_floor_portion_for_rent_dha_phase_6-53698260-1483-4.html,Other,For Rent,500 Sq. Yd.,3,4.0,8 hours ago,PKR 2.5 Lakh,"DHA Phase 6, DHA Defence",Karachi,Zameen
2910,https://www.zameen.com/Property/dha_defence_dha_phase_7_everything_separate_portion_for_rent_dha_phase_7-54122730-1484-4.html,Other,For Rent,600 Sq. Yd.,3,4.0,8 hours ago,PKR 2.5 Lakh,"DHA Phase 7, DHA Defence",Karachi,Zameen
2911,https://www.zameen.com/Property/dha_defence_dha_phase_8_brand_new_first_floor_portion_for_rant_dha_phase_8-54590161-1485-4.html,Other,For Rent,500 Sq. Yd.,3,4.0,8 hours ago,PKR 3.3 Lakh,"DHA Phase 8, DHA Defence",Karachi,Zameen
2912,https://www.zameen.com/Property/karachi_navy_housing_scheme_karsaz_good_4500_square_feet_flat_for_rent_in_navy_housing_scheme_karsaz-54132308-11579-4.html,Flat,For Rent,500 Sq. Yd.,5,5.0,1 week ago,PKR 3.6 Lakh,"Navy Housing Scheme Karsaz, Karachi",Karachi,Zameen
2913,https://www.zameen.com/Property/gulistan_e_jauhar_gulistan-e-jauhar_-_block_14_buy_1600_square_feet_flat_at_highly_affordable_price-54277849-6838-4.html,Flat,For Rent,178 Sq. Yd.,3,3.0,1 week ago,PKR 70 Thousand,"Gulistan-e-Jauhar - Block 14, Gulistan-e-Jauhar",Karachi,Zameen
2914,https://www.zameen.com/Property/gulistan_e_jauhar_gulistan-e-jauhar_-_block_15_flat_sized_1300_square_feet_available_in_gulistan-e-jauhar_-_block_15-54427551-6839-4.html,Flat,For Rent,144 Sq. Yd.,3,3.0,1 week ago,PKR 50 Thousand,"Gulistan-e-Jauhar - Block 15, Gulistan-e-Jauhar",Karachi,Zameen
2915,https://www.zameen.com/Property/bahria_town_karachi_bahria_town_-_precinct_10-a_house_of_200_square_yards_in_bahria_town_-_precinct_10-a_is_available-54571282-18125-4.html,House,For Rent,200 Sq. Yd.,3,3.0,1 week ago,PKR 65 Thousand,"Bahria Town - Precinct 10-A, Bahria Town Karachi",Karachi,Zameen
2916,https://www.zameen.com/Property/karachi_tipu_sultan_road_250_sq_yards_portion_available_for_rent_near_tipu_sultan-54573677-415-4.html,Other,For Rent,250 Sq. Yd.,3,3.0,1 week ago,PKR 2.25 Lakh,"Tipu Sultan Road, Karachi",Karachi,Zameen
2917,https://www.zameen.com/Property/pechs_pechs_block_6_500_yard_ground_independent_portion_for_silent_commercial_use_near_to_shahrah_e_faisal_all_around_office_envoirement-54602864-6935-4.html,Office,For Rent,500 Sq. Yd.,4,4.0,1 week ago,PKR 3.5 Lakh,"PECHS Block 6, PECHS",Karachi,Zameen
2918,https://www.zameen.com/Property/karachi_amir_khusro_280_sq_yards_house_for_rent_on_main_amir_khusro_road-54631872-526-4.html,House,For Rent,300 Sq. Yd.,5,5.0,1 week ago,PKR 6 Lakh,"Amir Khusro, Karachi",Karachi,Zameen
2919,https://www.zameen.com/Property/dha_defence_dha_phase_8_semi-furnished_2-bed_lower_portion_with_garden_slightly_used-54236877-1485-4.html,Lower Portion,For Rent,500 Sq. Yd.,2,2.0,1 week ago,PKR 2.85 Lakh,"DHA Phase 8, DHA Defence",Karachi,Zameen
2920,https://www.zameen.com/Property/rashid_minhas_road_lucky_one_apartment_exclusive_4_bed_dd_apartment_for_rent_in_lucky_one_apartment_karachi-52208974-11029-4.html,Apartment,For Rent,370 Sq. Yd.,4,5.0,1 week ago,PKR 2.2 Lakh,"Lucky One Apartment, Rashid Minhas Road",Karachi,Zameen
2921,https://www.zameen.com/Property/karachi_kda_scheme_1_600_yards_commercial_use_renovated_bungalow_for_rent_located_on_a_wide_road_with_tons_of_parking_space_near_tipu_sultan_shahrah-e-faisal_and_shaheed-e-millat_road_suitable_for_companies_that_operate_24_7_office_for_rent-50968709-8292-4.html,Office,For Rent,600 Sq. Yd.,8,7.0,1 week ago,PKR 7 Lakh,"KDA Scheme 1, Karachi",Karachi,Zameen
2922,https://www.zameen.com/Property/dha_phase_8_emaar_crescent_bay_the_views_tower_emaar_elegant_1-bedroom_apartment_with_partial_view_available_for_rent-54626979-8503-4.html,Room,For Rent,161 Sq. Yd.,1,2.0,14 hours ago,PKR 2.5 Lakh,"Emaar Crescent Bay, DHA Phase 8",Karachi,Zameen
2923,https://www.zameen.com/Property/dha_phase_8_emaar_crescent_bay_spacious_4-bedroom_apartment_available_for_rent_in_emaar_reef_tower-54637305-8503-4.html,Room,For Rent,292 Sq. Yd.,4,6.0,14 hours ago,PKR 4 Lakh,"Emaar Crescent Bay, DHA Phase 8",Karachi,Zameen
2924,https://www.zameen.com/Property/gulistan_e_jauhar_gulistan-e-jauhar_-_block_3_prime_location_of_block-3_tiles_flooring_brand_new_almost-54623790-6826-4.html,Other,For Rent,300 Sq. Yd.,4,4.0,11 hours ago,PKR 1.15 Lakh,"Gulistan-e-Jauhar - Block 3, Gulistan-e-Jauhar",Karachi,Zameen
2925,https://www.zameen.com/Property/dha_defence_dha_phase_6_defence_1000_yards_bungalow_for_rent_with_basement_and_pool-48944469-1483-4.html,Other,For Rent,"1,000 Sq. Yd.",7,6.0,11 hours ago,PKR 15 Lakh,"DHA Phase 6, DHA Defence",Karachi,Zameen
2926,https://www.zameen.com/Property/dha_defence_dha_phase_8_defence_500_yards_beautiful_ground_floor_portion_for_rent-54396083-1485-4.html,Other,For Rent,500 Sq. Yd.,2,2.0,11 hours ago,PKR 3.25 Lakh,"DHA Phase 8, DHA Defence",Karachi,Zameen
2927,https://www.zameen.com/Property/dha_defence_dha_phase_7_defence_500_yards_ground_floor_portion_for_rent_like_new-54462324-1484-4.html,Other,For Rent,500 Sq. Yd.,3,4.0,11 hours ago,PKR 3 Lakh,"DHA Phase 7, DHA Defence",Karachi,Zameen
2928,https://www.zameen.com/Property/emaar_crescent_bay_emaar_pearl_towers_luxurious_apartment_sea_facing_for_rent-54017265-10719-4.html,Apartment,For Rent,292 Sq. Yd.,4,6.0,11 hours ago,PKR 6 Lakh,"Emaar Pearl Towers, Emaar Crescent Bay",Karachi,Zameen
2929,https://www.zameen.com/Property/dha_phase_5_badar_commercial_area_flat_2_bedroom_d_d_available_for_rent_in_badar_comm_dha-54669636-8484-4.html,Room,For Rent,100 Sq. Yd.,2,2.0,8 hours ago,PKR 85 Thousand,"Badar Commercial Area, DHA Phase 5",Karachi,Zameen
2930,https://www.zameen.com/Property/clifton_clifton_-_block_2_bungalow_1000_sq_yards_available_for_commercial_use_in_block_2_clifton-54676135-1664-4.html,Other,For Rent,"1,000 Sq. Yd.",10,6.0,8 hours ago,PKR 18 Lakh,"Clifton - Block 2, Clifton",Karachi,Zameen
2931,https://www.zameen.com/Property/clifton_clifton_-_block_9_flat_for_grabs_in_1800_square_feet_karachi-54690739-1671-4.html,Flat,For Rent,200 Sq. Yd.,3,3.0,8 hours ago,PKR 2.5 Lakh,"Clifton - Block 9, Clifton",Karachi,Zameen
2932,https://www.zameen.com/Property/clifton_clifton_-_block_6_com_3_duplex_apartment_available_for_rent-54220135-1668-4.html,Apartment,For Rent,356 Sq. Yd.,4,4.0,8 hours ago,PKR 4 Lakh,"Clifton - Block 6, Clifton",Karachi,Zameen
2933,https://www.zameen.com/Property/dha_defence_dha_phase_8_like_brand_new_portion_available_for_rent-54618502-1485-4.html,Other,For Rent,500 Sq. Yd.,3,3.0,8 hours ago,PKR 3.4 Lakh,"DHA Phase 8, DHA Defence",Karachi,Zameen
2934,https://www.zameen.com/Property/dha_defence_dha_phase_6_dha_phase_6_1500_square_feet_apartment_for_rent-54690715-1483-4.html,Apartment,For Rent,167 Sq. Yd.,3,3.0,8 hours ago,PKR 2.5 Lakh,"DHA Phase 6, DHA Defence",Karachi,Zameen
2935,https://www.zameen.com/Property/dha_phase_5_badar_commercial_area_luxury_furnished_apartment_for_rent_dha_phase_5-54690691-8484-4.html,Apartment,For Rent,111 Sq. Yd.,2,2.0,9 hours ago,PKR 1.35 Lakh,"Badar Commercial Area, DHA Phase 5",Karachi,Zameen
2936,https://www.zameen.com/Property/federal_b_area_federal_b_area_-_block_10_ideally_located_prime_location_upper_portion_of_400_square_yards_is_available_for_rent_in_karachi-54570265-6694-4.html,Upper Portion,For Rent,400 Sq. Yd.,4,4.0,9 hours ago,PKR 1.5 Lakh,"Federal B Area - Block 10, Federal B Area",Karachi,Zameen
2937,https://www.zameen.com/Property/karachi_kda_scheme_1_luxurious_600_yards_bungalow_in_immaculate_condition_boasting_a_beautiful_lawn_located_behind_karsaz_suitable_for_foreigners_expatriates_and_c-suite_executives-51208296-8292-4.html,Other,For Rent,600 Sq. Yd.,6,7.0,1 week ago,PKR 7 Lakh,"KDA Scheme 1, Karachi",Karachi,Zameen
2938,https://www.zameen.com/Property/karachi_navy_housing_scheme_karsaz_500_yards_luxurious_1st_floor_portion_in_immaculate_condition_located_near_karsaz_in_navy_housing_scheme_suitable_for_those_in_search_of_a_property_in_immaculate_condition_in_a_highly_secure_neighborhood-54095950-11579-4.html,Other,For Rent,500 Sq. Yd.,3,4.0,1 week ago,PKR 4 Lakh,"Navy Housing Scheme Karsaz, Karachi",Karachi,Zameen
2939,https://www.zameen.com/Property/karachi_shahra-e-faisal_stunning_house_is_available_for_rent_in_shahra-e-faisal-54520761-310-4.html,House,For Rent,300 Sq. Yd.,8,7.0,1 week ago,PKR 5.75 Lakh,"Shahra-e-Faisal, Karachi",Karachi,Zameen
2940,https://www.zameen.com/Property/karachi_shahra-e-faisal_700_yards_commercial_use_triple_storey_bungalow_located_near_shahrah-e-faisal_in_block_6_pechs_on_a_wide_road_with_lots_of_parking_space-54520828-310-4.html,Other,For Rent,700 Sq. Yd.,11,7.0,1 week ago,PKR 7.5 Lakh,"Shahra-e-Faisal, Karachi",Karachi,Zameen
2941,https://www.zameen.com/Property/karachi_shahra-e-faisal_1200_yards_office-style_built_huge_bungalow_boasting_carpeted_space_measuring_10_000_sqft_and_a_big_lawn_located_near_shahrah-e-faisal_near_habitt_store_suitable_for_those_in_search_of_a_pre-built_office_style_property_on_prime_location-54520875-310-4.html,Office,For Rent,"1,200 Sq. Yd.",11,7.0,1 week ago,PKR 11 Lakh,"Shahra-e-Faisal, Karachi",Karachi,Zameen
2942,https://www.zameen.com/Property/dha_defence_dha_phase_6_well_maintained_luxury_2-bedrooms_apartment_for_rent_in_big_bukhari_commercial_first_floor_dha_phase_6-54661791-1483-4.html,Room,For Rent,100 Sq. Yd.,2,2.0,1 week ago,PKR 1.25 Lakh,"DHA Phase 6, DHA Defence",Karachi,Zameen
2943,https://www.zameen.com/Property/gulistan_e_jauhar_gulistan-e-jauhar_-_block_13_flat_available_for_rent_in_bisma_residency-52902086-6837-4.html,Flat,For Rent,117 Sq. Yd.,2,2.0,1 week ago,PKR 45 Thousand,"Gulistan-e-Jauhar - Block 13, Gulistan-e-Jauhar",Karachi,Zameen
2944,https://www.zameen.com/Property/dha_phase_8_emaar_the_views_emaar_the_views_02_bedrooms_flat_for_rent-54582942-17808-4.html,Room,For Rent,154 Sq. Yd.,2,3.0,1 week ago,PKR 2.75 Lakh,"Emaar The Views, DHA Phase 8",Karachi,Zameen
2945,https://www.zameen.com/Property/malir_cantonment_askari_6_brand_new_house_available_for_rent-52682968-21109-4.html,House,For Rent,375 Sq. Yd.,6,6.0,1 week ago,PKR 1.6 Lakh,"Askari 6, Malir Cantonment",Karachi,Zameen
2946,https://www.zameen.com/Property/clifton_clifton_-_block_7_chapal_skymark_3_bed_seafacing_for_rent-54596187-1669-4.html,Other,For Rent,278 Sq. Yd.,3,3.0,1 week ago,PKR 3 Lakh,"Clifton - Block 7, Clifton",Karachi,Zameen
2947,https://www.zameen.com/Property/dha_phase_8_emaar_crescent_bay_sea_facing_04_bedrooms_in_the_coral_tower_emaar_available_for_rent-54672329-8503-4.html,Room,For Rent,355 Sq. Yd.,4,6.0,14 hours ago,PKR 3.56 Lakh,"Emaar Crescent Bay, DHA Phase 8",Karachi,Zameen
2948,https://www.zameen.com/Property/dha_phase_8_creek_vista_creek_vista_apartment_available_for_rent-54560250-9058-4.html,Apartment,For Rent,300 Sq. Yd.,4,5.0,16 hours ago,PKR 4 Lakh,"Creek Vista, DHA Phase 8",Karachi,Zameen
2949,https://www.zameen.com/Property/dha_defence_dha_phase_4_upper_portion_available_for_rent-54596136-1481-4.html,Upper Portion,For Rent,500 Sq. Yd.,4,4.0,11 hours ago,PKR 2.65 Lakh,"DHA Phase 4, DHA Defence",Karachi,Zameen
2950,https://www.zameen.com/Property/emaar_crescent_bay_emaar_pearl_towers_emaar_full_furnished_2_bed_study_apartment_available_for_rent-54486516-10719-4.html,Apartment,For Rent,227 Sq. Yd.,3,4.0,11 hours ago,PKR 4 Lakh,"Emaar Pearl Towers, Emaar Crescent Bay",Karachi,Zameen
2951,https://www.zameen.com/Property/dha_defence_dha_phase_8_3_bed_portion_available_for_rent_prime_location_dha_phase_8-54689988-1485-4.html,Other,For Rent,500 Sq. Yd.,3,3.0,11 hours ago,PKR 2.75 Lakh,"DHA Phase 8, DHA Defence",Karachi,Zameen
2952,https://www.zameen.com/Property/dha_defence_dha_phase_8_500_yards_bungalow_for_rent-54670902-1485-4.html,Other,For Rent,500 Sq. Yd.,4,4.0,12 hours ago,PKR 5.5 Lakh,"DHA Phase 8, DHA Defence",Karachi,Zameen
2953,https://www.zameen.com/Property/dha_defence_dha_phase_7_extension_brand_new_550_sq_ft_fully_furnished_studio_apartment_for_rent_in_khalid_commercial_dha_phase_7_extension-54499518-1674-4.html,Apartment,For Rent,61 Sq. Yd.,2,2.0,12 hours ago,PKR 85 Thousand,"DHA Phase 7 Extension, DHA Defence",Karachi,Zameen
2954,https://www.zameen.com/Property/federal_b_area_federal_b_area_-_block_13_prime_location_lower_portion_sized_400_square_yards_is_available_for_rent_in_federal_b_area_-_block_13-54573479-6697-4.html,Lower Portion,For Rent,400 Sq. Yd.,3,3.0,9 hours ago,PKR 1 Lakh,"Federal B Area - Block 13, Federal B Area",Karachi,Zameen
2955,https://www.zameen.com/Property/dha_phase_6_bukhari_commercial_area_flat_for_rent-54690613-6674-4.html,Flat,For Rent,111 Sq. Yd.,2,2.0,9 hours ago,PKR 1.1 Lakh,"Bukhari Commercial Area, DHA Phase 6",Karachi,Zameen
2956,https://www.zameen.com/Property/clifton_clifton_-_block_2_4_bed_dd_spacious_flat_for_rent-53729910-1664-4.html,Flat,For Rent,267 Sq. Yd.,4,4.0,9 hours ago,PKR 1.45 Lakh,"Clifton - Block 2, Clifton",Karachi,Zameen
2957,https://www.zameen.com/Property/gulshan_e_iqbal_town_bahadurabad_6_bed_d_d_town_house_for_rent_bahadurabad-53223054-524-4.html,House,For Rent,255 Sq. Yd.,6,6.0,9 hours ago,PKR 4 Lakh,"Bahadurabad, Gulshan-e-Iqbal Town",Karachi,Zameen
2958,https://www.zameen.com/Property/gulshan_e_iqbal_town_sharfabad_3_bad_d_d_flat_for_rent_sharfabad-53232219-313-4.html,Flat,For Rent,172 Sq. Yd.,3,3.0,9 hours ago,PKR 1 Lakh,"Sharfabad, Gulshan-e-Iqbal Town",Karachi,Zameen
2959,https://www.zameen.com/Property/gulshan_e_iqbal_town_sharfabad_3_bad_d_d_flat_for_rent_in_sharfabad-53257431-313-4.html,Flat,For Rent,189 Sq. Yd.,3,3.0,9 hours ago,PKR 1.75 Lakh,"Sharfabad, Gulshan-e-Iqbal Town",Karachi,Zameen
2960,https://www.zameen.com/Property/pechs_pechs_block_2_4_bed_dd_upper_portion_for_rent_pechs_block_2-53267385-6933-4.html,Upper Portion,For Rent,400 Sq. Yd.,4,4.0,9 hours ago,PKR 1.8 Lakh,"PECHS Block 2, PECHS",Karachi,Zameen
2961,https://www.zameen.com/Property/gulshan_e_iqbal_town_mohammad_ali_society_3_bad_d_d_flat_available_for_rent_sceem_1_muhammad_ali_society-53276647-411-4.html,Flat,For Rent,178 Sq. Yd.,3,3.0,9 hours ago,PKR 1.1 Lakh,"Mohammad Ali Society, Gulshan-e-Iqbal Town",Karachi,Zameen
2962,https://www.zameen.com/Property/bahria_town_karachi_bahria_town_-_precinct_1_a_great_choice_for_a_prime_location_272_square_yards_house_available_in_bahria_town_-_precinct_1-54656140-10007-4.html,House,For Rent,272 Sq. Yd.,5,5.0,1 week ago,PKR 1.25 Lakh,"Bahria Town - Precinct 1, Bahria Town Karachi",Karachi,Zameen
2963,https://www.zameen.com/Property/bahria_town_precinct_12_bahria_town_-_ali_block_prime_location_house_of_175_square_yards_is_available_for_rent_in_bahria_town_-_ali_block_karachi-54656141-10023-4.html,House,For Rent,175 Sq. Yd.,5,5.0,1 week ago,PKR 75 Thousand,"Bahria Town - Ali Block, Bahria Town - Precinct 12",Karachi,Zameen
2964,https://www.zameen.com/Property/dha_defence_dha_phase_6_upper_portion_for_rent-45858885-1483-4.html,Upper Portion,For Rent,500 Sq. Yd.,3,4.0,1 week ago,PKR 2.3 Lakh,"DHA Phase 6, DHA Defence",Karachi,Zameen
2965,https://www.zameen.com/Property/clifton_clifton_-_block_4_250_sq_yard_house_available_for_rent_at_clifton_block_4-51886628-1666-4.html,House,For Rent,250 Sq. Yd.,4,5.0,1 week ago,PKR 3.5 Lakh,"Clifton - Block 4, Clifton",Karachi,Zameen
2966,https://www.zameen.com/Property/dha_defence_dha_phase_5_2000_square_yard_house_available_for_rent_at_dha_phase_5-54654027-1482-4.html,House,For Rent,"2,000 Sq. Yd.",7,6.0,1 week ago,PKR 30 Lakh,"DHA Phase 5, DHA Defence",Karachi,Zameen
2967,https://www.zameen.com/Property/pechs_pechs_block_6_townhouse_available_for_rent-54602565-6935-4.html,House,For Rent,200 Sq. Yd.,4,5.0,1 week ago,PKR 3.25 Lakh,"PECHS Block 6, PECHS",Karachi,Zameen
2968,https://www.zameen.com/Property/karachi_kda_scheme_1_800_yards_well_maintained_bungalow_for_rent_with_garden_top_class_location_near_national_stadium-41701472-8292-4.html,Other,For Rent,600 Sq. Yd.,6,6.0,1 week ago,PKR 14 Lakh,"KDA Scheme 1, Karachi",Karachi,Zameen
2969,https://www.zameen.com/Property/karachi_civil_lines_prime_location_property_penthouse_for_rent_in_civil_lines_civil_lines_is_available-54600445-493-4.html,Penthouse,For Rent,556 Sq. Yd.,4,4.0,1 week ago,PKR 6 Lakh,"Civil Lines, Karachi",Karachi,Zameen
2970,https://www.zameen.com/Property/karachi_kda_scheme_1_kda_officers_society_national_stadium_near_aohs_dohs_240_yard_ground_plus_2_bungalow_8_bed_rooms_with_3_kitchen_best_for_joints_families_beautiful_location_details_contact-54408998-8292-4.html,Room,For Rent,240 Sq. Yd.,8,6.0,1 week ago,PKR 5 Lakh,"KDA Scheme 1, Karachi",Karachi,Zameen
2971,https://www.zameen.com/Property/karachi_bath_island_fully_renovated_3_bed_dd_apartment_for_rent_in_bath_island-54645678-198-4.html,Apartment,For Rent,200 Sq. Yd.,3,4.0,1 week ago,PKR 1.75 Lakh,"Bath Island, Karachi",Karachi,Zameen
2972,https://www.zameen.com/Property/dha_defence_dha_phase_7_extension_fully_furnished_studio_apartment_available_for_rent-54632629-1674-4.html,Apartment,For Rent,50 Sq. Yd.,2,2.0,16 hours ago,PKR 90 Thousand,"DHA Phase 7 Extension, DHA Defence",Karachi,Zameen
2973,https://www.zameen.com/Property/dha_defence_dha_phase_7_luxurious_500_yards_upper_portion_for_rent_defence_phase_vii-54686274-1484-4.html,Upper Portion,For Rent,500 Sq. Yd.,3,3.0,16 hours ago,PKR 2.75 Lakh,"DHA Phase 7, DHA Defence",Karachi,Zameen
2974,https://www.zameen.com/Property/dha_defence_dha_phase_7_extension_studio_apartment_for_rent-54472613-1674-4.html,Apartment,For Rent,61 Sq. Yd.,2,2.0,12 hours ago,PKR 60 Thousand,"DHA Phase 7 Extension, DHA Defence",Karachi,Zameen
2975,https://www.zameen.com/Property/clifton_clifton_-_block_3_karachi_beach_flat-54544886-1665-4.html,Flat,For Rent,189 Sq. Yd.,3,3.0,12 hours ago,PKR 1.65 Lakh,"Clifton - Block 3, Clifton",Karachi,Zameen
2976,https://www.zameen.com/Property/dha_defence_dha_phase_8_chance_deal_portion_available_for_rent_ph_8-54689668-1485-4.html,Other,For Rent,500 Sq. Yd.,3,3.0,12 hours ago,PKR 1.75 Lakh,"DHA Phase 8, DHA Defence",Karachi,Zameen
2977,https://www.zameen.com/Property/clifton_clifton_-_block_9_zamzam_arcade_brand_new_apartment_for_rent-54529236-1671-4.html,Apartment,For Rent,278 Sq. Yd.,3,,13 hours ago,PKR 2.7 Lakh,"Clifton - Block 9, Clifton",Karachi,Zameen
2978,https://www.zameen.com/Property/karachi_scheme_33_brand_new_2_bed_lounge_for_rent_at_prime_location-54640759-495-4.html,Other,For Rent,80 Sq. Yd.,2,2.0,13 hours ago,PKR 40 Thousand,"Scheme 33, Karachi",Karachi,Zameen
2979,https://www.zameen.com/Property/dha_defence_dha_phase_8_5_bed_d_d_portion_for_rent_dha_phase_8-53373812-1485-4.html,Other,For Rent,500 Sq. Yd.,5,4.0,9 hours ago,PKR 3.5 Lakh,"DHA Phase 8, DHA Defence",Karachi,Zameen
2980,https://www.zameen.com/Property/gulshan_e_iqbal_town_mohammad_ali_society_3_bed_d_d_portion_for_rent_location_muhammad_ali_society-53455140-411-4.html,Other,For Rent,167 Sq. Yd.,3,3.0,9 hours ago,PKR 1.4 Lakh,"Mohammad Ali Society, Gulshan-e-Iqbal Town",Karachi,Zameen
2981,https://www.zameen.com/Property/gulshan_e_iqbal_town_sharfabad_4_bad_d_d_portion_for_rent_location_sharfabad_near_bahadurabad-53519159-313-4.html,Other,For Rent,389 Sq. Yd.,4,4.0,9 hours ago,PKR 2.8 Lakh,"Sharfabad, Gulshan-e-Iqbal Town",Karachi,Zameen
2982,https://www.zameen.com/Property/gulistan_e_jauhar_gulistan-e-jauhar_-_block_2_prime_location_of_block-2_on_main_100_ft_road_tiles_flooring-54470559-6825-4.html,Other,For Rent,400 Sq. Yd.,3,4.0,9 hours ago,PKR 1.35 Lakh,"Gulistan-e-Jauhar - Block 2, Gulistan-e-Jauhar",Karachi,Zameen
2983,https://www.zameen.com/Property/jamshed_town_pechs_3_bed_d_d_flat_for_rent_location_pechs_block_2-53865910-403-4.html,Flat,For Rent,194 Sq. Yd.,3,3.0,9 hours ago,PKR 1.4 Lakh,"PECHS, Jamshed Town",Karachi,Zameen
2984,https://www.zameen.com/Property/gulshan_e_iqbal_town_dhoraji_colony_3_bed_d_d_flat_for_rent_location_dhuraji-53984371-217-4.html,Flat,For Rent,194 Sq. Yd.,3,3.0,9 hours ago,PKR 1.6 Lakh,"Dhoraji Colony, Gulshan-e-Iqbal Town",Karachi,Zameen
2985,https://www.zameen.com/Property/gulshan_e_iqbal_town_dhoraji_colony_3_bed_d_d_portion_for_rent-54066596-217-4.html,Other,For Rent,167 Sq. Yd.,3,3.0,9 hours ago,PKR 1.4 Lakh,"Dhoraji Colony, Gulshan-e-Iqbal Town",Karachi,Zameen
2986,https://www.zameen.com/Property/karachi_hill_park_4_bed_d_d_portion_for_rent_location_share_a_faisal-54175577-758-4.html,Other,For Rent,400 Sq. Yd.,4,4.0,9 hours ago,PKR 2.25 Lakh,"Hill Park, Karachi",Karachi,Zameen
2987,https://www.zameen.com/Property/dha_defence_dha_defence_phase_2_brand_new_house_available_for_rent_in_dha_phase_2_islamabad-54629028-339-4.html,House,For Rent,1 Kanal,6,6.0,21 hours ago,PKR 3.5 Lakh,"DHA Defence Phase 2, DHA Defence",Islamabad,Zameen
2988,https://www.zameen.com/Property/g_13_g-13_3_buy_a_centrally_located_1700_square_feet_flat_in_g-11_3_markaz-54538869-3339-4.html,Flat,For Rent,7.6 Marla,2,2.0,2 days ago,PKR 1.4 Lakh,"G-13/3, G-13",Islamabad,Zameen
2989,https://www.zameen.com/Property/top_city_1_top_city_1_-_block_b_1_kanal_brand_new_house_for_rent_in_top_city_1_islamabad-54663962-9230-4.html,House,For Rent,1 Kanal,9,6.0,3 days ago,PKR 3 Lakh,"Top City 1 - Block B, Top City 1",Islamabad,Zameen
2990,https://www.zameen.com/Property/bahria_town_bahria_enclave_studio_apartments_available_for_rent-54656029-1705-4.html,Apartment,For Rent,1.4 Marla,,1.0,3 days ago,PKR 40 Thousand,"Bahria Enclave, Bahria Town",Islamabad,Zameen
2991,https://www.zameen.com/Property/islamabad_f-7_f-7_beautiful_lower_ground_for_rent-54643868-165-4.html,Other,For Rent,2.1 Kanal,3,4.0,4 days ago,PKR 9.25 Lakh,"F-7, Islamabad",Islamabad,Zameen
2992,https://www.zameen.com/Property/gulberg_gulberg_greens_one_bed_fully_furnished_apartment_available_for_rent_in_diamond_mall_gulberg_green_isb-54687032-8312-4.html,Apartment,For Rent,2.4 Marla,1,1.0,3 hours ago,PKR 60 Thousand,"Gulberg Greens, Gulberg",Islamabad,Zameen
2993,https://www.zameen.com/Property/islamabad_f-6_new_big_luxurious_furnished_house_for_rent-54372448-164-4.html,House,For Rent,4 Kanal,4,5.0,5 hours ago,PKR 7 Lakh,"F-6, Islamabad",Islamabad,Zameen
2994,https://www.zameen.com/Property/gulberg_gulberg_greens_01_bedroom_luxury_unfurnished_apartment_available_for_rent_at_gulberg_green_islamabad-54690439-8312-4.html,Room,For Rent,2.8 Marla,1,1.0,10 hours ago,PKR 35 Thousand,"Gulberg Greens, Gulberg",Islamabad,Zameen
2995,https://www.zameen.com/Property/g_11_g-11_3_a_on_excellent_location_flat_of_2300_square_feet_in_islamabad-54689338-3332-4.html,Flat,For Rent,10.2 Marla,3,4.0,10 hours ago,PKR 3.75 Lakh,"G-11/3, G-11",Islamabad,Zameen
2996,https://www.zameen.com/Property/islamabad_f-6_ground_portion_for_rent_in_f-6-54602770-164-4.html,Other,For Rent,1.1 Kanal,3,4.0,11 hours ago,PKR 2.95 Lakh,"F-6, Islamabad",Islamabad,Zameen
2997,https://www.zameen.com/Property/bahria_enclave_cube_apartments_cube_1_bed_apartment_available_for_rent_on_prime_location_and_reasonable_price-54691443-21520-4.html,Apartment,For Rent,5.1 Marla,1,1.0,5 hours ago,PKR 50 Thousand,"Cube Apartments, Bahria Enclave",Islamabad,Zameen
2998,https://www.zameen.com/Property/bahria_enclave_bahria_enclave_-_sector_a_10_marla_house_available_for_rent_in_bahria_enclave_sector_a-54689742-11970-4.html,House,For Rent,10 Marla,5,5.0,10 hours ago,PKR 1.7 Lakh,"Bahria Enclave - Sector A, Bahria Enclave",Islamabad,Zameen
2999,https://www.zameen.com/Property/gulberg_residencia_gulberg_residencia_-_block_e_executive_mansion_for_rent_1_kanal_11_bedrooms_prime_block_e_gulberg_greens-54474140-9115-4.html,Room,For Rent,1 Kanal,10,6.0,14 minutes ago,PKR 4.5 Lakh,"Gulberg Residencia - Block E, Gulberg Residencia",Islamabad,Zameen
3000,https://www.zameen.com/Property/islamabad_f-6_beautiful_brand_new_house_available_for_rent_on_prime_location-54059119-164-4.html,House,For Rent,1.7 Kanal,5,6.0,1 hour ago,PKR 15 Lakh,"F-6, Islamabad",Islamabad,Zameen
3001,https://www.zameen.com/Property/islamabad_f-11_2_bedroom_unfurnished_apartments_available_for_the_rent-54578792-163-4.html,Room,For Rent,7.6 Marla,2,2.0,1 hour ago,PKR 1 Lakh,"F-11, Islamabad",Islamabad,Zameen
3002,https://www.zameen.com/Property/islamabad_f-8_7_bedrooms_house_available_for_rent_in_islamabad-51541027-166-4.html,Room,For Rent,1.8 Kanal,7,,2 hours ago,PKR 11.5 Lakh,"F-8, Islamabad",Islamabad,Zameen
3003,https://www.zameen.com/Property/islamabad_f-8_brand_new_house_on_extremely_prime_location_available_for_rent_in_islamabad-52772609-166-4.html,House,For Rent,1.8 Kanal,6,6.0,2 hours ago,PKR 11 Lakh,"F-8, Islamabad",Islamabad,Zameen
3004,https://www.zameen.com/Property/islamabad_f-7_beautiful_independent_upper_portion_fully_furnished_for_foreigners_and_diplomats_only-54692616-165-4.html,Upper Portion,For Rent,1.4 Kanal,3,3.0,6 minutes ago,PKR 3.6 Lakh,"F-7, Islamabad",Islamabad,Zameen
3005,https://www.zameen.com/Property/islamabad_e-11_750_square_feet_flat_in_stunning_e-11_is_available_for_rent-54539430-329-4.html,Flat,For Rent,3.3 Marla,2,2.0,32 minutes ago,PKR 85 Thousand,"E-11, Islamabad",Islamabad,Zameen
3006,https://www.zameen.com/Property/e_11_e-11_2_d1w_brand_new_american_-style_10_marla_ground_portion_for_rent-54574449-3233-4.html,Other,For Rent,10 Marla,3,3.0,32 minutes ago,PKR 1.5 Lakh,"E-11/2, E-11",Islamabad,Zameen
3007,https://www.zameen.com/Property/e_11_e-11_2_e11_2_ground_portion_available_for_rent-54653996-3233-4.html,Other,For Rent,8 Marla,2,3.0,32 minutes ago,PKR 75 Thousand,"E-11/2, E-11",Islamabad,Zameen
3008,https://www.zameen.com/Property/e_11_e-11_2_2-bedroom_brand_new_ground_portion_for_rent_e-11-54659141-3233-4.html,Room,For Rent,8 Marla,2,2.0,32 minutes ago,PKR 85 Thousand,"E-11/2, E-11",Islamabad,Zameen
3009,https://www.zameen.com/Property/e_11_e-11_2_e11_2_-2_bedroom_fully_furnished_apartment_for_rent-54683866-3233-4.html,Room,For Rent,4.4 Marla,2,2.0,32 minutes ago,PKR 60 Thousand,"E-11/2, E-11",Islamabad,Zameen
3010,https://www.zameen.com/Property/islamabad_f-6_beautiful_house_available_for_rent_on_prime_location-54529482-164-4.html,House,For Rent,1.1 Kanal,5,6.0,1 hour ago,PKR 10 Lakh,"F-6, Islamabad",Islamabad,Zameen
3011,https://www.zameen.com/Property/islamabad_e-11_e-11_2_crown_business_center_1_bedroom_apartment_furnished_for_rent_available-54553687-329-4.html,Room,For Rent,2 Marla,1,1.0,2 hours ago,PKR 42 Thousand,"E-11, Islamabad",Islamabad,Zameen
3012,https://www.zameen.com/Property/i_10_i-10_1_6_marla_lower_portion_for_rent_small_family_without_car_parking-54655650-3420-4.html,Lower Portion,For Rent,6 Marla,2,2.0,6 days ago,PKR 95 Thousand,"I-10/1, I-10",Islamabad,Zameen
3013,https://www.zameen.com/Property/islamabad_i-8_upper_portion_available_for_rent_in_i-8-54609674-174-4.html,Upper Portion,For Rent,14 Marla,3,3.0,6 days ago,PKR 1.8 Lakh,"I-8, Islamabad",Islamabad,Zameen
3014,https://www.zameen.com/Property/i_10_i-10_4_lower_portion_available_for_rent_in_i-10-54620493-3423-4.html,Lower Portion,For Rent,6 Marla,2,2.0,6 days ago,PKR 1 Lakh,"I-10/4, I-10",Islamabad,Zameen
3015,https://www.zameen.com/Property/i_11_i-11_2_upper_portion_available_for_rent_in_i-11-54620576-9879-4.html,Upper Portion,For Rent,6 Marla,2,2.0,6 days ago,PKR 1 Lakh,"I-11/2, I-11",Islamabad,Zameen
3016,https://www.zameen.com/Property/islamabad_d-12_sector_d_12_2_14_marla_upper_portion_is_available_for_rent_bed_room_drying_room_attach_washroom_tv_launch_kitchen_rent_1_35ac_electricity_meer_seprate-54352758-160-4.html,Upper Portion,For Rent,14 Marla,3,3.0,6 days ago,PKR 1.65 Lakh,"D-12, Islamabad",Islamabad,Zameen
3017,https://www.zameen.com/Property/constitution_avenue_one_constitution_avenue_1_bed_study_fully_furnished_for_rent_in_one_constitution_avenue_islamabad-52487859-21856-4.html,Other,For Rent,4.8 Marla,2,2.0,13 hours ago,PKR 2.4 Lakh,"One Constitution Avenue, Constitution Avenue",Islamabad,Zameen
3018,https://www.zameen.com/Property/f_10_sukh_chayn_residence_furnished_apartment_available_for_rent_in_sukhchain_f10-53852503-13589-4.html,Apartment,For Rent,3.8 Marla,1,1.0,14 hours ago,PKR 3 Lakh,"Sukh Chayn Residence, F-10",Islamabad,Zameen
3019,https://www.zameen.com/Property/f_10_sukh_chayn_residence_own_a_flat_in_1960_square_feet_islamabad-54688379-13589-4.html,Flat,For Rent,8.7 Marla,3,3.0,14 hours ago,PKR 7.5 Lakh,"Sukh Chayn Residence, F-10",Islamabad,Zameen
3020,https://www.zameen.com/Property/islamabad_pwd_housing_scheme_furnished_portion_is_available_for_rent-48801126-424-4.html,Other,For Rent,14 Marla,3,3.0,14 hours ago,PKR 1.25 Lakh,"PWD Housing Scheme, Islamabad",Islamabad,Zameen
3021,https://www.zameen.com/Property/islamabad_f-8_three_bedrooms_ground_portion_available_for_rent_in_f-8_3-54663973-166-4.html,Room,For Rent,1 Kanal,3,3.0,15 hours ago,PKR 2.2 Lakh,"F-8, Islamabad",Islamabad,Zameen
3022,https://www.zameen.com/Property/islamabad_mumtaz_city_in_mumtaz_city_house_sized_7_marla_for_rent-54690109-3464-4.html,House,For Rent,7 Marla,,,11 hours ago,PKR 2 Lakh,"Mumtaz City, Islamabad",Islamabad,Zameen
3023,https://www.zameen.com/Property/islamabad_g-11_101_tower_flat_available_for_rent-54689967-168-4.html,Flat,For Rent,5.3 Marla,2,2.0,12 hours ago,PKR 1.6 Lakh,"G-11, Islamabad",Islamabad,Zameen
3024,https://www.zameen.com/Property/islamabad_f-7_brand_new_corner_house_available_for_rent_on_most_prime_location_in_islamabad-52601834-165-4.html,House,For Rent,2.2 Kanal,6,6.0,2 hours ago,PKR 11 Lakh,"F-7, Islamabad",Islamabad,Zameen
3025,https://www.zameen.com/Property/islamabad_f-6_brand_new_house_on_extremely_prime_location_available_for_rent_in_islamabad-52562725-164-4.html,House,For Rent,1.6 Kanal,6,6.0,2 hours ago,PKR 13 Lakh,"F-6, Islamabad",Islamabad,Zameen
3026,https://www.zameen.com/Property/margalla_hills_2_capital_residencia_two_bed_apartment_available_for_rent_in_capital_residencia-54510649-10573-4.html,Apartment,For Rent,6.2 Marla,2,2.0,2 hours ago,PKR 75 Thousand,"Capital Residencia, Margalla Hills-2",Islamabad,Zameen
3027,https://www.zameen.com/Property/islamabad_soan_garden_1_kanal_new_upper_portion_for_rent-53013566-338-4.html,Upper Portion,For Rent,1 Kanal,4,5.0,2 hours ago,PKR 95 Thousand,"Soan Garden, Islamabad",Islamabad,Zameen
3028,https://www.zameen.com/Property/islamabad_national_police_foundation_o-9_1_kanal_upper_portion_for_rent_in_police_foundation_with_gas_and_water_bor-54365636-331-4.html,Upper Portion,For Rent,1 Kanal,3,4.0,2 hours ago,PKR 80 Thousand,"National Police Foundation O-9, Islamabad",Islamabad,Zameen
3029,https://www.zameen.com/Property/islamabad_f-6_luxury_house_for_rent_on_most_prime_location-52582720-164-4.html,House,For Rent,2.2 Kanal,6,6.0,2 hours ago,PKR 10.6 Lakh,"F-6, Islamabad",Islamabad,Zameen
3030,https://www.zameen.com/Property/islamabad_f-7_brand_new_triple_storey_house_on_prime_location_available_for_rent-52554687-165-4.html,House,For Rent,1.8 Kanal,5,6.0,2 hours ago,PKR 6.6 Lakh,"F-7, Islamabad",Islamabad,Zameen
3031,https://www.zameen.com/Property/islamabad_f-6_luxury_house_on_prime_location_available_for_rent_in_islamabad_pakistan-52050155-164-4.html,House,For Rent,2.2 Kanal,5,6.0,2 hours ago,PKR 8 Lakh,"F-6, Islamabad",Islamabad,Zameen
3032,https://www.zameen.com/Property/islamabad_e-7_luxury_house_on_extremely_prime_location_available_for_rent_in_islamabad-51835571-343-4.html,House,For Rent,1.2 Kanal,4,5.0,2 hours ago,PKR 5.2 Lakh,"E-7, Islamabad",Islamabad,Zameen
3033,https://www.zameen.com/Property/islamabad_f-6_luxury_house_on_extremely_prime_location_available_for_rent_in_islamabad-51446017-164-4.html,House,For Rent,1.3 Kanal,6,6.0,2 hours ago,PKR 9.5 Lakh,"F-6, Islamabad",Islamabad,Zameen
3034,https://www.zameen.com/Property/islamabad_e-7_luxury_house_on_extremely_prime_location_available_for_rent_in_islamabad-50772472-343-4.html,House,For Rent,2.2 Kanal,5,6.0,2 hours ago,PKR 9.5 Lakh,"E-7, Islamabad",Islamabad,Zameen
3035,https://www.zameen.com/Property/f_6_f-6_2_luxurious_house_on_extremely_prime_location_available_for_rent_in_islamabad-50527784-3300-4.html,House,For Rent,1.3 Kanal,5,6.0,2 hours ago,PKR 9.7 Lakh,"F-6/2, F-6",Islamabad,Zameen
3036,https://www.zameen.com/Property/islamabad_f-7_luxury_house_on_prime_location_available_for_rent_in_islamabad_pakistan-54238196-165-4.html,House,For Rent,1.2 Kanal,5,6.0,2 hours ago,PKR 5.8 Lakh,"F-7, Islamabad",Islamabad,Zameen
3037,https://www.zameen.com/Property/dha_defence_dha_defence_phase_5_6_marla_brand_new_house_for_rent_on_in_dha_defence_phase_5_islamabad-54639597-10991-4.html,House,For Rent,6 Marla,4,5.0,6 days ago,PKR 2.1 Lakh,"DHA Defence Phase 5, DHA Defence",Islamabad,Zameen
3038,https://www.zameen.com/Property/islamabad_constitution_avenue_luxury_4-bed_fully_furnished_apartment_for_rent_islamabad-54659803-8284-4.html,Apartment,For Rent,1 Kanal,4,5.0,1 week ago,PKR 9.8 Lakh,"Constitution Avenue, Islamabad",Islamabad,Zameen
3039,https://www.zameen.com/Property/islamabad_f-7_full_house_for_rent_in_f-7_islamabad-54659608-165-4.html,House,For Rent,1.3 Kanal,6,7.0,1 week ago,PKR 11.2 Lakh,"F-7, Islamabad",Islamabad,Zameen
3040,https://www.zameen.com/Property/constitution_avenue_one_constitution_avenue_elite_living_at_one_constitution_avenue_fully_furnished_1-bed_apartment-53969103-21856-4.html,Apartment,For Rent,3.8 Marla,1,1.0,2 weeks ago,PKR 1.75 Lakh,"One Constitution Avenue, Constitution Avenue",Islamabad,Zameen
3041,https://www.zameen.com/Property/faisal_town_phase_1_faisal_town_phase_1_-_block_a_8_marla_luxury_brand_new_house_for_rent_in_faisal_town_islamabad-53482228-16416-4.html,House,For Rent,8 Marla,6,6.0,2 weeks ago,PKR 1.3 Lakh,"Faisal Town Phase 1 - Block A, Faisal Town Phase 1",Islamabad,Zameen
3042,https://www.zameen.com/Property/g_11_g-11_3_beautiful_flat_available_for_rent_at_g_11_3-54286234-3332-4.html,Flat,For Rent,8.2 Marla,3,3.0,15 hours ago,PKR 1.5 Lakh,"G-11/3, G-11",Islamabad,Zameen
3043,https://www.zameen.com/Property/g_11_3_capital_heights_ideal_flat_for_rent_in_capital_heights-54613936-13256-4.html,Flat,For Rent,9.6 Marla,3,3.0,16 hours ago,PKR 1.6 Lakh,"Capital Heights, G-11/3",Islamabad,Zameen
3044,https://www.zameen.com/Property/islamabad_f-7_full_furnished_11_beds_triple_storey_house_available_for_rent-54688231-165-4.html,House,For Rent,1.3 Kanal,10,6.0,17 hours ago,PKR 25 Lakh,"F-7, Islamabad",Islamabad,Zameen
3045,https://www.zameen.com/Property/g_15_zarkon_heights_1_bedroom_fully_furnished_apartment_for_rent_in_zarkon_heights_islamabad-54449844-10169-4.html,Room,For Rent,2.8 Marla,1,1.0,1 day ago,PKR 72 Thousand,"Zarkon Heights, G-15",Islamabad,Zameen
3046,https://www.zameen.com/Property/i_8_i-8_4_lower_portion_of_3866_square_feet_is_available_for_rent_in_i-8_4_islamabad-54635912-3444-4.html,Lower Portion,For Rent,17.2 Marla,3,4.0,1 day ago,PKR 2.75 Lakh,"I-8/4, I-8",Islamabad,Zameen
3047,https://www.zameen.com/Property/islamabad_d-12_4_marla_luxury_full_house_is_available_for_rent_in_d_12_islamabad_3bed_with_washroom_drawing_dining_tvl_open_kichen_servant_room_no_gas_electric_available_parking-54574463-160-4.html,Room,For Rent,4 Marla,3,5.0,12 hours ago,PKR 1.5 Lakh,"D-12, Islamabad",Islamabad,Zameen
3048,https://www.zameen.com/Property/islamabad_d-12_d-12_islamabad_2540_brand_new_luxury_house_for_rent_3bed_with_washroom_drawing_room_lounge_open_kichen_servant_room_parking_no_gas_electric_available-54583211-160-4.html,Room,For Rent,4 Marla,3,5.0,12 hours ago,PKR 1.75 Lakh,"D-12, Islamabad",Islamabad,Zameen
3049,https://www.zameen.com/Property/islamabad_river_garden_luxurious_spacious_designer_3bed_beautiful_ground_portion_for_rent_car_parking_space_avlb_water_24_7_available_ideal_location_this_house_walking_distance_islamabad_express_highway-54650284-1457-4.html,House,For Rent,14 Marla,3,4.0,2 hours ago,PKR 77 Thousand,"River Garden, Islamabad",Islamabad,Zameen
3050,https://www.zameen.com/Property/soan_garden_soan_garden_-_block_f_reasonable_price_this_ground_portion_1_kanal_beautiful_vip_portion_3bedroom_gas_available_ideal_location_this_house-54537042-3496-4.html,Room,For Rent,1 Kanal,3,4.0,2 hours ago,PKR 80 Thousand,"Soan Garden - Block F, Soan Garden",Islamabad,Zameen
3051,https://www.zameen.com/Property/soan_garden_soan_garden_-_block_c_luxurious_spacious_designer_house_independent_seperate_house_double_storey_house_for_rent_ideal_location_this_house_in_soan_garden-54170974-3493-4.html,House,For Rent,6 Marla,4,5.0,2 hours ago,PKR 1 Lakh,"Soan Garden - Block C, Soan Garden",Islamabad,Zameen
3052,https://www.zameen.com/Property/cbr_town_phase_1_cbr_town_phase_1_-_block_c_like_brand_new_out_class_7_marla_independent_double_storey_house_for_rent_complete_house_for_rent_prime_location_in_cbr_town_2_electricity_meter-53985569-3149-4.html,House,For Rent,7 Marla,5,7.0,2 hours ago,PKR 1.1 Lakh,"CBR Town Phase 1 - Block C, CBR Town Phase 1",Islamabad,Zameen
3053,https://www.zameen.com/Property/pwd_housing_scheme_pwd_housing_society_-_block_d_beautiful_independent_seperate_double_story_house_full_house_available_inn_pwd_ideal_location_point_gas_available_this_house-53961746-15002-4.html,House,For Rent,10 Marla,6,7.0,2 hours ago,PKR 1.2 Lakh,"PWD Housing Society - Block D, PWD Housing Scheme",Islamabad,Zameen
3054,https://www.zameen.com/Property/islamabad_f-8_beautiful_fully_furnished_portion_with_separate_entrance-54119466-166-4.html,Other,For Rent,1.6 Kanal,3,3.0,2 hours ago,PKR 4 Lakh,"F-8, Islamabad",Islamabad,Zameen
3055,https://www.zameen.com/Property/islamabad_national_police_foundation_o-9_2_bed_fully_furnished_apartment_for_rent_in_ovaisco_heights-53783048-331-4.html,Apartment,For Rent,4 Marla,2,2.0,2 hours ago,PKR 50 Thousand,"National Police Foundation O-9, Islamabad",Islamabad,Zameen
3056,https://www.zameen.com/Property/islamabad_soan_garden_1_kanal_ground_plus_basement_two_portion_for_rent_in_soan_garden-53810987-338-4.html,Other,For Rent,1 Kanal,4,5.0,2 hours ago,PKR 1.2 Lakh,"Soan Garden, Islamabad",Islamabad,Zameen
3057,https://www.zameen.com/Property/islamabad_pwd_housing_scheme_14_marla_upper_portion_for_rent_in_pwd-53912866-424-4.html,Upper Portion,For Rent,12 Marla,3,4.0,2 hours ago,PKR 85 Thousand,"PWD Housing Scheme, Islamabad",Islamabad,Zameen
3058,https://www.zameen.com/Property/islamabad_pwd_housing_scheme_2bed_fully_furnished_apartment_for_rent_in_ovaisco_heights_near_bahria_town_gate-54026929-424-4.html,Apartment,For Rent,4 Marla,2,2.0,2 hours ago,PKR 50 Thousand,"PWD Housing Scheme, Islamabad",Islamabad,Zameen
3059,https://www.zameen.com/Property/cbr_town_cbr_town_phase_1_7_marla_ground_plus_basement_two_portion_for_rent_in_cbr_town-54111287-3147-4.html,Other,For Rent,7 Marla,4,5.0,2 hours ago,PKR 1.1 Lakh,"CBR Town Phase 1, CBR Town",Islamabad,Zameen
3060,https://www.zameen.com/Property/cbr_town_cbr_town_phase_1_12_marla_upper_portion_for_rent_in_cbr_town-54485629-3147-4.html,Upper Portion,For Rent,12 Marla,3,4.0,2 hours ago,PKR 79 Thousand,"CBR Town Phase 1, CBR Town",Islamabad,Zameen
3061,https://www.zameen.com/Property/islamabad_soan_garden_1_kanal_house_for_rent_in_soan_garden-54515414-338-4.html,House,For Rent,1 Kanal,6,7.0,2 hours ago,PKR 1.5 Lakh,"Soan Garden, Islamabad",Islamabad,Zameen
3062,https://www.zameen.com/Property/top_city_1_top_city_1_-_block_a_portion_for_rent_top_city_1_islamabad-54617373-9231-4.html,Other,For Rent,10 Marla,4,4.0,2 weeks ago,PKR 75 Thousand,"Top City 1 - Block A, Top City 1",Islamabad,Zameen
3063,https://www.zameen.com/Property/islamabad_g-13_10_marla_35x70_ground_portion_available_for_rent_g-13_4_isb-54559977-330-4.html,Other,For Rent,10 Marla,3,3.0,3 weeks ago,PKR 1.35 Lakh,"G-13, Islamabad",Islamabad,Zameen
3064,https://www.zameen.com/Property/bahria_town_bahria_enclave_1_bed_fully_furnished_apartment_available_for_rent_on_reasonable_price_at_prime_location_of_bahria_enclave_islamabad-54586458-1705-4.html,Apartment,For Rent,3.3 Marla,1,1.0,3 weeks ago,PKR 50 Thousand,"Bahria Enclave, Bahria Town",Islamabad,Zameen
3065,https://www.zameen.com/Property/bahria_town_bahria_enclave_10_marla_house_avaliable_for_rent_in_bahria_enclave_sector_a_5_bed_accommodation_2_american_kitchen_1_servent_two_species_tv_lounge-54578371-1705-4.html,House,For Rent,10 Marla,5,6.0,4 weeks ago,PKR 1.65 Lakh,"Bahria Enclave, Bahria Town",Islamabad,Zameen
3066,https://www.zameen.com/Property/dha_defence_dha_defence_phase_2_kanal_beautiful_upper_portion-54567723-339-4.html,Upper Portion,For Rent,1 Kanal,3,4.0,4 weeks ago,PKR 1.25 Lakh,"DHA Defence Phase 2, DHA Defence",Islamabad,Zameen
3067,https://www.zameen.com/Property/islamabad_i-14_6_marla_brand_new_luxury_double_storey_house_available_for_rent-54678819-1045-4.html,House,For Rent,6 Marla,4,6.0,1 day ago,PKR 1.25 Lakh,"I-14, Islamabad",Islamabad,Zameen
3068,https://www.zameen.com/Property/islamabad_f-7_f-7_07_bedroom_triple_storey_house_for_rent_most_reasonable-54664294-165-4.html,Room,For Rent,1 Kanal,7,,1 day ago,PKR 7.5 Lakh,"F-7, Islamabad",Islamabad,Zameen
3069,https://www.zameen.com/Property/islamabad_f-7_fully_independent_house_available_for_rent_in_f-7-54612379-165-4.html,House,For Rent,1 Kanal,4,5.0,1 day ago,PKR 8 Lakh,"F-7, Islamabad",Islamabad,Zameen
3070,https://www.zameen.com/Property/islamabad_f-7_full_house_available_for_rent_in_f-7-54606164-165-4.html,House,For Rent,2.4 Kanal,4,5.0,1 day ago,PKR 12 Lakh,"F-7, Islamabad",Islamabad,Zameen
3071,https://www.zameen.com/Property/islamabad_e-7_fully_independent_furnished_house_for_rent_in_e-7-53588289-343-4.html,House,For Rent,1.8 Kanal,4,5.0,1 day ago,PKR 9.5 Lakh,"E-7, Islamabad",Islamabad,Zameen
3072,https://www.zameen.com/Property/islamabad_mumtaz_city_mumtaz_city_448_square_feet_flat_up_for_rent-54689824-3464-4.html,Flat,For Rent,2 Marla,,1.0,12 hours ago,PKR 50 Thousand,"Mumtaz City, Islamabad",Islamabad,Zameen
3073,https://www.zameen.com/Property/islamabad_d-12_d-12_islamabad_10_marla_brand_new_luxury_upper_portion_for_rent_3bed_with_washroom_drawing_dining_tvl_kichen_no_servant_parking-54630829-160-4.html,Upper Portion,For Rent,10 Marla,3,3.0,12 hours ago,PKR 1.55 Lakh,"D-12, Islamabad",Islamabad,Zameen
3074,https://www.zameen.com/Property/f_11_f-11_3_house_available_for_rent_in_f11-54673551-3284-4.html,House,For Rent,1 Kanal,8,6.0,2 hours ago,PKR 6 Lakh,"F-11/3, F-11",Islamabad,Zameen
3075,https://www.zameen.com/Property/islamabad_b-17_8_marla_brand_new_house_available_for_rent_in_b-17_islamabad_solar_installed_gas_available-54572973-616-4.html,House,For Rent,8 Marla,7,6.0,3 hours ago,PKR 1.3 Lakh,"B-17, Islamabad",Islamabad,Zameen
3076,https://www.zameen.com/Property/gulberg_gulberg_greens_prime_location_fully_furnished_1bed_apartment_available_for_rent_in_gulberg_greens-54573327-8312-4.html,Apartment,For Rent,5.1 Marla,1,1.0,3 hours ago,PKR 60 Thousand,"Gulberg Greens, Gulberg",Islamabad,Zameen
3077,https://www.zameen.com/Property/islamabad_f-7_brand_new_house_for_rent_in_f-7-54420021-165-4.html,House,For Rent,1.5 Kanal,4,5.0,3 hours ago,PKR 11 Lakh,"F-7, Islamabad",Islamabad,Zameen
3078,https://www.zameen.com/Property/islamabad_f-7_brand_new_house_for_rent_in_f-7-54398791-165-4.html,House,For Rent,1.5 Kanal,4,6.0,3 hours ago,PKR 8.9 Lakh,"F-7, Islamabad",Islamabad,Zameen
3079,https://www.zameen.com/Property/soan_garden_soan_garden_-_block_a_independent_seperate_gate_portion_golden_opportunity_this_portion_reasonable_price_lower_ground_portion_point_features_entrance_seperate_gas_seperate_meter_ideal_location_this_house-54547997-3491-4.html,House,For Rent,1 Kanal,3,4.0,2 hours ago,PKR 69 Thousand,"Soan Garden - Block A, Soan Garden",Islamabad,Zameen
3080,https://www.zameen.com/Property/pwd_housing_scheme_pwd_housing_society_-_block_d_ideal_location_this_house_vip_12_to_14_marla_beautiful_3bed_upper_portion_gas_available_big_point_water_boring_this_house_car_parking_available_ground_portion_rented_car_parking_available-54517713-15002-4.html,Upper Portion,For Rent,14 Marla,3,3.0,2 hours ago,PKR 84 Thousand,"PWD Housing Society - Block D, PWD Housing Scheme",Islamabad,Zameen
3081,https://www.zameen.com/Property/soan_garden_soan_garden_-_block_h_luxurious_spacious_designer_like_brand_new_ground_lower_ground_portion_avlb_4bedroom_point_water_boring_ideal_location_this_house-54503367-3498-4.html,Room,For Rent,7 Marla,4,4.0,2 hours ago,PKR 1.05 Lakh,"Soan Garden - Block H, Soan Garden",Islamabad,Zameen
3082,https://www.zameen.com/Property/f_10_sukh_chayn_residence_brand_new_apartment_available_for_rent_in_sukh_chyan_residency_f10-51984882-13589-4.html,Apartment,For Rent,12.4 Marla,4,4.0,2 hours ago,PKR 5.5 Lakh,"Sukh Chayn Residence, F-10",Islamabad,Zameen
3083,https://www.zameen.com/Property/f_10_sukh_chayn_residence_brand_new_apartment_available_for_rent_in_f10-51984934-13589-4.html,Apartment,For Rent,3.8 Marla,1,1.0,2 hours ago,PKR 2.3 Lakh,"Sukh Chayn Residence, F-10",Islamabad,Zameen
3084,https://www.zameen.com/Property/soan_garden_soan_garden_-_block_h_luxurious_spacious_designers_5_marla_double_story_avlb_water_boring-54442689-3498-4.html,Other,For Rent,5 Marla,4,5.0,2 hours ago,PKR 90 Thousand,"Soan Garden - Block H, Soan Garden",Islamabad,Zameen
3085,https://www.zameen.com/Property/jinnah_gardens_jinnah_gardens_phase_1_designer_house_luxury_brand_new_3_bedroom_upper_portion_for_rent_in_jinnah_garden_ideal_location_this_house-54424640-1421-4.html,Upper Portion,For Rent,10 Marla,3,3.0,2 hours ago,PKR 65 Thousand,"Jinnah Gardens Phase 1, Jinnah Gardens",Islamabad,Zameen
3086,https://www.zameen.com/Property/f_10_silver_oaks_apartments_fully_furnished_apartment_available_for_rent_in_f-10_on_silver_oaks_apartments-52529647-11308-4.html,Apartment,For Rent,9.3 Marla,3,3.0,2 hours ago,PKR 3.5 Lakh,"Silver Oaks Apartments, F-10",Islamabad,Zameen
3087,https://www.zameen.com/Property/dha_defence_dha_defence_phase_5_1_kanal_brand_new_designer_full_houes_for_in_dha_phase_5_islamabad-54607141-10991-4.html,Other,For Rent,1 Kanal,6,7.0,2 weeks ago,PKR 2.7 Lakh,"DHA Defence Phase 5, DHA Defence",Islamabad,Zameen
3088,https://www.zameen.com/Property/dha_defence_dha_defence_phase_2_brand_new_lower_ground_available_for_rent_in_dha_phase_2_islamabad-54629080-339-4.html,Other,For Rent,1 Kanal,3,4.0,2 weeks ago,PKR 1 Lakh,"DHA Defence Phase 2, DHA Defence",Islamabad,Zameen
3089,https://www.zameen.com/Property/islamabad_bani_gala_farm_house_available_for_rent_in_banigala-54567921-340-4.html,Farm House,For Rent,10 Kanal,6,7.0,1 day ago,PKR 10.5 Lakh,"Bani Gala, Islamabad",Islamabad,Zameen
3090,https://www.zameen.com/Property/islamabad_emaar_canyon_views_emaar_5_bedroom_villa_for_rent_dha_5_sector_e_islamabad-54414210-8370-4.html,Room,For Rent,1.3 Kanal,5,5.0,2 days ago,PKR 2 Lakh,"Emaar Canyon Views, Islamabad",Islamabad,Zameen
3091,https://www.zameen.com/Property/islamabad_bani_gala_full_furnished_apartment_in_bani_gala_korang_road-54088778-340-4.html,Apartment,For Rent,6 Marla,2,2.0,2 days ago,PKR 1.2 Lakh,"Bani Gala, Islamabad",Islamabad,Zameen
3092,https://www.zameen.com/Property/islamabad_f-7_ideal_house_is_available_for_rent_in_f-7-54671588-165-4.html,House,For Rent,1.6 Kanal,6,6.0,2 days ago,PKR 8 Lakh,"F-7, Islamabad",Islamabad,Zameen
3093,https://www.zameen.com/Property/i_8_i-8_3_furnished_ground_portion_available_for_rent_in_i8_near_to_shifa_hospital-54573376-3443-4.html,Other,For Rent,1 Kanal,3,3.0,2 days ago,PKR 2.5 Lakh,"I-8/3, I-8",Islamabad,Zameen
3094,https://www.zameen.com/Property/islamabad_f-7_fully_furnished_house_available_for_rent_in_f-7-54612676-165-4.html,House,For Rent,1.2 Kanal,4,5.0,2 days ago,PKR 11.5 Lakh,"F-7, Islamabad",Islamabad,Zameen
3095,https://www.zameen.com/Property/dha_defence_dha_defence_phase_2_1_kanal_full_house_available_for_rent_in_dha_ph_2_islamabad_sector_b_whit_sorla-54344423-339-4.html,House,For Rent,1 Kanal,6,6.0,2 days ago,PKR 3 Lakh,"DHA Defence Phase 2, DHA Defence",Islamabad,Zameen
3096,https://www.zameen.com/Property/islamabad_f-10_beautiful_furnished_house_for_rent-54682965-162-4.html,House,For Rent,1 Kanal,7,6.0,2 days ago,PKR 13 Lakh,"F-10, Islamabad",Islamabad,Zameen
3097,https://www.zameen.com/Property/islamabad_mumtaz_city_719_square_feet_flat_in_mumtaz_city-54689823-3464-4.html,Flat,For Rent,3.2 Marla,2,2.0,12 hours ago,PKR 60 Thousand,"Mumtaz City, Islamabad",Islamabad,Zameen
3098,https://www.zameen.com/Property/d_12_karsaaz_villas_shahallahditta_st_1_near_to_d-12_markaz_islamabad_12marla_brand_new_condition_full_house_for_rent_5bed_with_washroom_2drawing_dining_lounge_2kichen_tearus_servant_room_no_gas_electric_available_2car_parking-54630795-12662-4.html,Room,For Rent,12 Marla,5,7.0,12 hours ago,PKR 1.9 Lakh,"Karsaaz Villas, D-12",Islamabad,Zameen
3099,https://www.zameen.com/Property/islamabad_f-7_well_maintained_house_for_rent_in_f-7-54046901-165-4.html,House,For Rent,3 Kanal,11,6.0,3 hours ago,PKR 32 Lakh,"F-7, Islamabad",Islamabad,Zameen
3100,https://www.zameen.com/Property/islamabad_f-7_brand_new_furnished_house_for_rent_in_f-7-54022774-165-4.html,House,For Rent,1 Kanal,4,5.0,3 hours ago,PKR 7 Lakh,"F-7, Islamabad",Islamabad,Zameen
3101,https://www.zameen.com/Property/islamabad_f-7_full_furnished_house_with_solar_system-54475922-165-4.html,House,For Rent,1 Kanal,5,6.0,3 hours ago,PKR 14 Lakh,"F-7, Islamabad",Islamabad,Zameen
3102,https://www.zameen.com/Property/islamabad_f-8_a_30_marla_house_in_f-8_is_on_the_market_for_rent-49476142-166-4.html,House,For Rent,1.5 Kanal,6,,3 hours ago,PKR 13.5 Lakh,"F-8, Islamabad",Islamabad,Zameen
3103,https://www.zameen.com/Property/islamabad_f-8_brand_new_house_for_rent_in_f-8-53539317-166-4.html,House,For Rent,1.2 Kanal,8,6.0,3 hours ago,PKR 10 Lakh,"F-8, Islamabad",Islamabad,Zameen
3104,https://www.zameen.com/Property/f_10_sukh_chayn_residence_apartment_available_for_rent_in_sukhchyan_f10-53579151-13589-4.html,Apartment,For Rent,9 Marla,3,3.0,2 hours ago,PKR 5.5 Lakh,"Sukh Chayn Residence, F-10",Islamabad,Zameen
3105,https://www.zameen.com/Property/soan_garden_soan_garden_-_block_h_independent_seperate_10m_double_story_house_for_rent_6_to_7_bedroom_gas_available_ideal_location_this_house_walking_distance_islamabad_express_highway-54331068-3498-4.html,Room,For Rent,10 Marla,7,7.0,2 hours ago,PKR 1.33 Lakh,"Soan Garden - Block H, Soan Garden",Islamabad,Zameen
3106,https://www.zameen.com/Property/soan_garden_soan_garden_-_block_e_golden_opportunity_reasonable_price_independent_seperate_1_kanal_double_story_house_for_rent_big_point_loan_garden_space_available_3_car_parking_space_gas_available_ideal_location_this_house-54278670-3495-4.html,House,For Rent,1 Kanal,6,7.0,2 hours ago,PKR 1.45 Lakh,"Soan Garden - Block E, Soan Garden",Islamabad,Zameen
3107,https://www.zameen.com/Property/pwd_housing_scheme_pwd_housing_society_-_block_c_vip_3_bedroom_upper_portion_for_rent_gas_seperate_ideal_location_this_near_to_kfc-54258269-15001-4.html,Upper Portion,For Rent,10 Marla,3,3.0,2 hours ago,PKR 56 Thousand,"PWD Housing Society - Block C, PWD Housing Scheme",Islamabad,Zameen
3108,https://www.zameen.com/Property/pwd_housing_scheme_pwd_housing_society_-_block_c_golden_opportunity_this_house_luxurious_spacious_designer_independent_separate_double_story_house_for_rent_in_pwd-54181943-15001-4.html,House,For Rent,10 Marla,4,5.0,2 hours ago,PKR 1.45 Lakh,"PWD Housing Society - Block C, PWD Housing Scheme",Islamabad,Zameen
3109,https://www.zameen.com/Property/cbr_town_phase_1_cbr_town_phase_1_-_block_c_independent_separate_single_storey_house_golden_opportunity_this_house_reasonable_price_p_golden_opportunity_2_bedroom_7_marla_single-54160866-3149-4.html,Room,For Rent,7 Marla,2,2.0,2 hours ago,PKR 47 Thousand,"CBR Town Phase 1 - Block C, CBR Town Phase 1",Islamabad,Zameen
3110,https://www.zameen.com/Property/pakistan_town_pakistan_town_-_phase_1_golden_opportunity_this_portion_independent_seperate_gate_upper_portion_like_brand_new_3_big_master_bedroom_point_entrance_seperate_near_to_highway-54145323-14998-4.html,Upper Portion,For Rent,14 Marla,3,3.0,2 hours ago,PKR 72 Thousand,"Pakistan Town - Phase 1, Pakistan Town",Islamabad,Zameen
3111,https://www.zameen.com/Property/islamabad_korang_town_golden_opportunity_this_portion_like_brand_new_tile_flooring_7marla_2_master_bedroom_upper_portion_in_korang_town_walking_distance_islamabad_express_highway_gas_available-54125736-445-4.html,Upper Portion,For Rent,7 Marla,2,3.0,2 hours ago,PKR 51 Thousand,"Korang Town, Islamabad",Islamabad,Zameen
3112,https://www.zameen.com/Property/islamabad_f-11_new_upper_portion_with_5_rooms_with_attached_bath_4_car_parking_on_reasonable_rent-54662456-163-4.html,Upper Portion,For Rent,1 Kanal,5,5.0,12 hours ago,PKR 1.9 Lakh,"F-11, Islamabad",Islamabad,Zameen
3113,https://www.zameen.com/Property/islamabad_f-6_7_bed_luxury_house_f6_full_house_4_halls_elevator_wooden_flooring_4-car_parking_lawn-54678095-164-4.html,House,For Rent,2 Kanal,7,6.0,17 hours ago,PKR 30 Lakh,"F-6, Islamabad",Islamabad,Zameen
3114,https://www.zameen.com/Property/islamabad_f-10_f10_park_tower_fully_furnished_flat_for_rent-54684095-162-4.html,Flat,For Rent,7.6 Marla,2,3.0,19 hours ago,PKR 2 Lakh,"F-10, Islamabad",Islamabad,Zameen
3115,https://www.zameen.com/Property/islamabad_f-8_ground_portion_for_rent_in_f-8-54250259-166-4.html,Other,For Rent,1 Kanal,3,3.0,1 day ago,PKR 2.48 Lakh,"F-8, Islamabad",Islamabad,Zameen
3116,https://www.zameen.com/Property/islamabad_f-7_fully_furnished_antique_house_in_f-7-54308587-165-4.html,House,For Rent,1 Kanal,4,5.0,1 day ago,PKR 10 Lakh,"F-7, Islamabad",Islamabad,Zameen
3117,https://www.zameen.com/Property/f_10_f-10_4_brand_new_upper_portion_for_rent-54639344-3279-4.html,Upper Portion,For Rent,2 Kanal,3,3.0,2 days ago,PKR 2.7 Lakh,"F-10/4, F-10",Islamabad,Zameen
3118,https://www.zameen.com/Property/f_6_f-6_1_ground_portion_for_rent-54595480-3299-4.html,Other,For Rent,17.8 Marla,3,3.0,2 days ago,PKR 3.5 Lakh,"F-6/1, F-6",Islamabad,Zameen
3119,https://www.zameen.com/Property/g_13_g-13_1_lower_portion_of_10_marla_in_g-13_1_for_rent-54590183-3337-4.html,Lower Portion,For Rent,10 Marla,3,3.0,17 hours ago,PKR 1.3 Lakh,"G-13/1, G-13",Islamabad,Zameen
3120,https://www.zameen.com/Property/soan_garden_soan_garden_-_block_e_22marla_beautiful_vip_3_bedroom_ground_portion_for_rent_water_boring_gas_available_2_3_car_parking_space_available_ideal_location_this_house-54689553-3495-4.html,Room,For Rent,1.1 Kanal,3,3.0,13 hours ago,PKR 1 Lakh,"Soan Garden - Block E, Soan Garden",Islamabad,Zameen
3121,https://www.zameen.com/Property/islamabad_f-8_fully_furnished_upper_portion_for_rent_available_in_f-8-54141082-166-4.html,Upper Portion,For Rent,1.2 Kanal,3,4.0,1 day ago,PKR 5.75 Lakh,"F-8, Islamabad",Islamabad,Zameen
3122,https://www.zameen.com/Property/d_12_d-12_2_upper_portion_for_rent_in_d-12_2_islamabad-53892795-3155-4.html,Upper Portion,For Rent,14 Marla,3,3.0,12 hours ago,PKR 1.6 Lakh,"D-12/2, D-12",Islamabad,Zameen
3123,https://www.zameen.com/Property/islamabad_d-12_d-12_1_4_marla_house_for_rent_4_bed_with_washroom_lounge_2_kitchen_servant_parking_gas_electric-53983376-160-4.html,Room,For Rent,4 Marla,4,4.0,12 hours ago,PKR 1.55 Lakh,"D-12, Islamabad",Islamabad,Zameen
3124,https://www.zameen.com/Property/islamabad_f-8_brand_new_house_for_rent_in_f-8-54305970-166-4.html,House,For Rent,1 Kanal,5,,3 hours ago,PKR 6 Lakh,"F-8, Islamabad",Islamabad,Zameen
3125,https://www.zameen.com/Property/islamabad_f-8_brand_new_furnished_houses_for_rent_in_f-8-54420059-166-4.html,House,For Rent,1 Kanal,4,5.0,3 hours ago,PKR 10 Lakh,"F-8, Islamabad",Islamabad,Zameen
3126,https://www.zameen.com/Property/islamabad_f-8_newly_renovated_house_for_rent_in_f-8-54420076-166-4.html,House,For Rent,1 Kanal,5,6.0,3 hours ago,PKR 10 Lakh,"F-8, Islamabad",Islamabad,Zameen
3127,https://www.zameen.com/Property/islamabad_g-10_g-10_prime_location_40x80_house_available_for_rent-54675690-167-4.html,House,For Rent,12 Marla,6,7.0,3 hours ago,PKR 3.7 Lakh,"G-10, Islamabad",Islamabad,Zameen
3128,https://www.zameen.com/Property/g_9_g-9_1_prime_location_house_available_for_rent_in_g-9_1-54533235-3384-4.html,House,For Rent,12 Marla,4,3.0,3 hours ago,PKR 2.5 Lakh,"G-9/1, G-9",Islamabad,Zameen
3129,https://www.zameen.com/Property/soan_garden_soan_garden_-_block_f_reasonable_price_like_brand_new_2_bedroom_upper_portion_for_rent_ideal_location_this_house-54121558-3496-4.html,Upper Portion,For Rent,5 Marla,2,2.0,2 hours ago,PKR 45 Thousand,"Soan Garden - Block F, Soan Garden",Islamabad,Zameen
3130,https://www.zameen.com/Property/pwd_housing_scheme_pwd_housing_society_-_block_c_reasonable_price_independent_double_story_10marla_4_to_5_bedroom_seperate_house_gas_available_this_house_ideal_location_this_house_school_walking_distance-54116814-15001-4.html,Room,For Rent,10 Marla,5,6.0,2 hours ago,PKR 1.19 Lakh,"PWD Housing Society - Block C, PWD Housing Scheme",Islamabad,Zameen
3131,https://www.zameen.com/Property/islamabad_river_garden_independent_seperate_house_double_story_house_for_rent_10m_gas_available_point_water_24_7_available_golden_opportunity_this_house_near_to_highway_islamabad-54100525-1457-4.html,House,For Rent,10 Marla,6,7.0,2 hours ago,PKR 1.37 Lakh,"River Garden, Islamabad",Islamabad,Zameen
3132,https://www.zameen.com/Property/pakistan_town_pakistan_town_-_phase_2_independent_separate_double_storey_full_house_for_rent_like_brand_new_point_water_boring_near_to_pwd_market_s_prime_location_this_house-53953518-16525-4.html,House,For Rent,6 Marla,4,5.0,2 hours ago,PKR 85 Thousand,"Pakistan Town - Phase 2, Pakistan Town",Islamabad,Zameen
3133,https://www.zameen.com/Property/islamabad_river_garden_luxurious_spacious_designer_brand_new_first_entry_ground_portion_for_rent_3_master_bedroom_point_water_24_7available_car_space_available_near_to_highway_walking_distance-53951175-1457-4.html,Room,For Rent,12 Marla,3,3.0,2 hours ago,PKR 78 Thousand,"River Garden, Islamabad",Islamabad,Zameen
3134,https://www.zameen.com/Property/cbr_town_phase_1_cbr_town_phase_1_-_block_c_independent_separate_house_7_marla_double_storey_house_for_rent_in_cbr_town_prime_location_this_house_gas_available-53915423-3149-4.html,House,For Rent,7 Marla,6,7.0,2 hours ago,PKR 1.17 Lakh,"CBR Town Phase 1 - Block C, CBR Town Phase 1",Islamabad,Zameen
3135,https://www.zameen.com/Property/soan_garden_soan_garden_-_block_b_2_bedroom_flat_for_rent_in_soan_garden_block_b_2nd_floor_apartment-53816419-3492-4.html,Room,For Rent,3.6 Marla,2,2.0,2 hours ago,PKR 28 Thousand,"Soan Garden - Block B, Soan Garden",Islamabad,Zameen
3136,https://www.zameen.com/Property/f_11_f-11_markaz_fully_furnished_3-bedroom_apartment_available_for_rent_short_and_long_stay_sector_f-11-54692446-3286-4.html,Room,For Rent,12.4 Marla,3,3.0,2 hours ago,PKR 2.15 Lakh,"F-11 Markaz, F-11",Islamabad,Zameen
3137,https://www.zameen.com/Property/islamabad_diplomatic_enclave_2_bedrooms_fully_furnished_apartment_for_rent_in_diplomatic_enclave-52951038-429-4.html,Room,For Rent,6.5 Marla,2,2.0,1 hour ago,PKR 2.2 Lakh,"Diplomatic Enclave, Islamabad",Islamabad,Zameen
3138,https://www.zameen.com/Property/gulberg_gulberg_greens_3_bedroom_full_luxury_apartment_available_for_rent-54626441-8312-4.html,Room,For Rent,6.7 Marla,3,3.0,12 hours ago,PKR 2.5 Lakh,"Gulberg Greens, Gulberg",Islamabad,Zameen
3139,https://www.zameen.com/Property/g_15_zarkon_heights_one_bed_apartment_available_for_rent-54603994-10169-4.html,Apartment,For Rent,2.8 Marla,1,1.0,13 hours ago,PKR 48 Thousand,"Zarkon Heights, G-15",Islamabad,Zameen
3140,https://www.zameen.com/Property/g_13_g-13_1_g_13_1_size_25x40_4_marla_brand_new_house_for_rent_beautiful_location-54596098-3337-4.html,House,For Rent,4 Marla,4,5.0,14 hours ago,PKR 1.45 Lakh,"G-13/1, G-13",Islamabad,Zameen
3141,https://www.zameen.com/Property/islamabad_f-11_f-11_house_for_rent-53455583-163-4.html,House,For Rent,1.3 Kanal,6,6.0,2 days ago,PKR 7.5 Lakh,"F-11, Islamabad",Islamabad,Zameen
3142,https://www.zameen.com/Property/g_15_4_islamabad_heights_furnished_apartment_available_for_rent-54233509-15499-4.html,Apartment,For Rent,8.4 Marla,2,2.0,2 days ago,PKR 85 Thousand,"Islamabad Heights, G-15/4",Islamabad,Zameen
3143,https://www.zameen.com/Property/gulberg_gulberg_greens_2_bed_available_furnished_gulberg_green_prime_location-54375834-8312-4.html,Other,For Rent,8.8 Marla,2,2.0,2 days ago,PKR 1 Lakh,"Gulberg Greens, Gulberg",Islamabad,Zameen
3144,https://www.zameen.com/Property/islamabad_shah_allah_ditta_buy_your_ideal_10_marla_house_in_a_prime_location_of_shah_allah_ditta-54432872-8424-4.html,House,For Rent,10 Marla,5,5.0,2 days ago,PKR 2 Lakh,"Shah Allah Ditta, Islamabad",Islamabad,Zameen
3145,https://www.zameen.com/Property/islamabad_shah_allah_ditta_get_this_amazing_2_kanal_farm_house_available_in_shah_allah_ditta-54432888-8424-4.html,Farm House,For Rent,2 Kanal,,,2 days ago,PKR 50 Thousand,"Shah Allah Ditta, Islamabad",Islamabad,Zameen
3146,https://www.zameen.com/Property/islamabad_f-7_f-7_brand_new_luxury_house_for_rent-54681219-165-4.html,House,For Rent,2 Kanal,7,7.0,2 days ago,PKR 31 Lakh,"F-7, Islamabad",Islamabad,Zameen
3147,https://www.zameen.com/Property/islamabad_d-12_d-12_2_8marla_house_for_rent_5bed_6washroom_drawing_dining_tvl_2kichen_servant_room_parking_gas_electric_5marla_extra_land_rent_380kk-54352814-160-4.html,Room,For Rent,8 Marla,5,7.0,12 hours ago,PKR 3.8 Lakh,"D-12, Islamabad",Islamabad,Zameen
3148,https://www.zameen.com/Property/islamabad_d-12_apartment_for_rent_d-12_markaz_islamabad-54373913-160-4.html,Apartment,For Rent,4 Marla,2,2.0,12 hours ago,PKR 85 Thousand,"D-12, Islamabad",Islamabad,Zameen
3149,https://www.zameen.com/Property/national_police_foundation_o_9_national_police_foundation_o-9_-_block_a_tilled_floor_1_kanal_double_storey_house_is_available_on_rent_for_commercial_as_well_as_residential_purpose-54692302-16425-4.html,House,For Rent,1 Kanal,8,6.0,3 hours ago,PKR 3 Lakh,"National Police Foundation O-9 - Block A, National Police Foundation O-9",Islamabad,Zameen
3150,https://www.zameen.com/Property/islamabad_f-8_beautiful_house_available_for_rent_on_prime_location-54363836-166-4.html,House,For Rent,1.3 Kanal,5,6.0,4 hours ago,PKR 8.5 Lakh,"F-8, Islamabad",Islamabad,Zameen
3151,https://www.zameen.com/Property/islamabad_f-7_beautiful_house_available_for_rent_on_prime_location-54363860-165-4.html,House,For Rent,2 Kanal,6,6.0,4 hours ago,PKR 10.5 Lakh,"F-7, Islamabad",Islamabad,Zameen
3152,https://www.zameen.com/Property/dha_defence_phase_5_dha_phase_5_-_sector_f_beautiful_designer_house_is_available_on_rent-54669964-8836-4.html,House,For Rent,1 Kanal,5,6.0,4 hours ago,PKR 3.5 Lakh,"DHA Phase 5 - Sector F, DHA Defence Phase 5",Islamabad,Zameen
3153,https://www.zameen.com/Property/f_7_f-7_4_luxury_1-bedroom_apartment_with_huge_terrace_garden_f-7_4_foreigners_diplomats_only_utilities_included_paying_guest-54692159-3310-4.html,Room,For Rent,2 Kanal,1,1.0,4 hours ago,PKR 3.5 Lakh,"F-7/4, F-7",Islamabad,Zameen
3154,https://www.zameen.com/Property/margalla_view_housing_society_margalla_view_society_-_block_a_in_margalla_view_society_-_block_a_9_marla_breand_new_portion_available_for_rent-54635378-3161-4.html,Other,For Rent,9 Marla,2,2.0,2 hours ago,PKR 70 Thousand,"Margalla View Society - Block A, Margalla View Housing Society",Islamabad,Zameen
3155,https://www.zameen.com/Property/islamabad_f-8_beautiful_house_available_for_rent_with_extra_land-54386993-166-4.html,House,For Rent,1.3 Kanal,4,4.0,2 hours ago,PKR 5.5 Lakh,"F-8, Islamabad",Islamabad,Zameen
3156,https://www.zameen.com/Property/islamabad_f-7_beautiful_new_house_available_for_rent_on_prime_location-54488778-165-4.html,House,For Rent,1.4 Kanal,10,6.0,2 hours ago,PKR 15 Lakh,"F-7, Islamabad",Islamabad,Zameen
3157,https://www.zameen.com/Property/islamabad_f-6_beautiful_house_available_for_rent_on_prime_location-54396535-164-4.html,House,For Rent,1.3 Kanal,5,6.0,2 hours ago,PKR 9 Lakh,"F-6, Islamabad",Islamabad,Zameen
3158,https://www.zameen.com/Property/mpchs_multi_gardens_mpchs_-_block_f_house_in_mpchs_-_block_f_sized_5_marla_is_available-54373142-8527-4.html,House,For Rent,5 Marla,4,4.0,3 hours ago,PKR 1 Lakh,"MPCHS - Block F, MPCHS - Multi Gardens",Islamabad,Zameen
3159,https://www.zameen.com/Property/islamabad_b-17_10_marla_ground_portion_available_for_rent_in_b17_block_d-54491961-616-4.html,Other,For Rent,10 Marla,3,3.0,3 hours ago,PKR 80 Thousand,"B-17, Islamabad",Islamabad,Zameen
3160,https://www.zameen.com/Property/islamabad_b-17_5_marla_corner_category_house_available_for_rent_in_b17_islamabad_first_entry-54530090-616-4.html,House,For Rent,5 Marla,3,4.0,3 hours ago,PKR 1.2 Lakh,"B-17, Islamabad",Islamabad,Zameen
3161,https://www.zameen.com/Property/b_17_mpchs_-_multi_gardens_1_kanal_brand_new_ground_portion_available_for_rent_in_b_block_b-17_gas_available_water_24_7-54532394-3115-4.html,Other,For Rent,1 Kanal,4,4.0,3 hours ago,PKR 1.25 Lakh,"MPCHS - Multi Gardens, B-17",Islamabad,Zameen
3162,https://www.zameen.com/Property/g_13_g-13_2_g-13_2_upper_portion_size_4_marla_like_brand_new-54680975-3338-4.html,Upper Portion,For Rent,4 Marla,2,2.0,3 days ago,PKR 58 Thousand,"G-13/2, G-13",Islamabad,Zameen
3163,https://www.zameen.com/Property/islamabad_f-11_6_bed_room_full_house_available_for_rent_in_available-54644870-163-4.html,Room,For Rent,1 Kanal,6,6.0,3 days ago,PKR 6.7 Lakh,"F-11, Islamabad",Islamabad,Zameen
3164,https://www.zameen.com/Property/dha_defence_dha_defence_phase_2_1_kanal_upper_portion_available_for_rent_in_dha_phase_2_islamabad_sector_g-53931935-339-4.html,Upper Portion,For Rent,1 Kanal,3,4.0,3 days ago,PKR 1.15 Lakh,"DHA Defence Phase 2, DHA Defence",Islamabad,Zameen
3165,https://www.zameen.com/Property/f_10_sukh_chayn_residence_fully_well_furnished_apartment_available_for_rent_in_sukhchyan_valley-54173684-13589-4.html,Apartment,For Rent,5.3 Marla,2,2.0,3 days ago,PKR 4.5 Lakh,"Sukh Chayn Residence, F-10",Islamabad,Zameen
3166,https://www.zameen.com/Property/f_11_f-11_1_full_house_available_for_rent_in_f11_1-54675722-3282-4.html,House,For Rent,1 Kanal,10,6.0,3 days ago,PKR 10 Lakh,"F-11/1, F-11",Islamabad,Zameen
3167,https://www.zameen.com/Property/islamabad_f-7_brand_new_luxury_8_bedroom_house-54664779-165-4.html,Room,For Rent,1.3 Kanal,8,6.0,3 days ago,PKR 23 Lakh,"F-7, Islamabad",Islamabad,Zameen
3168,https://www.zameen.com/Property/e_11_e-11_2_e-11_2_marble_flooring_14_marla_ground_portion_for_rent-54669116-3233-4.html,Other,For Rent,17.8 Marla,3,3.0,4 days ago,PKR 1.5 Lakh,"E-11/2, E-11",Islamabad,Zameen
3169,https://www.zameen.com/Property/f_8_the_centaurus_luxury_3-bedroom_apartment_for_rent_centaurus_mall_islamabad-54265752-8349-4.html,Room,For Rent,11.7 Marla,3,3.0,4 days ago,PKR 7 Lakh,"The Centaurus, F-8",Islamabad,Zameen
3170,https://www.zameen.com/Property/f_6_f-6_3_f-6_3_beautiful_house_for_rent-54629984-3301-4.html,House,For Rent,2 Kanal,9,7.0,4 days ago,PKR 27.5 Lakh,"F-6/3, F-6",Islamabad,Zameen
3171,https://www.zameen.com/Property/islamabad_f-6_brand_new_condition_beautiful_7_bedroom_house-54673501-164-4.html,Room,For Rent,2.2 Kanal,7,6.0,4 days ago,PKR 27 Lakh,"F-6, Islamabad",Islamabad,Zameen
3172,https://www.zameen.com/Property/islamabad_d-12_sector_d-12_2_brand_new_luxury_1_kanal_basement_is_available_for_rent_bedroom_drawing_room_attach_washroom_tv_lounge_kitchen_demand_2_lac_gas_electricity_meter_separate-54357098-160-4.html,Room,For Rent,1 Kanal,2,3.0,12 hours ago,PKR 1.6 Lakh,"D-12, Islamabad",Islamabad,Zameen
3173,https://www.zameen.com/Property/bahria_enclave_bahria_enclave_-_sector_a_one_bed_cube_apartment_available_for_rent_in_bahria_enclave_sector_a-54676691-11970-4.html,Apartment,For Rent,4.3 Marla,1,2.0,12 hours ago,PKR 55 Thousand,"Bahria Enclave - Sector A, Bahria Enclave",Islamabad,Zameen
3174,https://www.zameen.com/Property/bahria_town_bahria_enclave_studio_apartment_for_rent-54642496-1705-4.html,Apartment,For Rent,1.8 Marla,,1.0,4 hours ago,PKR 23 Thousand,"Bahria Enclave, Bahria Town",Islamabad,Zameen
3175,https://www.zameen.com/Property/f_7_f-7_2_brand_new_triple_storey_luxury_house_on_prime_location_available_for_rent_in_islamabad_pakistan-54095934-3308-4.html,House,For Rent,1.4 Kanal,7,,4 hours ago,PKR 11 Lakh,"F-7/2, F-7",Islamabad,Zameen
3176,https://www.zameen.com/Property/islamabad_f-7_luxury_triple_storey_house_on_prime_location_available_for_rent_in_islamabad-53445312-165-4.html,House,For Rent,1.3 Kanal,6,6.0,4 hours ago,PKR 10 Lakh,"F-7, Islamabad",Islamabad,Zameen
3177,https://www.zameen.com/Property/islamabad_f-6_luxury_house_on_extremely_prime_location_available_for_rent_in_islamabad-51803058-164-4.html,House,For Rent,2.2 Kanal,5,6.0,4 hours ago,PKR 7.8 Lakh,"F-6, Islamabad",Islamabad,Zameen
3178,https://www.zameen.com/Property/islamabad_f-8_brand_new_house_swimming_pool_jacuzzi_available_for_rent_in_islamabad-50315462-166-4.html,House,For Rent,1.3 Kanal,6,6.0,4 hours ago,PKR 13.5 Lakh,"F-8, Islamabad",Islamabad,Zameen
3179,https://www.zameen.com/Property/mpchs_multi_gardens_mpchs_-_block_c_10_marla_house_available_in_mpchs_-_block_c_for_rent-54593810-3118-4.html,House,For Rent,10 Marla,,,3 hours ago,PKR 1.6 Lakh,"MPCHS - Block C, MPCHS - Multi Gardens",Islamabad,Zameen
3180,https://www.zameen.com/Property/b_17_faisal_margalla_city_this_is_your_chance_to_buy_house_in_islamabad-54664746-13424-4.html,House,For Rent,5 Marla,3,3.0,3 hours ago,PKR 90 Thousand,"Faisal Margalla City, B-17",Islamabad,Zameen
3181,https://www.zameen.com/Property/islamabad_f-8_newly_renovated_house_for_rent_in_f-8-54113673-166-4.html,House,For Rent,1.2 Kanal,8,,3 hours ago,PKR 10 Lakh,"F-8, Islamabad",Islamabad,Zameen
3182,https://www.zameen.com/Property/islamabad_f-8_furnished_house_for_rent_in_f-8-53722861-166-4.html,House,For Rent,1 Kanal,5,7.0,3 hours ago,PKR 8 Lakh,"F-8, Islamabad",Islamabad,Zameen
3183,https://www.zameen.com/Property/islamabad_f-8_furnished_house_for_rent-54399061-166-4.html,House,For Rent,1.7 Kanal,11,,3 hours ago,PKR 12 Lakh,"F-8, Islamabad",Islamabad,Zameen
3184,https://www.zameen.com/Property/islamabad_f-8_furnished_house_for_rent_in_f-8-54399027-166-4.html,House,For Rent,2.7 Kanal,11,,3 hours ago,PKR 25 Lakh,"F-8, Islamabad",Islamabad,Zameen
3185,https://www.zameen.com/Property/islamabad_f-8_brand_new_furnished_house_for_rent_in_f-8_with_solar_system-54475971-166-4.html,House,For Rent,1.5 Kanal,5,,3 hours ago,PKR 11 Lakh,"F-8, Islamabad",Islamabad,Zameen
3186,https://www.zameen.com/Property/islamabad_f-8_house_with_big_lawn_for_rent_in_f-8-54475759-166-4.html,House,For Rent,2 Kanal,7,,3 hours ago,PKR 10 Lakh,"F-8, Islamabad",Islamabad,Zameen
3187,https://www.zameen.com/Property/dha_defence_dha_defence_phase_2_one_kanal_brand_new_modern_upper_portion_available_for_rent_in_dha_phase_2_islamabad-54639838-339-4.html,Upper Portion,For Rent,1 Kanal,3,4.0,4 days ago,PKR 1.2 Lakh,"DHA Defence Phase 2, DHA Defence",Islamabad,Zameen
3188,https://www.zameen.com/Property/g_15_zarkon_heights_luxury_2-bedroom_furnished_apartment_for_for_rent_in_zarkoon_heights_g-15-54609315-10169-4.html,Room,For Rent,5.6 Marla,2,2.0,4 days ago,PKR 1.3 Lakh,"Zarkon Heights, G-15",Islamabad,Zameen
3189,https://www.zameen.com/Property/islamabad_f-7_6_bedrooms_triple_story_beautiful_house_available_for_rent-54675611-165-4.html,Room,For Rent,1.3 Kanal,6,6.0,4 days ago,PKR 15 Lakh,"F-7, Islamabad",Islamabad,Zameen
3190,https://www.zameen.com/Property/islamabad_f-11_f-11_brand_new_10_bed_designer_house_good_location_reasonable_rent-54637713-163-4.html,House,For Rent,1 Kanal,11,7.0,3 days ago,PKR 18 Lakh,"F-11, Islamabad",Islamabad,Zameen
3191,https://www.zameen.com/Property/islamabad_bani_gala_a_well-designed_3-bedroom_apartment_is_available_for_rent_on_the_6th_floor_of_a_modern_residential_building_the_apartment_offers_a_comfortable_and_peaceful_living_environment_with_excellent_natural_light_and_ventilation-53816029-340-4.html,Room,For Rent,9.3 Marla,3,3.0,4 days ago,PKR 1.1 Lakh,"Bani Gala, Islamabad",Islamabad,Zameen
3192,https://www.zameen.com/Property/g_6_g-6_1_upper_portion_of_7_marla_is_available_for_rent_independent_door_electric_and_gass_mater_available_couple_bachelor_male_and_male-54608816-3361-4.html,Upper Portion,For Rent,7 Marla,1,1.0,4 days ago,PKR 50 Thousand,"G-6/1, G-6",Islamabad,Zameen
3193,https://www.zameen.com/Property/dha_defence_dha_defence_phase_2_dha_phase_2_islamabad_1_kanal_full_house_available_for_rent-48515964-339-4.html,House,For Rent,1 Kanal,6,6.0,2 days ago,PKR 2.9 Lakh,"DHA Defence Phase 2, DHA Defence",Islamabad,Zameen
3194,https://www.zameen.com/Property/dha_defence_dha_defence_phase_1_4_bedrooms_option_dha_1_house_for_rent-54679793-376-4.html,Room,For Rent,9.9 Marla,4,4.0,3 days ago,PKR 1.2 Lakh,"DHA Defence Phase 1, DHA Defence",Islamabad,Zameen
3195,https://www.zameen.com/Property/dha_defence_dha_defence_phase_2_24_marla_upper_portion_available_for_rent_in_dha_phase_2-52434957-339-4.html,Upper Portion,For Rent,1.2 Kanal,3,4.0,4 days ago,PKR 1.1 Lakh,"DHA Defence Phase 2, DHA Defence",Islamabad,Zameen
3196,https://www.zameen.com/Property/dha_defence_dha_defence_phase_2_1_kanal_upper_brand_new_portion_for_rent-44593743-339-4.html,Other,For Rent,1 Kanal,3,4.0,4 days ago,PKR 1.2 Lakh,"DHA Defence Phase 2, DHA Defence",Islamabad,Zameen
3197,https://www.zameen.com/Property/gulberg_greens_block_b_samama_gulberg_tower_gulberg_green_islamabad_one_bed_full_luxury_furnished_apartment_available_for_rent-54253141-22140-4.html,Apartment,For Rent,2.3 Marla,1,1.0,14 hours ago,PKR 60 Thousand,"Samama Gulberg Tower, Gulberg Greens - Block B",Islamabad,Zameen
3198,https://www.zameen.com/Property/bahria_enclave_cube_apartments_one_bed_fully_furnished_highly_equipped_apartment_for_rent_in_cube_apartments_bahria_enclave_islamabad-54605782-21520-4.html,Apartment,For Rent,4.9 Marla,1,1.0,14 hours ago,PKR 90 Thousand,"Cube Apartments, Bahria Enclave",Islamabad,Zameen
3199,https://www.zameen.com/Property/islamabad_f-8_luxury_house_on_extremely_prime_location_available_for_rent-51417981-166-4.html,House,For Rent,1.2 Kanal,4,5.0,4 hours ago,PKR 5.2 Lakh,"F-8, Islamabad",Islamabad,Zameen
3200,https://www.zameen.com/Property/islamabad_f-8_brand_new_house_on_extremely_prime_location_available_for_rent_in_islamabad-52560121-166-4.html,House,For Rent,1.3 Kanal,6,6.0,4 hours ago,PKR 11 Lakh,"F-8, Islamabad",Islamabad,Zameen
3201,https://www.zameen.com/Property/islamabad_f-8_luxury_house_on_extremely_prime_location_available_for_rent_in_islamabad-51132090-166-4.html,House,For Rent,2.2 Kanal,6,6.0,4 hours ago,PKR 11 Lakh,"F-8, Islamabad",Islamabad,Zameen
3202,https://www.zameen.com/Property/islamabad_f-8_brand_new_luxurious_house_on_prime_location_available_for_rent_in_islamabad-53579145-166-4.html,House,For Rent,1.3 Kanal,6,6.0,4 hours ago,PKR 10 Lakh,"F-8, Islamabad",Islamabad,Zameen
3203,https://www.zameen.com/Property/islamabad_f-8_brand_new_house_on_prime_location_available_for_rent_in_islamabad_pakistan-53748039-166-4.html,House,For Rent,1.8 Kanal,7,,4 hours ago,PKR 15 Lakh,"F-8, Islamabad",Islamabad,Zameen
3204,https://www.zameen.com/Property/islamabad_f-7_newly_renovated_house_for_rent_in_f-7-54113636-165-4.html,House,For Rent,1 Kanal,6,6.0,3 hours ago,PKR 7 Lakh,"F-7, Islamabad",Islamabad,Zameen
3205,https://www.zameen.com/Property/islamabad_f-7_brand_new_house_for_rent_in_f-7-54113716-165-4.html,House,For Rent,1 Kanal,8,6.0,3 hours ago,PKR 12 Lakh,"F-7, Islamabad",Islamabad,Zameen
3206,https://www.zameen.com/Property/islamabad_f-7_brand_new_house_for_rent_in_f-7-54113763-165-4.html,House,For Rent,1.5 Kanal,5,5.0,3 hours ago,PKR 10 Lakh,"F-7, Islamabad",Islamabad,Zameen
3207,https://www.zameen.com/Property/islamabad_f-7_brand_new_beautiful_house_for_rent-54398770-165-4.html,House,For Rent,1 Kanal,5,,3 hours ago,PKR 8 Lakh,"F-7, Islamabad",Islamabad,Zameen
3208,https://www.zameen.com/Property/islamabad_f-7_brand_new_luxury_house_for_rent_in_f-7-54398873-165-4.html,House,For Rent,3 Kanal,9,,3 hours ago,PKR 28 Lakh,"F-7, Islamabad",Islamabad,Zameen
3209,https://www.zameen.com/Property/islamabad_f-7_newly_renovated_house_for_rent_in_f-7-54475703-165-4.html,House,For Rent,1 Kanal,4,5.0,3 hours ago,PKR 6 Lakh,"F-7, Islamabad",Islamabad,Zameen
3210,https://www.zameen.com/Property/g_9_g-9_1_upper_portion_available_for_rent_in_g-9-54622558-3384-4.html,Upper Portion,For Rent,12 Marla,2,2.0,3 hours ago,PKR 1.2 Lakh,"G-9/1, G-9",Islamabad,Zameen
3211,https://www.zameen.com/Property/gulberg_gulberg_greens_two_bed_non_furnished_apartment_available_for_rent_in_diamond_mall_gulberg_green_islamabad-54645350-8312-4.html,Apartment,For Rent,3.9 Marla,2,2.0,3 hours ago,PKR 55 Thousand,"Gulberg Greens, Gulberg",Islamabad,Zameen
3212,https://www.zameen.com/Property/dha_defence_dha_defence_phase_2_upper_portion_in_dha_defence_phase_2_sized_20_marla_is_available-53872026-339-4.html,Upper Portion,For Rent,1 Kanal,3,4.0,4 days ago,PKR 1.25 Lakh,"DHA Defence Phase 2, DHA Defence",Islamabad,Zameen
3213,https://www.zameen.com/Property/islamabad_d-12_ideally_located_house_for_rent_in_d-12_available-54614371-160-4.html,House,For Rent,10 Marla,8,,4 days ago,PKR 4 Lakh,"D-12, Islamabad",Islamabad,Zameen
3214,https://www.zameen.com/Property/islamabad_f-11_4_bedroom_apartments_unfurnished_available_for_rent_in_f11_1_markaz-54673810-163-4.html,Room,For Rent,12 Marla,4,6.0,4 days ago,PKR 2.3 Lakh,"F-11, Islamabad",Islamabad,Zameen
3215,https://www.zameen.com/Property/islamabad_bani_gala_1_kanal_separate_upper_portion_available_for_rent_banigala_hill_top-54645683-340-4.html,Upper Portion,For Rent,1 Kanal,3,4.0,5 days ago,PKR 1.35 Lakh,"Bani Gala, Islamabad",Islamabad,Zameen
3216,https://www.zameen.com/Property/islamabad_constitution_avenue_luxury_four_bedrooms_fully_furnished_lake_view_apartment_for_rent_in_oca-52812447-8284-4.html,Room,For Rent,1 Kanal,4,6.0,5 days ago,PKR 7.5 Lakh,"Constitution Avenue, Islamabad",Islamabad,Zameen
3217,https://www.zameen.com/Property/islamabad_green_avenue_4_marla_portion_is_available_for_rent_in_green_avenue_islamabad-54669188-8566-4.html,Other,For Rent,4 Marla,3,3.0,5 days ago,PKR 65 Thousand,"Green Avenue, Islamabad",Islamabad,Zameen
3218,https://www.zameen.com/Property/gulberg_gulberg_greens_apartment_1562_square_feet_in_gulberg_greens_available-54361686-8312-4.html,Apartment,For Rent,6.9 Marla,2,2.0,5 days ago,PKR 1.45 Lakh,"Gulberg Greens, Gulberg",Islamabad,Zameen
3219,https://www.zameen.com/Property/islamabad_e-11_e11_two_bedroom_luxury_furnished_available_for_rent-54160431-329-4.html,Room,For Rent,5.8 Marla,2,2.0,5 days ago,PKR 1.2 Lakh,"E-11, Islamabad",Islamabad,Zameen
3220,https://www.zameen.com/Property/dha_defence_dha_defence_phase_2_1_kanal_house_available_for_rent_in_dha_phase_2-54101014-339-4.html,House,For Rent,1 Kanal,6,6.0,5 days ago,PKR 2.7 Lakh,"DHA Defence Phase 2, DHA Defence",Islamabad,Zameen
3221,https://www.zameen.com/Property/islamabad_d-12_house_for_rent-54639455-160-4.html,House,For Rent,10 Marla,4,6.0,5 days ago,PKR 4.3 Lakh,"D-12, Islamabad",Islamabad,Zameen
3222,https://www.zameen.com/Property/g_11_markaz_warda_hamna_residencia_brand_new_3-bedroom_apartment_for_rent_warda_hamna_residencia_five_star_islamabad-54526503-22209-4.html,Room,For Rent,7.6 Marla,3,3.0,16 hours ago,PKR 1.65 Lakh,"Warda Hamna Residencia, G-11 Markaz",Islamabad,Zameen
3223,https://www.zameen.com/Property/f_10_f-10_4_1_kanal_beautiful_house_available_for_rent-54370403-3279-4.html,House,For Rent,1 Kanal,5,4.0,16 hours ago,PKR 5.25 Lakh,"F-10/4, F-10",Islamabad,Zameen
3224,https://www.zameen.com/Property/islamabad_f-8_luxurious_house_with_huge_garden_on_prime_location_available_for_rent_in_islamabad_pakistan-54031827-166-4.html,House,For Rent,2.1 Kanal,5,6.0,4 hours ago,PKR 6.5 Lakh,"F-8, Islamabad",Islamabad,Zameen
3225,https://www.zameen.com/Property/islamabad_f-8_luxurious_house_on_prime_location_available_for_rent_in_islamabad_pakistan-54238159-166-4.html,House,For Rent,1.3 Kanal,5,6.0,4 hours ago,PKR 5.7 Lakh,"F-8, Islamabad",Islamabad,Zameen
3226,https://www.zameen.com/Property/f_8_f-8_3_luxurious_house_on_prime_location_available_for_rent_in_islamabad_pakistan-53635381-3316-4.html,House,For Rent,1.4 Kanal,6,6.0,4 hours ago,PKR 10 Lakh,"F-8/3, F-8",Islamabad,Zameen
3227,https://www.zameen.com/Property/islamabad_f-8_brand_new_house_on_extremely_prime_location_available_for_rent_in_islamabad-52559490-166-4.html,House,For Rent,1.6 Kanal,6,6.0,4 hours ago,PKR 13 Lakh,"F-8, Islamabad",Islamabad,Zameen
3228,https://www.zameen.com/Property/islamabad_f-8_spacious_6-bedroom_house_with_front_garden_available_for_rent_in_f-8_islamabad-52571454-166-4.html,Room,For Rent,2 Kanal,5,6.0,4 hours ago,PKR 9.5 Lakh,"F-8, Islamabad",Islamabad,Zameen
3229,https://www.zameen.com/Property/gulberg_gulberg_greens_two_bedroom_fully_furnished_luxury_apartments_available_for_rent_in_gulberg_greens_islamabad-54645334-8312-4.html,Room,For Rent,3.5 Marla,2,2.0,3 hours ago,PKR 80 Thousand,"Gulberg Greens, Gulberg",Islamabad,Zameen
3230,https://www.zameen.com/Property/gulberg_gulberg_greens_studio_apartment_available_in_gulberg_heights_gulberg_green_islamabad-54645294-8312-4.html,Apartment,For Rent,2.4 Marla,,1.0,3 hours ago,PKR 32 Thousand,"Gulberg Greens, Gulberg",Islamabad,Zameen
3231,https://www.zameen.com/Property/gulberg_gulberg_greens_two_bedroom_fully_furnished_luxury_apartments_available_for_rent_in_gulberg_greens_islamabad-54645275-8312-4.html,Room,For Rent,7.6 Marla,2,2.0,3 hours ago,PKR 1.65 Lakh,"Gulberg Greens, Gulberg",Islamabad,Zameen
3232,https://www.zameen.com/Property/margalla_town_margalla_town_phase_2_prime_location_8_marla_double_storey_house_available_for_rent_in_margalla_town_phase_2-54609123-9151-4.html,House,For Rent,8 Marla,6,6.0,3 hours ago,PKR 2 Lakh,"Margalla Town Phase 2, Margalla Town",Islamabad,Zameen
3233,https://www.zameen.com/Property/national_police_foundation_o_9_national_police_foundation_o-9_-_block_c_national_police_foundation_beautiful_person_vip_portion_location_good_10_kevi_solar_ke_sath_ek_1_60000_rent-54692262-16427-4.html,Other,For Rent,1.2 Kanal,3,4.0,4 hours ago,PKR 1.25 Lakh,"National Police Foundation O-9 - Block C, National Police Foundation O-9",Islamabad,Zameen
3234,https://www.zameen.com/Property/islamabad_i-11_brand_new_ground_floor_available_for_rent_location_i-11_2_size_6_marla_2_bedrooms_2_washrooms_kitchen_tv_lounge_dd_room_car_parking_only_for_family_rent_78k_contact_0349-5467253-54678172-706-4.html,Room,For Rent,6 Marla,2,2.0,4 hours ago,PKR 78 Thousand,"I-11, Islamabad",Islamabad,Zameen
3235,https://www.zameen.com/Property/islamabad_i-11_brand_new_1st_floor_available_for_rent_location_i_11_2-54661991-706-4.html,Other,For Rent,6 Marla,3,3.0,4 hours ago,PKR 92 Thousand,"I-11, Islamabad",Islamabad,Zameen
3236,https://www.zameen.com/Property/islamabad_i-11_brand_new_ground_floor_available_for_rent_i-11_2_location_i-11_2_2_bedrooms_2_washrooms_kitchen_tv_lounge_dd_room_only_for_family_rent_70_000_pkr_final_more_information_contact_us_ch_asif_0349_5467253-54662592-706-4.html,Room,For Rent,5 Marla,2,2.0,4 hours ago,PKR 75 Thousand,"I-11, Islamabad",Islamabad,Zameen
3237,https://www.zameen.com/Property/islamabad_f-7_islamabad_f7_full_house_available_for_rent_brand_new-54666244-165-4.html,House,For Rent,1.1 Kanal,6,,6 days ago,PKR 16 Lakh,"F-7, Islamabad",Islamabad,Zameen
3238,https://www.zameen.com/Property/g_10_g-10_2_brand_new_basement_for_rent_20_kv_soler_installed-54511617-3325-4.html,Other,For Rent,14 Marla,4,4.0,6 days ago,PKR 1.7 Lakh,"G-10/2, G-10",Islamabad,Zameen
3239,https://www.zameen.com/Property/islamabad_f-7_beautiful_6_bedrooms_triple_storey_house_available_for_rent-54664788-165-4.html,Room,For Rent,1.3 Kanal,6,6.0,6 days ago,PKR 15 Lakh,"F-7, Islamabad",Islamabad,Zameen
3240,https://www.zameen.com/Property/g_9_g-9_4_g9_4_2nd_flor_avilebale_for_rent_2bed_1bath_kitchn_marbale_flooring_only_family_and_female-54668178-3387-4.html,Other,For Rent,6 Marla,2,1.0,6 days ago,PKR 55 Thousand,"G-9/4, G-9",Islamabad,Zameen
3241,https://www.zameen.com/Property/islamabad_gulberg_luxury_2_bed_with_lake_views_gated_community_flat_for_rent-54099358-1682-4.html,Flat,For Rent,9.3 Marla,2,3.0,6 days ago,PKR 2.05 Lakh,"Gulberg, Islamabad",Islamabad,Zameen
3242,https://www.zameen.com/Property/islamabad_faisal_hills_8_marla_brand_new_house-54627007-10859-4.html,House,For Rent,8 Marla,4,5.0,6 days ago,PKR 1.4 Lakh,"Faisal Hills, Islamabad",Islamabad,Zameen
3243,https://www.zameen.com/Property/g_15_zarkon_heights_flat_for_rent_in_zarkon_heights-54584366-10169-4.html,Flat,For Rent,2.8 Marla,1,1.0,6 days ago,PKR 48 Thousand,"Zarkon Heights, G-15",Islamabad,Zameen
3244,https://www.zameen.com/Property/islamabad_f-7_designer_full_house_for_rent_in_f-7-54569376-165-4.html,House,For Rent,2 Kanal,5,7.0,6 days ago,PKR 16.5 Lakh,"F-7, Islamabad",Islamabad,Zameen
3245,https://www.zameen.com/Property/islamabad_f-7_fully_furnsihed_full_house_for_rent_in_f-8-54602734-165-4.html,House,For Rent,1.3 Kanal,11,7.0,6 days ago,PKR 11.5 Lakh,"F-7, Islamabad",Islamabad,Zameen
3246,https://www.zameen.com/Property/islamabad_f-10_new_triple-story_fully_furnished_house_for_rent-54571797-162-4.html,House,For Rent,1.6 Kanal,9,,1 week ago,PKR 12 Lakh,"F-10, Islamabad",Islamabad,Zameen
3247,https://www.zameen.com/Property/f_7_f-7_1_f7_triple_storey_brand_new_house_available_for_rent-54563920-3307-4.html,House,For Rent,1.5 Kanal,9,6.0,16 hours ago,PKR 28 Lakh,"F-7/1, F-7",Islamabad,Zameen
3248,https://www.zameen.com/Property/islamabad_e-11_e11_fully_furnished_18_bedrooms_house_available_for_rent_note_pakistani_chinese_foreigners-54683102-329-4.html,Room,For Rent,2 Kanal,10,,16 hours ago,PKR 20 Lakh,"E-11, Islamabad",Islamabad,Zameen
3249,https://www.zameen.com/Property/gulberg_greens_gulberg_heights_one_bedroom_luxurious_furnished_apartment_available_for_rent_yearly_or_monthly_or_daily_basis-52531617-19298-4.html,Room,For Rent,3.3 Marla,1,1.0,4 hours ago,PKR 60 Thousand,"Gulberg Heights, Gulberg Greens",Islamabad,Zameen
3250,https://www.zameen.com/Property/gulberg_greens_smama_star_mall_residency_samama_mall_gulberg_greens_islamabad_one_bed_apartment_two_bed_apartments_available_for_rent-53656251-11278-4.html,Apartment,For Rent,3.3 Marla,1,1.0,4 hours ago,PKR 60 Thousand,"Smama Star Mall & Residency, Gulberg Greens",Islamabad,Zameen
3251,https://www.zameen.com/Property/gulberg_greens_diamond_mall_residency_one_bedroom_luxurious_furnished_apartment_available_for_rent_yearly_or_monthly_or_daily_basis-54246562-10982-4.html,Room,For Rent,3.3 Marla,1,1.0,4 hours ago,PKR 60 Thousand,"Diamond Mall & Residency, Gulberg Greens",Islamabad,Zameen
3252,https://www.zameen.com/Property/islamabad_f-6_spacious_luxury_house_for_rent_in_f-6_islamabad_8_bedrooms-54649967-164-4.html,Room,For Rent,2.5 Kanal,8,7.0,4 hours ago,PKR 28 Lakh,"F-6, Islamabad",Islamabad,Zameen
3253,https://www.zameen.com/Property/gulberg_greens_smama_star_mall_residency_two_bedroom_luxurious_furnished_apartment_available_for_rent-54410358-11278-4.html,Room,For Rent,4 Marla,2,3.0,4 hours ago,PKR 75 Thousand,"Smama Star Mall & Residency, Gulberg Greens",Islamabad,Zameen
3254,https://www.zameen.com/Property/bahria_town_bahria_enclave_1_bed_apartment_for_rent-54692156-1705-4.html,Apartment,For Rent,2.7 Marla,1,1.0,4 hours ago,PKR 25 Thousand,"Bahria Enclave, Bahria Town",Islamabad,Zameen
3255,https://www.zameen.com/Property/islamabad_f-6_fully_renovated_house_for_rent_in_f-6_on_prime_location-54691990-164-4.html,House,For Rent,1 Kanal,5,6.0,4 hours ago,PKR 8.5 Lakh,"F-6, Islamabad",Islamabad,Zameen
3256,https://www.zameen.com/Property/gulberg_gulberg_greens_two_bedroom_furnished_apartment_for_rent_available_gulbug_green_islamabad_lukurya_furnished_apartment-54602695-8312-4.html,Room,For Rent,5 Marla,2,2.0,5 hours ago,PKR 95 Thousand,"Gulberg Greens, Gulberg",Islamabad,Zameen
3257,https://www.zameen.com/Property/islamabad_f-8_2_kanal_house_for_rent_in_f-8_on_prime_location-54691915-166-4.html,House,For Rent,2 Kanal,5,6.0,5 hours ago,PKR 12 Lakh,"F-8, Islamabad",Islamabad,Zameen
3258,https://www.zameen.com/Property/gulberg_gulberg_greens_one_bedroom_apartment_for_rent_available_gulbug_green_islamabad_full_furnished_apartment-54643298-8312-4.html,Room,For Rent,5 Marla,1,1.0,5 hours ago,PKR 65 Thousand,"Gulberg Greens, Gulberg",Islamabad,Zameen
3259,https://www.zameen.com/Property/islamabad_f-6_fully_renovated_house_for_rent_in_f-6_on_prime_location-54691905-164-4.html,House,For Rent,1.1 Kanal,5,6.0,5 hours ago,PKR 11 Lakh,"F-6, Islamabad",Islamabad,Zameen
3260,https://www.zameen.com/Property/islamabad_f-11_20_marla_house_in_f-11_of_f-11_is_available_for_rent-54691899-163-4.html,House,For Rent,1 Kanal,6,6.0,5 hours ago,PKR 6 Lakh,"F-11, Islamabad",Islamabad,Zameen
3261,https://www.zameen.com/Property/islamabad_g-15_22_marla_upper_portion_for_rent_in_g-15_solar_installed-54528323-764-4.html,Upper Portion,For Rent,1.1 Kanal,4,4.0,5 hours ago,PKR 1.2 Lakh,"G-15, Islamabad",Islamabad,Zameen
3262,https://www.zameen.com/Property/islamabad_f-7_brand_new_fully_furnished_house_for_rent_f-7_islamabad-54601392-165-4.html,House,For Rent,1.2 Kanal,10,,1 week ago,PKR 20 Lakh,"F-7, Islamabad",Islamabad,Zameen
3263,https://www.zameen.com/Property/islamabad_b-17_brand_new_kanal_ground_portion_available_for_rent_in_b-17_islamabad-54197187-616-4.html,Other,For Rent,1 Kanal,3,4.0,1 week ago,PKR 98 Thousand,"B-17, Islamabad",Islamabad,Zameen
3264,https://www.zameen.com/Property/dha_defence_dha_defence_phase_2_one_kanal_brand_new_modern_house_available_for_rent_in_dha_phase_2_islamabad-54639783-339-4.html,House,For Rent,1 Kanal,5,6.0,1 week ago,PKR 3.5 Lakh,"DHA Defence Phase 2, DHA Defence",Islamabad,Zameen
3265,https://www.zameen.com/Property/dha_defence_dha_defence_phase_2_like_brand_new_house-54660070-339-4.html,House,For Rent,1 Kanal,3,4.0,1 week ago,PKR 1.65 Lakh,"DHA Defence Phase 2, DHA Defence",Islamabad,Zameen
3266,https://www.zameen.com/Property/islamabad_h-13_2bed_furnished_apartment_for_rent-54192940-1039-4.html,Apartment,For Rent,4.9 Marla,2,2.0,1 week ago,PKR 90 Thousand,"H-13, Islamabad",Islamabad,Zameen
3267,https://www.zameen.com/Property/islamabad_g-15_24_marla_house_for_rent-54664813-764-4.html,House,For Rent,1.2 Kanal,8,6.0,6 days ago,PKR 3 Lakh,"G-15, Islamabad",Islamabad,Zameen
3268,https://www.zameen.com/Property/islamabad_soan_garden_20_marla_upper_floor_for_rent_in_soan_garden-54496469-338-4.html,Other,For Rent,18 Marla,3,4.0,6 days ago,PKR 90 Thousand,"Soan Garden, Islamabad",Islamabad,Zameen
3269,https://www.zameen.com/Property/islamabad_i-16_new_flat_available_for_rent_very_beautiful_and_a_nice_place_to_live_good_location_with_lift_and_a_view-54592774-449-4.html,Flat,For Rent,6.2 Marla,3,3.0,1 week ago,PKR 1.3 Lakh,"I-16, Islamabad",Islamabad,Zameen
3270,https://www.zameen.com/Property/g_15_zarkon_heights_1_bed_brand_new_apartment_available_in_zarkon_heights_g15_islamabad-53897861-10169-4.html,Apartment,For Rent,2.8 Marla,1,1.0,6 days ago,PKR 48 Thousand,"Zarkon Heights, G-15",Islamabad,Zameen
3271,https://www.zameen.com/Property/islamabad_f-7_f-7_brand_new_9_bedroom_house_for_rent-54633348-165-4.html,Room,For Rent,1.3 Kanal,9,,1 week ago,PKR 17 Lakh,"F-7, Islamabad",Islamabad,Zameen
3272,https://www.zameen.com/Property/islamabad_e-11_e11_brand_new_luxury_triple_storey_fully_furnished_house_for_rent_14_bedrooms_attached_bath_fully-54683184-329-4.html,Room,For Rent,1 Kanal,10,6.0,16 hours ago,PKR 25 Lakh,"E-11, Islamabad",Islamabad,Zameen
3273,https://www.zameen.com/Property/islamabad_i-8_for_rent_brand_new_basement_upper_set_prime_location_i_8_3-54688498-174-4.html,Other,For Rent,1 Kanal,6,6.0,17 hours ago,PKR 5.75 Lakh,"I-8, Islamabad",Islamabad,Zameen
3274,https://www.zameen.com/Property/mpchs_multi_gardens_mpchs_-_block_f_5_marla_double_storey_house_for_rent-54190092-8527-4.html,House,For Rent,5 Marla,4,5.0,4 hours ago,PKR 85 Thousand,"MPCHS - Block F, MPCHS - Multi Gardens",Islamabad,Zameen
3275,https://www.zameen.com/Property/dha_defence_dha_defence_phase_2_upper_portion_sized_20_marla_in_dha_defence_phase_2-49363531-339-4.html,Upper Portion,For Rent,1 Kanal,3,4.0,5 hours ago,PKR 1.2 Lakh,"DHA Defence Phase 2, DHA Defence",Islamabad,Zameen
3276,https://www.zameen.com/Property/dha_defence_dha_defence_phase_2_1_kanal_brand_new_upper_portion_for_rent-44593751-339-4.html,Upper Portion,For Rent,1 Kanal,3,4.0,5 hours ago,PKR 1.25 Lakh,"DHA Defence Phase 2, DHA Defence",Islamabad,Zameen
3277,https://www.zameen.com/Property/dha_defence_dha_defence_phase_2_1_kanal_brand_new_upper_portion_for_rent-40600256-339-4.html,Upper Portion,For Rent,1 Kanal,3,4.0,5 hours ago,PKR 1.2 Lakh,"DHA Defence Phase 2, DHA Defence",Islamabad,Zameen
3278,https://www.zameen.com/Property/blue_area_mall_of_islamabad_brand_new_apartment_for_rent-53007605-17132-4.html,Apartment,For Rent,4.1 Marla,1,1.0,5 hours ago,PKR 2.5 Lakh,"Mall of Islamabad, Blue Area",Islamabad,Zameen
3279,https://www.zameen.com/Property/islamabad_f-7_triple_storey_house_for_rent_in_f-7_on_prime_location-54691894-165-4.html,House,For Rent,1.3 Kanal,6,6.0,5 hours ago,PKR 14 Lakh,"F-7, Islamabad",Islamabad,Zameen
3280,https://www.zameen.com/Property/bahria_town_bahria_enclave_10_marla_sami_furnished_complete_house_available_for_rent_in_reasonable_price_and_prime_location_bahria_enclave_isalmabad-54691888-1705-4.html,House,For Rent,10 Marla,4,5.0,5 hours ago,PKR 2.6 Lakh,"Bahria Enclave, Bahria Town",Islamabad,Zameen
3281,https://www.zameen.com/Property/e_11_e-11_2_2_bedrooms_fully_furnished_apartment_available_for_rent_in_e11_2-54656518-3233-4.html,Room,For Rent,4.2 Marla,2,2.0,5 hours ago,PKR 90 Thousand,"E-11/2, E-11",Islamabad,Zameen
3282,https://www.zameen.com/Property/islamabad_bani_gala_banigala_12_marla_brand_new_ground_portion_available_for_rent-54691856-340-4.html,Other,For Rent,12 Marla,2,3.0,5 hours ago,PKR 65 Thousand,"Bani Gala, Islamabad",Islamabad,Zameen
3283,https://www.zameen.com/Property/bahria_enclave_bahria_enclave_-_sector_a_bahria_enclave_sector_a_11_marla_brend_new_house_available_for_rent_with_basement-54691852-11970-4.html,House,For Rent,10 Marla,8,6.0,5 hours ago,PKR 2.9 Lakh,"Bahria Enclave - Sector A, Bahria Enclave",Islamabad,Zameen
3284,https://www.zameen.com/Property/bahria_town_bahria_enclave_bahria_enclave_sector_c1_axt_10_marla_simy_furnished_house_with_10_kv_solar_system_available_for_rent-54691829-1705-4.html,House,For Rent,10 Marla,4,5.0,5 hours ago,PKR 2.7 Lakh,"Bahria Enclave, Bahria Town",Islamabad,Zameen
3285,https://www.zameen.com/Property/islamabad_mumtaz_city_furnished_studio_available_for_rent-53445608-3464-4.html,Other,For Rent,1.8 Marla,,1.0,6 hours ago,PKR 42 Thousand,"Mumtaz City, Islamabad",Islamabad,Zameen
3286,https://www.zameen.com/Property/islamabad_f-7_beautiful_house_available_for_rent_on_prime_location-54583397-165-4.html,House,For Rent,1.1 Kanal,4,5.0,6 hours ago,PKR 5 Lakh,"F-7, Islamabad",Islamabad,Zameen
3287,https://www.zameen.com/Property/constitution_avenue_one_constitution_avenue_luxury_fully_furnished_3-bed_apartment_murree_lake_view_one_constitution_avenue-54600756-21856-4.html,Apartment,For Rent,8.9 Marla,3,3.0,1 week ago,PKR 3.45 Lakh,"One Constitution Avenue, Constitution Avenue",Islamabad,Zameen
3288,https://www.zameen.com/Property/f_10_sukh_chayn_residence_one_of_the_prestigious_and_well_managed_family_building_a_3-bedroom_apartment_available_for_rent-54657149-13589-4.html,Room,For Rent,8.7 Marla,3,3.0,1 week ago,PKR 4 Lakh,"Sukh Chayn Residence, F-10",Islamabad,Zameen
3289,https://www.zameen.com/Property/e_11_e-11_4_e-11_neat_and_clean_1_kanal_upper_portion_separate_gate_for_rent-54646077-3241-4.html,Upper Portion,For Rent,1 Kanal,3,4.0,1 week ago,PKR 1.8 Lakh,"E-11/4, E-11",Islamabad,Zameen
3290,https://www.zameen.com/Property/islamabad_g-11_4_marla_proper_corner_triple-storey_house_for_rent_g-11_3_islamabad_single_unit_like_new_brand_house-54590634-168-4.html,House,For Rent,4 Marla,4,2.0,1 week ago,PKR 1.3 Lakh,"G-11, Islamabad",Islamabad,Zameen
3291,https://www.zameen.com/Property/islamabad_f-7_f-7_luxury_2_kanal_6_bedroom_with_attached_washroom_house_for_rent-54488717-165-4.html,Room,For Rent,2 Kanal,6,6.0,1 week ago,PKR 19 Lakh,"F-7, Islamabad",Islamabad,Zameen
3292,https://www.zameen.com/Property/islamabad_f-7_f-7_beautiful_house_for_rent_5_bedrooms_with_attached_washrooms_2_kitchen_asking_950000-54562326-165-4.html,Room,For Rent,1 Kanal,5,5.0,1 week ago,PKR 9.5 Lakh,"F-7, Islamabad",Islamabad,Zameen
3293,https://www.zameen.com/Property/dha_defence_dha_defence_phase_2_dha_defence_phase_2_house_sized_20_marla-49363323-339-4.html,House,For Rent,1 Kanal,6,6.0,1 week ago,PKR 3.2 Lakh,"DHA Defence Phase 2, DHA Defence",Islamabad,Zameen
3294,https://www.zameen.com/Property/islamabad_e-7_house_for_rent-54590688-343-4.html,House,For Rent,1 Kanal,4,4.0,1 week ago,PKR 9 Lakh,"E-7, Islamabad",Islamabad,Zameen
3295,https://www.zameen.com/Property/bahria_garden_city_bahria_garden_city_-_zone_1_2_kanal_house_for_rent_in_bahria_garden_city-54488891-10605-4.html,House,For Rent,2 Kanal,6,7.0,1 week ago,PKR 4 Lakh,"Bahria Garden City - Zone 1, Bahria Garden City",Islamabad,Zameen
3296,https://www.zameen.com/Property/f_11_f-11_4_f-11_prime_location_three_bedroom_executive_furnished_apartment_with_servant_room-54653582-3285-4.html,Room,For Rent,9.8 Marla,3,3.0,1 week ago,PKR 1.8 Lakh,"F-11/4, F-11",Islamabad,Zameen
3297,https://www.zameen.com/Property/islamabad_f-10_for_rent_fully_renovated_ground_upper_set_prime_location_f_10_1-54688474-162-4.html,Other,For Rent,1 Kanal,5,5.0,17 hours ago,PKR 6.3 Lakh,"F-10, Islamabad",Islamabad,Zameen
3298,https://www.zameen.com/Property/dha_defence_dha_defence_phase_2_brand_new_stunning_upper_portion_available_for_rent_in_dha_phase_2_islamabad-54611412-339-4.html,Upper Portion,For Rent,1 Kanal,3,4.0,21 hours ago,PKR 1.6 Lakh,"DHA Defence Phase 2, DHA Defence",Islamabad,Zameen
3299,https://www.zameen.com/Property/islamabad_constitution_avenue_new_luxury_furnished_apartment_for_rent-53294990-8284-4.html,Apartment,For Rent,3.6 Marla,1,1.0,5 hours ago,PKR 1.8 Lakh,"Constitution Avenue, Islamabad",Islamabad,Zameen
3300,https://www.zameen.com/Property/islamabad_constitution_avenue_new_luxurious_apartment_for_rent-53805039-8284-4.html,Apartment,For Rent,4.8 Marla,2,2.0,5 hours ago,PKR 2.5 Lakh,"Constitution Avenue, Islamabad",Islamabad,Zameen
3301,https://www.zameen.com/Property/constitution_avenue_one_constitution_avenue_brand_new_luxurious_apartment_for_rent-54385506-21856-4.html,Apartment,For Rent,19.6 Marla,4,5.0,5 hours ago,PKR 7 Lakh,"One Constitution Avenue, Constitution Avenue",Islamabad,Zameen
3302,https://www.zameen.com/Property/islamabad_f-6_10_beds_luxurious_house_for_rent-53329471-164-4.html,House,For Rent,1.3 Kanal,7,6.0,5 hours ago,PKR 18.5 Lakh,"F-6, Islamabad",Islamabad,Zameen
3303,https://www.zameen.com/Property/constitution_avenue_one_constitution_avenue_new_luxurious_apartment_for_rent-54385564-21856-4.html,Apartment,For Rent,3.2 Marla,1,1.0,5 hours ago,PKR 1.6 Lakh,"One Constitution Avenue, Constitution Avenue",Islamabad,Zameen
3304,https://www.zameen.com/Property/g_11_g-11_4_pha_flat_for_rent_ground_floor_in_g-11_4-54608910-3333-4.html,Flat,For Rent,3.1 Marla,2,2.0,6 hours ago,PKR 85 Thousand,"G-11/4, G-11",Islamabad,Zameen
3305,https://www.zameen.com/Property/bahria_town_bahria_enclave_3_bedroom_fully_furnished_apartment_available_for_rent_in_bahria_enclave_islamabad-53352264-1705-4.html,Room,For Rent,11.3 Marla,3,4.0,6 hours ago,PKR 1.5 Lakh,"Bahria Enclave, Bahria Town",Islamabad,Zameen
3306,https://www.zameen.com/Property/bahria_enclave_bahria_enclave_-_sector_b1_8_marla_fully_furnished_house_short_term_basis_in_bahria_enclave_islamabad-52552832-11972-4.html,House,For Rent,8 Marla,4,5.0,6 hours ago,PKR 2.7 Lakh,"Bahria Enclave - Sector B1, Bahria Enclave",Islamabad,Zameen
3307,https://www.zameen.com/Property/bahria_enclave_bahria_enclave_-_sector_c_kanal_ground_fully_furnished_portion_available_for_rent_in_bahria_enclave_islamabad-54421499-11973-4.html,Other,For Rent,1 Kanal,2,2.0,6 hours ago,PKR 1.5 Lakh,"Bahria Enclave - Sector C, Bahria Enclave",Islamabad,Zameen
3308,https://www.zameen.com/Property/bahria_enclave_bahria_enclave_-_sector_g_2_bedroom_fully_furnished_apartment_available_for_rent_in_bahria_enclave_islamabad-54578104-11984-4.html,Room,For Rent,4.4 Marla,2,2.0,6 hours ago,PKR 85 Thousand,"Bahria Enclave - Sector G, Bahria Enclave",Islamabad,Zameen
3309,https://www.zameen.com/Property/islamabad_f-6_beautiful_fully_furnished_house_available_for_rent_on_most_prime_location-54432269-164-4.html,House,For Rent,1.1 Kanal,3,4.0,6 hours ago,PKR 6 Lakh,"F-6, Islamabad",Islamabad,Zameen
3310,https://www.zameen.com/Property/dha_defence_dha_defence_phase_2_a_20_marla_upper_portion_in_dha_defence_phase_2-53872027-339-4.html,Upper Portion,For Rent,1 Kanal,,,6 hours ago,PKR 1.25 Lakh,"DHA Defence Phase 2, DHA Defence",Islamabad,Zameen
3311,https://www.zameen.com/Property/dha_defence_dha_defence_phase_2_reserve_a_centrally_located_upper_portion_in_dha_defence_phase_2_for_rent-54238969-339-4.html,Upper Portion,For Rent,1 Kanal,3,4.0,6 hours ago,PKR 1.25 Lakh,"DHA Defence Phase 2, DHA Defence",Islamabad,Zameen
3312,https://www.zameen.com/Property/f_10_sukh_chayn_residence_4_bed_brand_new_type-b_apartment_2625_sq_ft_high_floor_margalla_f-9_views-54335412-13589-4.html,Apartment,For Rent,11.7 Marla,4,5.0,1 week ago,PKR 6.85 Lakh,"Sukh Chayn Residence, F-10",Islamabad,Zameen
3313,https://www.zameen.com/Property/islamabad_f-11_f-11_2_666_yards_upper_portion_3_bedrooms_separate_gate_rent_rs_215_000_-_per_month-54579193-163-4.html,Upper Portion,For Rent,1.3 Kanal,3,4.0,1 week ago,PKR 2.15 Lakh,"F-11, Islamabad",Islamabad,Zameen
3314,https://www.zameen.com/Property/d_12_d-12_1_d-12_1_open_basment_one_kanal_available_for_rent_at_double_road-54648915-3154-4.html,Other,For Rent,1 Kanal,3,3.0,1 week ago,PKR 2.15 Lakh,"D-12/1, D-12",Islamabad,Zameen
3315,https://www.zameen.com/Property/gulberg_greens_gulberg_emporium_mall_residency_studio_fully_furnished_available_for_rent_in_emporium_mall_gulberg_greens-54338998-11355-4.html,Other,For Rent,1.6 Marla,,1.0,1 week ago,PKR 67 Thousand,"Gulberg Emporium Mall & Residency, Gulberg Greens",Islamabad,Zameen
3316,https://www.zameen.com/Property/islamabad_g-13_1_kanal_ground_portion_for_rent_like_brand_new_in_g-13-54011904-330-4.html,Other,For Rent,1 Kanal,4,4.0,1 week ago,PKR 1.7 Lakh,"G-13, Islamabad",Islamabad,Zameen
3317,https://www.zameen.com/Property/soan_garden_soan_garden_-_block_f_luxurious_spacious_designer_house_1_kanal_like_brand_new_tile_flooring_water_boring_gas_available_car_parking_space_available_in_soan_garden_one_of_best_location_this_house_islamabad_express_highway-54656563-3496-4.html,House,For Rent,1 Kanal,4,5.0,1 week ago,PKR 84 Thousand,"Soan Garden - Block F, Soan Garden",Islamabad,Zameen
3318,https://www.zameen.com/Property/dha_defence_dha_defence_phase_2_1_kanal_brand_new_upper_portion_for_rent_in_dha_phase_2_islambad-54580716-339-4.html,Upper Portion,For Rent,1 Kanal,3,3.0,1 week ago,PKR 1.15 Lakh,"DHA Defence Phase 2, DHA Defence",Islamabad,Zameen
3319,https://www.zameen.com/Property/f_10_f-10_4_beautiful_house_for_rent-54649424-3279-4.html,House,For Rent,2 Kanal,6,6.0,1 week ago,PKR 8 Lakh,"F-10/4, F-10",Islamabad,Zameen
3320,https://www.zameen.com/Property/f_10_sukh_chayn_residence_1200_square_feet_flat_for_rent_in_the_perfect_location_of_sukh_chayn_residence-53841283-13589-4.html,Flat,For Rent,5.3 Marla,2,2.0,1 week ago,PKR 3.25 Lakh,"Sukh Chayn Residence, F-10",Islamabad,Zameen
3321,https://www.zameen.com/Property/islamabad_f-7_f-7_independent_ground_portion_3_bedrooms_with_air_conditioners_and_curtains_front_garden-53053924-165-4.html,Room,For Rent,1 Kanal,3,3.0,1 week ago,PKR 5.7 Lakh,"F-7, Islamabad",Islamabad,Zameen
3322,https://www.zameen.com/Property/dha_defence_dha_defence_phase_2_brand_new_10_marla_full_house_available_for_rent_in_dha_phase_2_islamabad-54643632-339-4.html,House,For Rent,10 Marla,5,6.0,21 hours ago,PKR 2 Lakh,"DHA Defence Phase 2, DHA Defence",Islamabad,Zameen
3323,https://www.zameen.com/Property/islamabad_d-12_luxury_separate_kanal_upper_portion_available_for_rent_d-12-54647264-160-4.html,Upper Portion,For Rent,1 Kanal,3,3.0,22 hours ago,PKR 2.5 Lakh,"D-12, Islamabad",Islamabad,Zameen
3324,https://www.zameen.com/Property/islamabad_f-7_new_luxurious_house_for_rent-54633764-165-4.html,House,For Rent,1.3 Kanal,4,5.0,5 hours ago,PKR 8.75 Lakh,"F-7, Islamabad",Islamabad,Zameen
3325,https://www.zameen.com/Property/f_10_sukh_chayn_residence_4_bedrooms_apartment_available_for_rent_in_sukh_chyn_residence-52039796-13589-4.html,Room,For Rent,12.4 Marla,4,5.0,6 hours ago,PKR 5 Lakh,"Sukh Chayn Residence, F-10",Islamabad,Zameen
3326,https://www.zameen.com/Property/islamabad_ghauri_town_1_bed_apartment_available_for_rent-54289421-1314-4.html,Apartment,For Rent,2.7 Marla,1,1.0,7 hours ago,PKR 22 Thousand,"Ghauri Town, Islamabad",Islamabad,Zameen
3327,https://www.zameen.com/Property/islamabad_f-6_beautiful_house_available_for_rent_with_front_back_lawn_on_prime_location-54166113-164-4.html,House,For Rent,2 Kanal,5,6.0,7 hours ago,PKR 10 Lakh,"F-6, Islamabad",Islamabad,Zameen
3328,https://www.zameen.com/Property/dha_defence_dha_defence_phase_2_1_kanal_brand_new_upper_portion_for_rent_dha_phase_2_islamabad-54641140-339-4.html,Upper Portion,For Rent,1 Kanal,3,4.0,7 hours ago,PKR 1.3 Lakh,"DHA Defence Phase 2, DHA Defence",Islamabad,Zameen
3329,https://www.zameen.com/Property/bahria_town_bahria_enclave_6_5_marla_corner_house_available_for_rent_in_sector_n_park_face_house-54691559-1705-4.html,House,For Rent,5 Marla,4,6.0,6 hours ago,PKR 1.2 Lakh,"Bahria Enclave, Bahria Town",Islamabad,Zameen
3330,https://www.zameen.com/Property/dha_defence_dha_defence_phase_2_title_1_kanal_brand_new_designer_upper_portion_for_rent_in_dha_phase_2_islamabad_3_bed_servant_room_car_parking-54489784-339-4.html,Upper Portion,For Rent,1 Kanal,3,3.0,7 hours ago,PKR 1.3 Lakh,"DHA Defence Phase 2, DHA Defence",Islamabad,Zameen
3331,https://www.zameen.com/Property/gulberg_gulberg_greens_3_bed_luxury_fully_furnished_available_for_rent_gulberg_green-54058839-8312-4.html,Other,For Rent,7.6 Marla,2,3.0,7 hours ago,PKR 2 Lakh,"Gulberg Greens, Gulberg",Islamabad,Zameen
3332,https://www.zameen.com/Property/gulberg_gulberg_greens_2_bed_luxury_furnished_flat_available_for_rent_gulberg_green-54069936-8312-4.html,Flat,For Rent,4.9 Marla,2,2.0,7 hours ago,PKR 1 Lakh,"Gulberg Greens, Gulberg",Islamabad,Zameen
3333,https://www.zameen.com/Property/gulberg_gulberg_greens_3_bed_luxury_sami_furnished_non_furnished_non_furnished_flat_available_for_rent_gulberg_green-54061032-8312-4.html,Flat,For Rent,5.9 Marla,3,3.0,7 hours ago,PKR 65 Thousand,"Gulberg Greens, Gulberg",Islamabad,Zameen
3334,https://www.zameen.com/Property/dha_defence_dha_defence_phase_2_centrally_located_house_in_dha_defence_phase_2_is_available_for_rent-54579505-339-4.html,House,For Rent,1 Kanal,5,6.0,7 hours ago,PKR 3 Lakh,"DHA Defence Phase 2, DHA Defence",Islamabad,Zameen
3335,https://www.zameen.com/Property/dha_defence_dha_defence_phase_3_luxury_5_marla_house_for_rent_in_dha_phase_3_sector_a_prime_entrance_location-54618517-8412-4.html,House,For Rent,5 Marla,3,4.0,7 hours ago,PKR 80 Thousand,"DHA Defence Phase 3, DHA Defence",Islamabad,Zameen
3336,https://www.zameen.com/Property/ghauri_town_ghauri_town_phase_5b_flat_available_for_rent_in_ghauri_town_phase_5b-54289428-16419-4.html,Flat,For Rent,2.9 Marla,1,1.0,7 hours ago,PKR 22 Thousand,"Ghauri Town Phase 5B, Ghauri Town",Islamabad,Zameen
3337,https://www.zameen.com/Property/islamabad_diplomatic_enclave_royal_2_bedroom_decent_furnished_apartment_margalla_view_in_diplomatic_enclave_1470_sq_ft_flat_for_rent-53734524-429-4.html,Room,For Rent,6.5 Marla,2,3.0,1 week ago,PKR 2.5 Lakh,"Diplomatic Enclave, Islamabad",Islamabad,Zameen
3338,https://www.zameen.com/Property/constitution_avenue_one_constitution_avenue_new_lavish_apartment_for_rent-54646141-21856-4.html,Apartment,For Rent,8.9 Marla,3,3.0,2 weeks ago,PKR 3.5 Lakh,"One Constitution Avenue, Constitution Avenue",Islamabad,Zameen
3339,https://www.zameen.com/Property/f_10_sukh_chayn_residence_2_bed_fully_furnished_apartment_for_rent_in_sukh_chayn_residence_f-10-54568570-13589-4.html,Apartment,For Rent,5.6 Marla,2,2.0,2 weeks ago,PKR 4.3 Lakh,"Sukh Chayn Residence, F-10",Islamabad,Zameen
3340,https://www.zameen.com/Property/islamabad_i-8_i_8_1kanal_frist_floor_for_rent_detail_in_description-54598981-174-4.html,Other,For Rent,1.2 Kanal,3,3.0,2 weeks ago,PKR 3.8 Lakh,"I-8, Islamabad",Islamabad,Zameen
3341,https://www.zameen.com/Property/dha_defence_dha_defence_phase_2_1_kanal_brand_new_designer_luxury_house_available_for_rent_in_dha_phase_2_islamabad-53766310-339-4.html,House,For Rent,1 Kanal,6,6.0,2 weeks ago,PKR 3.2 Lakh,"DHA Defence Phase 2, DHA Defence",Islamabad,Zameen
3342,https://www.zameen.com/Property/islamabad_shah_allah_ditta_get_in_touch_now_to_buy_a_house_in_shah_allah_ditta_shah_allah_ditta-54432916-8424-4.html,House,For Rent,10 Marla,4,4.0,2 weeks ago,PKR 2 Lakh,"Shah Allah Ditta, Islamabad",Islamabad,Zameen
3343,https://www.zameen.com/Property/islamabad_shah_allah_ditta_upper_portion_of_1_kanal_available_in_shah_allah_ditta-54522896-8424-4.html,Upper Portion,For Rent,1 Kanal,3,3.0,2 weeks ago,PKR 1.5 Lakh,"Shah Allah Ditta, Islamabad",Islamabad,Zameen
3344,https://www.zameen.com/Property/islamabad_shah_allah_ditta_upper_portion_of_1_kanal_available_in_shah_allah_ditta-54432868-8424-4.html,Upper Portion,For Rent,1 Kanal,3,3.0,2 weeks ago,PKR 1.5 Lakh,"Shah Allah Ditta, Islamabad",Islamabad,Zameen
3345,https://www.zameen.com/Property/islamabad_f-6_2_bedrooms_very_reasonable_upper_portion-54642011-164-4.html,Upper Portion,For Rent,1 Kanal,2,3.0,2 weeks ago,PKR 2.25 Lakh,"F-6, Islamabad",Islamabad,Zameen
3346,https://www.zameen.com/Property/islamabad_shah_allah_ditta_get_in_touch_now_to_buy_a_house_in_shah_allah_ditta_shah_allah_ditta-54522893-8424-4.html,House,For Rent,10 Marla,4,4.0,2 weeks ago,PKR 2 Lakh,"Shah Allah Ditta, Islamabad",Islamabad,Zameen
3347,https://www.zameen.com/Property/d_12_d-12_4_a_upper_portion_of_16_marla_for_rent-54649325-3157-4.html,Upper Portion,For Rent,16 Marla,3,3.0,22 hours ago,PKR 1.45 Lakh,"D-12/4, D-12",Islamabad,Zameen
3348,https://www.zameen.com/Property/islamabad_d-12_house_for_rent_on_main_double_road_prime_top-tier_locationvsituated_on_the_main_double_road-54653252-160-4.html,House,For Rent,10 Marla,7,6.0,22 hours ago,PKR 3.5 Lakh,"D-12, Islamabad",Islamabad,Zameen
3349,https://www.zameen.com/Property/islamabad_f-7_modern_desing_luxury_10_bedrooms_house_available_for_rent_in_f-7_islamabad-54684818-165-4.html,Room,For Rent,1 Kanal,10,7.0,8 hours ago,PKR 30 Lakh,"F-7, Islamabad",Islamabad,Zameen
3350,https://www.zameen.com/Property/f_10_sukh_chayn_residence_luxury_furnished_3_bed_apartment_available_for_rent_in_sukh_chayn_resident_f-10-53538900-13589-4.html,Apartment,For Rent,9 Marla,3,4.0,8 hours ago,PKR 5.9 Lakh,"Sukh Chayn Residence, F-10",Islamabad,Zameen
3351,https://www.zameen.com/Property/islamabad_g-15_brand_new_first_entry_1_kanal_full_house_available_for_rent_with_15kw_sollar_system_in_g15_islamabad-54621849-764-4.html,House,For Rent,1 Kanal,8,6.0,8 hours ago,PKR 3.2 Lakh,"G-15, Islamabad",Islamabad,Zameen
3352,https://www.zameen.com/Property/islamabad_g-15_brand_new_first_entry_lavish_1_kanal_house_available_for_rent_in_g15_islamabad-54658155-764-4.html,House,For Rent,1 Kanal,8,6.0,8 hours ago,PKR 4 Lakh,"G-15, Islamabad",Islamabad,Zameen
3353,https://www.zameen.com/Property/bahria_enclave_bahria_enclave_-_sector_m_good_1_kanal_lower_portion_for_rent_in_bahria_enclave_-_sector_m-54605997-11977-4.html,Lower Portion,For Rent,1 Kanal,3,2.0,9 hours ago,PKR 85 Thousand,"Bahria Enclave - Sector M, Bahria Enclave",Islamabad,Zameen
3354,https://www.zameen.com/Property/islamabad_f-8_beautiful_house_available_for_rent_on_prime_location-54326651-166-4.html,House,For Rent,1.1 Kanal,5,6.0,7 hours ago,PKR 7 Lakh,"F-8, Islamabad",Islamabad,Zameen
3355,https://www.zameen.com/Property/islamabad_g-6_house_for_rent_in_g6_3_on_prime_location_with_2_5_kanal_extra_land-54540999-169-4.html,House,For Rent,3.3 Kanal,8,6.0,7 hours ago,PKR 37 Lakh,"G-6, Islamabad",Islamabad,Zameen
3356,https://www.zameen.com/Property/islamabad_f-6_brand_new_house_for_rent_on_most_prime_location-54539792-164-4.html,House,For Rent,1.1 Kanal,5,6.0,7 hours ago,PKR 11 Lakh,"F-6, Islamabad",Islamabad,Zameen
3357,https://www.zameen.com/Property/constitution_avenue_one_constitution_avenue_fully_furnished_luxury_apartment_for_rent-54539517-21856-4.html,Apartment,For Rent,3.6 Marla,1,2.0,7 hours ago,PKR 2.2 Lakh,"One Constitution Avenue, Constitution Avenue",Islamabad,Zameen
3358,https://www.zameen.com/Property/f_10_sukh_chayn_residence_fully_furnished_luxury_apartment_for_rent_in_brand_new_building_on_prime_location_f10-54539479-13589-4.html,Apartment,For Rent,8.3 Marla,3,4.0,7 hours ago,PKR 4.25 Lakh,"Sukh Chayn Residence, F-10",Islamabad,Zameen
3359,https://www.zameen.com/Property/islamabad_f-8_brand_new_house_available_for_rent_on_prime_location_07_bedroom_with_big_basement-54536784-166-4.html,Room,For Rent,1.3 Kanal,7,6.0,7 hours ago,PKR 17.25 Lakh,"F-8, Islamabad",Islamabad,Zameen
3360,https://www.zameen.com/Property/islamabad_f-6_brand_new_ultra_modern_house_for_rent_on_prime_location_with_big_basement-54536298-164-4.html,House,For Rent,2.1 Kanal,8,6.0,7 hours ago,PKR 21 Lakh,"F-6, Islamabad",Islamabad,Zameen
3361,https://www.zameen.com/Property/islamabad_f-6_like_a_brand_new_house_for_rent_on_prime_location_having_05_bedrooms_8_bathroom-54534450-164-4.html,Room,For Rent,1.8 Kanal,5,6.0,7 hours ago,PKR 16.8 Lakh,"F-6, Islamabad",Islamabad,Zameen
3362,https://www.zameen.com/Property/bahria_town_rawalpindi_bahria_town_phase_3_1_kanal_corner_furnished_house_available_for_rent_in_bahria_town_rawalpindi_prime_location_phase_3-52932371-3036-4.html,House,For Rent,1 Kanal,6,6.0,2 weeks ago,PKR 5 Lakh,"Bahria Town Phase 3, Bahria Town Rawalpindi",Rawalpindi,Zameen
3363,https://www.zameen.com/Property/bahria_town_phase_4_bahria_town_-_civic_centre_two_bedroom_unfurnished_apartment_available_for_rent-52261579-8974-4.html,Room,For Rent,4.7 Marla,2,2.0,1 day ago,PKR 75 Thousand,"Bahria Town - Civic Centre, Bahria Town Phase 4",Rawalpindi,Zameen
3364,https://www.zameen.com/Property/bahria_town_rawalpindi_bahria_town_-_safari_villas_affordable_1_bed_fully_furnished_flat-52330588-3078-4.html,Flat,For Rent,3.1 Marla,1,1.0,4 days ago,PKR 45 Thousand,"Bahria Town - Safari Villas, Bahria Town Rawalpindi",Rawalpindi,Zameen
3365,https://www.zameen.com/Property/bahria_town_rawalpindi_bahria_town_phase_7_1_kanal_house_available_for_rent_with_solar-54639267-3047-4.html,House,For Rent,1 Kanal,5,6.0,4 days ago,PKR 3.75 Lakh,"Bahria Town Phase 7, Bahria Town Rawalpindi",Rawalpindi,Zameen
3366,https://www.zameen.com/Property/rawalpindi_gulraiz_housing_scheme_luxury_home_in_gulraiz_2-54662973-438-4.html,Other,For Rent,1 Kanal,6,6.0,1 week ago,PKR 2 Lakh,"Gulraiz Housing Scheme, Rawalpindi",Rawalpindi,Zameen
3367,https://www.zameen.com/Property/bahria_town_rawalpindi_bahria_town_phase_7_2_bedroom_furnished_apartment_available_for_rent_in_phase_7_and_phase_8-53057786-3047-4.html,Room,For Rent,4.7 Marla,2,2.0,1 week ago,PKR 95 Thousand,"Bahria Town Phase 7, Bahria Town Rawalpindi",Rawalpindi,Zameen
3368,https://www.zameen.com/Property/bahria_town_rawalpindi_bahria_heights_1_1_bed_brand_new_furnished_apartment_for_rent_in_bahria_height_1-54071004-12199-4.html,Apartment,For Rent,4.5 Marla,1,2.0,1 week ago,PKR 95 Thousand,"Bahria Heights 1, Bahria Town Rawalpindi",Rawalpindi,Zameen
3369,https://www.zameen.com/Property/bahria_town_phase_4_bahria_town_-_civic_centre_1_bed_fully_furnish_apartment_for_rent_in_bahria_town_phase_2-53100350-8974-4.html,Apartment,For Rent,2.4 Marla,1,1.0,1 week ago,PKR 50 Thousand,"Bahria Town - Civic Centre, Bahria Town Phase 4",Rawalpindi,Zameen
3370,https://www.zameen.com/Property/bahria_town_phase_4_bahria_town_-_civic_centre_1_bedroom_apartment_for_rent_in_bahria_town_phase_civic-53100422-8974-4.html,Room,For Rent,2.4 Marla,1,1.0,1 week ago,PKR 45 Thousand,"Bahria Town - Civic Centre, Bahria Town Phase 4",Rawalpindi,Zameen
3371,https://www.zameen.com/Property/bahria_town_rawalpindi_bahria_town_phase_8_in_bahria_town_phase_8_house_for_rent_sized_7_marla-51758197-3048-4.html,House,For Rent,7 Marla,5,6.0,1 week ago,PKR 80 Thousand,"Bahria Town Phase 8, Bahria Town Rawalpindi",Rawalpindi,Zameen
3372,https://www.zameen.com/Property/bahria_town_rawalpindi_bahria_town_phase_3_kanal_luxury_corner_6_bedrooms_double_unit_house_available_for_rent-54573435-3036-4.html,Room,For Rent,1 Kanal,6,6.0,5 hours ago,PKR 4.5 Lakh,"Bahria Town Phase 3, Bahria Town Rawalpindi",Rawalpindi,Zameen
3373,https://www.zameen.com/Property/bahria_town_rawalpindi_bahria_town_phase_8_2_bed_apartment_in_well_maintained_building_available_for_rent-54598655-3048-4.html,Apartment,For Rent,5.6 Marla,2,2.0,12 hours ago,PKR 45 Thousand,"Bahria Town Phase 8, Bahria Town Rawalpindi",Rawalpindi,Zameen
3374,https://www.zameen.com/Property/bahria_town_rawalpindi_bahria_town_phase_8_10_marla_upper_portion_available_for_rent_in_bahria_town_phase_8_rawalpindi-53973175-3048-4.html,Upper Portion,For Rent,10 Marla,3,3.0,44 minutes ago,PKR 60 Thousand,"Bahria Town Phase 8, Bahria Town Rawalpindi",Rawalpindi,Zameen
3375,https://www.zameen.com/Property/bahria_town_rawalpindi_bahria_town_phase_8_10_marla_full_house_available_for_rent_in_bahria_town_phase_8_rawalpindi-53967966-3048-4.html,House,For Rent,10 Marla,5,6.0,44 minutes ago,PKR 1.32 Lakh,"Bahria Town Phase 8, Bahria Town Rawalpindi",Rawalpindi,Zameen
3376,https://www.zameen.com/Property/bahria_town_rawalpindi_bahria_town_phase_7_one_bed_luxury_furnished_apartment_available_for_rent_in_bahria_town_phase_7_rawalpindi-54157720-3047-4.html,Apartment,For Rent,3.8 Marla,1,1.0,46 minutes ago,PKR 60 Thousand,"Bahria Town Phase 7, Bahria Town Rawalpindi",Rawalpindi,Zameen
3377,https://www.zameen.com/Property/bahria_town_rawalpindi_bahria_town_phase_8_kanal_brand_full_house_available_for_rent_in_bahria_town_phase_7_rawalpindi-54469321-3048-4.html,House,For Rent,1 Kanal,6,7.0,46 minutes ago,PKR 3 Lakh,"Bahria Town Phase 8, Bahria Town Rawalpindi",Rawalpindi,Zameen
3378,https://www.zameen.com/Property/bahria_town_rawalpindi_bahria_town_phase_7_24_marla_brand_new_ultra_luxury_designer_house_for_rent_prime_location_of_bahria_town-54497358-3047-4.html,House,For Rent,1.2 Kanal,7,6.0,2 hours ago,PKR 3 Lakh,"Bahria Town Phase 7, Bahria Town Rawalpindi",Rawalpindi,Zameen
3379,https://www.zameen.com/Property/bahria_town_rawalpindi_bahria_town_phase_8_10_marla_full_house_available_for_rent_in_bahria_town_phase_8_rawalpindi-53967933-3048-4.html,House,For Rent,10 Marla,5,6.0,45 minutes ago,PKR 1.3 Lakh,"Bahria Town Phase 8, Bahria Town Rawalpindi",Rawalpindi,Zameen
3380,https://www.zameen.com/Property/bahria_town_rawalpindi_bahria_town_phase_8_10_marla_full_house_available_for_rent_in_bahria_town_phase_8_rawalpindi-53961533-3048-4.html,House,For Rent,10 Marla,5,6.0,45 minutes ago,PKR 1.35 Lakh,"Bahria Town Phase 8, Bahria Town Rawalpindi",Rawalpindi,Zameen
3381,https://www.zameen.com/Property/bahria_town_rawalpindi_bahria_town_phase_8_10_marla_full_house_available_for_rent_in_bahria_town_phase_8_rawalpindi-53930995-3048-4.html,House,For Rent,10 Marla,5,5.0,45 minutes ago,PKR 1.2 Lakh,"Bahria Town Phase 8, Bahria Town Rawalpindi",Rawalpindi,Zameen
3382,https://www.zameen.com/Property/bahria_town_rawalpindi_bahria_town_phase_8_10_marla_brand_new_luxury_designer_house_available_for_rent_in_bahria_town_phase_8_rawalpindi-51525214-3048-4.html,House,For Rent,10 Marla,5,5.0,45 minutes ago,PKR 1.15 Lakh,"Bahria Town Phase 8, Bahria Town Rawalpindi",Rawalpindi,Zameen
3383,https://www.zameen.com/Property/bahria_town_rawalpindi_bahria_town_phase_8_rawalpindi_bahria_town_phase_8_10_marla_brand_new_house_for_rent-51361160-3048-4.html,House,For Rent,10 Marla,5,5.0,45 minutes ago,PKR 1.35 Lakh,"Bahria Town Phase 8, Bahria Town Rawalpindi",Rawalpindi,Zameen
3384,https://www.zameen.com/Property/bahria_town_rawalpindi_bahria_town_phase_8_kanal_upper_portion_available_for_rent_in_bahria_town_phase_8_rawalpindi-54023277-3048-4.html,Upper Portion,For Rent,1 Kanal,3,4.0,45 minutes ago,PKR 98 Thousand,"Bahria Town Phase 8, Bahria Town Rawalpindi",Rawalpindi,Zameen
3385,https://www.zameen.com/Property/bahria_town_rawalpindi_bahria_town_phase_8_kanal_ground_portion_available_for_rent_in_bahria_town_phase_8_rawalpindi-54023269-3048-4.html,Other,For Rent,1 Kanal,3,4.0,45 minutes ago,PKR 93 Thousand,"Bahria Town Phase 8, Bahria Town Rawalpindi",Rawalpindi,Zameen
3386,https://www.zameen.com/Property/bahria_town_rawalpindi_bahria_town_phase_8_kanal_ground_portion_available_for_rent_in_bahria_town_phase_8_rawalpindi-54023260-3048-4.html,Other,For Rent,1 Kanal,3,4.0,45 minutes ago,PKR 1 Lakh,"Bahria Town Phase 8, Bahria Town Rawalpindi",Rawalpindi,Zameen
3387,https://www.zameen.com/Property/bahria_town_rawalpindi_bahria_town_phase_7_brand_new_fully_furnished_apartment_available_for_rent-44878104-3047-4.html,Apartment,For Rent,5.8 Marla,2,2.0,2 weeks ago,PKR 99 Thousand,"Bahria Town Phase 7, Bahria Town Rawalpindi",Rawalpindi,Zameen
3388,https://www.zameen.com/Property/bahria_town_phase_8_bahria_town_phase_8_-_block_h_prime_location_12_marla_new_house_available_for_rent-54587863-3056-4.html,House,For Rent,12 Marla,4,5.0,2 weeks ago,PKR 1.3 Lakh,"Bahria Town Phase 8 - Block H, Bahria Town Phase 8",Rawalpindi,Zameen
3389,https://www.zameen.com/Property/bahria_town_phase_4_bahria_town_-_civic_centre_1_bed_brand_new_furnished_apartment_for_rent_in_bahria_town_phase_4_civic_center-54072225-8974-4.html,Apartment,For Rent,2.5 Marla,1,2.0,2 weeks ago,PKR 55 Thousand,"Bahria Town - Civic Centre, Bahria Town Phase 4",Rawalpindi,Zameen
3390,https://www.zameen.com/Property/bahria_town_rawalpindi_bahria_town_phase_7_1_bed_luxurious_apartment_available_for_rent-52732395-3047-4.html,Apartment,For Rent,6.6 Marla,1,2.0,4 weeks ago,PKR 1.15 Lakh,"Bahria Town Phase 7, Bahria Town Rawalpindi",Rawalpindi,Zameen
3391,https://www.zameen.com/Property/bahria_town_rawalpindi_bahria_town_phase_7_daily_and_monthly_apartment_available_for_rent-54513951-3047-4.html,Apartment,For Rent,7.1 Marla,2,2.0,2 weeks ago,PKR 1.3 Lakh,"Bahria Town Phase 7, Bahria Town Rawalpindi",Rawalpindi,Zameen
3392,https://www.zameen.com/Property/bahria_town_phase_8_safari_valley_bahria_town_phase_8_-_khalid_block_2_bedroom_apartment_fully_furnished_available_bharia_twon_phase_8-54352886-3072-4.html,Room,For Rent,1.8 Marla,2,2.0,2 weeks ago,PKR 75 Thousand,"Bahria Town Phase 8 - Khalid Block, Bahria Town Phase 8 - Safari Valley",Rawalpindi,Zameen
3393,https://www.zameen.com/Property/chaklala_scheme_chaklala_scheme_3_a_perfect_upper_portion_awaits_you_in_chaklala_scheme_3_rawalpindi_3beds_d_d_t_v_lounge_kitchen_water_bor_available_near_to_ammar_chowk-49634653-1312-4.html,Upper Portion,For Rent,1 Kanal,3,3.0,3 weeks ago,PKR 1.3 Lakh,"Chaklala Scheme 3, Chaklala Scheme",Rawalpindi,Zameen
3394,https://www.zameen.com/Property/rawalpindi_westridge_ground_portion_available_for_rent-54583003-574-4.html,Other,For Rent,1.2 Kanal,4,5.0,3 weeks ago,PKR 1.3 Lakh,"Westridge, Rawalpindi",Rawalpindi,Zameen
3395,https://www.zameen.com/Property/westridge_westridge_1_westrige_1_prime_location_house_available_for_rent-54589930-6053-4.html,House,For Rent,1.2 Kanal,4,6.0,3 weeks ago,PKR 3.15 Lakh,"Westridge 1, Westridge",Rawalpindi,Zameen
3396,https://www.zameen.com/Property/bahria_town_rawalpindi_bahria_town_phase_8_1_bed_apartment_in_well_maintained_building_available_for_rent-54598683-3048-4.html,Apartment,For Rent,2.9 Marla,1,1.0,12 hours ago,PKR 30 Thousand,"Bahria Town Phase 8, Bahria Town Rawalpindi",Rawalpindi,Zameen
3397,https://www.zameen.com/Property/bahria_town_rawalpindi_bahria_town_phase_8_3_bed_apartment_in_well_maintained_building_available_for_rent-54616232-3048-4.html,Apartment,For Rent,8 Marla,3,3.0,12 hours ago,PKR 60 Thousand,"Bahria Town Phase 8, Bahria Town Rawalpindi",Rawalpindi,Zameen
3398,https://www.zameen.com/Property/bahria_town_rawalpindi_bahria_town_-_safari_villas_3_luxury_furnished_two_bedrooms_apartment_for_rent_century_mall_bahria_town-54688025-3080-4.html,Room,For Rent,7.1 Marla,2,2.0,1 day ago,PKR 1.4 Lakh,"Bahria Town - Safari Villas 3, Bahria Town Rawalpindi",Rawalpindi,Zameen
3399,https://www.zameen.com/Property/bahria_town_rawalpindi_bahria_town_phase_8_bahria_town_phase_8_business_district_1_bed_luxury_furnished_flat_for_rent-54612571-3048-4.html,Flat,For Rent,2.9 Marla,1,1.0,7 hours ago,PKR 55 Thousand,"Bahria Town Phase 8, Bahria Town Rawalpindi",Rawalpindi,Zameen
3400,https://www.zameen.com/Property/bahria_town_rawalpindi_bahria_town_phase_8_bahria_town_phase_8_dolphin_chowk_1_bed_fully_furnished_flat_for_rent-54612598-3048-4.html,Flat,For Rent,2.4 Marla,1,1.0,7 hours ago,PKR 50 Thousand,"Bahria Town Phase 8, Bahria Town Rawalpindi",Rawalpindi,Zameen
3401,https://www.zameen.com/Property/bahria_town_rawalpindi_bahria_town_phase_8_2_bed_luxury_furnished_apartments_district_bahria_town_phase_8-54682686-3048-4.html,Apartment,For Rent,4.4 Marla,2,2.0,7 hours ago,PKR 1.1 Lakh,"Bahria Town Phase 8, Bahria Town Rawalpindi",Rawalpindi,Zameen
3402,https://www.zameen.com/Property/bahria_town_phase_8_bahria_town_phase_8_-_block_b_10_marla_double_unit_brand_new_designer_with_10_kv_soler_house_available_for_rent-54156346-3050-4.html,House,For Rent,10 Marla,5,6.0,7 hours ago,PKR 2 Lakh,"Bahria Town Phase 8 - Block B, Bahria Town Phase 8",Rawalpindi,Zameen
3403,https://www.zameen.com/Property/bahria_town_rawalpindi_bahria_town_phase_8_7_marla_double_unit_house_available_for_rent_in_umer_block-54404399-3048-4.html,House,For Rent,7 Marla,4,5.0,10 hours ago,PKR 90 Thousand,"Bahria Town Phase 8, Bahria Town Rawalpindi",Rawalpindi,Zameen
3404,https://www.zameen.com/Property/bahria_town_rawalpindi_bahria_town_phase_8_kanal_upper_portion_available_for_rent_in_bahria_town_phase_8_rawalpindi-54023250-3048-4.html,Upper Portion,For Rent,1 Kanal,3,4.0,45 minutes ago,PKR 95 Thousand,"Bahria Town Phase 8, Bahria Town Rawalpindi",Rawalpindi,Zameen
3405,https://www.zameen.com/Property/bahria_town_rawalpindi_bahria_town_phase_8_kanal_brand_full_house_available_for_rent_in_bahria_town_phase_7_rawalpindi-54469294-3048-4.html,House,For Rent,1 Kanal,6,7.0,46 minutes ago,PKR 2.95 Lakh,"Bahria Town Phase 8, Bahria Town Rawalpindi",Rawalpindi,Zameen
3406,https://www.zameen.com/Property/bahria_town_rawalpindi_bahria_town_phase_8_kanal_brand_full_house_available_for_rent_in_bahria_town_phase_7_rawalpindi-54469273-3048-4.html,House,For Rent,1 Kanal,6,6.0,46 minutes ago,PKR 2.75 Lakh,"Bahria Town Phase 8, Bahria Town Rawalpindi",Rawalpindi,Zameen
3407,https://www.zameen.com/Property/bahria_town_rawalpindi_bahria_town_phase_7_one_bed_luxury_furnished_apartment_available_for_rent_in_bahria_town_phase_7_rawalpindi-54182342-3047-4.html,Apartment,For Rent,4 Marla,1,1.0,46 minutes ago,PKR 75 Thousand,"Bahria Town Phase 7, Bahria Town Rawalpindi",Rawalpindi,Zameen
3408,https://www.zameen.com/Property/bahria_town_rawalpindi_bahria_town_phase_7_one_bed_luxury_furnished_apartment_available_for_rent_in_bahria_town_phase_7_rawalpindi-54157732-3047-4.html,Apartment,For Rent,4 Marla,1,1.0,46 minutes ago,PKR 60 Thousand,"Bahria Town Phase 7, Bahria Town Rawalpindi",Rawalpindi,Zameen
3409,https://www.zameen.com/Property/bahria_greens_overseas_enclave_bahria_greens_-_overseas_enclave_-_sector_2_10_marla_upper_portion_available_for_rent_in_bahria_town_phase_8_rawalpindi-54514141-8301-4.html,Upper Portion,For Rent,10 Marla,3,3.0,46 minutes ago,PKR 63 Thousand,"Bahria Greens - Overseas Enclave - Sector 2, Bahria Greens - Overseas Enclave",Rawalpindi,Zameen
3410,https://www.zameen.com/Property/bahria_town_rawalpindi_bahria_town_phase_8_10_marla_full_house_available_for_rent_in_bahria_town_phase_8_rawalpindi-54502989-3048-4.html,House,For Rent,10 Marla,5,6.0,46 minutes ago,PKR 1.2 Lakh,"Bahria Town Phase 8, Bahria Town Rawalpindi",Rawalpindi,Zameen
3411,https://www.zameen.com/Property/bahria_town_rawalpindi_bahria_town_phase_8_10_marla_full_house_available_for_rent_in_bahria_town_phase_8_rawalpindi-54519538-3048-4.html,House,For Rent,10 Marla,5,6.0,47 minutes ago,PKR 1.35 Lakh,"Bahria Town Phase 8, Bahria Town Rawalpindi",Rawalpindi,Zameen
3412,https://www.zameen.com/Property/bahria_town_rawalpindi_bahria_paradise_two_bedroom_brand_new_furnished_apartment_for_rent_bahria_town-53726219-15450-4.html,Room,For Rent,5.8 Marla,2,2.0,2 days ago,PKR 2 Lakh,"Bahria Paradise, Bahria Town Rawalpindi",Rawalpindi,Zameen
3413,https://www.zameen.com/Property/bahria_town_rawalpindi_bahria_town_-_safari_villas_3_luxury_furnished_2_bed_apartment_in_century_mall_safari_villas_3-52103384-3080-4.html,Apartment,For Rent,7.6 Marla,2,2.0,2 days ago,PKR 1.25 Lakh,"Bahria Town - Safari Villas 3, Bahria Town Rawalpindi",Rawalpindi,Zameen
3414,https://www.zameen.com/Property/bahria_town_rawalpindi_bahria_heights_1_outclass_furnished_apartment_available_for_rent_in_bahria_heights_1_block_d-53135794-12199-4.html,Apartment,For Rent,5 Marla,1,2.0,2 days ago,PKR 96 Thousand,"Bahria Heights 1, Bahria Town Rawalpindi",Rawalpindi,Zameen
3415,https://www.zameen.com/Property/bahria_town_phase_8_safari_valley_bahria_town_phase_8_-_usman_block_7_marla_solar_install_house_for_rent-54622510-3068-4.html,House,For Rent,7 Marla,5,5.0,1 day ago,PKR 1.05 Lakh,"Bahria Town Phase 8 - Usman Block, Bahria Town Phase 8 - Safari Valley",Rawalpindi,Zameen
3416,https://www.zameen.com/Property/bahria_town_rawalpindi_bahria_town_phase_6_furnished_upper_portion_for_rent-54584783-3046-4.html,Upper Portion,For Rent,1 Kanal,3,3.0,2 days ago,PKR 1.75 Lakh,"Bahria Town Phase 6, Bahria Town Rawalpindi",Rawalpindi,Zameen
3417,https://www.zameen.com/Property/bahria_town_rawalpindi_bahria_town_phase_3_1_kanal_furnished_house_for_rent_in_bahria_town_rawalpindi_phase_3-51563099-3036-4.html,House,For Rent,1 Kanal,6,6.0,2 days ago,PKR 4.5 Lakh,"Bahria Town Phase 3, Bahria Town Rawalpindi",Rawalpindi,Zameen
3418,https://www.zameen.com/Property/bahria_town_rawalpindi_bahria_town_phase_3_kanal_full_furnished_house_available_for_rent_bahria_town_phase_3-54547821-3036-4.html,House,For Rent,1 Kanal,6,6.0,2 days ago,PKR 4.5 Lakh,"Bahria Town Phase 3, Bahria Town Rawalpindi",Rawalpindi,Zameen
3419,https://www.zameen.com/Property/bahria_town_rawalpindi_bahria_town_phase_5_kanal_basement_unfurnished_triple_unit_house_available_for_rent-54626109-3045-4.html,House,For Rent,1 Kanal,9,,5 hours ago,PKR 3.5 Lakh,"Bahria Town Phase 5, Bahria Town Rawalpindi",Rawalpindi,Zameen
3420,https://www.zameen.com/Property/bahria_town_rawalpindi_bahria_town_phase_5_luxurious_furnished_1kanal_house_available_for_rent_in_bahria_town-54409533-3045-4.html,House,For Rent,1 Kanal,5,5.0,2 days ago,PKR 5 Lakh,"Bahria Town Phase 5, Bahria Town Rawalpindi",Rawalpindi,Zameen
3421,https://www.zameen.com/Property/bahria_town_phase_8_bahria_greens_-_overseas_enclave_bahria_town_phase_8_10_marla_double_storey_furnished_house_for_rent-54682861-3081-4.html,House,For Rent,10 Marla,3,4.0,2 days ago,PKR 1.85 Lakh,"Bahria Greens - Overseas Enclave, Bahria Town Phase 8",Rawalpindi,Zameen
3422,https://www.zameen.com/Property/bahria_town_rawalpindi_bahria_town_phase_8_2_bed_furnished_apartment_available_for_rent-54648768-3048-4.html,Apartment,For Rent,2.7 Marla,2,2.0,3 days ago,PKR 48 Thousand,"Bahria Town Phase 8, Bahria Town Rawalpindi",Rawalpindi,Zameen
3423,https://www.zameen.com/Property/bahria_town_rawalpindi_bahria_town_phase_2_10_marla_luxury_furnished_house_available_for_rent-54433313-3035-4.html,House,For Rent,10 Marla,5,6.0,3 days ago,PKR 3.1 Lakh,"Bahria Town Phase 2, Bahria Town Rawalpindi",Rawalpindi,Zameen
3424,https://www.zameen.com/Property/bahria_town_rawalpindi_bahria_town_phase_8_5_marla_safari_home-54690086-3048-4.html,Other,For Rent,5 Marla,2,2.0,11 hours ago,PKR 60 Thousand,"Bahria Town Phase 8, Bahria Town Rawalpindi",Rawalpindi,Zameen
3425,https://www.zameen.com/Property/bahria_town_rawalpindi_bahria_town_phase_8_brand_new_luxury_2_bedroom_apartment_bahria_town_phase_8_near_dha_4-54369308-3048-4.html,Room,For Rent,5.2 Marla,2,2.0,12 hours ago,PKR 40 Thousand,"Bahria Town Phase 8, Bahria Town Rawalpindi",Rawalpindi,Zameen
3426,https://www.zameen.com/Property/bahria_town_rawalpindi_bahria_town_phase_8_brand_new_1_bed_apartment_for_rent_in_bahria_town_phase_8_near_dha_4-54369188-3048-4.html,Apartment,For Rent,3.2 Marla,1,1.0,12 hours ago,PKR 30 Thousand,"Bahria Town Phase 8, Bahria Town Rawalpindi",Rawalpindi,Zameen
3427,https://www.zameen.com/Property/bahria_town_rawalpindi_bahria_town_phase_7_20_marla_house_available_for_rent_in_bahria_town_phase_7-49572329-3047-4.html,House,For Rent,1 Kanal,6,6.0,13 hours ago,PKR 2.7 Lakh,"Bahria Town Phase 7, Bahria Town Rawalpindi",Rawalpindi,Zameen
3428,https://www.zameen.com/Property/bahria_town_rawalpindi_bahria_town_phase_8_7_marla_luxury_furnished_house_available_for_rent_near_park_masjid_or_commercial-54631137-3048-4.html,House,For Rent,7 Marla,3,4.0,13 hours ago,PKR 1 Lakh,"Bahria Town Phase 8, Bahria Town Rawalpindi",Rawalpindi,Zameen
3429,https://www.zameen.com/Property/bahria_town_rawalpindi_bahria_town_phase_8_10_marla_full_house_available_for_rent_in_bahria_town_phase_8_rawalpindi-54519550-3048-4.html,House,For Rent,10 Marla,5,6.0,47 minutes ago,PKR 1.3 Lakh,"Bahria Town Phase 8, Bahria Town Rawalpindi",Rawalpindi,Zameen
3430,https://www.zameen.com/Property/bahria_town_rawalpindi_bahria_town_phase_8_10_marla_full_house_available_for_rent_in_bahria_town_phase_8_rawalpindi-54521648-3048-4.html,House,For Rent,10 Marla,5,6.0,47 minutes ago,PKR 1.35 Lakh,"Bahria Town Phase 8, Bahria Town Rawalpindi",Rawalpindi,Zameen
3431,https://www.zameen.com/Property/bahria_town_rawalpindi_bahria_town_phase_8_10_marla_full_house_available_for_rent_in_bahria_town_phase_8_rawalpindi-54521652-3048-4.html,House,For Rent,10 Marla,5,6.0,47 minutes ago,PKR 1.34 Lakh,"Bahria Town Phase 8, Bahria Town Rawalpindi",Rawalpindi,Zameen
3432,https://www.zameen.com/Property/bahria_town_phase_8_bahria_town_phase_8_-_block_a_01_kanal_brand_new_designer_upper_portion_for_rent_prime_location_of_bahria_town-54495029-3049-4.html,Upper Portion,For Rent,1.1 Kanal,3,4.0,2 hours ago,PKR 90 Thousand,"Bahria Town Phase 8 - Block A, Bahria Town Phase 8",Rawalpindi,Zameen
3433,https://www.zameen.com/Property/bahria_town_rawalpindi_bahria_town_phase_8_01_kanal_ultra_luxury_designer_house_for_rent_ideal_location_of_bahria_town-54497340-3048-4.html,House,For Rent,1 Kanal,6,6.0,2 hours ago,PKR 2.7 Lakh,"Bahria Town Phase 8, Bahria Town Rawalpindi",Rawalpindi,Zameen
3434,https://www.zameen.com/Property/bahria_greens_overseas_enclave_bahria_greens_-_overseas_enclave_-_sector_1_20_marla_brand_new_designer_upper_portion_for_rent_with_lawn-54495297-8300-4.html,Upper Portion,For Rent,1 Kanal,3,4.0,2 hours ago,PKR 1 Lakh,"Bahria Greens - Overseas Enclave - Sector 1, Bahria Greens - Overseas Enclave",Rawalpindi,Zameen
3435,https://www.zameen.com/Property/bahria_greens_overseas_enclave_bahria_greens_-_overseas_enclave_-_sector_3_01_kanal_designer_upper_portion_for_rent_heighted_location_of_bahira_town-54502348-8302-4.html,Upper Portion,For Rent,1.2 Kanal,3,4.0,2 hours ago,PKR 88 Thousand,"Bahria Greens - Overseas Enclave - Sector 3, Bahria Greens - Overseas Enclave",Rawalpindi,Zameen
3436,https://www.zameen.com/Property/bahria_town_rawalpindi_bahria_town_phase_2_1_5_kanal_furnished_ground_portion_for_rent_for_short_time_period-53943869-3035-4.html,Other,For Rent,1.5 Kanal,3,4.0,3 hours ago,PKR 3 Lakh,"Bahria Town Phase 2, Bahria Town Rawalpindi",Rawalpindi,Zameen
3437,https://www.zameen.com/Property/bahria_town_rawalpindi_bahria_town_phase_8_10_marla_5_bed_house_for_rent_in_phase_8-54676790-3048-4.html,House,For Rent,10 Marla,5,6.0,3 days ago,PKR 1.6 Lakh,"Bahria Town Phase 8, Bahria Town Rawalpindi",Rawalpindi,Zameen
3438,https://www.zameen.com/Property/bahria_town_rawalpindi_bahria_town_phase_3_1_kanal_upper_portion_for_rent-53591608-3036-4.html,Upper Portion,For Rent,1 Kanal,3,4.0,4 days ago,PKR 1.3 Lakh,"Bahria Town Phase 3, Bahria Town Rawalpindi",Rawalpindi,Zameen
3439,https://www.zameen.com/Property/bahria_town_rawalpindi_bahria_town_phase_3_two_bedrooms_luxury_furnished_apartment_available_for_rent_in_the_grande-54578409-3036-4.html,Room,For Rent,7.1 Marla,2,2.0,3 days ago,PKR 1.5 Lakh,"Bahria Town Phase 3, Bahria Town Rawalpindi",Rawalpindi,Zameen
3440,https://www.zameen.com/Property/bahria_greens_overseas_enclave_bahria_greens_-_overseas_enclave_-_sector_3_3_kanal_top_highted_prime_location_house_for_rent_available_overseas_3_phase_8_unfurnished-54640935-8302-4.html,House,For Rent,3 Kanal,7,6.0,5 days ago,PKR 11.5 Lakh,"Bahria Greens - Overseas Enclave - Sector 3, Bahria Greens - Overseas Enclave",Rawalpindi,Zameen
3441,https://www.zameen.com/Property/bahria_town_rawalpindi_bahria_town_phase_2_fully_furnished_house_available_for_rent_in_bahria_town_phase_2-54596834-3035-4.html,House,For Rent,1 Kanal,6,6.0,5 days ago,PKR 6.2 Lakh,"Bahria Town Phase 2, Bahria Town Rawalpindi",Rawalpindi,Zameen
3442,https://www.zameen.com/Property/bahria_town_rawalpindi_bahria_town_phase_8_beautiful_levish_2_5_kanaal_house_available_for_rent_in_bahria_town_8_overseas_3-54527406-3048-4.html,House,For Rent,2.5 Kanal,10,6.0,5 days ago,PKR 9 Lakh,"Bahria Town Phase 8, Bahria Town Rawalpindi",Rawalpindi,Zameen
3443,https://www.zameen.com/Property/bahria_town_rawalpindi_bahria_heights_1_1_bedroom_fully_furnished_apartment_for_rent_in_bahria_heights_1-52359995-12199-4.html,Room,For Rent,3.8 Marla,1,2.0,5 days ago,PKR 70 Thousand,"Bahria Heights 1, Bahria Town Rawalpindi",Rawalpindi,Zameen
3444,https://www.zameen.com/Property/bahria_town_rawalpindi_bahria_heights_1_luxurious_furnished_apartment_available_in_bahria_heights_phase_1_bahria_e-52385148-12199-4.html,Apartment,For Rent,8 Marla,1,2.0,5 days ago,PKR 1.22 Lakh,"Bahria Heights 1, Bahria Town Rawalpindi",Rawalpindi,Zameen
3445,https://www.zameen.com/Property/bahria_town_phase_8_bahria_town_phase_8_-_safari_homes_awami_villa_2_fiber_villa_fully_furnished_available_for_rent_bahria_town_phase_8_rwp-54138627-10610-4.html,Villa,For Rent,5 Marla,2,1.0,6 days ago,PKR 65 Thousand,"Bahria Town Phase 8 - Safari Homes, Bahria Town Phase 8",Rawalpindi,Zameen
3446,https://www.zameen.com/Property/bahria_town_phase_4_bahria_town_-_civic_centre_flat_available_for_rent-53772411-8974-4.html,Flat,For Rent,5.6 Marla,2,2.0,6 days ago,PKR 85 Thousand,"Bahria Town - Civic Centre, Bahria Town Phase 4",Rawalpindi,Zameen
3447,https://www.zameen.com/Property/bahria_town_rawalpindi_bahria_town_phase_3_bahria_heights_one_bed_furnished_flat_for_rent_in_phase_3-54406540-3036-4.html,Flat,For Rent,3.6 Marla,1,2.0,6 days ago,PKR 70 Thousand,"Bahria Town Phase 3, Bahria Town Rawalpindi",Rawalpindi,Zameen
3448,https://www.zameen.com/Property/bahria_town_rawalpindi_bahria_town_phase_3_kanal_unfurnished_house_available_for_rent_in_bahria_town_rawalpindi-54441733-3036-4.html,House,For Rent,1 Kanal,5,5.0,6 days ago,PKR 2.7 Lakh,"Bahria Town Phase 3, Bahria Town Rawalpindi",Rawalpindi,Zameen
3449,https://www.zameen.com/Property/bahria_town_rawalpindi_bahria_town_phase_8_spacious_house_is_available_for_rent_in_ideal_location_of_bahria_town_phase_8-53905337-3048-4.html,House,For Rent,7 Marla,5,6.0,15 hours ago,PKR 1.8 Lakh,"Bahria Town Phase 8, Bahria Town Rawalpindi",Rawalpindi,Zameen
3450,https://www.zameen.com/Property/bahria_town_phase_7_bahria_heights_5_two_bedroom_luxury_furnished_apartment_for_rent-51928781-17565-4.html,Room,For Rent,4.4 Marla,2,2.0,15 hours ago,PKR 1 Lakh,"Bahria Heights 5, Bahria Town Phase 7",Rawalpindi,Zameen
3451,https://www.zameen.com/Property/satellite_town_satellite_town_-_block_c_satellite_town_c_block_5_marla_upper_portion_real_pics_attached_close_end_lush_green_street_real_pics_attached_heaven_for_short_family-54645358-10238-4.html,Upper Portion,For Rent,5 Marla,2,2.0,15 hours ago,PKR 65 Thousand,"Satellite Town - Block C, Satellite Town",Rawalpindi,Zameen
3452,https://www.zameen.com/Property/bahria_town_rawalpindi_bahria_town_-_safari_villas_1_bed_furnished_flat_1_bed_for_rent_bahria_town_flat_bahria_town_furnished_flat-49163838-3078-4.html,Flat,For Rent,2.7 Marla,1,1.0,15 hours ago,PKR 40 Thousand,"Bahria Town - Safari Villas, Bahria Town Rawalpindi",Rawalpindi,Zameen
3453,https://www.zameen.com/Property/bahria_town_rawalpindi_bahria_town_-_safari_villas_affordable_2bedroom_fully_furnished_apartment_available_for_rent-54598909-3078-4.html,Room,For Rent,5.3 Marla,2,2.0,15 hours ago,PKR 85 Thousand,"Bahria Town - Safari Villas, Bahria Town Rawalpindi",Rawalpindi,Zameen
3454,https://www.zameen.com/Property/bahria_town_phase_8_bahria_town_phase_8_-_block_m_brand_new_fully_furnished_two_bedroom_apartment_for_rent_in_bahria_town_rawalpindi-54440727-3062-4.html,Room,For Rent,5 Marla,2,2.0,5 hours ago,PKR 80 Thousand,"Bahria Town Phase 8 - Block M, Bahria Town Phase 8",Rawalpindi,Zameen
3455,https://www.zameen.com/Property/bahria_town_rawalpindi_bahria_town_phase_8_7_mrla_slightly_use_house-54691483-3048-4.html,House,For Rent,7 Marla,5,6.0,7 hours ago,PKR 1 Lakh,"Bahria Town Phase 8, Bahria Town Rawalpindi",Rawalpindi,Zameen
3456,https://www.zameen.com/Property/bahria_town_rawalpindi_bahria_town_phase_8_7_marla_brand_new_house_available_for_rent_in_bahria_town_phase_8_rawalpindi-54069283-3048-4.html,House,For Rent,7 Marla,5,6.0,7 hours ago,PKR 90 Thousand,"Bahria Town Phase 8, Bahria Town Rawalpindi",Rawalpindi,Zameen
3457,https://www.zameen.com/Property/bahria_town_rawalpindi_bahria_town_phase_8_7_marla_house_available_for_rent_in_bahria_town_phase_8_rawalpindi-54422344-3048-4.html,House,For Rent,7 Marla,4,5.0,7 hours ago,PKR 90 Thousand,"Bahria Town Phase 8, Bahria Town Rawalpindi",Rawalpindi,Zameen
3458,https://www.zameen.com/Property/bahria_town_rawalpindi_bahria_town_phase_8_7_marla_house_available_for_rent_in_bahria_town_phase_8_rawalpindi_with_water_bor-54232238-3048-4.html,House,For Rent,7 Marla,5,6.0,7 hours ago,PKR 1 Lakh,"Bahria Town Phase 8, Bahria Town Rawalpindi",Rawalpindi,Zameen
3459,https://www.zameen.com/Property/bahria_town_rawalpindi_bahria_town_phase_8_10_marla_brand_new_designer_luxury_full_house_available_for_rent-54329599-3048-4.html,House,For Rent,10 Marla,5,6.0,7 hours ago,PKR 1.5 Lakh,"Bahria Town Phase 8, Bahria Town Rawalpindi",Rawalpindi,Zameen
3460,https://www.zameen.com/Property/bahria_town_rawalpindi_bahria_town_phase_3_one_kanal_furnish_portion_available_for_rent-54685385-3036-4.html,Other,For Rent,1 Kanal,4,4.0,7 hours ago,PKR 2.3 Lakh,"Bahria Town Phase 3, Bahria Town Rawalpindi",Rawalpindi,Zameen
3461,https://www.zameen.com/Property/bahria_town_rawalpindi_bahria_town_phase_3_1_kanal_furnish_house_available_for_rent-54691060-3036-4.html,House,For Rent,1 Kanal,4,4.0,7 hours ago,PKR 4.1 Lakh,"Bahria Town Phase 3, Bahria Town Rawalpindi",Rawalpindi,Zameen
3462,https://www.zameen.com/Property/bahria_town_rawalpindi_bahria_town_phase_4_heights_3_extension_luxury_furnished_apartment_available_for_rent-54601656-3041-4.html,Apartment,For Rent,7.1 Marla,2,2.0,6 days ago,PKR 1.7 Lakh,"Bahria Town Phase 4, Bahria Town Rawalpindi",Rawalpindi,Zameen
3463,https://www.zameen.com/Property/bahria_town_rawalpindi_bahria_town_phase_7_2bed_penthouse_apartment_fully_furnish_vip_view_available_reasonable_rent_short_term_also_available-54568163-3047-4.html,Penthouse,For Rent,7.1 Marla,2,2.0,5 days ago,PKR 1 Lakh,"Bahria Town Phase 7, Bahria Town Rawalpindi",Rawalpindi,Zameen
3464,https://www.zameen.com/Property/bahria_town_rawalpindi_bahria_town_phase_7_fully_furnished_apartment_available_for_rent_in_bahria_town_phase_7-54435596-3047-4.html,Apartment,For Rent,5 Marla,2,2.0,5 days ago,PKR 1.35 Lakh,"Bahria Town Phase 7, Bahria Town Rawalpindi",Rawalpindi,Zameen
3465,https://www.zameen.com/Property/bahria_town_rawalpindi_bahria_town_phase_4_furnished_portion_for_rent-54612366-3041-4.html,Other,For Rent,10 Marla,2,3.0,6 days ago,PKR 2 Lakh,"Bahria Town Phase 4, Bahria Town Rawalpindi",Rawalpindi,Zameen
3466,https://www.zameen.com/Property/bahria_town_rawalpindi_bahria_town_-_safari_villas_fully_upgraded_4-bed_apartment_for_rent_in_safari_villas_i_bahria_town_phase_1_rwp-54664818-3078-4.html,Apartment,For Rent,11.6 Marla,4,3.0,6 days ago,PKR 1.2 Lakh,"Bahria Town - Safari Villas, Bahria Town Rawalpindi",Rawalpindi,Zameen
3467,https://www.zameen.com/Property/bahria_town_rawalpindi_bahria_heights_1_furnished_flat_for_rent-54504206-12199-4.html,Flat,For Rent,8.4 Marla,2,2.0,1 week ago,PKR 1.5 Lakh,"Bahria Heights 1, Bahria Town Rawalpindi",Rawalpindi,Zameen
3468,https://www.zameen.com/Property/bahria_town_rawalpindi_bahria_town_phase_2_1_kanal_house_for_rent-54570486-3035-4.html,House,For Rent,1 Kanal,7,6.0,1 week ago,PKR 2.7 Lakh,"Bahria Town Phase 2, Bahria Town Rawalpindi",Rawalpindi,Zameen
3469,https://www.zameen.com/Property/bahria_town_rawalpindi_bahria_heights_1_1_bedroom_luxury_fully_furnished_available_for_rent_in_bahria_heights_1-54157120-12199-4.html,Room,For Rent,4.9 Marla,1,2.0,1 week ago,PKR 1.2 Lakh,"Bahria Heights 1, Bahria Town Rawalpindi",Rawalpindi,Zameen
3470,https://www.zameen.com/Property/bahria_town_rawalpindi_bahria_town_phase_3_two_bedroom_luxury_furnished_apartment_available_for_rent_the_grande-54476628-3036-4.html,Room,For Rent,7.1 Marla,2,2.0,1 week ago,PKR 1.6 Lakh,"Bahria Town Phase 3, Bahria Town Rawalpindi",Rawalpindi,Zameen
3471,https://www.zameen.com/Property/bahria_greens_overseas_enclave_bahria_greens_-_overseas_enclave_-_sector_5_2_kanal_furnished_designer_house_available_for_rent_in_bahria_town_phase_8_overseas_5-54049240-8304-4.html,House,For Rent,2 Kanal,7,6.0,1 week ago,PKR 10 Lakh,"Bahria Greens - Overseas Enclave - Sector 5, Bahria Greens - Overseas Enclave",Rawalpindi,Zameen
3472,https://www.zameen.com/Property/bahria_town_rawalpindi_bahria_town_phase_4_10_marla_furnished_house_available_for_rent_bahria_town_islamabad-54407969-3041-4.html,House,For Rent,10 Marla,5,5.0,2 weeks ago,PKR 2.7 Lakh,"Bahria Town Phase 4, Bahria Town Rawalpindi",Rawalpindi,Zameen
3473,https://www.zameen.com/Property/bahria_town_rawalpindi_bahria_town_phase_5_1_kanal_house_available_for_rent_bahria_town_phase_5-54643434-3045-4.html,House,For Rent,1 Kanal,6,6.0,2 weeks ago,PKR 3.5 Lakh,"Bahria Town Phase 5, Bahria Town Rawalpindi",Rawalpindi,Zameen
3474,https://www.zameen.com/Property/bahria_town_rawalpindi_bahria_town_phase_4_bahria_town_phase_4_1_kanal_solar_installed_15_kv_available_for_rent-54405228-3041-4.html,Other,For Rent,1 Kanal,8,6.0,1 day ago,PKR 3.5 Lakh,"Bahria Town Phase 4, Bahria Town Rawalpindi",Rawalpindi,Zameen
3475,https://www.zameen.com/Property/bahria_town_safari_villas_safari_villas_-_sector_e_brand_new_condition_lower_portion_fully_furnished_for_in_phase_8_sector_e_bharia_town_phase_8-54576311-16549-4.html,Lower Portion,For Rent,10 Marla,2,2.0,1 day ago,PKR 90 Thousand,"Safari Villas - Sector E, Bahria Town - Safari Villas",Rawalpindi,Zameen
3476,https://www.zameen.com/Property/bahria_town_rawalpindi_bahria_town_phase_1_one_bedroom_fully_furnished_bahria_heights_apartment_for_rent-20048311-3033-4.html,Room,For Rent,3.6 Marla,1,2.0,1 day ago,PKR 65 Thousand,"Bahria Town Phase 1, Bahria Town Rawalpindi",Rawalpindi,Zameen
3477,https://www.zameen.com/Property/bahria_town_phase_6_empire_heights_2_studio_apartment_is_available_for_rent_in_bahria_heights_2_phase_6_bahria_town-20126064-13866-4.html,Apartment,For Rent,2.9 Marla,1,1.0,1 day ago,PKR 45 Thousand,"Empire Heights 2, Bahria Town Phase 6",Rawalpindi,Zameen
3478,https://www.zameen.com/Property/bahria_town_rawalpindi_bahria_heights_1_ful_furnished_one_bed_flat_for_rent_in_bahria_heights_1_ext_bahria_town-20025906-12199-4.html,Flat,For Rent,4.4 Marla,1,2.0,1 day ago,PKR 70 Thousand,"Bahria Heights 1, Bahria Town Rawalpindi",Rawalpindi,Zameen
3479,https://www.zameen.com/Property/bahria_town_rawalpindi_bahria_town_phase_8_1_kanal_brand_new_luxury_designer_house_for_rent_in_bahria_town_phase_8_rawalpindi-54392015-3048-4.html,House,For Rent,1 Kanal,5,6.0,8 hours ago,PKR 3.5 Lakh,"Bahria Town Phase 8, Bahria Town Rawalpindi",Rawalpindi,Zameen
3480,https://www.zameen.com/Property/bahria_town_rawalpindi_bahria_town_phase_8_10_marla_brand_new_luxury_furnished_designer_house_for_rent_bahria_town_rawalpindi_phase_8-54508123-3048-4.html,House,For Rent,10 Marla,4,5.0,8 hours ago,PKR 3.5 Lakh,"Bahria Town Phase 8, Bahria Town Rawalpindi",Rawalpindi,Zameen
3481,https://www.zameen.com/Property/bahria_town_rawalpindi_bahria_town_phase_8_10_marla_house_for_rent_in_bahria_town_phase_8-54673596-3048-4.html,House,For Rent,10 Marla,5,6.0,11 hours ago,PKR 1.55 Lakh,"Bahria Town Phase 8, Bahria Town Rawalpindi",Rawalpindi,Zameen
3482,https://www.zameen.com/Property/bahria_town_rawalpindi_bahria_town_phase_5_1_kanal_house_for_rent-54652409-3045-4.html,House,For Rent,1 Kanal,7,6.0,12 hours ago,PKR 3.5 Lakh,"Bahria Town Phase 5, Bahria Town Rawalpindi",Rawalpindi,Zameen
3483,https://www.zameen.com/Property/bahria_town_rawalpindi_bahria_town_phase_8_fully_furnished_1-bed_apartment_bahria_town_phase_8_ghora_chowk_near_dha_4_65k-54637842-3048-4.html,Apartment,For Rent,3.2 Marla,1,1.0,12 hours ago,PKR 65 Thousand,"Bahria Town Phase 8, Bahria Town Rawalpindi",Rawalpindi,Zameen
3484,https://www.zameen.com/Property/bahria_town_rawalpindi_bahria_town_phase_8_luxury_2-bed_fully_furnished_apartment_for_rent_in_bahria_town_phase_8-54533456-3048-4.html,Apartment,For Rent,6.2 Marla,2,2.0,12 hours ago,PKR 85 Thousand,"Bahria Town Phase 8, Bahria Town Rawalpindi",Rawalpindi,Zameen
3485,https://www.zameen.com/Property/bahria_town_rawalpindi_bahria_town_phase_8_fully_furnished_brand_new_1_bed_apartment_for_rent_in_bahria_town_phase_8_near_dha_phase_4-54369217-3048-4.html,Apartment,For Rent,3.7 Marla,1,1.0,12 hours ago,PKR 60 Thousand,"Bahria Town Phase 8, Bahria Town Rawalpindi",Rawalpindi,Zameen
3486,https://www.zameen.com/Property/bahria_town_rawalpindi_bahria_town_phase_8_reasonable_rent_kanal_house_for_rent_phase_8_a_block-54689803-3048-4.html,House,For Rent,1 Kanal,7,6.0,12 hours ago,PKR 2.2 Lakh,"Bahria Town Phase 8, Bahria Town Rawalpindi",Rawalpindi,Zameen
3487,https://www.zameen.com/Property/bahria_town_rawalpindi_bahria_heights_1_1_bedroom_available_for_rent_bahria_heights_1_bahria_town-54600939-12199-4.html,Room,For Rent,4 Marla,1,2.0,2 weeks ago,PKR 1 Lakh,"Bahria Heights 1, Bahria Town Rawalpindi",Rawalpindi,Zameen
3488,https://www.zameen.com/Property/bahria_town_rawalpindi_bahria_town_phase_3_luxurious_furnished_two_bedrooms_apartment_for_rent_in_bahria_town-54403420-3036-4.html,Room,For Rent,7.1 Marla,2,2.0,2 weeks ago,PKR 1.6 Lakh,"Bahria Town Phase 3, Bahria Town Rawalpindi",Rawalpindi,Zameen
3489,https://www.zameen.com/Property/bahria_town_rawalpindi_bahria_town_phase_3_10marla_luxury_upper_portion_available_for_rent_in_bahria_town-54412522-3036-4.html,Upper Portion,For Rent,10 Marla,2,2.0,2 weeks ago,PKR 1.8 Lakh,"Bahria Town Phase 3, Bahria Town Rawalpindi",Rawalpindi,Zameen
3490,https://www.zameen.com/Property/bahria_town_rawalpindi_bahria_heights_1_bahria_heights_1_luxury_furnished_one_bed_apartment_available_for_rent-53789431-12199-4.html,Apartment,For Rent,4.4 Marla,1,2.0,2 weeks ago,PKR 95 Thousand,"Bahria Heights 1, Bahria Town Rawalpindi",Rawalpindi,Zameen
3491,https://www.zameen.com/Property/bahria_town_rawalpindi_bahria_town_phase_2_10_marla_house_available_for_rent_bahria_town_phase_2-54595205-3035-4.html,House,For Rent,10 Marla,5,6.0,2 weeks ago,PKR 1.5 Lakh,"Bahria Town Phase 2, Bahria Town Rawalpindi",Rawalpindi,Zameen
3492,https://www.zameen.com/Property/bahria_town_rawalpindi_bahria_town_phase_6_bahria_heights_one_bedroom_fully_furnished_apartment_for_rent-53315768-3046-4.html,Room,For Rent,3.6 Marla,1,2.0,2 weeks ago,PKR 80 Thousand,"Bahria Town Phase 6, Bahria Town Rawalpindi",Rawalpindi,Zameen
3493,https://www.zameen.com/Property/bahria_town_rawalpindi_bahria_town_phase_2_luxury_10_marla_furnished_house_available_for_rent_bahria_town_phase_2-54451262-3035-4.html,House,For Rent,10 Marla,5,6.0,3 weeks ago,PKR 3.15 Lakh,"Bahria Town Phase 2, Bahria Town Rawalpindi",Rawalpindi,Zameen
3494,https://www.zameen.com/Property/bahria_town_rawalpindi_bahria_heights_1_luxury_furnished_3_bedrooms_apartment_available_for_rent_in_bahria_heights_1_ext-54459170-12199-4.html,Room,For Rent,8.9 Marla,3,3.0,2 weeks ago,PKR 1.8 Lakh,"Bahria Heights 1, Bahria Town Rawalpindi",Rawalpindi,Zameen
3495,https://www.zameen.com/Property/bahria_town_rawalpindi_bahria_heights_full_funded_one_bedroom_flat_available_for_rent_in_bahria_height_3-42032936-8506-4.html,Room,For Rent,3.3 Marla,1,1.0,1 day ago,PKR 55 Thousand,"Bahria Heights, Bahria Town Rawalpindi",Rawalpindi,Zameen
3496,https://www.zameen.com/Property/bahria_town_rawalpindi_bahria_heights_1_d_block_bahria_heights_1_lavish_furnished_1_bedroom_for_rent_available_bahria_heights_1_bahria_town_rawalpindi_punjab-53693973-12199-4.html,Room,For Rent,4.9 Marla,1,2.0,1 day ago,PKR 1.15 Lakh,"Bahria Heights 1, Bahria Town Rawalpindi",Rawalpindi,Zameen
3497,https://www.zameen.com/Property/bahria_town_rawalpindi_bahria_town_phase_8_brand_new_house_abubakar_block_for_rent-54660874-3048-4.html,House,For Rent,7 Marla,5,6.0,2 days ago,PKR 1 Lakh,"Bahria Town Phase 8, Bahria Town Rawalpindi",Rawalpindi,Zameen
3498,https://www.zameen.com/Property/bahria_town_rawalpindi_bahria_town_phase_7_spacious_1-bed_2-bath_apartment_for_rent_bahria_phase_7_prime_location_beautiful_views-54680609-3047-4.html,Apartment,For Rent,6.3 Marla,1,2.0,2 days ago,PKR 75 Thousand,"Bahria Town Phase 7, Bahria Town Rawalpindi",Rawalpindi,Zameen
3499,https://www.zameen.com/Property/bahria_town_phase_8_safari_valley_bahria_town_phase_8_-_abu_bakar_block_bahria_town_phase_8_plaza_229_2nd_floor_3_no_plat-54632000-3069-4.html,Other,For Rent,2.7 Marla,,,2 days ago,PKR 38 Thousand,"Bahria Town Phase 8 - Abu Bakar Block, Bahria Town Phase 8 - Safari Valley",Rawalpindi,Zameen
3500,https://www.zameen.com/Property/bahria_town_rawalpindi_bahria_town_phase_8_elegant_2_bedrooms_luxury_spacious_family_apartment_for_rent-54632003-3048-4.html,Room,For Rent,6.8 Marla,2,2.0,2 days ago,PKR 85 Thousand,"Bahria Town Phase 8, Bahria Town Rawalpindi",Rawalpindi,Zameen
3501,https://www.zameen.com/Property/bahria_town_rawalpindi_bahria_town_phase_8_elegant_1_kanal_semi_furnished_designer_house_for_rent-54625860-3048-4.html,House,For Rent,1 Kanal,6,6.0,2 days ago,PKR 4.55 Lakh,"Bahria Town Phase 8, Bahria Town Rawalpindi",Rawalpindi,Zameen
3502,https://www.zameen.com/Property/bahria_town_rawalpindi_bahria_intellectual_village_vip_location_1_kanal_ground_portion_for_rent_with_gas_installed-52961298-8256-4.html,Other,For Rent,1 Kanal,3,4.0,2 days ago,PKR 1.95 Lakh,"Bahria Intellectual Village, Bahria Town Rawalpindi",Rawalpindi,Zameen
3503,https://www.zameen.com/Property/bahria_expressway_river_hills_2_bhk_luxury_furnished_for_rent_in_river_hills_bahria_town_phase_7_rawalpindi-54141616-11347-4.html,Other,For Rent,4.9 Marla,2,2.0,2 days ago,PKR 1.5 Lakh,"River Hills, Bahria Expressway",Rawalpindi,Zameen
3504,https://www.zameen.com/Property/bahria_town_rawalpindi_bahria_town_phase_8_10_marla_house_for_rent-54619418-3048-4.html,House,For Rent,10 Marla,5,6.0,12 hours ago,PKR 1.5 Lakh,"Bahria Town Phase 8, Bahria Town Rawalpindi",Rawalpindi,Zameen
3505,https://www.zameen.com/Property/bahria_town_phase_8_bahria_greens_-_overseas_enclave_12_marla_beautiful_house_for_rent_in_overseas_block-54098758-3081-4.html,House,For Rent,12 Marla,3,4.0,12 hours ago,PKR 75 Thousand,"Bahria Greens - Overseas Enclave, Bahria Town Phase 8",Rawalpindi,Zameen
3506,https://www.zameen.com/Property/rawalpindi_media_town_upper_portion_for_rent_in_media_town_rawalpindi-54672109-8157-4.html,Upper Portion,For Rent,12.4 Marla,3,3.0,13 hours ago,PKR 95 Thousand,"Media Town, Rawalpindi",Rawalpindi,Zameen
3507,https://www.zameen.com/Property/bahria_town_rawalpindi_bahria_town_phase_2_1_kanal_full_house_available_for_rent_bahria_town_phase_2_5_bedroom_double_unit_house_near_to_market_near_to_masjid_near_to_park_beautiful_location-52263356-3035-4.html,Room,For Rent,1 Kanal,5,6.0,13 hours ago,PKR 2 Lakh,"Bahria Town Phase 2, Bahria Town Rawalpindi",Rawalpindi,Zameen
3508,https://www.zameen.com/Property/bahria_town_rawalpindi_bahria_town_phase_3_12_marla_full_house_available_for_rent_bahria_town_phase_3_5_bedroom_double_unit_house_near_to_market_near_to_masjid_near_to_park_beautiful_location-52263362-3036-4.html,Room,For Rent,12 Marla,5,6.0,13 hours ago,PKR 1.2 Lakh,"Bahria Town Phase 3, Bahria Town Rawalpindi",Rawalpindi,Zameen
3509,https://www.zameen.com/Property/bahria_town_rawalpindi_bahria_town_phase_3_1_kanal_full_furnished_house_available_for_rent_bahria_town_phase_2_6_bedroom_double_unit_house_near_to_market_near_to_masjid_near_to_park_beautiful_location-52264948-3036-4.html,Room,For Rent,1 Kanal,6,6.0,13 hours ago,PKR 4 Lakh,"Bahria Town Phase 3, Bahria Town Rawalpindi",Rawalpindi,Zameen
3510,https://www.zameen.com/Property/bahria_town_rawalpindi_bahria_town_phase_3_kanal_new_house_available_for_rent_in_bahria_town_phase_3-52335814-3036-4.html,House,For Rent,1 Kanal,5,5.0,13 hours ago,PKR 2.5 Lakh,"Bahria Town Phase 3, Bahria Town Rawalpindi",Rawalpindi,Zameen
3511,https://www.zameen.com/Property/bahria_town_rawalpindi_bahria_town_phase_4_10_marla_brand_you_upper_portion_available_for_rent_bahria_town_phase_4_ground_portion_lock-52516337-3041-4.html,Upper Portion,For Rent,10 Marla,3,4.0,13 hours ago,PKR 70 Thousand,"Bahria Town Phase 4, Bahria Town Rawalpindi",Rawalpindi,Zameen
3512,https://www.zameen.com/Property/bahria_town_rawalpindi_river_loft_2_bed_ultra_luxury_furnished_for_rent_in_river_loft_bahria_intellectual_village_bahria_town_phase_7_rawalpindi_islamabad-54253202-16870-4.html,Villa,For Rent,8.1 Marla,2,3.0,2 days ago,PKR 2 Lakh,"River Loft, Bahria Town Rawalpindi",Rawalpindi,Zameen
3513,https://www.zameen.com/Property/bahria_greens_overseas_enclave_bahria_greens_-_overseas_enclave_-_sector_2_14_marla_house_is_available_for_rent_in_bahria_green_lake_view_sector_2_rawalpindi-53423285-8301-4.html,House,For Rent,14 Marla,5,5.0,2 days ago,PKR 1.95 Lakh,"Bahria Greens - Overseas Enclave - Sector 2, Bahria Greens - Overseas Enclave",Rawalpindi,Zameen
3514,https://www.zameen.com/Property/bahria_town_rawalpindi_bahria_town_phase_7_brand_new_2-bed_apartment_850_sq_ft_prime_location_in_spring_north_commercial-54690229-3047-4.html,Apartment,For Rent,3.8 Marla,2,2.0,11 hours ago,PKR 80 Thousand,"Bahria Town Phase 7, Bahria Town Rawalpindi",Rawalpindi,Zameen
3515,https://www.zameen.com/Property/bahria_town_rawalpindi_bahria_town_phase_7_2_bed_rooms_luxury_furnished_penthouse_available_for_rent-52847005-3047-4.html,Penthouse,For Rent,8.9 Marla,2,3.0,15 hours ago,PKR 1.6 Lakh,"Bahria Town Phase 7, Bahria Town Rawalpindi",Rawalpindi,Zameen
3516,https://www.zameen.com/Property/chaklala_scheme_chaklala_scheme_3_full_house_for_rent_main_chaklala_scheme_3_rawalpindi-54561337-1312-4.html,House,For Rent,10 Marla,4,5.0,16 hours ago,PKR 1.6 Lakh,"Chaklala Scheme 3, Chaklala Scheme",Rawalpindi,Zameen
3517,https://www.zameen.com/Property/bahria_town_rawalpindi_bahria_town_phase_4_1_bed_full_furnished_luxury_apartment_for_rent-52510773-3041-4.html,Apartment,For Rent,3.1 Marla,,,2 days ago,PKR 45 Thousand,"Bahria Town Phase 4, Bahria Town Rawalpindi",Rawalpindi,Zameen
3518,https://www.zameen.com/Property/bahria_town_rawalpindi_bahria_town_phase_8_bahria_town_phase_8_1_bed_fully_furnished_flat_for_rent-54612620-3048-4.html,Flat,For Rent,2.4 Marla,1,1.0,7 hours ago,PKR 40 Thousand,"Bahria Town Phase 8, Bahria Town Rawalpindi",Rawalpindi,Zameen
3519,https://www.zameen.com/Property/bahria_town_rawalpindi_bahria_town_phase_1_bahria_town_phase_1_2_bedroom_apartment_available_for_rent-54404442-3033-4.html,Room,For Rent,5 Marla,2,2.0,1 day ago,PKR 75 Thousand,"Bahria Town Phase 1, Bahria Town Rawalpindi",Rawalpindi,Zameen
3520,https://www.zameen.com/Property/bahria_town_rawalpindi_bahria_town_phase_8_7_marla_house_in_bahria_town_phase_8_is_available-54679232-3048-4.html,House,For Rent,7 Marla,6,6.0,2 days ago,PKR 1.7 Lakh,"Bahria Town Phase 8, Bahria Town Rawalpindi",Rawalpindi,Zameen
3521,https://www.zameen.com/Property/adiala_road_snober_city_brand_new_water_boor_electric_available-54589338-11748-4.html,Other,For Rent,5 Marla,3,3.0,13 hours ago,PKR 45 Thousand,"Snober City, Adiala Road",Rawalpindi,Zameen
3522,https://www.zameen.com/Property/chaklala_scheme_chaklala_scheme_3_flat_available_for_rent_in_chaklala_scheme_3-50513770-1312-4.html,Flat,For Rent,5 Marla,2,2.0,6 hours ago,PKR 80 Thousand,"Chaklala Scheme 3, Chaklala Scheme",Rawalpindi,Zameen
3523,https://www.zameen.com/Property/bahria_town_rawalpindi_bahria_town_phase_8_bahria_town_phase_8_dolphin_chowk_1_bed_luxury_furnished_flat_for_rent-54612556-3048-4.html,Flat,For Rent,2.4 Marla,1,1.0,7 hours ago,PKR 40 Thousand,"Bahria Town Phase 8, Bahria Town Rawalpindi",Rawalpindi,Zameen
3524,https://www.zameen.com/Property/bahria_town_rawalpindi_bahria_town_phase_8_bahria_town_phase_8_1_bed_luxury_furnished_flat_for_rent-54569300-3048-4.html,Flat,For Rent,2.9 Marla,1,1.0,7 hours ago,PKR 55 Thousand,"Bahria Town Phase 8, Bahria Town Rawalpindi",Rawalpindi,Zameen
3525,https://www.zameen.com/Property/bahria_town_rawalpindi_bahria_heights_1_1_bed_fully_furnish_apartment_for_rent_in_bahria_heights_1-54385989-12199-4.html,Apartment,For Rent,3.6 Marla,1,2.0,1 day ago,PKR 1.15 Lakh,"Bahria Heights 1, Bahria Town Rawalpindi",Rawalpindi,Zameen
3526,https://www.zameen.com/Property/bahria_town_rawalpindi_bahria_intellectual_village_24_marla_independent_ground_portion_for_rent-54620717-8256-4.html,Other,For Rent,1.2 Kanal,3,4.0,2 days ago,PKR 1.95 Lakh,"Bahria Intellectual Village, Bahria Town Rawalpindi",Rawalpindi,Zameen
3527,https://www.zameen.com/Property/rawalpindi_gulzar-e-quaid_housing_society_upper_portion_for_rent_gulzar-e-quaid_3_bedrooms_a-54666224-540-4.html,Upper Portion,For Rent,10 Marla,3,3.0,13 hours ago,PKR 60 Thousand,"Gulzar-e-Quaid Housing Society, Rawalpindi",Rawalpindi,Zameen
3528,https://www.zameen.com/Property/bahria_town_rawalpindi_bahria_town_-_safari_villas_2_bedroom_flat_fully_furnished_available_for_rent-53164273-3078-4.html,Room,For Rent,5.3 Marla,2,2.0,15 hours ago,PKR 95 Thousand,"Bahria Town - Safari Villas, Bahria Town Rawalpindi",Rawalpindi,Zameen
3529,https://www.zameen.com/Property/bahria_town_rawalpindi_bahria_town_phase_7_2_bedroom_non_furnished_apartment_for_rent_at_spring_north_bahria_phase_7_rawalpindi_islamabad-54421936-3047-4.html,Room,For Rent,4 Marla,2,2.0,13 hours ago,PKR 44 Thousand,"Bahria Town Phase 7, Bahria Town Rawalpindi",Rawalpindi,Zameen
3530,https://www.zameen.com/Property/bahria_town_rawalpindi_bahria_town_phase_4_10_marla_full_furnished_house_available_for_rent_bahria_town_phase_4_5_bedroom_double_unit_house_near_to_market_near_to_masjid_near_to_park_beautiful_location-54433209-3041-4.html,Room,For Rent,10 Marla,5,6.0,13 hours ago,PKR 2.1 Lakh,"Bahria Town Phase 4, Bahria Town Rawalpindi",Rawalpindi,Zameen
3531,https://www.zameen.com/Property/bahria_expressway_river_hills_2_bed_apartmnt_for_rent-54589619-11347-4.html,Other,For Rent,3.8 Marla,2,2.0,13 hours ago,PKR 75 Thousand,"River Hills, Bahria Expressway",Rawalpindi,Zameen
3532,https://www.zameen.com/Property/bahria_expressway_river_hills_brand_new_two_bed_luxury_furnished_apartment_is_available_for_rent-54605112-11347-4.html,Apartment,For Rent,5.3 Marla,2,2.0,13 hours ago,PKR 1.5 Lakh,"River Hills, Bahria Expressway",Rawalpindi,Zameen
3533,https://www.zameen.com/Property/bahria_town_rawalpindi_bahria_town_phase_7_two_bed_luxury_furnished_apartment_for_rent_in_river_hills_bahria_phase_7_rawalpindi_islamabad-54637982-3047-4.html,Apartment,For Rent,5.3 Marla,2,2.0,13 hours ago,PKR 1.45 Lakh,"Bahria Town Phase 7, Bahria Town Rawalpindi",Rawalpindi,Zameen
3534,https://www.zameen.com/Property/bahria_town_rawalpindi_bahria_town_phase_7_upper_portion_available_for_rent_in_bahria_town_phase_7-54291941-3047-4.html,Upper Portion,For Rent,16 Marla,3,3.0,13 hours ago,PKR 68 Thousand,"Bahria Town Phase 7, Bahria Town Rawalpindi",Rawalpindi,Zameen
3535,https://www.zameen.com/Property/bahria_town_rawalpindi_bahria_town_phase_1_fully_furnished_1_kanal_house_available_for_rent-54689457-3033-4.html,House,For Rent,1 Kanal,5,6.0,13 hours ago,PKR 2.6 Lakh,"Bahria Town Phase 1, Bahria Town Rawalpindi",Rawalpindi,Zameen
3536,https://www.zameen.com/Property/bahria_town_rawalpindi_bahria_town_phase_7_10_marla_upper_portion_for_rent_in_bahria_town_rawalpindi-54578372-3047-4.html,Upper Portion,For Rent,10 Marla,3,3.0,13 hours ago,PKR 70 Thousand,"Bahria Town Phase 7, Bahria Town Rawalpindi",Rawalpindi,Zameen
3537,https://www.zameen.com/Property/bahria_town_phase_8_bahria_town_phase_8_-_eden_lake_view_block_fully_furnished_house_for_rent_in_phase_8_lake_view_block_with_gas-54653561-3073-4.html,House,For Rent,10 Marla,5,6.0,1 day ago,PKR 2.4 Lakh,"Bahria Town Phase 8 - Eden Lake View Block, Bahria Town Phase 8",Rawalpindi,Zameen
3538,https://www.zameen.com/Property/bahria_town_rawalpindi_bahria_town_phase_3_1_kanal_upper_portion_available_for_rent-54643697-3036-4.html,Upper Portion,For Rent,1 Kanal,3,3.0,1 day ago,PKR 1.2 Lakh,"Bahria Town Phase 3, Bahria Town Rawalpindi",Rawalpindi,Zameen
3539,https://www.zameen.com/Property/bahria_town_rawalpindi_bahria_town_phase_8_furnished_house_for_rent_bahria_town_phase_8-53873155-3048-4.html,House,For Rent,10 Marla,2,2.0,2 days ago,PKR 80 Thousand,"Bahria Town Phase 8, Bahria Town Rawalpindi",Rawalpindi,Zameen
3540,https://www.zameen.com/Property/bahria_town_rawalpindi_bahria_town_phase_8_furnished_house_available_for_rent_in_bahria_town_phase_8_rawalpindi-53873573-3048-4.html,House,For Rent,10 Marla,2,2.0,2 days ago,PKR 78 Thousand,"Bahria Town Phase 8, Bahria Town Rawalpindi",Rawalpindi,Zameen
3541,https://www.zameen.com/Property/bahria_town_phase_8_bahria_town_phase_8_-_awami_villas_1_furnished_awami_villa_available_for_rent-53873692-8206-4.html,Villa,For Rent,5 Marla,2,2.0,2 days ago,PKR 78 Thousand,"Bahria Town Phase 8 - Awami Villas 1, Bahria Town Phase 8",Rawalpindi,Zameen
3542,https://www.zameen.com/Property/rawalpindi_gulshan_abad_1_kansas_upper_portion_is_available_for_rent_at_gulshan_abad_rawalpindi-54687174-1058-4.html,Upper Portion,For Rent,1.1 Kanal,3,4.0,1 day ago,PKR 80 Thousand,"Gulshan Abad, Rawalpindi",Rawalpindi,Zameen
3543,https://www.zameen.com/Property/rawalpindi_media_town_book_a_2800_square_feet_upper_portion_in_media_town-54666727-8157-4.html,Upper Portion,For Rent,12.4 Marla,3,4.0,1 day ago,PKR 90 Thousand,"Media Town, Rawalpindi",Rawalpindi,Zameen
3544,https://www.zameen.com/Property/satellite_town_satellite_town_-_block_f_upper_portion_3_bathroom_drying_dining_3_bathroom-54689395-10240-4.html,Upper Portion,For Rent,7 Marla,3,3.0,13 hours ago,PKR 80 Thousand,"Satellite Town - Block F, Satellite Town",Rawalpindi,Zameen
3545,https://www.zameen.com/Property/bahria_town_rawalpindi_bahria_town_phase_8_usman_blok_7_marla_corner_double_house_good_condition-54580163-3048-4.html,House,For Rent,7 Marla,5,5.0,2 days ago,PKR 85 Thousand,"Bahria Town Phase 8, Bahria Town Rawalpindi",Rawalpindi,Zameen
3546,https://www.zameen.com/Property/rawalpindi_satellite_town_flat_for_rent_in_satellite_town_rawalpindi-54561399-433-4.html,Flat,For Rent,2.4 Marla,2,2.0,2 days ago,PKR 65 Thousand,"Satellite Town, Rawalpindi",Rawalpindi,Zameen
3547,https://www.zameen.com/Property/bahria_town_rawalpindi_bahria_town_phase_5_kanal_full_house_for_rent-54218494-3045-4.html,House,For Rent,1 Kanal,8,7.0,2 days ago,PKR 3.2 Lakh,"Bahria Town Phase 5, Bahria Town Rawalpindi",Rawalpindi,Zameen
3548,https://www.zameen.com/Property/bahria_town_rawalpindi_bahria_town_phase_7_2_bed_apartment_for_rent_comfortable_modern_living-54386953-3047-4.html,Apartment,For Rent,3.8 Marla,2,2.0,2 days ago,PKR 40 Thousand,"Bahria Town Phase 7, Bahria Town Rawalpindi",Rawalpindi,Zameen
3549,https://www.zameen.com/Property/bahria_town_rawalpindi_bahria_heights_1_luxury_1_bedroom_apartment_available_for_rent_in_bahria_heights_1-54643459-12199-4.html,Room,For Rent,4.2 Marla,1,2.0,3 days ago,PKR 80 Thousand,"Bahria Heights 1, Bahria Town Rawalpindi",Rawalpindi,Zameen
3550,https://www.zameen.com/Property/bahria_town_phase_7_bahria_spring_north_1_kanal_designer_luxury_house_for_rent_gas_available_10_kw_solar_installed_prime_location_demand_365-54680350-8322-4.html,House,For Rent,1 Kanal,6,6.0,3 days ago,PKR 3.65 Lakh,"Bahria Spring North, Bahria Town Phase 7",Rawalpindi,Zameen
3551,https://www.zameen.com/Property/chaklala_scheme_chaklala_scheme_3_4_bedrooms_brand_new_upper_portion_for_rent_chaklala_scheme_3-54680403-1312-4.html,Upper Portion,For Rent,10 Marla,4,3.0,3 days ago,PKR 65 Thousand,"Chaklala Scheme 3, Chaklala Scheme",Rawalpindi,Zameen
3552,https://www.zameen.com/Property/bahria_town_rawalpindi_bahria_town_phase_8_10_marla_brand_new_desighner_spanish_ground_portion_available_for_rent_upper_portion_locked-54656171-3048-4.html,Upper Portion,For Rent,10 Marla,2,3.0,3 days ago,PKR 80 Thousand,"Bahria Town Phase 8, Bahria Town Rawalpindi",Rawalpindi,Zameen
3553,https://www.zameen.com/Property/rawalpindi_media_town_12_marla_upper_portion_for_rent_in_media_town-53406727-8157-4.html,Upper Portion,For Rent,12 Marla,3,4.0,3 days ago,PKR 86 Thousand,"Media Town, Rawalpindi",Rawalpindi,Zameen
3554,https://www.zameen.com/Property/rawalpindi_westridge_4-bed_premium_portion_for_rent_in_westridge_1_rawalpindi_cantt-54446417-574-4.html,Other,For Rent,1 Kanal,4,6.0,14 hours ago,PKR 2.35 Lakh,"Westridge, Rawalpindi",Rawalpindi,Zameen
3555,https://www.zameen.com/Property/bahria_town_phase_7_bahria_heights_5_bahria_town_phase_7_one_bed_brand_new_luxury_furnished_apartments_for_rent_bahria_height_05-50526706-17565-4.html,Apartment,For Rent,6.6 Marla,1,2.0,15 hours ago,PKR 1 Lakh,"Bahria Heights 5, Bahria Town Phase 7",Rawalpindi,Zameen
3556,https://www.zameen.com/Property/bahria_town_phase_8_bahria_business_district_bahria_town_phase_8_business_district_02_bedroom_apartments_for_rent_available-49864492-9033-4.html,Room,For Rent,4 Marla,2,2.0,15 hours ago,PKR 35 Thousand,"Bahria Business District, Bahria Town Phase 8",Rawalpindi,Zameen
3557,https://www.zameen.com/Property/bahria_town_rawalpindi_bahria_town_phase_7_2_bed_furnished_apartment_for_rent_in_bahria_town_phase_7_bin_chirag_height-49421815-3047-4.html,Apartment,For Rent,4.4 Marla,2,2.0,15 hours ago,PKR 1 Lakh,"Bahria Town Phase 7, Bahria Town Rawalpindi",Rawalpindi,Zameen
3558,https://www.zameen.com/Property/bahria_town_rawalpindi_bahria_town_phase_7_one_bed_fully_furnished_apartment-49379383-3047-4.html,Apartment,For Rent,2.2 Marla,1,1.0,15 hours ago,PKR 50 Thousand,"Bahria Town Phase 7, Bahria Town Rawalpindi",Rawalpindi,Zameen
3559,https://www.zameen.com/Property/bahria_town_rawalpindi_bahria_town_phase_7_rawalpindi_bahria_town_phase_7_river_hills_2_bedroom_luxury_furnished_apartment_available_for_rent-51254583-3047-4.html,Room,For Rent,7.1 Marla,2,2.0,15 hours ago,PKR 1.2 Lakh,"Bahria Town Phase 7, Bahria Town Rawalpindi",Rawalpindi,Zameen
3560,https://www.zameen.com/Property/bahria_town_rawalpindi_bahria_town_phase_7_one_bedroom_luxury_furnished_apartment-51802611-3047-4.html,Room,For Rent,3.6 Marla,1,1.0,15 hours ago,PKR 70 Thousand,"Bahria Town Phase 7, Bahria Town Rawalpindi",Rawalpindi,Zameen
3561,https://www.zameen.com/Property/bahria_town_rawalpindi_bahria_town_phase_7_two_bedroom_luxury_apartment_for_rent-51802705-3047-4.html,Room,For Rent,5.3 Marla,2,2.0,15 hours ago,PKR 90 Thousand,"Bahria Town Phase 7, Bahria Town Rawalpindi",Rawalpindi,Zameen
3562,https://www.zameen.com/Property/bahria_town_phase_8_safari_valley_bahria_town_phase_8_-_khalid_block_new_condition_fully_furnished_apartment_for_rent_in_phase_8_khalid_block_commercial-54679228-3072-4.html,Apartment,For Rent,3.6 Marla,2,2.0,3 days ago,PKR 55 Thousand,"Bahria Town Phase 8 - Khalid Block, Bahria Town Phase 8 - Safari Valley",Rawalpindi,Zameen
3563,https://www.zameen.com/Property/chaklala_scheme_chaklala_scheme_3_khan_avenue_chaklala_scheme_3_ground_portion_well_location_3_bedroom-53261389-1312-4.html,Room,For Rent,10 Marla,3,3.0,3 days ago,PKR 70 Thousand,"Chaklala Scheme 3, Chaklala Scheme",Rawalpindi,Zameen
3564,https://www.zameen.com/Property/chaklala_scheme_chaklala_scheme_3_ayub_colony_chaklala_scheme_3_full_house-54143828-1312-4.html,House,For Rent,10 Marla,4,5.0,3 days ago,PKR 1.15 Lakh,"Chaklala Scheme 3, Chaklala Scheme",Rawalpindi,Zameen
3565,https://www.zameen.com/Property/bahria_town_phase_8_bahria_town_phase_8_-_block_e_flat_for_rent_bahria_town_phase_8-54643900-3053-4.html,Flat,For Rent,2.9 Marla,1,1.0,3 days ago,PKR 70 Thousand,"Bahria Town Phase 8 - Block E, Bahria Town Phase 8",Rawalpindi,Zameen
3566,https://www.zameen.com/Property/chaklala_scheme_chaklala_scheme_3_upper_portion_for_rent_scheme_3_rawalpindi-51922143-1312-4.html,Upper Portion,For Rent,14 Marla,2,2.0,3 days ago,PKR 60 Thousand,"Chaklala Scheme 3, Chaklala Scheme",Rawalpindi,Zameen
3567,https://www.zameen.com/Property/bahria_town_rawalpindi_bahria_town_phase_8_7_marla_corner_house_with_gas_4_bedroom_available_for_rent-54356883-3048-4.html,Room,For Rent,7 Marla,4,5.0,4 days ago,PKR 83 Thousand,"Bahria Town Phase 8, Bahria Town Rawalpindi",Rawalpindi,Zameen
3568,https://www.zameen.com/Property/bahria_town_rawalpindi_bahria_town_phase_8_to_rent_you_can_find_spacious_house_in_bahria_town_phase_8-53854584-3048-4.html,House,For Rent,5 Marla,3,3.0,4 days ago,PKR 1.4 Lakh,"Bahria Town Phase 8, Bahria Town Rawalpindi",Rawalpindi,Zameen
3569,https://www.zameen.com/Property/rawalpindi_gulraiz_housing_scheme_10_marla_3_bed_ground_floor_available_for_rent_in_gulraiz_with_all_facilities-54668484-438-4.html,Other,For Rent,10 Marla,3,3.0,4 days ago,PKR 45 Thousand,"Gulraiz Housing Scheme, Rawalpindi",Rawalpindi,Zameen
3570,https://www.zameen.com/Property/rawalpindi_askari_7_flat_available_for_rent-3631018-1270-4.html,Flat,For Rent,10 Marla,3,4.0,4 days ago,PKR 90 Thousand,"Askari 7, Rawalpindi",Rawalpindi,Zameen
3571,https://www.zameen.com/Property/rawalpindi_satellite_town_10_marla_ground_floor_available_for_rent_at_c_block_satellite_town-54602519-433-4.html,Other,For Rent,10 Marla,3,3.0,4 days ago,PKR 1.05 Lakh,"Satellite Town, Rawalpindi",Rawalpindi,Zameen
3572,https://www.zameen.com/Property/rawalpindi_satellite_town_commerical_house_available_for_rent_at_f_block_satellite_town-54635091-433-4.html,House,For Rent,7 Marla,8,5.0,4 days ago,PKR 1.8 Lakh,"Satellite Town, Rawalpindi",Rawalpindi,Zameen
3573,https://www.zameen.com/Property/bahria_town_rawalpindi_bahria_town_-_safari_villas_2_bedroom_fully_furnished_apartment-54524723-3078-4.html,Room,For Rent,4.4 Marla,2,2.0,4 days ago,PKR 60 Thousand,"Bahria Town - Safari Villas, Bahria Town Rawalpindi",Rawalpindi,Zameen
3574,https://www.zameen.com/Property/bahria_town_rawalpindi_bahria_heights_1_fully_furnished_1_bedroom_apartment_available_for_rent_in_bahria_heights_1-54603129-12199-4.html,Room,For Rent,4.2 Marla,1,2.0,4 days ago,PKR 85 Thousand,"Bahria Heights 1, Bahria Town Rawalpindi",Rawalpindi,Zameen
3575,https://www.zameen.com/Property/bahria_town_rawalpindi_bahria_heights_1_luxury_furnished_1_bedroom_apartment_available_for_rent_in_bahria_heights_1-54645754-12199-4.html,Room,For Rent,4.2 Marla,1,1.0,4 days ago,PKR 65 Thousand,"Bahria Heights 1, Bahria Town Rawalpindi",Rawalpindi,Zameen
3576,https://www.zameen.com/Property/chaklala_scheme_chaklala_scheme_3_separate_gate_main_chaklala_scheme_3_portion_for_rent-53717110-1312-4.html,Other,For Rent,1 Kanal,4,4.0,3 days ago,PKR 1.55 Lakh,"Chaklala Scheme 3, Chaklala Scheme",Rawalpindi,Zameen
3577,https://www.zameen.com/Property/chaklala_scheme_chaklala_scheme_3_independent_ground_portion_for_rent_in_dhok_choudhriya_near_chaklala_scheme_3_rawalpindi-54603569-1312-4.html,Other,For Rent,4 Marla,2,1.0,3 days ago,PKR 25 Thousand,"Chaklala Scheme 3, Chaklala Scheme",Rawalpindi,Zameen
3578,https://www.zameen.com/Property/chaklala_scheme_chaklala_scheme_3_awesome_location_separate_portion_for_rent-54122704-1312-4.html,Other,For Rent,1 Kanal,3,3.0,3 days ago,PKR 1.4 Lakh,"Chaklala Scheme 3, Chaklala Scheme",Rawalpindi,Zameen
3579,https://www.zameen.com/Property/bahria_town_rawalpindi_bahria_town_phase_7_one_bed_room_luxury_furnished_apartment_for_rent_phase_7-52065584-3047-4.html,Room,For Rent,4 Marla,1,1.0,15 hours ago,PKR 80 Thousand,"Bahria Town Phase 7, Bahria Town Rawalpindi",Rawalpindi,Zameen
3580,https://www.zameen.com/Property/bahria_town_phase_7_bahria_heights_5_height_5_semi_furnished_corner_or_beautiful_view_one_bed_room_apartment_for_rent-52133316-17565-4.html,Room,For Rent,6.7 Marla,1,2.0,15 hours ago,PKR 70 Thousand,"Bahria Heights 5, Bahria Town Phase 7",Rawalpindi,Zameen
3581,https://www.zameen.com/Property/bahria_town_rawalpindi_bahria_town_phase_7_one_bed_room_luxury_furnished_apartment_for_rent-52326265-3047-4.html,Room,For Rent,2.7 Marla,1,1.0,15 hours ago,PKR 60 Thousand,"Bahria Town Phase 7, Bahria Town Rawalpindi",Rawalpindi,Zameen
3582,https://www.zameen.com/Property/bahria_town_rawalpindi_bahria_town_phase_8_house_of_7_marla_in_bahria_town_phase_8_for_rent-53854645-3048-4.html,House,For Rent,7 Marla,6,6.0,15 hours ago,PKR 1.8 Lakh,"Bahria Town Phase 8, Bahria Town Rawalpindi",Rawalpindi,Zameen
3583,https://www.zameen.com/Property/bahria_town_rawalpindi_bahria_town_phase_8_one_bed_semi_furnished_apartment_available_for_rent_in_phase_8_bussniss_district-52916941-3048-4.html,Apartment,For Rent,2.9 Marla,1,1.0,15 hours ago,PKR 40 Thousand,"Bahria Town Phase 8, Bahria Town Rawalpindi",Rawalpindi,Zameen
3584,https://www.zameen.com/Property/bahria_town_phase_8_bahria_business_district_one_bed_furnished_apartment_available_for_rent_in_phase_8-53197231-9033-4.html,Apartment,For Rent,2.7 Marla,1,1.0,15 hours ago,PKR 70 Thousand,"Bahria Business District, Bahria Town Phase 8",Rawalpindi,Zameen
3585,https://www.zameen.com/Property/bahria_town_rawalpindi_bahria_town_phase_7_one_bedroom_luxury_furnished_apartment_for_rent-53201920-3047-4.html,Room,For Rent,3.6 Marla,1,1.0,15 hours ago,PKR 70 Thousand,"Bahria Town Phase 7, Bahria Town Rawalpindi",Rawalpindi,Zameen
3586,https://www.zameen.com/Property/bahria_town_rawalpindi_bahria_town_phase_8_two_bed_semi_furnished_apartment_available_for_rent_in_phase-53638344-3048-4.html,Apartment,For Rent,5.3 Marla,2,2.0,15 hours ago,PKR 65 Thousand,"Bahria Town Phase 8, Bahria Town Rawalpindi",Rawalpindi,Zameen
3587,https://www.zameen.com/Property/bahria_town_rawalpindi_bahria_town_phase_1_beautiful_1_kanal_furnished_5-bedroom_single_unit_house_for_rent-54611536-3033-4.html,Room,For Rent,1 Kanal,5,6.0,4 days ago,PKR 2.5 Lakh,"Bahria Town Phase 1, Bahria Town Rawalpindi",Rawalpindi,Zameen
3588,https://www.zameen.com/Property/chaklala_scheme_chaklala_scheme_3_khayaban_e_tanveer_ground_floor_well_location_near_to_market-54425497-1312-4.html,Other,For Rent,10 Marla,2,3.0,3 days ago,PKR 60 Thousand,"Chaklala Scheme 3, Chaklala Scheme",Rawalpindi,Zameen
3589,https://www.zameen.com/Property/rawalpindi_judicial_colony_10_marla_independent_house_for_rent_judicial_colony_rawalpindi_3_rooms_2_bedrooms_with_attached_baths_basement_with_1_room_tv_lounge_car_porch_separate_entrance_independent_gate_independent_electricity_mete-54632590-1266-4.html,Room,For Rent,10 Marla,3,3.0,2 days ago,PKR 75 Thousand,"Judicial Colony, Rawalpindi",Rawalpindi,Zameen
3590,https://www.zameen.com/Property/bahria_town_rawalpindi_bahria_heights_1_outstanding_luxury_furnished_apartment_for_rent_in_bahria_heights_1-54675376-12199-4.html,Apartment,For Rent,4.2 Marla,1,2.0,3 days ago,PKR 1 Lakh,"Bahria Heights 1, Bahria Town Rawalpindi",Rawalpindi,Zameen
3591,https://www.zameen.com/Property/bahria_town_rawalpindi_bahria_town_phase_7_1_bed_room_apartment_fully_furnished_bharia_town_7_available_for_rent-54680306-3047-4.html,Room,For Rent,1.8 Marla,1,1.0,3 days ago,PKR 45 Thousand,"Bahria Town Phase 7, Bahria Town Rawalpindi",Rawalpindi,Zameen
3592,https://www.zameen.com/Property/bahria_greens_overseas_enclave_bahria_greens_-_overseas_enclave_-_sector_2_12_marla_house_for_rent-54474575-8301-4.html,House,For Rent,12 Marla,5,6.0,3 days ago,PKR 1.35 Lakh,"Bahria Greens - Overseas Enclave - Sector 2, Bahria Greens - Overseas Enclave",Rawalpindi,Zameen
3593,https://www.zameen.com/Property/bahria_town_rawalpindi_bahria_intellectual_village_25_marla_ground_portion_independent_entrance_available_for_rent_in_bahria_phase_7_spring_north-54569538-8256-4.html,Other,For Rent,1.2 Kanal,3,4.0,3 days ago,PKR 1.95 Lakh,"Bahria Intellectual Village, Bahria Town Rawalpindi",Rawalpindi,Zameen
3594,https://www.zameen.com/Property/bahria_town_rawalpindi_bahria_town_phase_8_sector_e_10_marla_double_story_house_available_for_rent_bharia_twon_phase_8-54674908-3048-4.html,House,For Rent,10 Marla,5,5.0,3 days ago,PKR 1.3 Lakh,"Bahria Town Phase 8, Bahria Town Rawalpindi",Rawalpindi,Zameen
3595,https://www.zameen.com/Property/rawalpindi_media_town_10_marla_upper_portion_for_rent-54322286-8157-4.html,Upper Portion,For Rent,10 Marla,3,,4 days ago,PKR 95 Thousand,"Media Town, Rawalpindi",Rawalpindi,Zameen
3596,https://www.zameen.com/Property/rawalpindi_airport_housing_society_12_marla_house_for_rent-54567938-426-4.html,House,For Rent,12 Marla,3,3.0,2 days ago,PKR 75 Thousand,"Airport Housing Society, Rawalpindi",Rawalpindi,Zameen
3597,https://www.zameen.com/Property/rawalpindi_new_lalazar_3_bedroom_upper_portion_new_lalazar_rose_lane_5-54677112-8336-4.html,Upper Portion,For Rent,8 Marla,3,3.0,3 days ago,PKR 50 Thousand,"New Lalazar, Rawalpindi",Rawalpindi,Zameen
3598,https://www.zameen.com/Property/bahria_town_rawalpindi_bahria_town_phase_7_to_rent_you_can_find_spacious_upper_portion_in_bahria_town_phase_7-54290936-3047-4.html,Upper Portion,For Rent,1 Kanal,3,4.0,4 days ago,PKR 95 Thousand,"Bahria Town Phase 7, Bahria Town Rawalpindi",Rawalpindi,Zameen
3599,https://www.zameen.com/Property/bahria_town_rawalpindi_bahria_town_phase_8_12_mrla_fully_luxury_brand_new_house_for_rent-54580699-3048-4.html,House,For Rent,10 Marla,4,5.0,4 days ago,PKR 3.2 Lakh,"Bahria Town Phase 8, Bahria Town Rawalpindi",Rawalpindi,Zameen
3600,https://www.zameen.com/Property/bahria_town_rawalpindi_bahria_town_phase_8_for_rent-54674074-3048-4.html,Other,For Rent,10 Marla,5,5.0,4 days ago,PKR 1.6 Lakh,"Bahria Town Phase 8, Bahria Town Rawalpindi",Rawalpindi,Zameen
3601,https://www.zameen.com/Property/bahria_town_rawalpindi_bahria_town_phase_8_unoccupied_flat_of_900_square_feet_is_available_for_rent_in_bahria_town_rawalpindi-54333414-3048-4.html,Flat,For Rent,4 Marla,1,1.0,4 days ago,PKR 60 Thousand,"Bahria Town Phase 8, Bahria Town Rawalpindi",Rawalpindi,Zameen
3602,https://www.zameen.com/Property/bahria_town_rawalpindi_bahria_town_phase_8_900_square_feet_flat_available_for_rent_in_bahria_town_phase_8_if_you_hurry-54571048-3048-4.html,Flat,For Rent,4 Marla,2,2.0,4 days ago,PKR 70 Thousand,"Bahria Town Phase 8, Bahria Town Rawalpindi",Rawalpindi,Zameen
3603,https://www.zameen.com/Property/bahria_town_rawalpindi_bahria_town_phase_8_house_is_available_for_rent-54571065-3048-4.html,House,For Rent,5 Marla,3,3.0,4 days ago,PKR 1.5 Lakh,"Bahria Town Phase 8, Bahria Town Rawalpindi",Rawalpindi,Zameen
3604,https://www.zameen.com/Property/bahria_town_rawalpindi_bahria_town_phase_8_one_bed_luxury_furnished_apartment_available_for_rent_in_phase_8-53648639-3048-4.html,Apartment,For Rent,2.8 Marla,1,1.0,15 hours ago,PKR 65 Thousand,"Bahria Town Phase 8, Bahria Town Rawalpindi",Rawalpindi,Zameen
3605,https://www.zameen.com/Property/bahria_town_phase_8_bahria_business_district_600_square_feet_flat_for_rent_in_bahria_town_rawalpindi-53678568-9033-4.html,Flat,For Rent,2.7 Marla,1,1.0,15 hours ago,PKR 65 Thousand,"Bahria Business District, Bahria Town Phase 8",Rawalpindi,Zameen
3606,https://www.zameen.com/Property/bahria_town_rawalpindi_bahria_town_phase_8_5_marla_luxury_furnished_house_available_for_rent_in_phase_8_ali_block-54149442-3048-4.html,House,For Rent,5 Marla,3,4.0,15 hours ago,PKR 1.6 Lakh,"Bahria Town Phase 8, Bahria Town Rawalpindi",Rawalpindi,Zameen
3607,https://www.zameen.com/Property/bahria_town_rawalpindi_bahria_town_phase_8_one_bed_luxury_furnished_apartment_available_for_rent_in_business_district-54246236-3048-4.html,Apartment,For Rent,3.1 Marla,1,1.0,15 hours ago,PKR 65 Thousand,"Bahria Town Phase 8, Bahria Town Rawalpindi",Rawalpindi,Zameen
3608,https://www.zameen.com/Property/bahria_town_rawalpindi_bahria_town_phase_8_5_marla_luxury_furnished_house_available_for_rent_in_phase_8_ali_block-54532959-3048-4.html,House,For Rent,5 Marla,3,4.0,15 hours ago,PKR 1.6 Lakh,"Bahria Town Phase 8, Bahria Town Rawalpindi",Rawalpindi,Zameen
3609,https://www.zameen.com/Property/bahria_town_rawalpindi_bahria_town_phase_7_2_bed_non_furnished_apartment_available_for_rent_in_phase_7_river_view_commercial-54656566-3047-4.html,Apartment,For Rent,3.8 Marla,2,2.0,15 hours ago,PKR 45 Thousand,"Bahria Town Phase 7, Bahria Town Rawalpindi",Rawalpindi,Zameen
3610,https://www.zameen.com/Property/rawalpindi_gulraiz_housing_scheme_very_prime_located_2_bed_upper_portion_available_for_rent_in_gulraiz_for_small_family-54619778-438-4.html,Upper Portion,For Rent,5 Marla,2,2.0,15 hours ago,PKR 40 Thousand,"Gulraiz Housing Scheme, Rawalpindi",Rawalpindi,Zameen
3611,https://www.zameen.com/Property/bahria_town_rawalpindi_bahria_town_-_safari_villas_affordable_luxury_1_bed_furnished-51980205-3078-4.html,Other,For Rent,2.2 Marla,1,1.0,15 hours ago,PKR 45 Thousand,"Bahria Town - Safari Villas, Bahria Town Rawalpindi",Rawalpindi,Zameen
3612,https://www.zameen.com/Property/bahria_town_rawalpindi_bahria_town_phase_8_lower_portion_is_available_for_rent-54606473-3048-4.html,Lower Portion,For Rent,8 Marla,2,3.0,4 days ago,PKR 1.1 Lakh,"Bahria Town Phase 8, Bahria Town Rawalpindi",Rawalpindi,Zameen
3613,https://www.zameen.com/Property/bahria_town_rawalpindi_bahria_town_phase_8_for_rent_flat-54621877-3048-4.html,Flat,For Rent,2.7 Marla,1,1.0,4 days ago,PKR 60 Thousand,"Bahria Town Phase 8, Bahria Town Rawalpindi",Rawalpindi,Zameen
3614,https://www.zameen.com/Property/bahria_town_rawalpindi_bahria_town_phase_8_house_for_rent-54628505-3048-4.html,House,For Rent,10 Marla,5,5.0,4 days ago,PKR 1.5 Lakh,"Bahria Town Phase 8, Bahria Town Rawalpindi",Rawalpindi,Zameen
3615,https://www.zameen.com/Property/bahria_town_phase_8_bahria_town_phase_8_-_awami_villas_5_flat_for_rent-54655897-8330-4.html,Flat,For Rent,4.9 Marla,2,1.0,4 days ago,PKR 50 Thousand,"Bahria Town Phase 8 - Awami Villas 5, Bahria Town Phase 8",Rawalpindi,Zameen
3616,https://www.zameen.com/Property/bahria_town_rawalpindi_bahria_town_phase_8_flat_for_rent-54661141-3048-4.html,Flat,For Rent,3.6 Marla,1,1.0,4 days ago,PKR 65 Thousand,"Bahria Town Phase 8, Bahria Town Rawalpindi",Rawalpindi,Zameen
3617,https://www.zameen.com/Property/bahria_town_rawalpindi_bahria_town_phase_6_1-bed_fully_furnished_apartment_for_rent_bahria_town_phase_6_location_bahria_town_phase_6_rawalpindi-53663285-3046-4.html,Apartment,For Rent,2.7 Marla,1,1.0,4 days ago,PKR 50 Thousand,"Bahria Town Phase 6, Bahria Town Rawalpindi",Rawalpindi,Zameen
3618,https://www.zameen.com/Property/bahria_town_rawalpindi_bahria_heights_1_1_bedroom_flat_for_rent_in_bharia_haights_1-53726174-12199-4.html,Room,For Rent,3.8 Marla,1,2.0,4 days ago,PKR 90 Thousand,"Bahria Heights 1, Bahria Town Rawalpindi",Rawalpindi,Zameen
3619,https://www.zameen.com/Property/bahria_town_phase_8_bahria_town_phase_8_-_block_a_1_kanal_new_house_available_for_rent-54204056-3049-4.html,House,For Rent,1 Kanal,6,6.0,4 days ago,PKR 4 Lakh,"Bahria Town Phase 8 - Block A, Bahria Town Phase 8",Rawalpindi,Zameen
3620,https://www.zameen.com/Property/bahria_town_phase_8_safari_valley_bahria_town_phase_8_-_usman_d_block_1_kanal_house_available_for_rent-54367157-12179-4.html,House,For Rent,1.2 Kanal,6,6.0,4 days ago,PKR 3.5 Lakh,"Bahria Town Phase 8 - Usman D Block, Bahria Town Phase 8 - Safari Valley",Rawalpindi,Zameen
3621,https://www.zameen.com/Property/bahria_town_rawalpindi_bahria_heights_1_luxury_brand_new_fully_furnished_1_bedroom_apartment_available_for_rent_in_bahria_heights_1-54659687-12199-4.html,Room,For Rent,4.2 Marla,1,2.0,5 days ago,PKR 95 Thousand,"Bahria Heights 1, Bahria Town Rawalpindi",Rawalpindi,Zameen
3622,https://www.zameen.com/Property/bahria_town_rawalpindi_bahria_town_phase_4_1_kanal_brand_new_luxury_upper_portion_for_rent-54475177-3041-4.html,Upper Portion,For Rent,1 Kanal,3,3.0,5 days ago,PKR 90 Thousand,"Bahria Town Phase 4, Bahria Town Rawalpindi",Rawalpindi,Zameen
3623,https://www.zameen.com/Property/bahria_town_rawalpindi_bahria_town_phase_2_luxurious_furnished_kanal_house_available_for_rent-54609819-3035-4.html,House,For Rent,1 Kanal,5,6.0,5 days ago,PKR 3 Lakh,"Bahria Town Phase 2, Bahria Town Rawalpindi",Rawalpindi,Zameen
3624,https://www.zameen.com/Property/bahria_town_rawalpindi_bahria_town_phase_3_luxurious_fully_furnished_ground_20_kv_solar_installed_portion_available_for_rent-54622156-3036-4.html,Other,For Rent,1 Kanal,3,4.0,5 days ago,PKR 3 Lakh,"Bahria Town Phase 3, Bahria Town Rawalpindi",Rawalpindi,Zameen
3625,https://www.zameen.com/Property/rawalpindi_media_town_media_town_12_marla_brand_new_upper_portion_for_rent-54671198-8157-4.html,Upper Portion,For Rent,12 Marla,3,4.0,5 days ago,PKR 1.15 Lakh,"Media Town, Rawalpindi",Rawalpindi,Zameen
3626,https://www.zameen.com/Property/chaklala_scheme_chaklala_scheme_3_beautiful_full_house_for_rent_in_chaklala_schme_3_rawalpindi-54671321-1312-4.html,House,For Rent,1 Kanal,6,6.0,5 days ago,PKR 2.7 Lakh,"Chaklala Scheme 3, Chaklala Scheme",Rawalpindi,Zameen
3627,https://www.zameen.com/Property/bahria_town_rawalpindi_bahria_town_phase_4_10_marla_fully_furnished_house_for_rent-54560629-3041-4.html,House,For Rent,10 Marla,5,5.0,5 days ago,PKR 1.5 Lakh,"Bahria Town Phase 4, Bahria Town Rawalpindi",Rawalpindi,Zameen
3628,https://www.zameen.com/Property/bahria_town_rawalpindi_bahria_town_phase_8_1_kanal_brand_new_house_available_for_rent_in_bahria_town_phase_8-49633343-3048-4.html,House,For Rent,1 Kanal,6,6.0,5 days ago,PKR 3 Lakh,"Bahria Town Phase 8, Bahria Town Rawalpindi",Rawalpindi,Zameen
3629,https://www.zameen.com/Property/rawalpindi_gulraiz_housing_scheme_1_kanal_independent_full_house_available_for_rent_in_gulraiz_with_all_facilities-54619916-438-4.html,House,For Rent,7 Marla,6,6.0,15 hours ago,PKR 1.5 Lakh,"Gulraiz Housing Scheme, Rawalpindi",Rawalpindi,Zameen
3630,https://www.zameen.com/Property/bahria_town_rawalpindi_bahria_town_-_safari_villas_3_bed_room_fully_furnished_flat-52277956-3078-4.html,Room,For Rent,7.6 Marla,3,3.0,15 hours ago,PKR 80 Thousand,"Bahria Town - Safari Villas, Bahria Town Rawalpindi",Rawalpindi,Zameen
3631,https://www.zameen.com/Property/bahria_town_rawalpindi_bahria_town_-_safari_villas_affordable_2_bed_furnished_flat-52350376-3078-4.html,Flat,For Rent,5.3 Marla,2,2.0,15 hours ago,PKR 90 Thousand,"Bahria Town - Safari Villas, Bahria Town Rawalpindi",Rawalpindi,Zameen
3632,https://www.zameen.com/Property/bahria_town_rawalpindi_bahria_town_-_safari_villas_affordable_2_bed_flat_fully_furnished-52430953-3078-4.html,Flat,For Rent,5.3 Marla,2,2.0,15 hours ago,PKR 75 Thousand,"Bahria Town - Safari Villas, Bahria Town Rawalpindi",Rawalpindi,Zameen
3633,https://www.zameen.com/Property/bahria_town_rawalpindi_bahria_heights_1_affordable_furnished_apartment_in_bharia_heights_1-53119602-12199-4.html,Apartment,For Rent,4 Marla,1,1.0,15 hours ago,PKR 95 Thousand,"Bahria Heights 1, Bahria Town Rawalpindi",Rawalpindi,Zameen
3634,https://www.zameen.com/Property/bahria_town_rawalpindi_bahria_town_-_safari_villas_affordable_2_bedroom_fully_furnished_apartment_available_for_rent-54425226-3078-4.html,Room,For Rent,4.4 Marla,2,2.0,15 hours ago,PKR 1.1 Lakh,"Bahria Town - Safari Villas, Bahria Town Rawalpindi",Rawalpindi,Zameen
3635,https://www.zameen.com/Property/chaklala_scheme_chaklala_scheme_3_brand_new_2_bedroom_ground_portion_available_for_rent-54199148-1312-4.html,Room,For Rent,5 Marla,2,3.0,15 hours ago,PKR 40 Thousand,"Chaklala Scheme 3, Chaklala Scheme",Rawalpindi,Zameen
3636,https://www.zameen.com/Property/rawalpindi_gulraiz_housing_scheme_10_marla_3_bed_ground_floor_available_for_rent_in_gulraiz_only_for_small_family-54636188-438-4.html,Other,For Rent,5 Marla,3,3.0,15 hours ago,PKR 45 Thousand,"Gulraiz Housing Scheme, Rawalpindi",Rawalpindi,Zameen
3637,https://www.zameen.com/Property/bahria_greens_overseas_enclave_bahria_greens_-_overseas_enclave_-_sector_7_brand_new_1_bed_furnished_apartment_for_rent-54236030-8306-4.html,Apartment,For Rent,3.2 Marla,1,1.0,5 days ago,PKR 50 Thousand,"Bahria Greens - Overseas Enclave - Sector 7, Bahria Greens - Overseas Enclave",Rawalpindi,Zameen
3638,https://www.zameen.com/Property/bahria_town_rawalpindi_bahria_town_phase_8_luxury_fully_furnished_brand_new_studio_apartment_for_rent_in_bahria_town_phase_8_near_dha_4-54369287-3048-4.html,Apartment,For Rent,1.8 Marla,,1.0,5 days ago,PKR 35 Thousand,"Bahria Town Phase 8, Bahria Town Rawalpindi",Rawalpindi,Zameen
3639,https://www.zameen.com/Property/bahria_town_rawalpindi_bahria_town_phase_6_1_bedroom_fully_furnished_apartment_for_rent-54600759-3046-4.html,Room,For Rent,2.9 Marla,1,1.0,5 days ago,PKR 50 Thousand,"Bahria Town Phase 6, Bahria Town Rawalpindi",Rawalpindi,Zameen
3640,https://www.zameen.com/Property/bahria_town_rawalpindi_bahria_town_phase_4_1_bed_luxurious_fully_furnished_apartment_for_rent-48051329-3041-4.html,Apartment,For Rent,2.7 Marla,1,1.0,6 days ago,PKR 60 Thousand,"Bahria Town Phase 4, Bahria Town Rawalpindi",Rawalpindi,Zameen
3641,https://www.zameen.com/Property/bahria_town_rawalpindi_bahria_town_phase_8_10_marla_luxurious_furnished_house_available_for_rent_in_phase_8_bahria_town-47431155-3048-4.html,House,For Rent,10 Marla,5,6.0,6 days ago,PKR 2.45 Lakh,"Bahria Town Phase 8, Bahria Town Rawalpindi",Rawalpindi,Zameen
3642,https://www.zameen.com/Property/bahria_town_rawalpindi_bahria_town_phase_3_2_bedroom_furnished_apartment_for_rent-53373772-3036-4.html,Room,For Rent,8 Marla,2,3.0,6 days ago,PKR 1.6 Lakh,"Bahria Town Phase 3, Bahria Town Rawalpindi",Rawalpindi,Zameen
3643,https://www.zameen.com/Property/bahria_town_rawalpindi_bahria_town_-_safari_villas_spacious_11_marla_safari_villas-1_available_for_rent-54650507-3078-4.html,Villa,For Rent,11 Marla,4,5.0,6 days ago,PKR 1.4 Lakh,"Bahria Town - Safari Villas, Bahria Town Rawalpindi",Rawalpindi,Zameen
3644,https://www.zameen.com/Property/bahria_town_phase_8_bahria_town_phase_8_-_block_c_10_marla_house_is_available_for_rent_in_bahria_town_phase_8_block_c_rawalpindi-54148293-3051-4.html,House,For Rent,10 Marla,4,5.0,6 days ago,PKR 1.35 Lakh,"Bahria Town Phase 8 - Block C, Bahria Town Phase 8",Rawalpindi,Zameen
3645,https://www.zameen.com/Property/bahria_town_rawalpindi_bahria_town_phase_8_rawalpindi_bahria_town_phase8_2bed_furnished_apartment_available_for_rent_near_to_commercial_park_masjid_school-54653124-3048-4.html,Apartment,For Rent,4 Marla,2,2.0,6 days ago,PKR 50 Thousand,"Bahria Town Phase 8, Bahria Town Rawalpindi",Rawalpindi,Zameen
3646,https://www.zameen.com/Property/bahria_town_rawalpindi_bahria_heights_1_1_bedroom_fully_furnished_apartment_for_rent_in_bahria_heights_1-54475175-12199-4.html,Room,For Rent,3.8 Marla,1,2.0,6 days ago,PKR 65 Thousand,"Bahria Heights 1, Bahria Town Rawalpindi",Rawalpindi,Zameen
3647,https://www.zameen.com/Property/chaklala_scheme_chaklala_scheme_3_mumtaz_colony_2_bedrooms_ground_portion_for_rent-54674305-1312-4.html,Room,For Rent,5 Marla,2,2.0,4 days ago,PKR 37 Thousand,"Chaklala Scheme 3, Chaklala Scheme",Rawalpindi,Zameen
3648,https://www.zameen.com/Property/chaklala_scheme_chaklala_scheme_3_beautiful_upper_portion_for_rent-54662279-1312-4.html,Upper Portion,For Rent,10 Marla,3,3.0,5 days ago,PKR 72 Thousand,"Chaklala Scheme 3, Chaklala Scheme",Rawalpindi,Zameen
3649,https://www.zameen.com/Property/chaklala_scheme_chaklala_scheme_3_beautiful_full_house_for_rent_near_shell_petrol_pump_scheme_3-54673162-1312-4.html,House,For Rent,5 Marla,4,4.0,5 days ago,PKR 95 Thousand,"Chaklala Scheme 3, Chaklala Scheme",Rawalpindi,Zameen
3650,https://www.zameen.com/Property/chaklala_scheme_chaklala_scheme_3_beautiful_fully_tiled_floor_portion_for_rent_hiring_in_chaklala_scheme_3-54661634-1312-4.html,Other,For Rent,10 Marla,3,3.0,5 days ago,PKR 75 Thousand,"Chaklala Scheme 3, Chaklala Scheme",Rawalpindi,Zameen
3651,https://www.zameen.com/Property/bahria_town_phase_8_bahria_town_phase_8_-_block_h_12_marla_upper_portion_available_for_rent_with_mezzanine_floor_and_4_marla_back_lawn_bahria_town_phase_8_rawalpindi-54621900-3056-4.html,Upper Portion,For Rent,12 Marla,3,3.0,5 days ago,PKR 85 Thousand,"Bahria Town Phase 8 - Block H, Bahria Town Phase 8",Rawalpindi,Zameen
3652,https://www.zameen.com/Property/bahria_town_rawalpindi_bahria_town_phase_3_10_marla_furnish_house_available_for_rent-54667418-3036-4.html,House,For Rent,10 Marla,5,5.0,4 days ago,PKR 2.6 Lakh,"Bahria Town Phase 3, Bahria Town Rawalpindi",Rawalpindi,Zameen
3653,https://www.zameen.com/Property/bahria_town_phase_8_bahria_town_phase_8_-_block_c_12_marla_with_garden_lower_ground_ground_floor_available_for_rent_in_c_block-54633491-3051-4.html,Other,For Rent,12 Marla,5,5.0,5 days ago,PKR 1.5 Lakh,"Bahria Town Phase 8 - Block C, Bahria Town Phase 8",Rawalpindi,Zameen
3654,https://www.zameen.com/Property/rawalpindi_gulraiz_housing_scheme_10_marla_3_bed_ground_floor_available_for_rent_in_gulraiz_for_small_family-54644068-438-4.html,Other,For Rent,5 Marla,3,3.0,15 hours ago,PKR 45 Thousand,"Gulraiz Housing Scheme, Rawalpindi",Rawalpindi,Zameen
3655,https://www.zameen.com/Property/rawalpindi_gulraiz_housing_scheme_10_marla_2_bed_upper_portion_available_for_rent_in_gulraiz_phase_2-54669697-438-4.html,Upper Portion,For Rent,10 Marla,2,2.0,15 hours ago,PKR 45 Thousand,"Gulraiz Housing Scheme, Rawalpindi",Rawalpindi,Zameen
3656,https://www.zameen.com/Property/bahria_town_rawalpindi_bahria_town_phase_2_neat_clean_10_marla_ground_floor_available_for_rent_in_bahria_town_phase_3-54669886-3035-4.html,Other,For Rent,10 Marla,2,2.0,15 hours ago,PKR 75 Thousand,"Bahria Town Phase 2, Bahria Town Rawalpindi",Rawalpindi,Zameen
3657,https://www.zameen.com/Property/satellite_town_satellite_town_-_block_d_7_marla_triple_storey_house_for_rent_8_bedrooms_5_car_parking_near_haidry_chowk_3_electricity_meters_2_gas_meters-54520179-6043-4.html,Room,For Rent,7 Marla,8,6.0,16 hours ago,PKR 2.7 Lakh,"Satellite Town - Block D, Satellite Town",Rawalpindi,Zameen
3658,https://www.zameen.com/Property/bahria_town_rawalpindi_bahria_town_phase_8_luxury_furnished_apartment_available_for_rent-54396874-3048-4.html,Apartment,For Rent,6.7 Marla,2,2.0,17 hours ago,PKR 1.4 Lakh,"Bahria Town Phase 8, Bahria Town Rawalpindi",Rawalpindi,Zameen
3659,https://www.zameen.com/Property/bahria_town_phase_8_bahria_town_phase_8_-_safari_valley_7_marla_brand_new_designer_house-54677473-3074-4.html,House,For Rent,7 Marla,5,5.0,18 hours ago,PKR 1.3 Lakh,"Bahria Town Phase 8 - Safari Valley, Bahria Town Phase 8",Rawalpindi,Zameen
3660,https://www.zameen.com/Property/bahria_town_rawalpindi_bahria_town_phase_3_kanal_house_for_rent_bahria_town_rawalpindi_phase_3-54000272-3036-4.html,House,For Rent,1 Kanal,5,7.0,19 hours ago,PKR 3.2 Lakh,"Bahria Town Phase 3, Bahria Town Rawalpindi",Rawalpindi,Zameen
3661,https://www.zameen.com/Property/airport_housing_society_airport_housing_society_-_sector_2_1_kanal_ground_floor_available_for_rent-54688044-9153-4.html,Other,For Rent,1 Kanal,6,5.0,1 day ago,PKR 1.35 Lakh,"Airport Housing Society - Sector 2, Airport Housing Society",Rawalpindi,Zameen
3662,https://www.zameen.com/Property/bahria_town_phase_8_safari_valley_bahria_town_phase_8_-_umer_block_luxury_furnished_house_for_rent-54602010-3067-4.html,House,For Rent,7 Marla,6,4.0,5 days ago,PKR 2.4 Lakh,"Bahria Town Phase 8 - Umer Block, Bahria Town Phase 8 - Safari Valley",Rawalpindi,Zameen
3663,https://www.zameen.com/Property/chaklala_scheme_chaklala_scheme_3_chaklala_scheme_3_main_market_flat_for_office_use_2_bed_hal_for_t_v_lounge_kitchen-49122393-1312-4.html,Flat,For Rent,8 Marla,2,2.0,5 days ago,PKR 65 Thousand,"Chaklala Scheme 3, Chaklala Scheme",Rawalpindi,Zameen
3664,https://www.zameen.com/Property/chaklala_scheme_chaklala_scheme_3_chaklala_scheme_3_main_water_bor_ha_near_to_main_market_upper_portion_for_rent_good_condition_neat_portion_3_beds_d_d_t_v_lounge_kitchen_separate_gate-51482261-1312-4.html,Upper Portion,For Rent,10 Marla,3,3.0,5 days ago,PKR 75 Thousand,"Chaklala Scheme 3, Chaklala Scheme",Rawalpindi,Zameen
3665,https://www.zameen.com/Property/rawalpindi_adiala_road_immediately_available_for_rent-54411477-478-4.html,Other,For Rent,1 Kanal,3,3.0,5 days ago,PKR 45 Thousand,"Adiala Road, Rawalpindi",Rawalpindi,Zameen
3666,https://www.zameen.com/Property/bahria_town_phase_8_safari_valley_bahria_town_phase_8_-_umer_block_7_marla_house_is_available_for_rent_in_bahria_town_phase_8_umer_block_safari_valley_rawalpindi-53410450-3067-4.html,House,For Rent,7 Marla,5,6.0,6 days ago,PKR 1.1 Lakh,"Bahria Town Phase 8 - Umer Block, Bahria Town Phase 8 - Safari Valley",Rawalpindi,Zameen
3667,https://www.zameen.com/Property/bahria_town_rawalpindi_bahria_town_phase_5_bahria_town_phase_5_fully_furnish_house_for_rent-54463898-3045-4.html,House,For Rent,1 Kanal,7,6.0,6 days ago,PKR 5.5 Lakh,"Bahria Town Phase 5, Bahria Town Rawalpindi",Rawalpindi,Zameen
3668,https://www.zameen.com/Property/bahria_greens_overseas_enclave_bahria_greens_-_overseas_enclave_-_sector_6_10_marla_house_for_rent-54615245-8305-4.html,House,For Rent,10 Marla,5,6.0,6 days ago,PKR 1.4 Lakh,"Bahria Greens - Overseas Enclave - Sector 6, Bahria Greens - Overseas Enclave",Rawalpindi,Zameen
3669,https://www.zameen.com/Property/bahria_town_rawalpindi_bahria_town_phase_5_luxury_house_available_for_rent_in_bahria_town_rawalpindi-52576105-3045-4.html,House,For Rent,10 Marla,5,5.0,6 days ago,PKR 3.4 Lakh,"Bahria Town Phase 5, Bahria Town Rawalpindi",Rawalpindi,Zameen
3670,https://www.zameen.com/Property/bahria_town_rawalpindi_bahria_town_phase_8_sector_a_this_house_is_available_for_rent_upper_portion_1_kanal_groun_portion_lock-54645663-3048-4.html,Upper Portion,For Rent,1 Kanal,3,3.0,1 week ago,PKR 1.2 Lakh,"Bahria Town Phase 8, Bahria Town Rawalpindi",Rawalpindi,Zameen
3671,https://www.zameen.com/Property/bahria_town_rawalpindi_bahria_town_phase_8_this_hoise_is_available_for_rent_sector_b_10marla_brand_new_double_unit-54662010-3048-4.html,Other,For Rent,10 Marla,5,5.0,1 week ago,PKR 1.6 Lakh,"Bahria Town Phase 8, Bahria Town Rawalpindi",Rawalpindi,Zameen
3672,https://www.zameen.com/Property/bahria_town_phase_8_safari_valley_bahria_town_phase_8_-_ali_block_fully_furnished_5_marla_double_story_house_available_for_rent_bharia_twon_phase_8-54663987-3070-4.html,House,For Rent,5 Marla,3,3.0,1 week ago,PKR 1.2 Lakh,"Bahria Town Phase 8 - Ali Block, Bahria Town Phase 8 - Safari Valley",Rawalpindi,Zameen
3673,https://www.zameen.com/Property/chaklala_scheme_chaklala_scheme_3_upper_portion_for_rent_main_scheme_3_rawalpindi-52031772-1312-4.html,Upper Portion,For Rent,14 Marla,2,2.0,1 week ago,PKR 60 Thousand,"Chaklala Scheme 3, Chaklala Scheme",Rawalpindi,Zameen
3674,https://www.zameen.com/Property/bahria_town_rawalpindi_bahria_town_phase_7_ground_portion_10_marla_corner_furinshed_house_with_solar-54619297-3047-4.html,House,For Rent,10 Marla,2,3.0,1 week ago,PKR 1.35 Lakh,"Bahria Town Phase 7, Bahria Town Rawalpindi",Rawalpindi,Zameen
3675,https://www.zameen.com/Property/bahria_town_rawalpindi_bahria_town_phase_4_bahria_heights_3_one_bed_fully_furnished_apartment_for_rent-54540953-3041-4.html,Apartment,For Rent,2.9 Marla,1,1.0,1 week ago,PKR 62 Thousand,"Bahria Town Phase 4, Bahria Town Rawalpindi",Rawalpindi,Zameen
3676,https://www.zameen.com/Property/bahria_town_rawalpindi_bahria_town_phase_4_one_bed_furnished_apartment_for_rent_bahria_heights_3_ext-54606960-3041-4.html,Apartment,For Rent,3.3 Marla,1,1.0,1 week ago,PKR 65 Thousand,"Bahria Town Phase 4, Bahria Town Rawalpindi",Rawalpindi,Zameen
3677,https://www.zameen.com/Property/rawalpindi_askari_14_upper_portion_2_beds-54414680-1504-4.html,Upper Portion,For Rent,10 Marla,2,2.0,1 week ago,PKR 75 Thousand,"Askari 14, Rawalpindi",Rawalpindi,Zameen
3678,https://www.zameen.com/Property/bahria_town_rawalpindi_bahria_town_phase_8_10_marla_brand_new_luxury_double_unit_house_with_gas_for_rent-53543194-3048-4.html,House,For Rent,10 Marla,5,6.0,1 week ago,PKR 1.3 Lakh,"Bahria Town Phase 8, Bahria Town Rawalpindi",Rawalpindi,Zameen
3679,https://www.zameen.com/Property/bahria_town_rawalpindi_bahria_town_phase_5_kanal_luxurious_tripple_unit_house_available_for_rent_bahria_town-54638035-3045-4.html,House,For Rent,1 Kanal,8,6.0,1 day ago,PKR 3.5 Lakh,"Bahria Town Phase 5, Bahria Town Rawalpindi",Rawalpindi,Zameen
3680,https://www.zameen.com/Property/bahria_town_rawalpindi_bahria_town_phase_1_fully_furnished_two_bedroom_apartment_available_for_rent-52503157-3033-4.html,Room,For Rent,4.8 Marla,1,2.0,1 day ago,PKR 75 Thousand,"Bahria Town Phase 1, Bahria Town Rawalpindi",Rawalpindi,Zameen
3681,https://www.zameen.com/Property/chakri_road_green_city_phase_2_bahria_town_phase_8_rawalpindi_available_2_kanal_uper_portion_for_rent_3_bedrooms_kitchen_tv_lounge_drawing_dinning_8_marla_lawn-54687325-21042-4.html,Room,For Rent,2 Kanal,3,3.0,1 day ago,PKR 1.4 Lakh,"Green City Phase 2, Chakri Road",Rawalpindi,Zameen
3682,https://www.zameen.com/Property/rawalpindi_gulshan_abad_4_marla_flat_at_second_storey_is_available_for_rent_at_gulshan_abad-51677313-1058-4.html,Flat,For Rent,4.4 Marla,3,2.0,1 day ago,PKR 26 Thousand,"Gulshan Abad, Rawalpindi",Rawalpindi,Zameen
3683,https://www.zameen.com/Property/rawalpindi_gulshan_abad_first_floor_best_flat-53190086-1058-4.html,Flat,For Rent,4.4 Marla,2,2.0,1 day ago,PKR 32 Thousand,"Gulshan Abad, Rawalpindi",Rawalpindi,Zameen
3684,https://www.zameen.com/Property/bahria_town_rawalpindi_bahria_heights_bahria_heights_3_2_bedroom_apartment_available_for_rent-54440807-8506-4.html,Room,For Rent,6.2 Marla,2,2.0,1 day ago,PKR 1 Lakh,"Bahria Heights, Bahria Town Rawalpindi",Rawalpindi,Zameen
3685,https://www.zameen.com/Property/bahria_town_phase_4_bahria_town_-_civic_centre_1_bedroom_fully_furnished_apartment_for_rent_in_bahria_town_phase_4_civic_centre-53044454-8974-4.html,Room,For Rent,2.1 Marla,1,1.0,1 day ago,PKR 55 Thousand,"Bahria Town - Civic Centre, Bahria Town Phase 4",Rawalpindi,Zameen
3686,https://www.zameen.com/Property/bahria_town_phase_4_bahria_town_-_civic_centre_bahria_town_phase_civic_center_1_bed_non_furnish_apartment_available_for_rent-54385887-8974-4.html,Apartment,For Rent,2.2 Marla,1,1.0,1 day ago,PKR 28 Thousand,"Bahria Town - Civic Centre, Bahria Town Phase 4",Rawalpindi,Zameen
3687,https://www.zameen.com/Property/bahria_town_rawalpindi_bahria_town_phase_4_10_marla_luxurious_furnished_house_available_for_rent_in_bahria_town_phase_4-48571743-3041-4.html,House,For Rent,10 Marla,5,6.0,1 week ago,PKR 2.65 Lakh,"Bahria Town Phase 4, Bahria Town Rawalpindi",Rawalpindi,Zameen
3688,https://www.zameen.com/Property/bahria_town_rawalpindi_bahria_town_phase_4_1_bed_luxurious_fully_furnished_apartment_for_rent-48869218-3041-4.html,Apartment,For Rent,3.8 Marla,1,2.0,1 week ago,PKR 75 Thousand,"Bahria Town Phase 4, Bahria Town Rawalpindi",Rawalpindi,Zameen
3689,https://www.zameen.com/Property/rawalpindi_gulraiz_housing_scheme_very_spacious_10_marla_2_bed_upper_portion_available_for_rent_in_gulraiz-54609648-438-4.html,Upper Portion,For Rent,10 Marla,2,2.0,1 week ago,PKR 45 Thousand,"Gulraiz Housing Scheme, Rawalpindi",Rawalpindi,Zameen
3690,https://www.zameen.com/Property/bahria_town_rawalpindi_bahria_town_phase_1_1_bed_luxurious_fully_furnished_apartment_for_rent-54536991-3033-4.html,Apartment,For Rent,3.8 Marla,1,2.0,1 week ago,PKR 80 Thousand,"Bahria Town Phase 1, Bahria Town Rawalpindi",Rawalpindi,Zameen
3691,https://www.zameen.com/Property/bahria_town_rawalpindi_bahria_town_phase_7_1_bed_luxury_furnished_apartment-54590704-3047-4.html,Apartment,For Rent,4 Marla,1,1.0,1 week ago,PKR 90 Thousand,"Bahria Town Phase 7, Bahria Town Rawalpindi",Rawalpindi,Zameen
3692,https://www.zameen.com/Property/bahria_town_rawalpindi_bahria_town_phase_8_brand_new_corner_apartment_for_rent-53468280-3048-4.html,Apartment,For Rent,3.8 Marla,1,1.0,1 week ago,PKR 55 Thousand,"Bahria Town Phase 8, Bahria Town Rawalpindi",Rawalpindi,Zameen
3693,https://www.zameen.com/Property/bahria_town_rawalpindi_bahria_town_phase_7_2_bed_apartment_for_rent-53622134-3047-4.html,Apartment,For Rent,3.8 Marla,2,2.0,1 week ago,PKR 47 Thousand,"Bahria Town Phase 7, Bahria Town Rawalpindi",Rawalpindi,Zameen
3694,https://www.zameen.com/Property/bahria_town_rawalpindi_bahria_town_phase_8_10_marla_double_unit_house_available_for_rent-54610600-3048-4.html,House,For Rent,10 Marla,5,5.0,1 week ago,PKR 1.5 Lakh,"Bahria Town Phase 8, Bahria Town Rawalpindi",Rawalpindi,Zameen
3695,https://www.zameen.com/Property/chaklala_scheme_chaklala_scheme_3_3_bedroom_ground_portion_available_for_rent_main_chaklala_scheme3_rawalpindi-52157957-1312-4.html,Room,For Rent,1 Kanal,3,4.0,1 week ago,PKR 1.6 Lakh,"Chaklala Scheme 3, Chaklala Scheme",Rawalpindi,Zameen
3696,https://www.zameen.com/Property/bahria_town_rawalpindi_bahria_town_phase_4_1_bed_fully_furnished_apartment_for_rent-54602441-3041-4.html,Apartment,For Rent,2.7 Marla,1,1.0,1 week ago,PKR 60 Thousand,"Bahria Town Phase 4, Bahria Town Rawalpindi",Rawalpindi,Zameen
3697,https://www.zameen.com/Property/rawalpindi_gulraiz_housing_scheme_newly_built_ground_floor_available_for_rent_in_gulraiz_for_small_family-54608513-438-4.html,Other,For Rent,5 Marla,2,2.0,1 week ago,PKR 40 Thousand,"Gulraiz Housing Scheme, Rawalpindi",Rawalpindi,Zameen
3698,https://www.zameen.com/Property/bahria_town_rawalpindi_bahria_town_phase_1_luxury_fully_furnished_1_bedroom_apartment_avalible_for_rent_in_bahria_heights_1-54609046-3033-4.html,Room,For Rent,5.3 Marla,1,2.0,1 week ago,PKR 75 Thousand,"Bahria Town Phase 1, Bahria Town Rawalpindi",Rawalpindi,Zameen
3699,https://www.zameen.com/Property/chaklala_scheme_chaklala_scheme_3_only_commercial_use_house_in_chaklala_scheme_3-53759926-1312-4.html,House,For Rent,1.2 Kanal,7,6.0,1 week ago,PKR 2.5 Lakh,"Chaklala Scheme 3, Chaklala Scheme",Rawalpindi,Zameen
3700,https://www.zameen.com/Property/bahria_town_rawalpindi_bahria_town_phase_7_new_furnished_house_for_rent-53582158-3047-4.html,House,For Rent,10 Marla,5,6.0,1 week ago,PKR 2.9 Lakh,"Bahria Town Phase 7, Bahria Town Rawalpindi",Rawalpindi,Zameen
3701,https://www.zameen.com/Property/bahria_town_phase_8_bahria_business_district_2_bed_room_apartment_available_for_rent_bharia_twon_phase_8-54664003-9033-4.html,Room,For Rent,1.8 Marla,2,2.0,6 days ago,PKR 30 Thousand,"Bahria Business District, Bahria Town Phase 8",Rawalpindi,Zameen
3702,https://www.zameen.com/Property/bahria_town_rawalpindi_bahria_town_phase_8_f1_this_house_is_available_for_rent_portion_lightly_used_with_gas_all_facility_available-54663712-3048-4.html,House,For Rent,10 Marla,3,3.0,1 week ago,PKR 70 Thousand,"Bahria Town Phase 8, Bahria Town Rawalpindi",Rawalpindi,Zameen
3703,https://www.zameen.com/Property/bahria_town_rawalpindi_bahria_town_phase_7_fully_furnished_2_bed_room_apartment_available_for_rent_bharia_twon_7-54394428-3047-4.html,Room,For Rent,2.7 Marla,2,2.0,1 week ago,PKR 75 Thousand,"Bahria Town Phase 7, Bahria Town Rawalpindi",Rawalpindi,Zameen
3704,https://www.zameen.com/Property/bahria_town_rawalpindi_bahria_town_-_safari_villas_3_for_rent_two_bed_luxury_furnished_apartment_in_bahria_town_phase_2-52460527-3080-4.html,Apartment,For Rent,7.6 Marla,2,2.0,1 day ago,PKR 1.35 Lakh,"Bahria Town - Safari Villas 3, Bahria Town Rawalpindi",Rawalpindi,Zameen
3705,https://www.zameen.com/Property/bahria_town_rawalpindi_bahria_heights_1_for_rent_two_bed_luxury_apartment_in_bahria_heights_e_block-52460595-12199-4.html,Apartment,For Rent,9.3 Marla,2,3.0,1 day ago,PKR 1.5 Lakh,"Bahria Heights 1, Bahria Town Rawalpindi",Rawalpindi,Zameen
3706,https://www.zameen.com/Property/bahria_town_rawalpindi_bahria_town_-_safari_villas_3_for_rent_two_bed_luxury_furnished_apartment_in_sanctuary_mall_safari_villas_3_bahria_town_phase_2-50881845-3080-4.html,Apartment,For Rent,7.6 Marla,2,2.0,1 day ago,PKR 1.7 Lakh,"Bahria Town - Safari Villas 3, Bahria Town Rawalpindi",Rawalpindi,Zameen
3707,https://www.zameen.com/Property/bahria_town_rawalpindi_bahria_heights_1_2_bed_luxury_furnished_apartment_for_rent_in_club_building_bahria_active-53064939-12199-4.html,Apartment,For Rent,9.6 Marla,2,3.0,1 day ago,PKR 1.65 Lakh,"Bahria Heights 1, Bahria Town Rawalpindi",Rawalpindi,Zameen
3708,https://www.zameen.com/Property/bahria_town_phase_4_bahria_town_-_civic_centre_one_bedroom_fully_furnished_apartment_available_for_rent-54551800-8974-4.html,Room,For Rent,3.3 Marla,1,1.0,1 day ago,PKR 55 Thousand,"Bahria Town - Civic Centre, Bahria Town Phase 4",Rawalpindi,Zameen
3709,https://www.zameen.com/Property/bahria_town_rawalpindi_bahria_paradise_2_bed_brand_new_furnished_apartment_for_rent_in_bahria_paradise-53725348-15450-4.html,Apartment,For Rent,5.3 Marla,2,3.0,1 day ago,PKR 1.7 Lakh,"Bahria Paradise, Bahria Town Rawalpindi",Rawalpindi,Zameen
3710,https://www.zameen.com/Property/bahria_town_rawalpindi_bahria_heights_1_2_bed_brand_new_furnished_apartment_for_rent_in_bahria_heights_1_extension-53707198-12199-4.html,Apartment,For Rent,9.8 Marla,2,3.0,1 day ago,PKR 2 Lakh,"Bahria Heights 1, Bahria Town Rawalpindi",Rawalpindi,Zameen
3711,https://www.zameen.com/Property/bahria_town_phase_4_bahria_town_-_civic_centre_air_bnb_bahria_town_phase_civic_center_1_bed_fully_furnish_apartment_for_rent-54404730-8974-4.html,Apartment,For Rent,3.3 Marla,1,1.0,1 day ago,PKR 70 Thousand,"Bahria Town - Civic Centre, Bahria Town Phase 4",Rawalpindi,Zameen
3712,https://www.zameen.com/Property/bahria_town_rawalpindi_bahria_town_phase_8_fully_furnished_10_marla_double_storey_house_available_for_rent_bharia_twon_phase_8-54482783-3048-4.html,House,For Rent,10 Marla,5,5.0,1 week ago,PKR 1.7 Lakh,"Bahria Town Phase 8, Bahria Town Rawalpindi",Rawalpindi,Zameen
3713,https://www.zameen.com/Property/bahria_town_rawalpindi_bahria_town_phase_7_1_bed_1_bed_furnished_apartment_available_for_rent_in_phase_7-53161449-3047-4.html,Apartment,For Rent,3 Marla,1,1.0,1 week ago,PKR 58 Thousand,"Bahria Town Phase 7, Bahria Town Rawalpindi",Rawalpindi,Zameen
3714,https://www.zameen.com/Property/bahria_town_rawalpindi_bahria_town_phase_3_2_bed_park-facing_apartment_for_rent_grandi_family_building_well-maintained-54606570-3036-4.html,Apartment,For Rent,6.2 Marla,2,2.0,1 week ago,PKR 1.7 Lakh,"Bahria Town Phase 3, Bahria Town Rawalpindi",Rawalpindi,Zameen
3715,https://www.zameen.com/Property/bahria_town_rawalpindi_bahria_heights_1_1_bedroom_fully_furnished_apartment_available_for_rent_in_bahria_heights_1-52793465-12199-4.html,Room,For Rent,4.2 Marla,1,2.0,1 week ago,PKR 98 Thousand,"Bahria Heights 1, Bahria Town Rawalpindi",Rawalpindi,Zameen
3716,https://www.zameen.com/Property/rawalpindi_satellite_town_a_neat_and_clean_portion-54663015-433-4.html,Other,For Rent,7 Marla,2,2.0,6 days ago,PKR 80 Thousand,"Satellite Town, Rawalpindi",Rawalpindi,Zameen
3717,https://www.zameen.com/Property/bahria_town_rawalpindi_bahria_town_phase_7_one_bed_luxury_furnished_appartment_ava_for_rent_in_bahria_town_phase_7_rawalpindi-54157701-3047-4.html,Other,For Rent,3.6 Marla,1,1.0,47 minutes ago,PKR 65 Thousand,"Bahria Town Phase 7, Bahria Town Rawalpindi",Rawalpindi,Zameen
3718,https://www.zameen.com/Property/bahria_town_rawalpindi_bahria_heights_1_two_bedroom_furnished_apartment_available_for_rent_in_bahria_heights_one-51102605-12199-4.html,Room,For Rent,10 Marla,2,3.0,1 week ago,PKR 1.9 Lakh,"Bahria Heights 1, Bahria Town Rawalpindi",Rawalpindi,Zameen
3719,https://www.zameen.com/Property/bahria_town_rawalpindi_bahria_heights_1_1_bed_brand_new_furnished_apartment_for_rent_in_bahria_heights_1_e_block-54072214-12199-4.html,Apartment,For Rent,4.8 Marla,1,2.0,1 week ago,PKR 1.05 Lakh,"Bahria Heights 1, Bahria Town Rawalpindi",Rawalpindi,Zameen
3720,https://www.zameen.com/Property/chaklala_scheme_chaklala_scheme_3_ground_portion_for_rent_with_big_lawn_and_huge_parking-54465392-1312-4.html,Other,For Rent,1.2 Kanal,,,1 week ago,PKR 1.5 Lakh,"Chaklala Scheme 3, Chaklala Scheme",Rawalpindi,Zameen
3721,https://www.zameen.com/Property/bahria_town_phase_8_bahria_town_phase_8_-_safari_homes_8_marla_beautiful_safari_home_available_for_rent-54657001-10610-4.html,Other,For Rent,8 Marla,3,4.0,1 week ago,PKR 85 Thousand,"Bahria Town Phase 8 - Safari Homes, Bahria Town Phase 8",Rawalpindi,Zameen
3722,https://www.zameen.com/Property/bahria_town_phase_8_bahria_business_district_brand_new_fully_furnished_2_bed-room_apartment-54640386-9033-4.html,Room,For Rent,5.4 Marla,2,2.0,1 week ago,PKR 72 Thousand,"Bahria Business District, Bahria Town Phase 8",Rawalpindi,Zameen
3723,https://www.zameen.com/Property/rawalpindi_askari_14_4_bedroom_house_available_in_askari_14_for_rent-48369329-1504-4.html,Room,For Rent,10 Marla,4,5.0,1 week ago,PKR 1.5 Lakh,"Askari 14, Rawalpindi",Rawalpindi,Zameen
3724,https://www.zameen.com/Property/rawalpindi_askari_14_sd_house_5_bedroom_available_for_rent_in_askari_14-52147691-1504-4.html,Room,For Rent,10 Marla,5,6.0,1 week ago,PKR 1.65 Lakh,"Askari 14, Rawalpindi",Rawalpindi,Zameen
3725,https://www.zameen.com/Property/bahria_town_rawalpindi_bahria_town_phase_7_10_marla_house_available_for_rent_in_bahria_town_phase_7-46610455-3047-4.html,House,For Rent,10 Marla,5,6.0,1 week ago,PKR 1.5 Lakh,"Bahria Town Phase 7, Bahria Town Rawalpindi",Rawalpindi,Zameen
3726,https://www.zameen.com/Property/bahria_town_rawalpindi_bahria_town_phase_1_furnished_1_bedroom_apartment_available_for_rent_in_bahria_town_phase_1_safari_1-54601501-3033-4.html,Room,For Rent,2.2 Marla,1,1.0,1 week ago,PKR 28 Thousand,"Bahria Town Phase 1, Bahria Town Rawalpindi",Rawalpindi,Zameen
3727,https://www.zameen.com/Property/bahria_greens_overseas_enclave_bahria_greens_-_overseas_enclave_-_sector_2_brand_new_house_for_rent-52046549-8301-4.html,House,For Rent,10 Marla,5,6.0,1 week ago,PKR 1.6 Lakh,"Bahria Greens - Overseas Enclave - Sector 2, Bahria Greens - Overseas Enclave",Rawalpindi,Zameen
3728,https://www.zameen.com/Property/satellite_town_satellite_town_-_block_b_in_satellite_town_-_block_b_7_marla_upper_portion_for_rent-54571605-6042-4.html,Upper Portion,For Rent,7 Marla,3,3.0,1 week ago,PKR 80 Thousand,"Satellite Town - Block B, Satellite Town",Rawalpindi,Zameen
3729,https://www.zameen.com/Property/bahria_town_rawalpindi_bahria_heights_1_one_bedroom_apartment_new_furnished_for_rent_demand_1_lac-54452206-12199-4.html,Room,For Rent,3.6 Marla,1,2.0,1 day ago,PKR 90 Thousand,"Bahria Heights 1, Bahria Town Rawalpindi",Rawalpindi,Zameen
3730,https://www.zameen.com/Property/bahria_town_rawalpindi_bahria_heights_1_bed_furnished_apartment_for_rent_in_bahria_heights_3_ext_near_arena-54411381-8506-4.html,Apartment,For Rent,3.2 Marla,1,1.0,1 day ago,PKR 60 Thousand,"Bahria Heights, Bahria Town Rawalpindi",Rawalpindi,Zameen
3731,https://www.zameen.com/Property/bahria_town_rawalpindi_bahria_town_phase_7_1-bed_apartment_for_rent_bahria_town_phase_7_near_river_view_hills-54686935-3047-4.html,Apartment,For Rent,2.9 Marla,1,1.0,1 day ago,PKR 35 Thousand,"Bahria Town Phase 7, Bahria Town Rawalpindi",Rawalpindi,Zameen
3732,https://www.zameen.com/Property/rawalpindi_kuri_road_area_upper_portion_available_for_rent_in_kuri_road_near_highway-54681249-14382-4.html,Upper Portion,For Rent,5 Marla,2,2.0,1 day ago,PKR 40 Thousand,"Kuri Road Area, Rawalpindi",Rawalpindi,Zameen
3733,https://www.zameen.com/Property/bahria_town_rawalpindi_bahria_town_phase_7_spacious_2-bed_non-furnished_apartment_for_rent_bahria_town_phase_7_prime_location-54680566-3047-4.html,Apartment,For Rent,11.2 Marla,2,3.0,1 day ago,PKR 1.45 Lakh,"Bahria Town Phase 7, Bahria Town Rawalpindi",Rawalpindi,Zameen
3734,https://www.zameen.com/Property/rawalpindi_gulshan_abad_1_kanal_independent_upper_portion_prime_location_sector_3_gulshan_abad_adiala_road_for_rent-53791057-1058-4.html,Upper Portion,For Rent,1 Kanal,3,3.0,1 day ago,PKR 80 Thousand,"Gulshan Abad, Rawalpindi",Rawalpindi,Zameen
3735,https://www.zameen.com/Property/chaklala_scheme_chaklala_scheme_3_ground_portion_4_bedroom_separate_gate_main_chaklala_scheme_3-50307808-1312-4.html,Room,For Rent,1 Kanal,4,6.0,1 day ago,PKR 1.5 Lakh,"Chaklala Scheme 3, Chaklala Scheme",Rawalpindi,Zameen
3736,https://www.zameen.com/Property/chaklala_scheme_chaklala_scheme_3_beautiful_luxury_prime_location_20_marla_house_for_rent-53214486-1312-4.html,House,For Rent,1 Kanal,4,6.0,1 day ago,PKR 1.6 Lakh,"Chaklala Scheme 3, Chaklala Scheme",Rawalpindi,Zameen
3737,https://www.zameen.com/Property/faisalabad_wapda_city_luxury_furnished_room_flat_for_rent_in_umer_heights_wapda_city_faisalabad-54646939-501-4.html,Room,For Rent,3.3 Marla,2,2.0,1 day ago,PKR 70 Thousand,"Wapda City, Faisalabad",Faisalabad,Zameen
3738,https://www.zameen.com/Property/faisalabad_wapda_city_new_furnished_room_for_rent_umer_heights_wapda_city_faisalabad-54646940-501-4.html,Room,For Rent,2 Marla,,,1 day ago,PKR 40 Thousand,"Wapda City, Faisalabad",Faisalabad,Zameen
3739,https://www.zameen.com/Property/lahore_sheikhupura_faisalabad_road_wadi-e-sitara_10_marla_uper_portion_for_rent_in_wadie_sitara_main_sheikhupura_road_faisalabad-54420403-12441-4.html,Other,For Rent,10 Marla,2,2.0,1 day ago,PKR 60 Thousand,"Wadi-e-Sitara, Lahore - Sheikhupura - Faisalabad Road",Faisalabad,Zameen
3740,https://www.zameen.com/Property/eden_gardens_eden_executive_10_marla_house_for_rent_eden_executive-54670359-10765-4.html,House,For Rent,10 Marla,5,6.0,2 days ago,PKR 1.75 Lakh,"Eden Executive, Eden Gardens",Faisalabad,Zameen
3741,https://www.zameen.com/Property/faisalabad_wapda_city_room_of_450_square_feet_is_available-54646941-501-4.html,Room,For Rent,2 Marla,1,1.0,1 day ago,PKR 40 Thousand,"Wapda City, Faisalabad",Faisalabad,Zameen
3742,https://www.zameen.com/Property/east_canal_road_abdullah_gardens_21_5_marla_house_for_rent_on_canal_road_abdullah_gardens_faisalabad-54255377-4890-4.html,House,For Rent,1 Kanal,5,5.0,2 days ago,PKR 5 Lakh,"Abdullah Gardens, East Canal Road",Faisalabad,Zameen
3743,https://www.zameen.com/Property/faisalabad_wapda_city_luxury_furnished_flat_room_for_rent_in_umer_heights_wapda_city_faisalabad-54601021-501-4.html,Room,For Rent,3.3 Marla,2,2.0,6 days ago,PKR 70 Thousand,"Wapda City, Faisalabad",Faisalabad,Zameen
3744,https://www.zameen.com/Property/faisalabad_wapda_city_550_square_feet_room_situated_in_wapda_city_for_rent-54601020-501-4.html,Room,For Rent,2 Marla,,,6 days ago,PKR 40 Thousand,"Wapda City, Faisalabad",Faisalabad,Zameen
3745,https://www.zameen.com/Property/faisalabad_eden_valley_7_marla_house_for_rent_eden_valley-54566173-8917-4.html,House,For Rent,7 Marla,4,5.0,1 week ago,PKR 1.5 Lakh,"Eden Valley, Faisalabad",Faisalabad,Zameen
3746,https://www.zameen.com/Property/faisalabad_eden_valley_5_marla_house_brand_new_eden_valley-54639868-8917-4.html,House,For Rent,5 Marla,3,4.0,2 weeks ago,PKR 1.25 Lakh,"Eden Valley, Faisalabad",Faisalabad,Zameen
3747,https://www.zameen.com/Property/faisalabad_canal_road_25_marla_house_zia_town_for_rent-54491900-1140-4.html,House,For Rent,1.2 Kanal,6,6.0,2 weeks ago,PKR 3.25 Lakh,"Canal Road, Faisalabad",Faisalabad,Zameen
3748,https://www.zameen.com/Property/faisalabad_wapda_city_10-marla_brand_new_house_for_rent-54342323-501-4.html,House,For Rent,10 Marla,5,6.0,10 hours ago,PKR 1.35 Lakh,"Wapda City, Faisalabad",Faisalabad,Zameen
3749,https://www.zameen.com/Property/faisalabad_eden_valley_12_marla_beautiful_house_for_rent-54683715-8917-4.html,House,For Rent,12.5 Marla,5,5.0,2 days ago,PKR 2.5 Lakh,"Eden Valley, Faisalabad",Faisalabad,Zameen
3750,https://www.zameen.com/Property/faisalabad_eden_valley_5_marla_used_house_available_for_rent_in_eden_valley-54683442-8917-4.html,House,For Rent,5 Marla,3,4.0,2 days ago,PKR 70 Thousand,"Eden Valley, Faisalabad",Faisalabad,Zameen
3751,https://www.zameen.com/Property/faisalabad_canal_road_furnished_flat_available_for_rent-54654586-1140-4.html,Flat,For Rent,2 Marla,2,2.0,19 hours ago,PKR 1 Lakh,"Canal Road, Faisalabad",Faisalabad,Zameen
3752,https://www.zameen.com/Property/eden_valley_eden_valley_-_block_e_apartment_for_rent-54560133-19080-4.html,Apartment,For Rent,3 Marla,2,2.0,3 days ago,PKR 35 Thousand,"Eden Valley - Block E, Eden Valley",Faisalabad,Zameen
3753,https://www.zameen.com/Property/east_canal_road_abdullah_gardens_abdullah_garden_house_for_rent-54583574-4890-4.html,House,For Rent,14 Marla,5,6.0,3 days ago,PKR 3 Lakh,"Abdullah Gardens, East Canal Road",Faisalabad,Zameen
3754,https://www.zameen.com/Property/faisalabad_canal_road_furnished_house_for_rent-54685413-1140-4.html,House,For Rent,1 Kanal,6,6.0,3 hours ago,PKR 6 Lakh,"Canal Road, Faisalabad",Faisalabad,Zameen
3755,https://www.zameen.com/Property/faisalabad_eden_gardens_5-marla_brand_new_furnished_house_for_rent-53247572-8296-4.html,House,For Rent,5 Marla,3,4.0,10 hours ago,PKR 1.8 Lakh,"Eden Gardens, Faisalabad",Faisalabad,Zameen
3756,https://www.zameen.com/Property/wapda_city_wapda_city_-_block_h_brand_new_furnished_apartment_available_for_rent-53533428-5073-4.html,Apartment,For Rent,2.7 Marla,2,2.0,10 hours ago,PKR 55 Thousand,"Wapda City - Block H, Wapda City",Faisalabad,Zameen
3757,https://www.zameen.com/Property/faisalabad_wapda_city_5-marla_brand_new_house_for_rent-54203970-501-4.html,House,For Rent,5 Marla,3,4.0,10 hours ago,PKR 85 Thousand,"Wapda City, Faisalabad",Faisalabad,Zameen
3758,https://www.zameen.com/Property/wapda_city_wapda_city_-_block_k_1_kanal_upper_portion_available_for_rent-54485044-5075-4.html,Upper Portion,For Rent,1 Kanal,4,3.0,10 hours ago,PKR 90 Thousand,"Wapda City - Block K, Wapda City",Faisalabad,Zameen
3759,https://www.zameen.com/Property/faisalabad_eden_orchard_5_marla_like_brand_new_double_story_house_available_for_rent-54296722-11162-4.html,House,For Rent,5 Marla,5,6.0,1 day ago,PKR 90 Thousand,"Eden Orchard, Faisalabad",Faisalabad,Zameen
3760,https://www.zameen.com/Property/faisalabad_millat_chowk_house_for_rent-53769152-11865-4.html,House,For Rent,5 Marla,5,3.0,2 days ago,PKR 36 Thousand,"Millat Chowk, Faisalabad",Faisalabad,Zameen
3761,https://www.zameen.com/Property/faisalabad_sargodha_road_house_for_rent-54556332-768-4.html,House,For Rent,5 Marla,5,5.0,2 days ago,PKR 85 Thousand,"Sargodha Road, Faisalabad",Faisalabad,Zameen
3762,https://www.zameen.com/Property/samundari_road_sehgal_city_house_for_rent_in_sehgal_city-54683181-5047-4.html,House,For Rent,12 Marla,3,3.0,2 days ago,PKR 60 Thousand,"Sehgal City, Samundari Road",Faisalabad,Zameen
3763,https://www.zameen.com/Property/lower_canal_road_oasis_one_5_marla_house_in_oasis_one_is_available_for_rent-54502823-19684-4.html,House,For Rent,5 Marla,,,5 days ago,PKR 65 Thousand,"Oasis One, Lower Canal Road",Faisalabad,Zameen
3764,https://www.zameen.com/Property/faisalabad_madina_town_reserve_a_house_of_20_marla_now_in_madina_town_for_rent-54654633-533-4.html,House,For Rent,1 Kanal,,,1 week ago,PKR 1.5 Lakh,"Madina Town, Faisalabad",Faisalabad,Zameen
3765,https://www.zameen.com/Property/faisalabad_madina_town_find_your_ideal_prime_location_upper_portion_in_madina_town_under_rs_30000_for_rent-54654632-533-4.html,Upper Portion,For Rent,5 Marla,,,1 week ago,PKR 30 Thousand,"Madina Town, Faisalabad",Faisalabad,Zameen
3766,https://www.zameen.com/Property/faisalabad_madina_town_highly-coveted_prime_location_5_marla_house_is_available_in_madina_town_for_rent-54654629-533-4.html,House,For Rent,5 Marla,,,1 week ago,PKR 90 Thousand,"Madina Town, Faisalabad",Faisalabad,Zameen
3767,https://www.zameen.com/Property/wapda_city_wapda_city_-_block_c_15-marla_brand_new_house_available_for_rent-52790714-5068-4.html,House,For Rent,15 Marla,6,6.0,1 week ago,PKR 1.6 Lakh,"Wapda City - Block C, Wapda City",Faisalabad,Zameen
3768,https://www.zameen.com/Property/wapda_city_wapda_city_-_block_k_10_marla_brand_new_lower_portion_available_for_rent_wapda_city-52815427-5075-4.html,Lower Portion,For Rent,10 Marla,3,3.0,1 week ago,PKR 60 Thousand,"Wapda City - Block K, Wapda City",Faisalabad,Zameen
3769,https://www.zameen.com/Property/east_canal_road_abdullah_gardens_apartment_for_rent-54635346-4890-4.html,Apartment,For Rent,5.8 Marla,2,2.0,2 weeks ago,PKR 1.35 Lakh,"Abdullah Gardens, East Canal Road",Faisalabad,Zameen
3770,https://www.zameen.com/Property/susan_road_officers_colony_no_1_2_canal_house_for_rent_officers_colony_near_canal_road-54606323-12593-4.html,House,For Rent,2 Kanal,5,7.0,2 weeks ago,PKR 3.25 Lakh,"Officers Colony No 1, Susan Road",Faisalabad,Zameen
3771,https://www.zameen.com/Property/saeed_colony_saeed_colony_-_new_garden_block_spacious_5_marla_house_available_for_rent_in_saeed_colony_-_new_garden_block-54630499-11202-4.html,House,For Rent,5 Marla,,,2 weeks ago,PKR 65 Thousand,"Saeed Colony - New Garden Block, Saeed Colony",Faisalabad,Zameen
3772,https://www.zameen.com/Property/peoples_colony_no_2_batala_colony_brand_new_house_for_rent-54634105-536-4.html,House,For Rent,10 Marla,5,5.0,2 weeks ago,PKR 1.5 Lakh,"Batala Colony, Peoples Colony No 2",Faisalabad,Zameen
3773,https://www.zameen.com/Property/saeed_colony_saeed_colony_-_new_garden_block_spacious_5_marla_house_available_for_rent_in_saeed_colony_-_new_garden_block-54630498-11202-4.html,House,For Rent,5 Marla,,,2 weeks ago,PKR 70 Thousand,"Saeed Colony - New Garden Block, Saeed Colony",Faisalabad,Zameen
3774,https://www.zameen.com/Property/faisalabad_madina_town_to_rent_you_can_find_spacious_prime_location_upper_portion_in_madina_town-54630500-533-4.html,Upper Portion,For Rent,5 Marla,,,2 weeks ago,PKR 35 Thousand,"Madina Town, Faisalabad",Faisalabad,Zameen
3775,https://www.zameen.com/Property/canal_road_model_city_1_an_upper_portion_of_5_marla_in_faisalabad_for_rent-54589910-8590-4.html,Upper Portion,For Rent,5 Marla,3,3.0,3 weeks ago,PKR 70 Thousand,"Model City 1, Canal Road",Faisalabad,Zameen
3776,https://www.zameen.com/Property/canal_road_model_city_1_premium_5_marla_upper_portion_is_available_for_rent_in_faisalabad-54498667-8590-4.html,Upper Portion,For Rent,5 Marla,,,4 weeks ago,PKR 35 Thousand,"Model City 1, Canal Road",Faisalabad,Zameen
3777,https://www.zameen.com/Property/model_city_1_model_city_1_-_block_e_spacious_lower_portion_is_available_for_rent_in_ideal_location_of_model_city_1_-_block_e-54503216-21124-4.html,Lower Portion,For Rent,6 Marla,2,3.0,4 weeks ago,PKR 35 Thousand,"Model City 1 - Block E, Model City 1",Faisalabad,Zameen
3778,https://www.zameen.com/Property/canal_road_tech_town_canal_road_1_kanal_house_available_for_rent_tech_town_east_canal_road_fsd-54586061-13586-4.html,House,For Rent,1 Kanal,5,6.0,3 weeks ago,PKR 3.25 Lakh,"Tech Town Canal Road, Canal Road",Faisalabad,Zameen
3779,https://www.zameen.com/Property/faisalabad_canal_road_furnished_house_for_rent-54333017-1140-4.html,House,For Rent,1 Kanal,6,6.0,2 days ago,PKR 3.5 Lakh,"Canal Road, Faisalabad",Faisalabad,Zameen
3780,https://www.zameen.com/Property/faisalabad_canal_road_book_house_today_in_canal_road-54452889-1140-4.html,House,For Rent,1 Kanal,5,6.0,2 days ago,PKR 3.5 Lakh,"Canal Road, Faisalabad",Faisalabad,Zameen
3781,https://www.zameen.com/Property/faisalabad_millat_chowk_furnished_apartment_for_rent-54480998-11865-4.html,Apartment,For Rent,1.6 Marla,1,1.0,2 days ago,PKR 45 Thousand,"Millat Chowk, Faisalabad",Faisalabad,Zameen
3782,https://www.zameen.com/Property/faisalabad_madina_town_flats_for_rent-54608147-533-4.html,Flat,For Rent,1.6 Marla,1,1.0,2 days ago,PKR 65 Thousand,"Madina Town, Faisalabad",Faisalabad,Zameen
3783,https://www.zameen.com/Property/faisalabad_millat_chowk_house_for_rent-54613155-11865-4.html,House,For Rent,5 Marla,3,3.0,2 days ago,PKR 38 Thousand,"Millat Chowk, Faisalabad",Faisalabad,Zameen
3784,https://www.zameen.com/Property/wapda_city_wapda_city_-_block_h_brand_new_furnished_rooms_for_rent-54206644-5073-4.html,Room,For Rent,0.9 Marla,1,1.0,10 hours ago,PKR 34 Thousand,"Wapda City - Block H, Wapda City",Faisalabad,Zameen
3785,https://www.zameen.com/Property/faisalabad_madina_town_16_marla_house_for_rent_madina_town_near_susan_road-54554238-533-4.html,House,For Rent,16 Marla,8,6.0,13 hours ago,PKR 2.5 Lakh,"Madina Town, Faisalabad",Faisalabad,Zameen
3786,https://www.zameen.com/Property/faisalabad_wapda_city_single_furnished_bedroom_available_for_rent-54181964-501-4.html,Room,For Rent,2 Marla,,,15 hours ago,PKR 40 Thousand,"Wapda City, Faisalabad",Faisalabad,Zameen
3787,https://www.zameen.com/Property/faisalabad_eden_valley_edan_vally_5_marla_house_rent_3_bead_near_park_market_masjid-54570225-8917-4.html,House,For Rent,6 Marla,3,4.0,4 weeks ago,PKR 1.1 Lakh,"Eden Valley, Faisalabad",Faisalabad,Zameen
3788,https://www.zameen.com/Property/citi_housing_citi_housing_samundri_road_20_marla_fully_furnished_house_available_for_rent_-_kanal_furnished_house-54603004-11230-4.html,House,For Rent,1 Kanal,5,6.0,3 weeks ago,PKR 5 Lakh,"Citi Housing Samundri Road, Citi Housing",Faisalabad,Zameen
3789,https://www.zameen.com/Property/chenab_gardens_chenab_gardens_-_block_b_house_portion_for_rent_in_chenab_garden-54515450-18784-4.html,House,For Rent,1 Kanal,3,2.0,3 weeks ago,PKR 75 Thousand,"Chenab Gardens - Block B, Chenab Gardens",Faisalabad,Zameen
3790,https://www.zameen.com/Property/faisalabad_d_ground_room_for_rent-54608155-537-4.html,Room,For Rent,2.4 Marla,1,1.0,2 days ago,PKR 70 Thousand,"D Ground, Faisalabad",Faisalabad,Zameen
3791,https://www.zameen.com/Property/faisalabad_millat_chowk_separate_room_for_rent-54033952-11865-4.html,Room,For Rent,0.5 Marla,1,1.0,2 days ago,PKR 25 Thousand,"Millat Chowk, Faisalabad",Faisalabad,Zameen
3792,https://www.zameen.com/Property/wapda_city_wapda_city_-_block_e_10-marla_brand_new_house_available_for_rent_wapda_city-53058276-5070-4.html,House,For Rent,10 Marla,4,5.0,10 hours ago,PKR 1.35 Lakh,"Wapda City - Block E, Wapda City",Faisalabad,Zameen
3793,https://www.zameen.com/Property/wapda_city_wapda_city_-_block_l_5-marla_new_house_available_for_rent_wapda_city-53970002-5076-4.html,House,For Rent,5 Marla,3,4.0,10 hours ago,PKR 70 Thousand,"Wapda City - Block L, Wapda City",Faisalabad,Zameen
3794,https://www.zameen.com/Property/faisalabad_wapda_city_1_kanal_upper_portion_available_for_rent-54308390-501-4.html,Upper Portion,For Rent,1 Kanal,3,3.0,16 hours ago,PKR 1 Lakh,"Wapda City, Faisalabad",Faisalabad,Zameen
3795,https://www.zameen.com/Property/faisalabad_sargodha_road_ultra_modern_house_available_for_rent-54654585-768-4.html,House,For Rent,1.5 Kanal,6,6.0,2 days ago,PKR 2.25 Lakh,"Sargodha Road, Faisalabad",Faisalabad,Zameen
3796,https://www.zameen.com/Property/faisalabad_chak_208_road_new_house_available_for_rent-54654590-10925-4.html,House,For Rent,5 Marla,3,4.0,2 days ago,PKR 70 Thousand,"Chak 208 Road, Faisalabad",Faisalabad,Zameen
3797,https://www.zameen.com/Property/faisalabad_sargodha_road_brand_new_house_available_for_rent-54654592-768-4.html,House,For Rent,10 Marla,4,4.0,2 days ago,PKR 1.1 Lakh,"Sargodha Road, Faisalabad",Faisalabad,Zameen
3798,https://www.zameen.com/Property/faisalabad_wapda_city_brand_new_furnished_rooms_available_wapda_city-52983763-501-4.html,Room,For Rent,0.9 Marla,1,1.0,10 hours ago,PKR 40 Thousand,"Wapda City, Faisalabad",Faisalabad,Zameen
3799,https://www.zameen.com/Property/faisalabad_wapda_city_furnished_rooms_available-53580570-501-4.html,Room,For Rent,0.9 Marla,1,1.0,10 hours ago,PKR 35 Thousand,"Wapda City, Faisalabad",Faisalabad,Zameen
3800,https://www.zameen.com/Property/canal_road_model_city_1_brand_new_house_available_for_rent_in_model_city1_canal_road-54632045-8590-4.html,House,For Rent,5 Marla,5,4.0,13 hours ago,PKR 75 Thousand,"Model City 1, Canal Road",Faisalabad,Zameen
3801,https://www.zameen.com/Property/faisalabad_wapda_city_single_furnished_bedroom_available_for_rent-54181940-501-4.html,Room,For Rent,2 Marla,,,15 hours ago,PKR 38 Thousand,"Wapda City, Faisalabad",Faisalabad,Zameen
3802,https://www.zameen.com/Property/faisalabad_wapda_city_10_marla_house_available_for_rent-54688716-501-4.html,House,For Rent,10 Marla,4,5.0,16 hours ago,PKR 1.3 Lakh,"Wapda City, Faisalabad",Faisalabad,Zameen
3803,https://www.zameen.com/Property/wapda_city_wapda_city_-_block_c_15_marla_upper_portion_available_for_rent-54308453-5068-4.html,Upper Portion,For Rent,15 Marla,3,3.0,16 hours ago,PKR 85 Thousand,"Wapda City - Block C, Wapda City",Faisalabad,Zameen
3804,https://www.zameen.com/Property/faisalabad_wapda_city_10_marla_house_available_for_rent-54309025-501-4.html,House,For Rent,10 Marla,4,5.0,16 hours ago,PKR 1.25 Lakh,"Wapda City, Faisalabad",Faisalabad,Zameen
3805,https://www.zameen.com/Property/satiana_road_al-raheem_valley_7_5_marla_house_for_rent_in_al-raheem_valley-54688200-12454-4.html,House,For Rent,7.5 Marla,,,23 hours ago,PKR 1.5 Lakh,"Al-Raheem Valley, Satiana Road",Faisalabad,Zameen
3806,https://www.zameen.com/Property/faisalabad_ghalib_city_want_to_buy_a_flat_in_ghalib_city-54660826-10165-4.html,Flat,For Rent,3 Marla,,,2 days ago,PKR 28 Thousand,"Ghalib City, Faisalabad",Faisalabad,Zameen
3807,https://www.zameen.com/Property/faisalabad_eden_gardens_house_of_5_marla_in_eden_gardens_is_available-54660821-8296-4.html,House,For Rent,5 Marla,,,2 days ago,PKR 70 Thousand,"Eden Gardens, Faisalabad",Faisalabad,Zameen
3808,https://www.zameen.com/Property/faisalabad_ghalib_city_ghalib_city_5_marla_lower_portion_up_for_rent-54660819-10165-4.html,Lower Portion,For Rent,5 Marla,,,2 days ago,PKR 40 Thousand,"Ghalib City, Faisalabad",Faisalabad,Zameen
3809,https://www.zameen.com/Property/faisalabad_ghalib_city_buy_your_ideal_2_marla_house_in_a_prime_location_of_ghalib_city-54660818-10165-4.html,House,For Rent,2 Marla,,,2 days ago,PKR 45 Thousand,"Ghalib City, Faisalabad",Faisalabad,Zameen
3810,https://www.zameen.com/Property/canal_road_model_city_1_5_marla_house_for_rent_in_rs_80000_only-54660813-8590-4.html,House,For Rent,5 Marla,,,2 days ago,PKR 80 Thousand,"Model City 1, Canal Road",Faisalabad,Zameen
3811,https://www.zameen.com/Property/faisalabad_ghalib_city_house_in_ghalib_city_for_rent-54660833-10165-4.html,House,For Rent,3 Marla,,,2 days ago,PKR 55 Thousand,"Ghalib City, Faisalabad",Faisalabad,Zameen
3812,https://www.zameen.com/Property/faisalabad_makkah_commercial_market_furnished_apartment_available_for_rent-54632062-13468-4.html,Apartment,For Rent,5 Marla,2,2.0,2 days ago,PKR 60 Thousand,"Makkah Commercial Market, Faisalabad",Faisalabad,Zameen
3813,https://www.zameen.com/Property/canal_road_model_city_1_a_upper_portion_of_5_marla_in_model_city_1-54660812-8590-4.html,Upper Portion,For Rent,5 Marla,,,2 days ago,PKR 35 Thousand,"Model City 1, Canal Road",Faisalabad,Zameen
3814,https://www.zameen.com/Property/samundari_road_city_villas_housing_scheme_brand_new_house_for_rent_in_city_villas-54485241-11567-4.html,House,For Rent,6 Marla,4,5.0,2 days ago,PKR 65 Thousand,"City Villas Housing Scheme, Samundari Road",Faisalabad,Zameen
3815,https://www.zameen.com/Property/faisalabad_canal_road_house_for_rent-54572402-1140-4.html,House,For Rent,7 Marla,5,6.0,3 days ago,PKR 1.6 Lakh,"Canal Road, Faisalabad",Faisalabad,Zameen
3816,https://www.zameen.com/Property/faisalabad_madina_town_2_marla_furnished_apartment_for_rent_madina_town_near_susan_road-53970683-533-4.html,Apartment,For Rent,2 Marla,2,2.0,4 days ago,PKR 35 Thousand,"Madina Town, Faisalabad",Faisalabad,Zameen
3817,https://www.zameen.com/Property/faisalabad_saeed_colony_luxury_house_for_rent-54362901-582-4.html,House,For Rent,1 Kanal,7,6.0,4 days ago,PKR 6 Lakh,"Saeed Colony, Faisalabad",Faisalabad,Zameen
3818,https://www.zameen.com/Property/east_canal_road_abdullah_gardens_studio_apartment_for_rent-54681192-4890-4.html,Apartment,For Rent,1.2 Marla,1,1.0,3 days ago,PKR 70 Thousand,"Abdullah Gardens, East Canal Road",Faisalabad,Zameen
3819,https://www.zameen.com/Property/citi_housing_citi_housing_sargodha_road_05_marla_house_available_for_rent_c_block-54408609-11229-4.html,House,For Rent,5 Marla,3,4.0,2 days ago,PKR 55 Thousand,"Citi Housing Sargodha Road, Citi Housing",Faisalabad,Zameen
3820,https://www.zameen.com/Property/east_canal_road_lyallpur_galleria_11_marla_upper_potion_available_for_rent_near_lyallpur_galleria_canal_road-53482331-10499-4.html,Other,For Rent,11 Marla,5,4.0,2 days ago,PKR 1 Lakh,"Lyallpur Galleria, East Canal Road",Faisalabad,Zameen
3821,https://www.zameen.com/Property/faisalabad_chak_208_road_luxury_apartment_for_rent-54545098-10925-4.html,Apartment,For Rent,3 Marla,1,1.0,3 days ago,PKR 50 Thousand,"Chak 208 Road, Faisalabad",Faisalabad,Zameen
3822,https://www.zameen.com/Property/faisalabad_canal_road_20_marla_luxury_house_for_rent_at_abdullah_garden_east_canal_road_faisalabad-52978241-1140-4.html,House,For Rent,1 Kanal,5,5.0,4 days ago,PKR 5.5 Lakh,"Canal Road, Faisalabad",Faisalabad,Zameen
3823,https://www.zameen.com/Property/citi_housing_citi_housing_sargodha_road_10_marla_house_available_for_rent_d_block-54408594-11229-4.html,House,For Rent,10 Marla,5,6.0,2 days ago,PKR 1.1 Lakh,"Citi Housing Sargodha Road, Citi Housing",Faisalabad,Zameen
3824,https://www.zameen.com/Property/citi_housing_citi_housing_sargodha_road_05_marla_house_available_for_rent_d_block-54351587-11229-4.html,House,For Rent,5 Marla,3,4.0,2 days ago,PKR 55 Thousand,"Citi Housing Sargodha Road, Citi Housing",Faisalabad,Zameen
3825,https://www.zameen.com/Property/faisalabad_susan_road_ideal_flat_in_susan_road_available_for_rs_100000-53803947-8586-4.html,Flat,For Rent,8.9 Marla,,,2 days ago,PKR 1 Lakh,"Susan Road, Faisalabad",Faisalabad,Zameen
3826,https://www.zameen.com/Property/faisalabad_susan_road_ideal_flat_in_susan_road_available_for_rs_100000-54640396-8586-4.html,Flat,For Rent,8.9 Marla,,,2 days ago,PKR 1 Lakh,"Susan Road, Faisalabad",Faisalabad,Zameen
3827,https://www.zameen.com/Property/eden_gardens_eden_executive_house_for_grabs_in_7_marla_faisalabad-54640661-10765-4.html,House,For Rent,7 Marla,,,6 days ago,PKR 1.3 Lakh,"Eden Executive, Eden Gardens",Faisalabad,Zameen
3828,https://www.zameen.com/Property/canal_road_model_city_1_8_marla_upper_portion_for_rent_in_model_city_1-54640664-8590-4.html,Upper Portion,For Rent,8 Marla,3,3.0,6 days ago,PKR 47 Thousand,"Model City 1, Canal Road",Faisalabad,Zameen
3829,https://www.zameen.com/Property/canal_road_model_city_1_5_marla_upper_portion_for_rent_in_model_city_1-54653564-8590-4.html,Upper Portion,For Rent,5 Marla,,,6 days ago,PKR 35 Thousand,"Model City 1, Canal Road",Faisalabad,Zameen
3830,https://www.zameen.com/Property/faisalabad_wapda_city_550_square_feet_room_in_wapda_city_best_option_for_rent-54601016-501-4.html,Room,For Rent,2.4 Marla,1,1.0,6 days ago,PKR 40 Thousand,"Wapda City, Faisalabad",Faisalabad,Zameen
3831,https://www.zameen.com/Property/faisalabad_wapda_city_room_available_for_rent_in_wapda_city-54601018-501-4.html,Room,For Rent,2 Marla,,,6 days ago,PKR 40 Thousand,"Wapda City, Faisalabad",Faisalabad,Zameen
3832,https://www.zameen.com/Property/faisalabad_wapda_city_get_in_touch_now_to_buy_a_room_in_wapda_city-54601019-501-4.html,Room,For Rent,2 Marla,,,6 days ago,PKR 40 Thousand,"Wapda City, Faisalabad",Faisalabad,Zameen
3833,https://www.zameen.com/Property/faisalabad_wapda_city_luxury_furnished_room_for_rent_in_umer_heights_wapda_city_faisalabad-54659519-501-4.html,Room,For Rent,2 Marla,1,1.0,6 days ago,PKR 40 Thousand,"Wapda City, Faisalabad",Faisalabad,Zameen
3834,https://www.zameen.com/Property/faisalabad_wapda_city_luxury_furnished_room_for_rent_in_umer_heights_wapda_city_faisalabad-54659520-501-4.html,Room,For Rent,2 Marla,1,1.0,6 days ago,PKR 40 Thousand,"Wapda City, Faisalabad",Faisalabad,Zameen
3835,https://www.zameen.com/Property/citi_housing_citi_housing_sargodha_road_10_marla_house_available_for_rent_c_block-53658059-11229-4.html,House,For Rent,10 Marla,5,6.0,4 days ago,PKR 95 Thousand,"Citi Housing Sargodha Road, Citi Housing",Faisalabad,Zameen
3836,https://www.zameen.com/Property/citi_housing_citi_housing_sargodha_road_10_marla_portion_available_for_rent_b_block-53658039-11229-4.html,Other,For Rent,10 Marla,3,3.0,4 days ago,PKR 45 Thousand,"Citi Housing Sargodha Road, Citi Housing",Faisalabad,Zameen
3837,https://www.zameen.com/Property/citi_housing_citi_housing_sargodha_road_10_marla_house_available_for_rent_c_block-54351574-11229-4.html,House,For Rent,10 Marla,5,6.0,4 days ago,PKR 1 Lakh,"Citi Housing Sargodha Road, Citi Housing",Faisalabad,Zameen
3838,https://www.zameen.com/Property/citi_housing_citi_housing_sargodha_road_1_kanal_portion_available_for_rent_b_block-54304297-11229-4.html,Other,For Rent,1 Kanal,4,4.0,4 days ago,PKR 75 Thousand,"Citi Housing Sargodha Road, Citi Housing",Faisalabad,Zameen
3839,https://www.zameen.com/Property/faisalabad_madina_town_find_your_ideal_prime_location_upper_portion_in_madina_town_under_rs_30000_for_rent-54666455-533-4.html,Upper Portion,For Rent,5 Marla,,,6 days ago,PKR 30 Thousand,"Madina Town, Faisalabad",Faisalabad,Zameen
3840,https://www.zameen.com/Property/faisalabad_khawaja_islam_road_house_of_20_marla_available_in_khawaja_islam_road-54619091-11498-4.html,House,For Rent,1 Kanal,6,,6 days ago,PKR 2 Lakh,"Khawaja Islam Road, Faisalabad",Faisalabad,Zameen
3841,https://www.zameen.com/Property/faisalabad_wapda_city_room_of_450_square_feet_in_wapda_city_for_rent-54646936-501-4.html,Room,For Rent,2 Marla,1,1.0,4 days ago,PKR 40 Thousand,"Wapda City, Faisalabad",Faisalabad,Zameen
3842,https://www.zameen.com/Property/lower_canal_road_oasis_one_centrally_located_prime_location_house_in_oasis_one_is_available_for_rent-54502826-19684-4.html,House,For Rent,5 Marla,,,5 days ago,PKR 70 Thousand,"Oasis One, Lower Canal Road",Faisalabad,Zameen
3843,https://www.zameen.com/Property/faisalabad_ghalib_city_2_5_marla_house_good_location_near_park_market_masjid-54640663-10165-4.html,House,For Rent,2.5 Marla,3,4.0,6 days ago,PKR 46 Thousand,"Ghalib City, Faisalabad",Faisalabad,Zameen
3844,https://www.zameen.com/Property/faisalabad_ghalib_city_2_5_marla_house_good_location_near_park_market_masjid-54653563-10165-4.html,House,For Rent,2.5 Marla,3,4.0,6 days ago,PKR 46 Thousand,"Ghalib City, Faisalabad",Faisalabad,Zameen
3845,https://www.zameen.com/Property/faisalabad_madina_town_ready_to_rent_a_lower_portion_5_marla_in_madina_town-54666450-533-4.html,Lower Portion,For Rent,5 Marla,2,,6 days ago,PKR 50 Thousand,"Madina Town, Faisalabad",Faisalabad,Zameen
3846,https://www.zameen.com/Property/faisalabad_madina_town_buy_12_marla_upper_portion_at_highly_affordable_price-54666454-533-4.html,Upper Portion,For Rent,12 Marla,,,6 days ago,PKR 70 Thousand,"Madina Town, Faisalabad",Faisalabad,Zameen
3847,https://www.zameen.com/Property/faisalabad_madina_town_lower_portion_for_rent_is_readily_available_in_prime_location_of_madina_town-54666453-533-4.html,Lower Portion,For Rent,10 Marla,,,6 days ago,PKR 45 Thousand,"Madina Town, Faisalabad",Faisalabad,Zameen
3848,https://www.zameen.com/Property/faisalabad_madina_town_book_lower_portion_today_in_madina_town-54666451-533-4.html,Lower Portion,For Rent,10 Marla,,,6 days ago,PKR 50 Thousand,"Madina Town, Faisalabad",Faisalabad,Zameen
3849,https://www.zameen.com/Property/faisalabad_amin_town_highly-desirable_house_available_in_amin_town_for_rent-54666449-1362-4.html,House,For Rent,3 Marla,2,,6 days ago,PKR 40 Thousand,"Amin Town, Faisalabad",Faisalabad,Zameen
3850,https://www.zameen.com/Property/faisalabad_amin_town_get_in_touch_now_to_rent_a_flat_in_amin_town-54666448-1362-4.html,Flat,For Rent,10 Marla,2,,6 days ago,PKR 1 Lakh,"Amin Town, Faisalabad",Faisalabad,Zameen
3851,https://www.zameen.com/Property/faisalabad_madina_town_property_for_rent_in_madina_town_madina_town_is_available_under_rs_60000-54666445-533-4.html,Other,For Rent,5 Marla,,,6 days ago,PKR 60 Thousand,"Madina Town, Faisalabad",Faisalabad,Zameen
3852,https://www.zameen.com/Property/faisalabad_madina_town_house_for_rent_in_madina_town-54666444-533-4.html,House,For Rent,5 Marla,,,6 days ago,PKR 70 Thousand,"Madina Town, Faisalabad",Faisalabad,Zameen
3853,https://www.zameen.com/Property/faisalabad_amin_town_10_marla_flat_in_amin_town_for_rent-54666443-1362-4.html,Flat,For Rent,10 Marla,2,,6 days ago,PKR 1.1 Lakh,"Amin Town, Faisalabad",Faisalabad,Zameen
3854,https://www.zameen.com/Property/faisalabad_madina_town_spacious_upper_portion_is_available_in_madina_town_for_rent-54666442-533-4.html,Upper Portion,For Rent,10 Marla,,,6 days ago,PKR 40 Thousand,"Madina Town, Faisalabad",Faisalabad,Zameen
3855,https://www.zameen.com/Property/faisalabad_madina_town_spacious_upper_portion_is_available_in_madina_town_for_rent-54666441-533-4.html,Upper Portion,For Rent,10 Marla,,,6 days ago,PKR 40 Thousand,"Madina Town, Faisalabad",Faisalabad,Zameen
3856,https://www.zameen.com/Property/faisalabad_madina_town_a_upper_portion_of_5_marla_in_madina_town-54666440-533-4.html,Upper Portion,For Rent,5 Marla,,,6 days ago,PKR 25 Thousand,"Madina Town, Faisalabad",Faisalabad,Zameen
3857,https://www.zameen.com/Property/faisalabad_madina_town_to_rent_you_can_find_spacious_upper_portion_in_madina_town-54666439-533-4.html,Upper Portion,For Rent,10 Marla,,,6 days ago,PKR 50 Thousand,"Madina Town, Faisalabad",Faisalabad,Zameen
3858,https://www.zameen.com/Property/faisalabad_madina_town_a_upper_portion_in_madina_town-54666438-533-4.html,Upper Portion,For Rent,10 Marla,,,6 days ago,PKR 50 Thousand,"Madina Town, Faisalabad",Faisalabad,Zameen
3859,https://www.zameen.com/Property/faisalabad_amin_town_2_marla_flat_for_rent_in_amin_town-54666437-1362-4.html,Flat,For Rent,2 Marla,2,,6 days ago,PKR 35 Thousand,"Amin Town, Faisalabad",Faisalabad,Zameen
3860,https://www.zameen.com/Property/jaranwala_road_lyallpur_avenue_5_marla_for_rent_in_a_good_location-54669266-17578-4.html,Other,For Rent,5 Marla,5,,6 days ago,PKR 58 Thousand,"Lyallpur Avenue, Jaranwala Road",Faisalabad,Zameen
3861,https://www.zameen.com/Property/four_season_housing_four_seasons_phase_2_park_facing_portion_for_rent-54667091-18807-4.html,Other,For Rent,7 Marla,2,3.0,6 days ago,PKR 52 Thousand,"Four Seasons Phase 2, Four Season Housing",Faisalabad,Zameen
3862,https://www.zameen.com/Property/eden_gardens_eden_executive_21_marla_upper_portion_up_for_rent_in_eden_executive-54633479-10765-4.html,Upper Portion,For Rent,1 Kanal,,,6 days ago,PKR 1 Lakh,"Eden Executive, Eden Gardens",Faisalabad,Zameen
3863,https://www.zameen.com/Property/faisalabad_madina_town_highly-desirable_house_available_in_madina_town_for_rent-54666447-533-4.html,House,For Rent,3 Marla,,,6 days ago,PKR 35 Thousand,"Madina Town, Faisalabad",Faisalabad,Zameen
3864,https://www.zameen.com/Property/faisalabad_madina_town_house_is_available_for_rent_in_madina_town-54666446-533-4.html,House,For Rent,2 Marla,,,6 days ago,PKR 25 Thousand,"Madina Town, Faisalabad",Faisalabad,Zameen
3865,https://www.zameen.com/Property/faisalabad_lasani_garden_6_marla_upper_portion_for_rent-54633003-4984-4.html,Upper Portion,For Rent,6 Marla,3,3.0,6 days ago,PKR 33 Thousand,"Lasani Garden, Faisalabad",Faisalabad,Zameen
3866,https://www.zameen.com/Property/jaranwala_road_sitara_park_city_portion_in_sitara_park_on_rent-54648872-12464-4.html,Other,For Rent,7 Marla,,,6 days ago,PKR 45 Thousand,"Sitara Park City, Jaranwala Road",Faisalabad,Zameen
3867,https://www.zameen.com/Property/faisalabad_canal_road_model_city_5_marla_3_bed_drawing_fully_furnish_house_with_everything_installed_rent_2_25_lac_per_month_negotiable-54615570-1140-4.html,House,For Rent,10 Marla,4,5.0,1 week ago,PKR 2.25 Lakh,"Canal Road, Faisalabad",Faisalabad,Zameen
3868,https://www.zameen.com/Property/faisalabad_canal_road_1_kanal_fully_furnished_house_move-in_ready-53704356-1140-4.html,House,For Rent,1 Kanal,5,5.0,1 week ago,PKR 3 Lakh,"Canal Road, Faisalabad",Faisalabad,Zameen
3869,https://www.zameen.com/Property/faisalabad_millat_chowk_fully_furnished_beautiful_room_available_in_prime_location-54663989-11865-4.html,Room,For Rent,1 Marla,1,1.0,1 week ago,PKR 32 Thousand,"Millat Chowk, Faisalabad",Faisalabad,Zameen
3870,https://www.zameen.com/Property/faisalabad_wapda_city_furnished_studio_bedroom_available_for_rent-54018250-501-4.html,Room,For Rent,2 Marla,,1.0,1 week ago,PKR 50 Thousand,"Wapda City, Faisalabad",Faisalabad,Zameen
3871,https://www.zameen.com/Property/faisalabad_wapda_city_furnished_2bhk_apartment_available_for_rent-54018259-501-4.html,Apartment,For Rent,2 Marla,2,2.0,1 week ago,PKR 70 Thousand,"Wapda City, Faisalabad",Faisalabad,Zameen
3872,https://www.zameen.com/Property/faisalabad_wapda_city_furnished_1_bhk_bedroom_available_for_rent-54181977-501-4.html,Room,For Rent,2 Marla,,,1 week ago,PKR 55 Thousand,"Wapda City, Faisalabad",Faisalabad,Zameen
3873,https://www.zameen.com/Property/citi_housing_citi_housing_samundri_road_5_marla_house_for_rent_-_park_facing_house-54617207-11230-4.html,House,For Rent,5 Marla,3,4.0,1 week ago,PKR 70 Thousand,"Citi Housing Samundri Road, Citi Housing",Faisalabad,Zameen
3874,https://www.zameen.com/Property/citi_housing_citi_housing_samundri_road_5_marla_house_for_rent_-_park_facing_house-54654551-11230-4.html,House,For Rent,5 Marla,3,4.0,1 week ago,PKR 80 Thousand,"Citi Housing Samundri Road, Citi Housing",Faisalabad,Zameen
3875,https://www.zameen.com/Property/citi_housing_citi_housing_samundri_road_elegant_luxury_house_for_rent_-_brand_new_house_for_rent-54654552-11230-4.html,House,For Rent,5 Marla,3,4.0,1 week ago,PKR 90 Thousand,"Citi Housing Samundri Road, Citi Housing",Faisalabad,Zameen
3876,https://www.zameen.com/Property/faisalabad_wapda_city_1_kanal_upper_portion_available_for_rent-54619703-501-4.html,Upper Portion,For Rent,1 Kanal,3,3.0,1 week ago,PKR 95 Thousand,"Wapda City, Faisalabad",Faisalabad,Zameen
3877,https://www.zameen.com/Property/wapda_city_wapda_city_-_block_l_5_marla_house_available_for_rent-54432694-5076-4.html,House,For Rent,5 Marla,3,4.0,1 week ago,PKR 80 Thousand,"Wapda City - Block L, Wapda City",Faisalabad,Zameen
3878,https://www.zameen.com/Property/wapda_city_wapda_city_-_block_l_5_marla_house_available_for_rent-54309216-5076-4.html,House,For Rent,5 Marla,3,3.0,1 week ago,PKR 75 Thousand,"Wapda City - Block L, Wapda City",Faisalabad,Zameen
3879,https://www.zameen.com/Property/four_season_housing_four_seasons_phase_2_ground_floor_brand_new_house-54659650-18807-4.html,House,For Rent,5 Marla,2,3.0,1 week ago,PKR 37 Thousand,"Four Seasons Phase 2, Four Season Housing",Faisalabad,Zameen
3880,https://www.zameen.com/Property/citi_housing_citi_housing_samundri_road_14_marla_house_for_rent_-_full_house_for_rent_citi_housing_-_corner_house-54604869-11230-4.html,House,For Rent,14 Marla,4,4.0,1 week ago,PKR 60 Thousand,"Citi Housing Samundri Road, Citi Housing",Faisalabad,Zameen
3881,https://www.zameen.com/Property/samundari_road_allied_city_market_beautiful_portion_available_for_rent_samundri_road_faisalabad-54604872-16028-4.html,Other,For Rent,5 Marla,3,2.0,1 week ago,PKR 35 Thousand,"Allied City & Market, Samundari Road",Faisalabad,Zameen
3882,https://www.zameen.com/Property/faisalabad_wapda_city_1_kanal_brand_new_house_available_for_rent_wapda_city-52859042-501-4.html,House,For Rent,1 Kanal,6,6.0,1 week ago,PKR 1.6 Lakh,"Wapda City, Faisalabad",Faisalabad,Zameen
3883,https://www.zameen.com/Property/faisalabad_wapda_city_5-marla_brand_new_house_for_rent_wapda_city-52932458-501-4.html,House,For Rent,5 Marla,3,4.0,1 week ago,PKR 75 Thousand,"Wapda City, Faisalabad",Faisalabad,Zameen
3884,https://www.zameen.com/Property/wapda_city_wapda_city_-_block_l_5-marla_brand_new_house_available_for_rent-54485045-5076-4.html,House,For Rent,5 Marla,3,4.0,1 week ago,PKR 80 Thousand,"Wapda City - Block L, Wapda City",Faisalabad,Zameen
3885,https://www.zameen.com/Property/faisalabad_d_ground_1_kanal_beautiful_house_for_rent_in_prime_location_d_ground_faisalabad-53881015-537-4.html,House,For Rent,1 Kanal,6,6.0,1 week ago,PKR 4 Lakh,"D Ground, Faisalabad",Faisalabad,Zameen
3886,https://www.zameen.com/Property/faisalabad_wapda_city_luxury_furnished_flat_for_rent_in_umer_heights_wapda_city_faisalabad-54637034-501-4.html,Flat,For Rent,3.3 Marla,2,2.0,1 week ago,PKR 70 Thousand,"Wapda City, Faisalabad",Faisalabad,Zameen
3887,https://www.zameen.com/Property/faisalabad_wapda_city_luxury_furnished_flat_for_rent_in_umer_heights_wapda_city_faisalabad-54561201-501-4.html,Flat,For Rent,3.3 Marla,2,2.0,1 week ago,PKR 70 Thousand,"Wapda City, Faisalabad",Faisalabad,Zameen
3888,https://www.zameen.com/Property/faisalabad_wapda_city_luxury_furnished_flat_for_rent_in_umer_heights_wapda_city_faisalabad-54637079-501-4.html,Flat,For Rent,3.3 Marla,2,2.0,1 week ago,PKR 70 Thousand,"Wapda City, Faisalabad",Faisalabad,Zameen
3889,https://www.zameen.com/Property/faisalabad_wapda_city_luxury_furnished_flat_for_rent_in_umer_heights_wapda_city_faisalabad-54646938-501-4.html,Flat,For Rent,3.3 Marla,2,2.0,1 week ago,PKR 70 Thousand,"Wapda City, Faisalabad",Faisalabad,Zameen
3890,https://www.zameen.com/Property/east_canal_road_abdullah_gardens_22_marla_beautiful_house_for_rent-54650377-4890-4.html,House,For Rent,1.1 Kanal,5,6.0,1 week ago,PKR 5.5 Lakh,"Abdullah Gardens, East Canal Road",Faisalabad,Zameen
3891,https://www.zameen.com/Property/faisalabad_kohinoor_city_prominently-located_prime_location_10_marla_house_available_in_kohinoor_city-54591411-1360-4.html,House,For Rent,10 Marla,5,5.0,1 week ago,PKR 3 Lakh,"Kohinoor City, Faisalabad",Faisalabad,Zameen
3892,https://www.zameen.com/Property/faisalabad_makkah_garden_prime_location_ideal_house_for_rent_in_makkah_garden-54591413-10821-4.html,House,For Rent,5 Marla,,,1 week ago,PKR 50 Thousand,"Makkah Garden, Faisalabad",Faisalabad,Zameen
3893,https://www.zameen.com/Property/faisalabad_wapda_city_new_furnished_room_for_rent_umer_heights_wapda_city_faisalabad-54637073-501-4.html,Room,For Rent,2 Marla,,,1 week ago,PKR 40 Thousand,"Wapda City, Faisalabad",Faisalabad,Zameen
3894,https://www.zameen.com/Property/faisalabad_wapda_city_luxury_furnished_room_for_rent_in_umer_heights_wapda_city_faisalabad-54637074-501-4.html,Room,For Rent,2 Marla,1,1.0,1 week ago,PKR 40 Thousand,"Wapda City, Faisalabad",Faisalabad,Zameen
3895,https://www.zameen.com/Property/faisalabad_wapda_city_luxury_furnished_room_for_rent_in_umer_heights_wapda_city_faisalabad-54637078-501-4.html,Room,For Rent,2 Marla,1,1.0,1 week ago,PKR 40 Thousand,"Wapda City, Faisalabad",Faisalabad,Zameen
3896,https://www.zameen.com/Property/faisalabad_wapda_city_luxury_furnished_room_for_rent_in_umer_heights_wapda_city_faisalabad-54640633-501-4.html,Room,For Rent,3.3 Marla,2,2.0,1 week ago,PKR 70 Thousand,"Wapda City, Faisalabad",Faisalabad,Zameen
3897,https://www.zameen.com/Property/faisalabad_wapda_city_new_furnished_room_for_rent_umer_heights_wapda_city_faisalabad-54637080-501-4.html,Room,For Rent,2 Marla,,,1 week ago,PKR 40 Thousand,"Wapda City, Faisalabad",Faisalabad,Zameen
3898,https://www.zameen.com/Property/faisalabad_wapda_city_luxury_furnished_room_for_rent_in_umer_heights_wapda_city_faisalabad-54637081-501-4.html,Room,For Rent,3.3 Marla,2,2.0,1 week ago,PKR 70 Thousand,"Wapda City, Faisalabad",Faisalabad,Zameen
3899,https://www.zameen.com/Property/faisalabad_wapda_city_luxury_furnished_room_for_rent_in_umer_heights_wapda_city_faisalabad-54637084-501-4.html,Room,For Rent,3.3 Marla,2,2.0,1 week ago,PKR 70 Thousand,"Wapda City, Faisalabad",Faisalabad,Zameen
3900,https://www.zameen.com/Property/faisalabad_madina_town_house_for_rent_madina_town_near_susan_road_gc_university-54590789-533-4.html,House,For Rent,5 Marla,8,4.0,1 week ago,PKR 95 Thousand,"Madina Town, Faisalabad",Faisalabad,Zameen
3901,https://www.zameen.com/Property/faisalabad_satiana_road_20_marla_2_storey_new_house_for_rent_in_satyana_road_faisalabad-53041545-534-4.html,House,For Rent,1 Kanal,5,5.0,1 week ago,PKR 1.65 Lakh,"Satiana Road, Faisalabad",Faisalabad,Zameen
3902,https://www.zameen.com/Property/canal_road_east_canal_road_10_marla_house_for_rent-54653818-9506-4.html,House,For Rent,10 Marla,5,6.0,1 week ago,PKR 2.5 Lakh,"East Canal Road, Canal Road",Faisalabad,Zameen
3903,https://www.zameen.com/Property/faisalabad_amin_town_beautifully_constructed_prime_location_lower_portion_is_available_for_rent_in_amin_town-54591414-1362-4.html,Lower Portion,For Rent,1 Kanal,3,3.0,1 week ago,PKR 1.5 Lakh,"Amin Town, Faisalabad",Faisalabad,Zameen
3904,https://www.zameen.com/Property/faisalabad_satiana_road_5_marla_2_storey_house_for_rent_in_punjab_housing_society_satiana_road_faisalabad-53420260-534-4.html,House,For Rent,5 Marla,3,4.0,1 week ago,PKR 70 Thousand,"Satiana Road, Faisalabad",Faisalabad,Zameen
3905,https://www.zameen.com/Property/faisalabad_khayaban_colony_prime_location_20_marla_lower_portion_for_rent_in_khayaban_colony-54591416-4980-4.html,Lower Portion,For Rent,1 Kanal,,,1 week ago,PKR 75 Thousand,"Khayaban Colony, Faisalabad",Faisalabad,Zameen
3906,https://www.zameen.com/Property/faisalabad_khayaban_colony_3_11_marla_house_for_rent_in_khayaban_colony_3-54598558-15439-4.html,House,For Rent,11 Marla,7,7.0,1 week ago,PKR 1 Lakh,"Khayaban Colony 3, Faisalabad",Faisalabad,Zameen
3907,https://www.zameen.com/Property/faisalabad_gulistan_colony_no_1_house_is_available_for_rent-54654583-1073-4.html,House,For Rent,10 Marla,4,5.0,1 week ago,PKR 90 Thousand,"Gulistan Colony No 1, Faisalabad",Faisalabad,Zameen
3908,https://www.zameen.com/Property/faisalabad_lower_canal_road_flat_available_for_rent_at_lower_canal_road_jaranwala_road_faisalabad-54638720-12189-4.html,Flat,For Rent,3.5 Marla,2,2.0,1 week ago,PKR 50 Thousand,"Lower Canal Road, Faisalabad",Faisalabad,Zameen
3909,https://www.zameen.com/Property/faisalabad_canal_road_flat_available_for_rent_at_canal_road_lyallpur_galaria_faisalabad-54638721-1140-4.html,Flat,For Rent,3.5 Marla,2,2.0,1 week ago,PKR 75 Thousand,"Canal Road, Faisalabad",Faisalabad,Zameen
3910,https://www.zameen.com/Property/eden_gardens_eden_executive_5-marla_double_storey_house_for_rent_eden_executive-54640103-10765-4.html,House,For Rent,5 Marla,4,4.0,1 week ago,PKR 86 Thousand,"Eden Executive, Eden Gardens",Faisalabad,Zameen
3911,https://www.zameen.com/Property/satiana_road_orchard_homes_6_marla_2_storey_house_for_rent_in_orchard_home_satiana_road_faisalabad-52504107-10958-4.html,House,For Rent,6 Marla,5,4.0,1 week ago,PKR 50 Thousand,"Orchard Homes, Satiana Road",Faisalabad,Zameen
3912,https://www.zameen.com/Property/faisalabad_satiana_road_8_marla_2_storey_house_for_rent_in_satiana_road_faisalabad-53041549-534-4.html,House,For Rent,8 Marla,4,4.0,1 week ago,PKR 80 Thousand,"Satiana Road, Faisalabad",Faisalabad,Zameen
3913,https://www.zameen.com/Property/faisalabad_wapda_city_room_for_rent_in_wapda_city_wapda_city_is_available-54637044-501-4.html,Room,For Rent,2 Marla,1,1.0,1 week ago,PKR 40 Thousand,"Wapda City, Faisalabad",Faisalabad,Zameen
3914,https://www.zameen.com/Property/faisalabad_wapda_city_centrally_located_room_available_in_wapda_city_for_rent-54637038-501-4.html,Room,For Rent,2 Marla,1,1.0,1 week ago,PKR 40 Thousand,"Wapda City, Faisalabad",Faisalabad,Zameen
3915,https://www.zameen.com/Property/faisalabad_wapda_city_centrally_located_room_available_in_wapda_city_for_rent-54637047-501-4.html,Room,For Rent,2 Marla,1,1.0,1 week ago,PKR 40 Thousand,"Wapda City, Faisalabad",Faisalabad,Zameen
3916,https://www.zameen.com/Property/faisalabad_wapda_city_450_square_feet_room_in_wapda_city_is_best_option-54637049-501-4.html,Room,For Rent,2 Marla,1,1.0,1 week ago,PKR 40 Thousand,"Wapda City, Faisalabad",Faisalabad,Zameen
3917,https://www.zameen.com/Property/faisalabad_wapda_city_aesthetic_room_of_450_square_feet_for_rent_is_available-54637051-501-4.html,Room,For Rent,2 Marla,1,1.0,1 week ago,PKR 40 Thousand,"Wapda City, Faisalabad",Faisalabad,Zameen
3918,https://www.zameen.com/Property/faisalabad_wapda_city_room_of_450_square_feet_in_wapda_city_for_rent-54637054-501-4.html,Room,For Rent,2 Marla,1,1.0,1 week ago,PKR 40 Thousand,"Wapda City, Faisalabad",Faisalabad,Zameen
3919,https://www.zameen.com/Property/faisalabad_wapda_city_a_perfect_room_awaits_you_in_wapda_city_wapda_city-54637057-501-4.html,Room,For Rent,2 Marla,1,1.0,1 week ago,PKR 40 Thousand,"Wapda City, Faisalabad",Faisalabad,Zameen
3920,https://www.zameen.com/Property/faisalabad_wapda_city_your_ideal_450_square_feet_room_has_just_become_available_in_wapda_city-54637055-501-4.html,Room,For Rent,2 Marla,1,1.0,1 week ago,PKR 40 Thousand,"Wapda City, Faisalabad",Faisalabad,Zameen
3921,https://www.zameen.com/Property/faisalabad_wapda_city_a_perfect_room_awaits_you_in_wapda_city_wapda_city-54637056-501-4.html,Room,For Rent,2 Marla,1,1.0,1 week ago,PKR 40 Thousand,"Wapda City, Faisalabad",Faisalabad,Zameen
3922,https://www.zameen.com/Property/faisalabad_wapda_city_450_square_feet_room_is_available_for_rent_in_wapda_city-54637058-501-4.html,Room,For Rent,2 Marla,1,1.0,1 week ago,PKR 40 Thousand,"Wapda City, Faisalabad",Faisalabad,Zameen
3923,https://www.zameen.com/Property/faisalabad_wapda_city_wapda_city_room_sized_450_square_feet-54637060-501-4.html,Room,For Rent,2 Marla,1,1.0,1 week ago,PKR 40 Thousand,"Wapda City, Faisalabad",Faisalabad,Zameen
3924,https://www.zameen.com/Property/faisalabad_wapda_city_a_450_square_feet_room_has_landed_on_market_in_wapda_city_of_wapda_city-54637061-501-4.html,Room,For Rent,2 Marla,1,1.0,1 week ago,PKR 40 Thousand,"Wapda City, Faisalabad",Faisalabad,Zameen
3925,https://www.zameen.com/Property/faisalabad_wapda_city_room_sized_450_square_feet_available_in_wapda_city-54637059-501-4.html,Room,For Rent,2 Marla,1,1.0,1 week ago,PKR 40 Thousand,"Wapda City, Faisalabad",Faisalabad,Zameen
3926,https://www.zameen.com/Property/faisalabad_wapda_city_perfect_450_square_feet_room_in_wapda_city_for_rent-54637068-501-4.html,Room,For Rent,2 Marla,1,1.0,1 week ago,PKR 40 Thousand,"Wapda City, Faisalabad",Faisalabad,Zameen
3927,https://www.zameen.com/Property/faisalabad_wapda_city_a_perfect_room_awaits_you_in_wapda_city_wapda_city-54637064-501-4.html,Room,For Rent,2 Marla,1,1.0,1 week ago,PKR 40 Thousand,"Wapda City, Faisalabad",Faisalabad,Zameen
3928,https://www.zameen.com/Property/faisalabad_wapda_city_stunning_room_is_available_for_rent_in_wapda_city-54637065-501-4.html,Room,For Rent,2 Marla,1,1.0,1 week ago,PKR 40 Thousand,"Wapda City, Faisalabad",Faisalabad,Zameen
3929,https://www.zameen.com/Property/faisalabad_wapda_city_stunning_and_affordable_room_available_for_rent_in_wapda_city-54637067-501-4.html,Room,For Rent,2 Marla,1,1.0,1 week ago,PKR 40 Thousand,"Wapda City, Faisalabad",Faisalabad,Zameen
3930,https://www.zameen.com/Property/faisalabad_wapda_city_room_sized_450_square_feet_in_wapda_city-54637070-501-4.html,Room,For Rent,2 Marla,1,1.0,1 week ago,PKR 40 Thousand,"Wapda City, Faisalabad",Faisalabad,Zameen
3931,https://www.zameen.com/Property/faisalabad_wapda_city_a_450_square_feet_room_is_up_for_grabs_in_wapda_city-54637082-501-4.html,Room,For Rent,2 Marla,1,1.0,1 week ago,PKR 40 Thousand,"Wapda City, Faisalabad",Faisalabad,Zameen
3932,https://www.zameen.com/Property/faisalabad_wapda_city_in_wapda_city_room_sized_450_square_feet_for_rent-54637086-501-4.html,Room,For Rent,2 Marla,1,1.0,1 week ago,PKR 40 Thousand,"Wapda City, Faisalabad",Faisalabad,Zameen
3933,https://www.zameen.com/Property/faisalabad_wapda_city_450_square_feet_spacious_room_is_available_in_wapda_city_for_rent-54637087-501-4.html,Room,For Rent,2 Marla,1,1.0,1 week ago,PKR 40 Thousand,"Wapda City, Faisalabad",Faisalabad,Zameen
3934,https://www.zameen.com/Property/faisalabad_wapda_city_a_well_designed_house_is_up_for_rent_in_an_ideal_location_in_wapda_city-54654989-501-4.html,House,For Rent,5 Marla,3,4.0,1 week ago,PKR 85 Thousand,"Wapda City, Faisalabad",Faisalabad,Zameen
3935,https://www.zameen.com/Property/faisalabad_wapda_city_used_house_but_good_condition_portion-54654986-501-4.html,House,For Rent,5 Marla,3,3.0,1 week ago,PKR 85 Thousand,"Wapda City, Faisalabad",Faisalabad,Zameen
3936,https://www.zameen.com/Property/faisalabad_wapda_city_used_but_clean_house_upper_portion_of_20_marla_available_for_rent_in_wapda_city-54654985-501-4.html,Upper Portion,For Rent,15 Marla,3,3.0,1 week ago,PKR 70 Thousand,"Wapda City, Faisalabad",Faisalabad,Zameen
3937,https://www.zameen.com/Property/east_canal_road_abdullah_gardens_get_in_touch_now_to_buy_a_prime_location_house_in_faisalabad-54591577-4890-4.html,House,For Rent,1 Kanal,,,1 week ago,PKR 5 Lakh,"Abdullah Gardens, East Canal Road",Faisalabad,Zameen
3938,https://www.zameen.com/Property/faisalabad_kohinoor_town_4_marla_double_storey_house_for_rent-54591580-10313-4.html,House,For Rent,4 Marla,4,4.0,1 week ago,PKR 80 Thousand,"Kohinoor Town, Faisalabad",Faisalabad,Zameen
3939,https://www.zameen.com/Property/east_canal_road_abdullah_gardens_get_an_attractive_prime_location_house_in_faisalabad_under_rs_650000_for_rent-54591581-4890-4.html,House,For Rent,1 Kanal,5,5.0,1 week ago,PKR 6.5 Lakh,"Abdullah Gardens, East Canal Road",Faisalabad,Zameen
3940,https://www.zameen.com/Property/faisalabad_saeed_colony_a_great_choice_for_a_prime_location_16_marla_house_available_in_saeed_colony_for_rent-54591582-582-4.html,House,For Rent,16 Marla,,,1 week ago,PKR 1.75 Lakh,"Saeed Colony, Faisalabad",Faisalabad,Zameen
3941,https://www.zameen.com/Property/faisalabad_khayaban_colony_2_prime_location_khayaban_colony_2_house_for_rent_sized_10_marla-54591586-9475-4.html,House,For Rent,10 Marla,,,1 week ago,PKR 1.1 Lakh,"Khayaban Colony 2, Faisalabad",Faisalabad,Zameen
3942,https://www.zameen.com/Property/faisalabad_khayaban_colony_2_prime_location_a_centrally_located_upper_portion_is_available_for_rent_in_khayaban_colony_2-54591587-9475-4.html,Upper Portion,For Rent,1 Kanal,,,1 week ago,PKR 75 Thousand,"Khayaban Colony 2, Faisalabad",Faisalabad,Zameen
3943,https://www.zameen.com/Property/faisalabad_saeed_colony_ready_to_buy_a_prime_location_house_20_marla_in_saeed_colony-54591591-582-4.html,House,For Rent,1 Kanal,6,6.0,1 week ago,PKR 5 Lakh,"Saeed Colony, Faisalabad",Faisalabad,Zameen
3944,https://www.zameen.com/Property/faisalabad_kohinoor_town_11_marla_house_for_rent-54591593-10313-4.html,House,For Rent,11 Marla,5,5.0,1 week ago,PKR 1.4 Lakh,"Kohinoor Town, Faisalabad",Faisalabad,Zameen
3945,https://www.zameen.com/Property/faisalabad_madina_town_buy_a_prime_location_20_marla_upper_portion_for_rent_in_madina_town-54634254-533-4.html,Upper Portion,For Rent,1 Kanal,,,1 week ago,PKR 80 Thousand,"Madina Town, Faisalabad",Faisalabad,Zameen
3946,https://www.zameen.com/Property/faisalabad_khayaban_colony_avail_yourself_a_great_5_marla_house_in_khayaban_colony-54654799-4980-4.html,House,For Rent,5 Marla,3,3.0,1 week ago,PKR 65 Thousand,"Khayaban Colony, Faisalabad",Faisalabad,Zameen
3947,https://www.zameen.com/Property/faisalabad_susan_road_apartment_available_for_rent_at_sussan_road_faisalabad-54638701-8586-4.html,Apartment,For Rent,1.8 Marla,1,1.0,1 week ago,PKR 50 Thousand,"Susan Road, Faisalabad",Faisalabad,Zameen
3948,https://www.zameen.com/Property/faisalabad_madina_town_prime_location_house_20_marla_for_rent_in_madina_town-54591572-533-4.html,House,For Rent,1 Kanal,5,5.0,1 week ago,PKR 3 Lakh,"Madina Town, Faisalabad",Faisalabad,Zameen
3949,https://www.zameen.com/Property/faisalabad_khayaban_colony_house_for_rent_5_marla-54634253-4980-4.html,House,For Rent,5 Marla,3,3.0,1 week ago,PKR 65 Thousand,"Khayaban Colony, Faisalabad",Faisalabad,Zameen
3950,https://www.zameen.com/Property/faisalabad_khayaban_colony_house_for_rent_5_marla-54634252-4980-4.html,House,For Rent,5 Marla,3,3.0,1 week ago,PKR 65 Thousand,"Khayaban Colony, Faisalabad",Faisalabad,Zameen
3951,https://www.zameen.com/Property/faisalabad_officers_colony_2_a_well_designed_prime_location_upper_portion_is_up_for_rent_in_an_ideal_location_in_officers_colony_2-54591589-15304-4.html,Upper Portion,For Rent,1 Kanal,,,1 week ago,PKR 70 Thousand,"Officers Colony 2, Faisalabad",Faisalabad,Zameen
3952,https://www.zameen.com/Property/faisalabad_kohinoor_town_ready_to_rent_a_prime_location_upper_portion_8_marla_in_kohinoor_town-54591590-10313-4.html,Upper Portion,For Rent,8 Marla,,,1 week ago,PKR 50 Thousand,"Kohinoor Town, Faisalabad",Faisalabad,Zameen
3953,https://www.zameen.com/Property/faisalabad_officers_colony_2_prime_location_in_officers_colony_2_upper_portion_for_rent_sized_20_marla-54591592-15304-4.html,Upper Portion,For Rent,1 Kanal,,,1 week ago,PKR 55 Thousand,"Officers Colony 2, Faisalabad",Faisalabad,Zameen
3954,https://www.zameen.com/Property/faisalabad_khayaban_colony_a_10_marla_house_located_in_khayaban_colony_is_available_for_rent-54591594-4980-4.html,House,For Rent,10 Marla,,,1 week ago,PKR 1.2 Lakh,"Khayaban Colony, Faisalabad",Faisalabad,Zameen
3955,https://www.zameen.com/Property/faisalabad_madina_town_reasonably-priced_prime_location_20_marla_house_in_madina_town_madina_town_is_available_as_of_now-54654798-533-4.html,House,For Rent,1 Kanal,,,1 week ago,PKR 80 Thousand,"Madina Town, Faisalabad",Faisalabad,Zameen
3956,https://www.zameen.com/Property/wapda_city_wapda_city_-_block_l_get_in_touch_now_to_buy_a_house_in_wapda_city_-_block_l_faisalabad-54518114-5076-4.html,House,For Rent,5 Marla,,,1 week ago,PKR 85 Thousand,"Wapda City - Block L, Wapda City",Faisalabad,Zameen
3957,https://www.zameen.com/Property/faisalabad_wapda_city_5_marla_house_for_rent_in_wapda_city-54617982-501-4.html,House,For Rent,5 Marla,,,2 weeks ago,PKR 85 Thousand,"Wapda City, Faisalabad",Faisalabad,Zameen
3958,https://www.zameen.com/Property/faisalabad_green_town_5_marla_brand_new_double_storey_house_available_for_rent-53704147-1388-4.html,House,For Rent,5 Marla,5,6.0,2 weeks ago,PKR 65 Thousand,"Green Town, Faisalabad",Faisalabad,Zameen
3959,https://www.zameen.com/Property/peoples_colony_no_1_peoples_colony_-_block_d_27_marla_very_prime_location_house_available_for_rent_also_available_for_commercial_use-53136520-11505-4.html,House,For Rent,1.3 Kanal,5,6.0,2 weeks ago,PKR 3.5 Lakh,"Peoples Colony - Block D, Peoples Colony No 1",Faisalabad,Zameen
3960,https://www.zameen.com/Property/faisalabad_wapda_city_furnished_2bhk_available_flat_for_rent-54018267-501-4.html,Flat,For Rent,2 Marla,2,2.0,2 weeks ago,PKR 75 Thousand,"Wapda City, Faisalabad",Faisalabad,Zameen
3961,https://www.zameen.com/Property/faisalabad_eden_orchard_7_marla_double_storey_house_available_for_rent-54648512-11162-4.html,House,For Rent,7 Marla,4,5.0,1 week ago,PKR 1.15 Lakh,"Eden Orchard, Faisalabad",Faisalabad,Zameen
3962,https://www.zameen.com/Property/faisalabad_eden_orchard_5_marla_lower_portion_available_for_rent-54647379-11162-4.html,Lower Portion,For Rent,5 Marla,3,3.0,2 weeks ago,PKR 50 Thousand,"Eden Orchard, Faisalabad",Faisalabad,Zameen
3963,https://www.zameen.com/Property/faisalabad_wapda_city_luxury_furnished_room_for_rent_in_umer_heights_wapda_city_faisalabad-54503450-501-4.html,Room,For Rent,2 Marla,1,1.0,2 weeks ago,PKR 40 Thousand,"Wapda City, Faisalabad",Faisalabad,Zameen
3964,https://www.zameen.com/Property/faisalabad_wapda_city_villa_available_for_rent-54273040-501-4.html,Villa,For Rent,2 Kanal,6,6.0,2 weeks ago,PKR 5 Lakh,"Wapda City, Faisalabad",Faisalabad,Zameen
3965,https://www.zameen.com/Property/faisalabad_civil_lines_33_marla_very_prime_location_house_civil_lines_single_storey_house_also_available_for_commercial_use_like_office_etc_gas-53113442-652-4.html,House,For Rent,1.6 Kanal,7,6.0,2 weeks ago,PKR 3.95 Lakh,"Civil Lines, Faisalabad",Faisalabad,Zameen
3966,https://www.zameen.com/Property/faisalabad_d_ground_upper_portion_available_for_rent-54297232-537-4.html,Upper Portion,For Rent,2 Marla,3,3.0,2 weeks ago,PKR 45 Thousand,"D Ground, Faisalabad",Faisalabad,Zameen
3967,https://www.zameen.com/Property/faisalabad_canal_road_furnished_apartment_single_room_available_for_rent-54328907-1140-4.html,Room,For Rent,2 Marla,1,1.0,2 weeks ago,PKR 50 Thousand,"Canal Road, Faisalabad",Faisalabad,Zameen
3968,https://www.zameen.com/Property/satiana_road_sitara_gold_city_new_house_available_for_rent-54619946-10822-4.html,House,For Rent,5 Marla,3,4.0,2 weeks ago,PKR 80 Thousand,"Sitara Gold City, Satiana Road",Faisalabad,Zameen
3969,https://www.zameen.com/Property/faisalabad_canal_road_house_available_for_rent-54619947-1140-4.html,House,For Rent,1.5 Kanal,5,5.0,2 weeks ago,PKR 3.5 Lakh,"Canal Road, Faisalabad",Faisalabad,Zameen
3970,https://www.zameen.com/Property/faisalabad_wapda_city_room_for_rent_in_wapda_city_wapda_city-54637069-501-4.html,Room,For Rent,2 Marla,1,1.0,2 weeks ago,PKR 40 Thousand,"Wapda City, Faisalabad",Faisalabad,Zameen
3971,https://www.zameen.com/Property/faisalabad_wapda_city_1_kanal_lower_portion_available_for_rent-54332313-501-4.html,Lower Portion,For Rent,1 Kanal,3,3.0,2 weeks ago,PKR 1.3 Lakh,"Wapda City, Faisalabad",Faisalabad,Zameen
3972,https://www.zameen.com/Property/eden_gardens_eden_executive_5_marla_house_for_grabs_in_eden_gardens-54640652-10765-4.html,House,For Rent,5 Marla,6,6.0,2 weeks ago,PKR 90 Thousand,"Eden Executive, Eden Gardens",Faisalabad,Zameen
3973,https://www.zameen.com/Property/canal_road_model_city_1_centrally_located_house_for_rent_in_model_city_1_available-54589909-8590-4.html,House,For Rent,5 Marla,,,2 weeks ago,PKR 70 Thousand,"Model City 1, Canal Road",Faisalabad,Zameen
3974,https://www.zameen.com/Property/faisalabad_eden_gardens_good_location_near_park_market_masjid_separate_car_porch_meter_separate-54589911-8296-4.html,Other,For Rent,17.8 Marla,3,4.0,2 weeks ago,PKR 70 Thousand,"Eden Gardens, Faisalabad",Faisalabad,Zameen
3975,https://www.zameen.com/Property/eden_gardens_eden_executive_your_search_for_upper_portion_in_faisalabad_ends_here_for_rent-54589924-10765-4.html,Upper Portion,For Rent,4 Marla,,,2 weeks ago,PKR 70 Thousand,"Eden Executive, Eden Gardens",Faisalabad,Zameen
3976,https://www.zameen.com/Property/canal_road_model_city_1_2_marla_house_is_available_in_affordable_price_in_model_city_1_for_rent-54589925-8590-4.html,House,For Rent,2 Marla,,,2 weeks ago,PKR 40 Thousand,"Model City 1, Canal Road",Faisalabad,Zameen
3977,https://www.zameen.com/Property/eden_gardens_eden_executive_7_marla_home_for_rent_4_beads_and_tv_lounge_big_kitchen_near_market_masjid_good_location-54589926-10765-4.html,Other,For Rent,7 Marla,4,5.0,2 weeks ago,PKR 1.3 Lakh,"Eden Executive, Eden Gardens",Faisalabad,Zameen
3978,https://www.zameen.com/Property/canal_road_model_city_1_5_marla_portion_for_rent_in_model_city_1-54589927-8590-4.html,Other,For Rent,5 Marla,,,2 weeks ago,PKR 45 Thousand,"Model City 1, Canal Road",Faisalabad,Zameen
3979,https://www.zameen.com/Property/faisalabad_wapda_city_luxury_furnished_flat_for_rent_in_umer_heights_wapda_city_faisalabad-54531885-501-4.html,Flat,For Rent,3.3 Marla,2,2.0,2 weeks ago,PKR 70 Thousand,"Wapda City, Faisalabad",Faisalabad,Zameen
3980,https://www.zameen.com/Property/faisalabad_wapda_city_luxury_furnished_flat_for_rent_in_umer_heights_wapda_city_faisalabad-54531887-501-4.html,Flat,For Rent,3.3 Marla,2,2.0,2 weeks ago,PKR 70 Thousand,"Wapda City, Faisalabad",Faisalabad,Zameen
3981,https://www.zameen.com/Property/faisalabad_wapda_city_luxury_furnished_flat_for_rent_in_umer_heights_wapda_city_faisalabad-54561202-501-4.html,Flat,For Rent,3.3 Marla,2,2.0,2 weeks ago,PKR 70 Thousand,"Wapda City, Faisalabad",Faisalabad,Zameen
3982,https://www.zameen.com/Property/faisalabad_wapda_city_luxury_furnished_flat_for_rent_in_umer_heights_wapda_city_faisalabad-54581820-501-4.html,Flat,For Rent,3.3 Marla,2,2.0,2 weeks ago,PKR 70 Thousand,"Wapda City, Faisalabad",Faisalabad,Zameen
3983,https://www.zameen.com/Property/faisalabad_wapda_city_luxury_furnished_flat_for_rent_in_umer_heights_wapda_city_faisalabad-54581822-501-4.html,Flat,For Rent,3.3 Marla,2,2.0,2 weeks ago,PKR 70 Thousand,"Wapda City, Faisalabad",Faisalabad,Zameen
3984,https://www.zameen.com/Property/faisalabad_wapda_city_luxury_furnished_flat_for_rent_in_umer_heights_wapda_city_faisalabad-54601023-501-4.html,Flat,For Rent,3.3 Marla,2,2.0,2 weeks ago,PKR 70 Thousand,"Wapda City, Faisalabad",Faisalabad,Zameen
3985,https://www.zameen.com/Property/faisalabad_wapda_city_luxury_furnished_for_rent_in_umer_heights_wapda_city_faisalabad-54601024-501-4.html,Other,For Rent,3.3 Marla,2,2.0,2 weeks ago,PKR 70 Thousand,"Wapda City, Faisalabad",Faisalabad,Zameen
3986,https://www.zameen.com/Property/faisalabad_lasani_garden_a_centrally_located_3_5_marla_upper_portion_in_lasani_garden-53442085-4984-4.html,Upper Portion,For Rent,3.5 Marla,2,2.0,2 weeks ago,PKR 35 Thousand,"Lasani Garden, Faisalabad",Faisalabad,Zameen
3987,https://www.zameen.com/Property/faisalabad_sitara_sapna_city_5_marla_upper_portion_for_rent_in_sitara_sapna_city-54267956-1211-4.html,Upper Portion,For Rent,5 Marla,3,3.0,2 weeks ago,PKR 55 Thousand,"Sitara Sapna City, Faisalabad",Faisalabad,Zameen
3988,https://www.zameen.com/Property/faisalabad_wapda_city_luxury_furnished_room_for_rent_in_umer_heights_wapda_city_faisalabad-54531886-501-4.html,Room,For Rent,2 Marla,1,1.0,2 weeks ago,PKR 40 Thousand,"Wapda City, Faisalabad",Faisalabad,Zameen
3989,https://www.zameen.com/Property/faisalabad_wapda_city_luxury_furnished_room_for_rent_in_umer_heights_wapda_city_faisalabad-54531888-501-4.html,Room,For Rent,2 Marla,1,1.0,2 weeks ago,PKR 40 Thousand,"Wapda City, Faisalabad",Faisalabad,Zameen
3990,https://www.zameen.com/Property/faisalabad_wapda_city_luxury_furnished_room_for_rent_in_umer_heights_wapda_city_faisalabad-54581811-501-4.html,Room,For Rent,2 Marla,1,1.0,2 weeks ago,PKR 40 Thousand,"Wapda City, Faisalabad",Faisalabad,Zameen
3991,https://www.zameen.com/Property/faisalabad_wapda_city_new_furnished_room_for_rent_umer_heights_wapda_city_faisalabad-54581814-501-4.html,Room,For Rent,2 Marla,,,2 weeks ago,PKR 40 Thousand,"Wapda City, Faisalabad",Faisalabad,Zameen
3992,https://www.zameen.com/Property/faisalabad_wapda_city_luxury_furnished_room_for_rent_in_umer_heights_wapda_city_faisalabad-54581815-501-4.html,Room,For Rent,2 Marla,1,1.0,2 weeks ago,PKR 40 Thousand,"Wapda City, Faisalabad",Faisalabad,Zameen
3993,https://www.zameen.com/Property/faisalabad_wapda_city_luxury_furnished_room_for_rent_in_umer_heights_wapda_city_faisalabad-54581816-501-4.html,Room,For Rent,2 Marla,1,1.0,2 weeks ago,PKR 40 Thousand,"Wapda City, Faisalabad",Faisalabad,Zameen
3994,https://www.zameen.com/Property/faisalabad_wapda_city_luxury_furnished_room_for_rent_in_umer_heights_wapda_city_faisalabad-54581817-501-4.html,Room,For Rent,2 Marla,1,1.0,2 weeks ago,PKR 40 Thousand,"Wapda City, Faisalabad",Faisalabad,Zameen
3995,https://www.zameen.com/Property/faisalabad_wapda_city_luxury_furnished_room_for_rent_in_umer_heights_wapda_city_faisalabad-54581819-501-4.html,Room,For Rent,2 Marla,1,1.0,2 weeks ago,PKR 40 Thousand,"Wapda City, Faisalabad",Faisalabad,Zameen
3996,https://www.zameen.com/Property/faisalabad_wapda_city_luxury_furnished_room_for_rent_in_umer_heights_wapda_city_faisalabad-54601022-501-4.html,Room,For Rent,3.3 Marla,1,1.0,2 weeks ago,PKR 70 Thousand,"Wapda City, Faisalabad",Faisalabad,Zameen
3997,https://www.zameen.com/Property/faisalabad_wapda_city_luxury_furnished_room_for_rent_in_umer_heights_wapda_city_faisalabad-54637041-501-4.html,Room,For Rent,3.3 Marla,2,2.0,2 weeks ago,PKR 70 Thousand,"Wapda City, Faisalabad",Faisalabad,Zameen
3998,https://www.zameen.com/Property/citi_housing_citi_housing_sargodha_road_1_kanal_house_in_citi_housing_sargodha_road_best_option-54036150-11229-4.html,House,For Rent,1 Kanal,7,6.0,2 weeks ago,PKR 2 Lakh,"Citi Housing Sargodha Road, Citi Housing",Faisalabad,Zameen
3999,https://www.zameen.com/Property/faisalabad_eden_orchard_5_marla_house_for_rent_in_eden_orchard-54593137-11162-4.html,House,For Rent,5 Marla,3,4.0,2 weeks ago,PKR 85 Thousand,"Eden Orchard, Faisalabad",Faisalabad,Zameen
4000,https://www.zameen.com/Property/faisalabad_al_noor_garden_2_marla_house_available_for_rent_in_al_noor_garden-54618092-8916-4.html,House,For Rent,2 Marla,,,2 weeks ago,PKR 32 Thousand,"Al Noor Garden, Faisalabad",Faisalabad,Zameen
4001,https://www.zameen.com/Property/citi_housing_sargodha_road_citi_housing_sargodha_road_-_block_b_10_marla_house_for_rent_in_b_block_citi_housing_sargodha_road-54640336-14610-4.html,House,For Rent,10 Marla,4,5.0,2 weeks ago,PKR 95 Thousand,"Citi Housing Sargodha Road - Block B, Citi Housing Sargodha Road",Faisalabad,Zameen
4002,https://www.zameen.com/Property/lower_canal_road_oasis_one_5_marla_house_up_for_rent_in_oasis_one-54616992-19684-4.html,House,For Rent,5 Marla,,,2 weeks ago,PKR 2 Lakh,"Oasis One, Lower Canal Road",Faisalabad,Zameen
4003,https://www.zameen.com/Property/lower_canal_road_oasis_one_prime_location_flat_of_337_square_feet_is_available_for_rent_in_oasis_one-54616993-19684-4.html,Flat,For Rent,1.5 Marla,1,1.0,2 weeks ago,PKR 75 Thousand,"Oasis One, Lower Canal Road",Faisalabad,Zameen
4004,https://www.zameen.com/Property/faisalabad_wapda_city_450_square_feet_room_in_central_wapda_city_for_rent-54637053-501-4.html,Room,For Rent,2 Marla,1,1.0,2 weeks ago,PKR 40 Thousand,"Wapda City, Faisalabad",Faisalabad,Zameen
4005,https://www.zameen.com/Property/faisalabad_eden_valley_spacious_3-bed_with_dual_kitchens_d_block_eden_valley_flat_for_rent-54618101-8917-4.html,Flat,For Rent,6 Marla,3,3.0,2 weeks ago,PKR 35 Thousand,"Eden Valley, Faisalabad",Faisalabad,Zameen
4006,https://www.zameen.com/Property/citi_housing_sargodha_road_citi_housing_sargodha_road_-_block_c_5_marla_house_available_for_rent_in_citi_housing_c_block-54640337-14611-4.html,House,For Rent,5 Marla,3,,2 weeks ago,PKR 55 Thousand,"Citi Housing Sargodha Road - Block C, Citi Housing Sargodha Road",Faisalabad,Zameen
4007,https://www.zameen.com/Property/faisalabad_gulberg_valley_looking_for_a_prime_location_lower_portion_in_gulberg_valley-54573788-10823-4.html,Lower Portion,For Rent,3 Marla,,,2 weeks ago,PKR 22 Thousand,"Gulberg Valley, Faisalabad",Faisalabad,Zameen
4008,https://www.zameen.com/Property/faisalabad_university_town_4_2_marla_double_storey_house_available_university_town_sargodha_road_faisalabad-54619200-5063-4.html,House,For Rent,4.2 Marla,4,4.0,2 weeks ago,PKR 55 Thousand,"University Town, Faisalabad",Faisalabad,Zameen
4009,https://www.zameen.com/Property/faisalabad_eden_orchard_5_marla_double_storey_house_available_for_rent-54632234-11162-4.html,House,For Rent,5 Marla,3,4.0,2 weeks ago,PKR 85 Thousand,"Eden Orchard, Faisalabad",Faisalabad,Zameen
4010,https://www.zameen.com/Property/lower_canal_road_green_orchard_apartments_want_to_buy_a_prime_location_flat_in_faisalabad-54630683-19726-4.html,Flat,For Rent,3.5 Marla,,,2 weeks ago,PKR 90 Thousand,"Green Orchard Apartments, Lower Canal Road",Faisalabad,Zameen
4011,https://www.zameen.com/Property/lower_canal_road_green_orchard_apartments_prime_location_flat_in_green_orchard_apartments_sized_784_square_feet_is_available-54630682-19726-4.html,Flat,For Rent,3.5 Marla,,,2 weeks ago,PKR 75 Thousand,"Green Orchard Apartments, Lower Canal Road",Faisalabad,Zameen
4012,https://www.zameen.com/Property/faisalabad_eden_orchard_to_rent_you_can_find_spacious_upper_portion_in_eden_orchard-54631891-11162-4.html,Upper Portion,For Rent,10 Marla,3,4.0,2 weeks ago,PKR 75 Thousand,"Eden Orchard, Faisalabad",Faisalabad,Zameen
4013,https://www.zameen.com/Property/faisalabad_eden_orchard_11_marla_like_brand_new_double_storey_house_available_for_rent_in_eden_orchard_lasani_pulli_sargodha_road-54572956-11162-4.html,House,For Rent,11 Marla,6,6.0,2 weeks ago,PKR 1.6 Lakh,"Eden Orchard, Faisalabad",Faisalabad,Zameen
4014,https://www.zameen.com/Property/faisalabad_eden_orchard_neat_clean_house-54631892-11162-4.html,House,For Rent,6 Marla,5,6.0,2 weeks ago,PKR 1.2 Lakh,"Eden Orchard, Faisalabad",Faisalabad,Zameen
4015,https://www.zameen.com/Property/lower_canal_road_green_orchard_apartments_stunning_prime_location_flat_is_available_for_rent_in_green_orchard_apartments-54630684-19726-4.html,Flat,For Rent,3.5 Marla,,,2 weeks ago,PKR 95 Thousand,"Green Orchard Apartments, Lower Canal Road",Faisalabad,Zameen
4016,https://www.zameen.com/Property/faisalabad_eden_valley_eden_valley_house_for_rent-54594037-8917-4.html,House,For Rent,5 Marla,3,4.0,2 weeks ago,PKR 90 Thousand,"Eden Valley, Faisalabad",Faisalabad,Zameen
4017,https://www.zameen.com/Property/faisalabad_canal_road_furnished_apartment_for_rent-54474096-1140-4.html,Apartment,For Rent,1.8 Marla,1,1.0,2 weeks ago,PKR 65 Thousand,"Canal Road, Faisalabad",Faisalabad,Zameen
4018,https://www.zameen.com/Property/faisalabad_abdullah_garden_13_marla_house_available_for_rent_in_abdullah_gardens_canal_road_faisalabad-54310444-15268-4.html,House,For Rent,13 Marla,5,7.0,3 weeks ago,PKR 2.9 Lakh,"Abdullah Garden, Faisalabad",Faisalabad,Zameen
4019,https://www.zameen.com/Property/faisalabad_sargodha_road_new_house_for_rent-54048114-768-4.html,House,For Rent,6 Marla,6,6.0,3 weeks ago,PKR 1.05 Lakh,"Sargodha Road, Faisalabad",Faisalabad,Zameen
4020,https://www.zameen.com/Property/faisalabad_canal_road_executive_flat_for_rent-54087031-1140-4.html,Flat,For Rent,2 Marla,1,1.0,3 weeks ago,PKR 65 Thousand,"Canal Road, Faisalabad",Faisalabad,Zameen
4021,https://www.zameen.com/Property/faisalabad_eden_valley_house_for_rent-54508540-8917-4.html,House,For Rent,5 Marla,3,4.0,3 weeks ago,PKR 75 Thousand,"Eden Valley, Faisalabad",Faisalabad,Zameen
4022,https://www.zameen.com/Property/faisalabad_kareem_city_gas_not_available_upper_portion_spread_over_2_marla_in_kareem_city_available-54485149-9452-4.html,Upper Portion,For Rent,2 Marla,2,2.0,3 weeks ago,PKR 25 Thousand,"Kareem City, Faisalabad",Faisalabad,Zameen
4023,https://www.zameen.com/Property/citi_housing_citi_housing_sargodha_road_10_marla_portion_available_for_rent-54473106-11229-4.html,Other,For Rent,10 Marla,2,2.0,3 weeks ago,PKR 38 Thousand,"Citi Housing Sargodha Road, Citi Housing",Faisalabad,Zameen
4024,https://www.zameen.com/Property/faisalabad_amin_town_10_marla_house_for_rent_in_amin_town-54600897-1362-4.html,House,For Rent,10 Marla,5,5.0,3 weeks ago,PKR 1.25 Lakh,"Amin Town, Faisalabad",Faisalabad,Zameen
4025,https://www.zameen.com/Property/canal_road_east_canal_road_luxury_house_for_rent-54381739-9506-4.html,House,For Rent,1 Kanal,7,6.0,3 weeks ago,PKR 4.5 Lakh,"East Canal Road, Canal Road",Faisalabad,Zameen
4026,https://www.zameen.com/Property/riaz_ul_jannah_riaz_ul_jannah_-_umer_block_all_facility_available_a_5_marla_lower_portion_is_up_for_grabs_in_riaz_ul_jannah-54485150-18504-4.html,Lower Portion,For Rent,5 Marla,2,2.0,3 weeks ago,PKR 45 Thousand,"Riaz Ul Jannah - Umer Block, Riaz ul Jannah",Faisalabad,Zameen
4027,https://www.zameen.com/Property/faisalabad_eden_orchard_5_marla_like_brand_new_double_storey_house_available_for_rent-54178751-11162-4.html,House,For Rent,5 Marla,3,4.0,3 weeks ago,PKR 85 Thousand,"Eden Orchard, Faisalabad",Faisalabad,Zameen
4028,https://www.zameen.com/Property/eden_gardens_eden_executive_12-marla_brand_new_house_for_rent_eden_executive-54573259-10765-4.html,House,For Rent,12 Marla,6,6.0,4 weeks ago,PKR 2.25 Lakh,"Eden Executive, Eden Gardens",Faisalabad,Zameen
4029,https://www.zameen.com/Property/faisalabad_kohinoor_city_beautiful_10_marla_house_available_for_rent_in_kohinoor_city_faisalabad-54413058-1360-4.html,House,For Rent,10 Marla,5,6.0,4 weeks ago,PKR 2.7 Lakh,"Kohinoor City, Faisalabad",Faisalabad,Zameen
4030,https://www.zameen.com/Property/faisalabad_canal_road_6_marla_brand_new_double_storey_house_available_for_rent-53475864-1140-4.html,House,For Rent,6 Marla,4,4.0,1 month ago,PKR 1.2 Lakh,"Canal Road, Faisalabad",Faisalabad,Zameen
4031,https://www.zameen.com/Property/faisalabad_canal_road_8_marla_fully_furnished_house_available_for_rent-52897444-1140-4.html,House,For Rent,8 Marla,4,5.0,1 month ago,PKR 1.25 Lakh,"Canal Road, Faisalabad",Faisalabad,Zameen
4032,https://www.zameen.com/Property/faisalabad_canal_road_5_marla_portion_for_rent_at_75_000_-_pkr-52828524-1140-4.html,Other,For Rent,11 Marla,3,4.0,1 month ago,PKR 60 Thousand,"Canal Road, Faisalabad",Faisalabad,Zameen
4033,https://www.zameen.com/Property/canal_road_tech_town_canal_road_20_marla_beautiful_house_available_in_tech_town_canal_road-54540509-13586-4.html,House,For Rent,1 Kanal,4,6.0,1 month ago,PKR 3.5 Lakh,"Tech Town Canal Road, Canal Road",Faisalabad,Zameen
4034,https://www.zameen.com/Property/east_canal_road_abdullah_gardens_10_marla_beautiful_house_available_for_rent_in_abdullah_gardens-54540506-4890-4.html,House,For Rent,10 Marla,4,6.0,1 month ago,PKR 2.5 Lakh,"Abdullah Gardens, East Canal Road",Faisalabad,Zameen
4035,https://www.zameen.com/Property/faisalabad_sitara_sapna_city_7_marla_lower_portion_in_sitara_sapna_city_for_rent_at_good_location-54531485-1211-4.html,Lower Portion,For Rent,7 Marla,2,3.0,1 month ago,PKR 65 Thousand,"Sitara Sapna City, Faisalabad",Faisalabad,Zameen
4036,https://www.zameen.com/Property/faisalabad_canal_road_house_for_rent-54287198-1140-4.html,House,For Rent,1 Kanal,6,6.0,1 month ago,PKR 2.25 Lakh,"Canal Road, Faisalabad",Faisalabad,Zameen
4037,https://www.zameen.com/Property/faisalabad_d_ground_furnished_apartment_for_rent-54474285-537-4.html,Apartment,For Rent,2.4 Marla,1,1.0,1 month ago,PKR 80 Thousand,"D Ground, Faisalabad",Faisalabad,Zameen
4038,https://www.zameen.com/Property/faisalabad_lower_canal_road_furnished_apartment_for_rent-54480986-12189-4.html,Apartment,For Rent,1.6 Marla,1,1.0,1 month ago,PKR 75 Thousand,"Lower Canal Road, Faisalabad",Faisalabad,Zameen
4039,https://www.zameen.com/Property/faisalabad_sitara_sapna_city_store_tv_lounge_kitchen_with_gerage-54029990-1211-4.html,Other,For Rent,6 Marla,3,3.0,1 month ago,PKR 50 Thousand,"Sitara Sapna City, Faisalabad",Faisalabad,Zameen
4040,https://www.zameen.com/Property/faisalabad_al_noor_garden_5_marla_old_house_available_for_rent-54273920-8916-4.html,House,For Rent,5 Marla,4,5.0,1 month ago,PKR 75 Thousand,"Al Noor Garden, Faisalabad",Faisalabad,Zameen
4041,https://www.zameen.com/Property/east_canal_road_lyallpur_galleria_lyallpur_galleria_mall_apartment_2_bhk_furnished_2_bedrooms_living_room_basement_parking-54500427-10499-4.html,Room,For Rent,3.6 Marla,2,2.0,1 month ago,PKR 80 Thousand,"Lyallpur Galleria, East Canal Road",Faisalabad,Zameen
4042,https://www.zameen.com/Property/faisalabad_sargodha_road_20_marla_brand_new_luxurious_house_available_for_rent_in_sargodha_road_societies-54494650-768-4.html,House,For Rent,1 Kanal,6,6.0,1 month ago,PKR 2 Lakh,"Sargodha Road, Faisalabad",Faisalabad,Zameen
4043,https://www.zameen.com/Property/faisalabad_officers_colony_2_6_marla_upper_portion_for_rent-54469429-15304-4.html,Upper Portion,For Rent,6 Marla,3,3.0,2 months ago,PKR 40 Thousand,"Officers Colony 2, Faisalabad",Faisalabad,Zameen
4044,https://www.zameen.com/Property/eden_gardens_eden_garden_-_nawab_block_own_a_upper_portion_in_2_marla_faisalabad-53525878-11198-4.html,Upper Portion,For Rent,2 Marla,2,1.0,2 months ago,PKR 28 Thousand,"Eden Garden - Nawab Block, Eden Gardens",Faisalabad,Zameen
4045,https://www.zameen.com/Property/citi_housing_citi_housing_sargodha_road_flat_available_for_rent_opposite_citi_housing_sargodha_road-53586197-11229-4.html,Flat,For Rent,2 Marla,1,1.0,6 months ago,PKR 15 Thousand,"Citi Housing Sargodha Road, Citi Housing",Faisalabad,Zameen
4046,https://www.zameen.com/Property/canal_road_model_city_1_affordable_house_for_rent_in_model_city_1-54609263-8590-4.html,House,For Rent,3 Marla,3,4.0,3 weeks ago,PKR 50 Thousand,"Model City 1, Canal Road",Faisalabad,Zameen
4047,https://www.zameen.com/Property/canal_road_east_canal_road_luxury_house_for_rent-54364477-9506-4.html,House,For Rent,1 Kanal,7,6.0,3 weeks ago,PKR 5 Lakh,"East Canal Road, Canal Road",Faisalabad,Zameen
4048,https://www.zameen.com/Property/faisalabad_eden_orchard_5_marla_like_brand_new_double_story_house_available_for_rent-54565591-11162-4.html,House,For Rent,5 Marla,5,5.0,4 weeks ago,PKR 80 Thousand,"Eden Orchard, Faisalabad",Faisalabad,Zameen
4049,https://www.zameen.com/Property/faisalabad_eden_orchard_5_marla_like_brand_new_upper_portion_available_for_rent-54559765-11162-4.html,Upper Portion,For Rent,5 Marla,3,3.0,4 weeks ago,PKR 50 Thousand,"Eden Orchard, Faisalabad",Faisalabad,Zameen
4050,https://www.zameen.com/Property/faisalabad_aziz_fatima_road_furnished_kamra_available_double_bed_almari_aur_attach_washroom_room_for_rent-53782186-17320-4.html,Room,For Rent,1 Marla,1,1.0,1 month ago,PKR 18 Thousand,"Aziz Fatima Road, Faisalabad",Faisalabad,Zameen
4051,https://www.zameen.com/Property/faisalabad_eden_orchard_7_marla_like_brand_new_upper_portion_available_for_rent-54528915-11162-4.html,Upper Portion,For Rent,7 Marla,3,4.0,1 month ago,PKR 55 Thousand,"Eden Orchard, Faisalabad",Faisalabad,Zameen
4052,https://www.zameen.com/Property/faisalabad_eden_orchard_beautiful_neat_clean_house-54245975-11162-4.html,House,For Rent,5 Marla,3,4.0,1 month ago,PKR 85 Thousand,"Eden Orchard, Faisalabad",Faisalabad,Zameen
4053,https://www.zameen.com/Property/faisalabad_muslim_town_5_marla_double_storey_house_available_for_rent-54509894-1156-4.html,House,For Rent,5 Marla,4,5.0,1 month ago,PKR 70 Thousand,"Muslim Town, Faisalabad",Faisalabad,Zameen
4054,https://www.zameen.com/Property/faisalabad_khayaban_gardens_5_marla_upper_portion_available_for_rent-54505075-4981-4.html,Upper Portion,For Rent,5 Marla,3,3.0,1 month ago,PKR 40 Thousand,"Khayaban Gardens, Faisalabad",Faisalabad,Zameen
4055,https://www.zameen.com/Property/faisalabad_eden_orchard_5_marla_like_brand_new_double_storey_house_available_for_rent-54490680-11162-4.html,House,For Rent,5 Marla,3,4.0,1 month ago,PKR 85 Thousand,"Eden Orchard, Faisalabad",Faisalabad,Zameen
4056,https://www.zameen.com/Property/faisalabad_khayaban_gardens_5_marla_upper_portion_available_for_rent-54486472-4981-4.html,Upper Portion,For Rent,7 Marla,2,2.0,1 month ago,PKR 35 Thousand,"Khayaban Gardens, Faisalabad",Faisalabad,Zameen
4057,https://www.zameen.com/Property/faisalabad_khayaban_gardens_5_marla_like_brand_new_lower_portion_available_for_rent-54486269-4981-4.html,Lower Portion,For Rent,5 Marla,3,3.0,1 month ago,PKR 45 Thousand,"Khayaban Gardens, Faisalabad",Faisalabad,Zameen
4058,https://www.zameen.com/Property/jaranwala_road_kohinoor_one_vip_room_availble_for_rent-54478351-12286-4.html,Room,For Rent,0.9 Marla,,,1 month ago,PKR 30 Thousand,"Kohinoor One, Jaranwala Road",Faisalabad,Zameen
4059,https://www.zameen.com/Property/faisalabad_eden_orchard_5_marla_like_brand_new_double_story_house_available_for_rent-54458411-11162-4.html,House,For Rent,5 Marla,3,4.0,2 months ago,PKR 85 Thousand,"Eden Orchard, Faisalabad",Faisalabad,Zameen
4060,https://www.zameen.com/Property/faisalabad_sitara_sapna_city_beautiful_neat_clean_house_like_brand_new-54455084-1211-4.html,House,For Rent,7 Marla,2,2.0,2 months ago,PKR 60 Thousand,"Sitara Sapna City, Faisalabad",Faisalabad,Zameen
4061,https://www.zameen.com/Property/riaz_ul_jannah_riaz_ul_jannah_-_umer_block_brand_new_uper_portion-54318578-18504-4.html,Other,For Rent,6 Marla,2,2.0,2 months ago,PKR 45 Thousand,"Riaz Ul Jannah - Umer Block, Riaz ul Jannah",Faisalabad,Zameen
4062,https://www.zameen.com/Property/faisalabad_university_town_10_marla_like_brand_new_double_storey_house_available_for_rent-54425512-5063-4.html,House,For Rent,10 Marla,4,4.0,2 months ago,PKR 90 Thousand,"University Town, Faisalabad",Faisalabad,Zameen
4063,https://www.zameen.com/Property/wapda_city_wapda_city_-_block_l_ideal_5_marla_house_has_landed_on_market_in_wapda_city_-_block_l_faisalabad_for_rent-54589031-5076-4.html,House,For Rent,5 Marla,,,3 weeks ago,PKR 80 Thousand,"Wapda City - Block L, Wapda City",Faisalabad,Zameen
4064,https://www.zameen.com/Property/faisalabad_millat_chowk_premium_130_square_feet_room_is_available_for_rent_in_millat_chowk-54251276-11865-4.html,Room,For Rent,0.6 Marla,1,1.0,3 weeks ago,PKR 30 Thousand,"Millat Chowk, Faisalabad",Faisalabad,Zameen
4065,https://www.zameen.com/Property/citi_housing_sargodha_road_citi_housing_sargodha_road_-_block_b_10_marla_house_for_rent-53959204-14610-4.html,House,For Rent,10 Marla,5,6.0,3 weeks ago,PKR 1.25 Lakh,"Citi Housing Sargodha Road - Block B, Citi Housing Sargodha Road",Faisalabad,Zameen
4066,https://www.zameen.com/Property/citi_housing_citi_housing_sargodha_road_10_marla_house_available_for_rent_a_block-53333369-11229-4.html,House,For Rent,10 Marla,5,5.0,4 weeks ago,PKR 90 Thousand,"Citi Housing Sargodha Road, Citi Housing",Faisalabad,Zameen
4067,https://www.zameen.com/Property/faisalabad_sitara_valley_lower_portion_available_for_rent-54623846-1367-4.html,Lower Portion,For Rent,11 Marla,3,3.0,2 weeks ago,PKR 55 Thousand,"Sitara Valley, Faisalabad",Faisalabad,Zameen
4068,https://www.zameen.com/Property/faisalabad_millat_chowk_furnished_rooms_for_rent-53951960-11865-4.html,Room,For Rent,0.7 Marla,1,1.0,3 weeks ago,PKR 35 Thousand,"Millat Chowk, Faisalabad",Faisalabad,Zameen
4069,https://www.zameen.com/Property/citi_housing_citi_housing_sargodha_road_5_marla_house_for_rent-53754054-11229-4.html,House,For Rent,5 Marla,3,4.0,3 weeks ago,PKR 50 Thousand,"Citi Housing Sargodha Road, Citi Housing",Faisalabad,Zameen
4070,https://www.zameen.com/Property/faisalabad_sitara_valley_upper_portion_available_for_small_family-54623852-1367-4.html,Upper Portion,For Rent,6 Marla,1,1.0,2 weeks ago,PKR 18 Thousand,"Sitara Valley, Faisalabad",Faisalabad,Zameen
4071,https://www.zameen.com/Property/faisalabad_sitara_valley_beautiful_portions_available_for_rent-54623845-1367-4.html,Other,For Rent,8 Marla,4,3.0,2 weeks ago,PKR 45 Thousand,"Sitara Valley, Faisalabad",Faisalabad,Zameen
4072,https://www.zameen.com/Property/jaranwala_road_kohinoor_one_furnished_one_bed_apartment_for_rent-54621785-12286-4.html,Apartment,For Rent,1.4 Marla,1,1.0,2 weeks ago,PKR 22.5 Thousand,"Kohinoor One, Jaranwala Road",Faisalabad,Zameen
4073,https://www.zameen.com/Property/jaranwala_road_kohinoor_one_ideal_room_availble_for_rent_main_jaranwala_road_kohinoor_one_plaza_faisalabad-54482857-12286-4.html,Room,For Rent,1.4 Marla,,,1 month ago,PKR 30 Thousand,"Kohinoor One, Jaranwala Road",Faisalabad,Zameen
4074,https://www.zameen.com/Property/faisalabad_millat_chowk_furnished_apartments_for_rent-54405628-11865-4.html,Apartment,For Rent,2 Marla,1,1.0,2 weeks ago,PKR 65 Thousand,"Millat Chowk, Faisalabad",Faisalabad,Zameen
4075,https://www.zameen.com/Property/faisalabad_millat_road_4_marla_house_available_for_rent_good_location_ideal_for_family_ready_to_move-53894728-4992-4.html,House,For Rent,4 Marla,4,3.0,1 month ago,PKR 33.5 Thousand,"Millat Road, Faisalabad",Faisalabad,Zameen
4076,https://www.zameen.com/Property/canal_road_east_canal_road_luxury_house_for_rent-54496751-9506-4.html,House,For Rent,1 Kanal,7,7.0,1 month ago,PKR 4 Lakh,"East Canal Road, Canal Road",Faisalabad,Zameen
4077,https://www.zameen.com/Property/faisalabad_wapda_city_m_block_10_marla_upper_portion_available_for_rent-54286329-501-4.html,Upper Portion,For Rent,10 Marla,3,3.0,2 weeks ago,PKR 65 Thousand,"Wapda City, Faisalabad",Faisalabad,Zameen
4078,https://www.zameen.com/Property/citi_housing_citi_housing_sargodha_road_05_marla_house_available_for_rent_d_block-53612548-11229-4.html,House,For Rent,5 Marla,3,4.0,3 weeks ago,PKR 50 Thousand,"Citi Housing Sargodha Road, Citi Housing",Faisalabad,Zameen
4079,https://www.zameen.com/Property/citi_housing_citi_housing_sargodha_road_10_marla_house_available_for_rent-54506574-11229-4.html,House,For Rent,10 Marla,4,5.0,3 weeks ago,PKR 1.2 Lakh,"Citi Housing Sargodha Road, Citi Housing",Faisalabad,Zameen
4080,https://www.zameen.com/Property/faisalabad_sitara_sapna_city_beautiful_neat_clean_portion-54581845-1211-4.html,Other,For Rent,15 Marla,3,3.0,4 weeks ago,PKR 75 Thousand,"Sitara Sapna City, Faisalabad",Faisalabad,Zameen
4081,https://www.zameen.com/Property/susan_road_officers_colony_no_1_20_marla_house_for_rent_in_rs_500000_only-54566174-12593-4.html,House,For Rent,1 Kanal,6,6.0,4 weeks ago,PKR 5 Lakh,"Officers Colony No 1, Susan Road",Faisalabad,Zameen
4082,https://www.zameen.com/Property/faisalabad_eden_orchard_7_5_marla_like_brand_new_upper_portion_available_for_rent-54458477-11162-4.html,Upper Portion,For Rent,7.5 Marla,3,3.0,2 months ago,PKR 65 Thousand,"Eden Orchard, Faisalabad",Faisalabad,Zameen
4083,https://www.zameen.com/Property/faisalabad_wapda_city_15_marla_house_available_for_rent-54619451-501-4.html,House,For Rent,15 Marla,5,6.0,2 weeks ago,PKR 2 Lakh,"Wapda City, Faisalabad",Faisalabad,Zameen
4084,https://www.zameen.com/Property/faisalabad_eden_valley_lower_portion_for_rent-54460825-8917-4.html,Lower Portion,For Rent,5 Marla,2,2.0,3 weeks ago,PKR 45 Thousand,"Eden Valley, Faisalabad",Faisalabad,Zameen
4085,https://www.zameen.com/Property/faisalabad_wapda_city_k_block_10_marla_lower_portion_available_for_rent-54418403-501-4.html,Lower Portion,For Rent,10 Marla,2,2.0,3 weeks ago,PKR 65 Thousand,"Wapda City, Faisalabad",Faisalabad,Zameen
4086,https://www.zameen.com/Property/citi_housing_citi_housing_sargodha_road_10_marla_house_for_rent-53927475-11229-4.html,House,For Rent,10 Marla,5,6.0,3 weeks ago,PKR 90 Thousand,"Citi Housing Sargodha Road, Citi Housing",Faisalabad,Zameen
4087,https://www.zameen.com/Property/faisalabad_muslim_town_14_marla_house_for_available_for_rent-52949191-1156-4.html,House,For Rent,14 Marla,6,5.0,3 weeks ago,PKR 1.1 Lakh,"Muslim Town, Faisalabad",Faisalabad,Zameen
4088,https://www.zameen.com/Property/faisalabad_saeed_colony_13_marla_house_is_available_for_rent_saeed_colony-54491878-582-4.html,House,For Rent,13 Marla,4,5.0,3 weeks ago,PKR 1.5 Lakh,"Saeed Colony, Faisalabad",Faisalabad,Zameen
4089,https://www.zameen.com/Property/faisalabad_canal_road_10_marla_house_available_for_rent_on_canal_road_society-54365038-1140-4.html,House,For Rent,10 Marla,5,6.0,4 weeks ago,PKR 2 Lakh,"Canal Road, Faisalabad",Faisalabad,Zameen
4090,https://www.zameen.com/Property/east_canal_road_abdullah_gardens_10_marla_house_available_for_rent_in_abdullah_gardens_canal_road_fsd-54479700-4890-4.html,House,For Rent,10 Marla,5,5.0,4 weeks ago,PKR 2.6 Lakh,"Abdullah Gardens, East Canal Road",Faisalabad,Zameen
4091,https://www.zameen.com/Property/faisalabad_abdullah_garden_40_marla_fully_furnished_ideal_house_available_for_rent_main_abdullah_garden_faisalabad-53008350-15268-4.html,House,For Rent,1.5 Kanal,5,6.0,4 weeks ago,PKR 5.5 Lakh,"Abdullah Garden, Faisalabad",Faisalabad,Zameen
4092,https://www.zameen.com/Property/citi_housing_citi_housing_samundri_road_house_for_rent_-_5_marla_house_for_rent_beautiful_house-54557072-11230-4.html,House,For Rent,5 Marla,3,4.0,4 weeks ago,PKR 70 Thousand,"Citi Housing Samundri Road, Citi Housing",Faisalabad,Zameen
4093,https://www.zameen.com/Property/faisalabad_khawaja_islam_road_prime_location_khawaja_islam_road_20_marla_house_up_for_rent-54536259-11498-4.html,House,For Rent,2 Kanal,6,,1 month ago,PKR 3 Lakh,"Khawaja Islam Road, Faisalabad",Faisalabad,Zameen
4094,https://www.zameen.com/Property/jaranwala_road_kohinoor_one_flat_available_for_rent_at_jaranwala_road_faisalabad-54498569-12286-4.html,Flat,For Rent,1.4 Marla,1,1.0,1 month ago,PKR 30 Thousand,"Kohinoor One, Jaranwala Road",Faisalabad,Zameen
4095,https://www.zameen.com/Property/faisalabad_sitara_sapna_city_centrally_located_upper_portion_in_sitara_sapna_city_is_available_for_rent-54531486-1211-4.html,Upper Portion,For Rent,15 Marla,3,3.0,1 month ago,PKR 75 Thousand,"Sitara Sapna City, Faisalabad",Faisalabad,Zameen
4096,https://www.zameen.com/Property/faisalabad_eden_orchard_5_marla_like_brand_new_double_storey_house_available_for_rent-53698769-11162-4.html,House,For Rent,5 Marla,4,5.0,1 month ago,PKR 80 Thousand,"Eden Orchard, Faisalabad",Faisalabad,Zameen
4097,https://www.zameen.com/Property/faisalabad_eden_orchard_beautiful_used_house_neat_clean-54485135-11162-4.html,House,For Rent,7 Marla,4,5.0,1 month ago,PKR 1.25 Lakh,"Eden Orchard, Faisalabad",Faisalabad,Zameen
4098,https://www.zameen.com/Property/faisalabad_eden_orchard_beautiful_neat_clean_house-54485136-11162-4.html,House,For Rent,5 Marla,3,4.0,1 month ago,PKR 85 Thousand,"Eden Orchard, Faisalabad",Faisalabad,Zameen
4099,https://www.zameen.com/Property/citi_housing_citi_housing_sargodha_road_one_bedroom_flat_available_opposite_citi_housing_sargodha_road-53561497-11229-4.html,Room,For Rent,1.8 Marla,1,1.0,6 months ago,PKR 15 Thousand,"Citi Housing Sargodha Road, Citi Housing",Faisalabad,Zameen
4100,https://www.zameen.com/Property/citi_housing_citi_housing_sargodha_road_05_marla_house_available_for_rent_a_block-53333464-11229-4.html,House,For Rent,5 Marla,3,4.0,3 weeks ago,PKR 47 Thousand,"Citi Housing Sargodha Road, Citi Housing",Faisalabad,Zameen
4101,https://www.zameen.com/Property/faisalabad_jail_road_beautiful_portion_is_for_rent-54581847-539-4.html,Other,For Rent,5 Marla,3,3.0,4 weeks ago,PKR 35 Thousand,"Jail Road, Faisalabad",Faisalabad,Zameen
4102,https://www.zameen.com/Property/faisalabad_university_town_1_kanal_house_available_for_rent-54506605-5063-4.html,House,For Rent,1 Kanal,6,6.0,4 weeks ago,PKR 2.25 Lakh,"University Town, Faisalabad",Faisalabad,Zameen
4103,https://www.zameen.com/Property/wapda_city_wapda_city_-_block_l_5_marla_lower_portion_available_for_rent-54309300-5076-4.html,Lower Portion,For Rent,5 Marla,2,2.0,4 weeks ago,PKR 40 Thousand,"Wapda City - Block L, Wapda City",Faisalabad,Zameen
4104,https://www.zameen.com/Property/faisalabad_wapda_city_10_marla_new_house_available_for_rent-54482619-501-4.html,House,For Rent,10 Marla,5,6.0,4 weeks ago,PKR 1.35 Lakh,"Wapda City, Faisalabad",Faisalabad,Zameen
4105,https://www.zameen.com/Property/faisalabad_eden_orchard_5_marla_like_brand_new_upper_portion_available_for_rent-54559772-11162-4.html,Upper Portion,For Rent,5 Marla,3,3.0,4 weeks ago,PKR 50 Thousand,"Eden Orchard, Faisalabad",Faisalabad,Zameen
4106,https://www.zameen.com/Property/faisalabad_eden_orchard_7_marla_house_up_for_rent_in_eden_orchard-54531489-11162-4.html,House,For Rent,7 Marla,4,5.0,1 month ago,PKR 1 Lakh,"Eden Orchard, Faisalabad",Faisalabad,Zameen
4107,https://www.zameen.com/Property/faisalabad_jail_road_house_on_jail_road-54531487-539-4.html,House,For Rent,5 Marla,4,5.0,1 month ago,PKR 75 Thousand,"Jail Road, Faisalabad",Faisalabad,Zameen
4108,https://www.zameen.com/Property/faisalabad_eden_orchard_reserve_a_centrally_located_house_of_11_marla_in_eden_orchard-54531484-11162-4.html,House,For Rent,11 Marla,7,6.0,1 month ago,PKR 1.7 Lakh,"Eden Orchard, Faisalabad",Faisalabad,Zameen
4109,https://www.zameen.com/Property/faisalabad_sitara_sapna_city_neat_clean_house-54458253-1211-4.html,House,For Rent,6 Marla,5,6.0,2 months ago,PKR 1.2 Lakh,"Sitara Sapna City, Faisalabad",Faisalabad,Zameen
4110,https://www.zameen.com/Property/faisalabad_d_ground_30_marla_house_in_d_ground_is_available-54617084-537-4.html,House,For Rent,1.5 Kanal,,,2 weeks ago,PKR 5 Lakh,"D Ground, Faisalabad",Faisalabad,Zameen
4111,https://www.zameen.com/Property/faisalabad_canal_road_fully_furnish_houses_with_electronics_furniture_crockery_installed_available_for_rent-54616489-1140-4.html,House,For Rent,7 Marla,3,3.0,2 weeks ago,PKR 50 Thousand,"Canal Road, Faisalabad",Faisalabad,Zameen
4112,https://www.zameen.com/Property/dha_defence_askari_3_house_for_rent_in_askari_3-51448499-17156-4.html,House,For Rent,10 Marla,4,4.0,1 week ago,PKR 95 Thousand,"Askari 3, DHA Defence",Multan,Zameen
4113,https://www.zameen.com/Property/dha_defence_askari_3_12_marla_beautiful_neat_clean_villa_available_for_rent-54645995-17156-4.html,Villa,For Rent,12 Marla,4,5.0,18 hours ago,PKR 1 Lakh,"Askari 3, DHA Defence",Multan,Zameen
4114,https://www.zameen.com/Property/dha_defence_dha_villas_highly-desirable_prime_location_house_available_in_dha_villas_for_rent-54566935-14018-4.html,House,For Rent,12 Marla,6,6.0,2 weeks ago,PKR 1.3 Lakh,"DHA Villas, DHA Defence",Multan,Zameen
4115,https://www.zameen.com/Property/dha_defence_premium_homes_brand_new_12_marla_house_for_rent_in_premium_homes_-_solar_installed-54598290-22232-4.html,House,For Rent,12 Marla,5,6.0,3 weeks ago,PKR 1.5 Lakh,"Premium Homes, DHA Defence",Multan,Zameen
4116,https://www.zameen.com/Property/dha_defence_dha_villas_9_marla_brand_new_luxury_double_storey_villa_for_rent_in_dha_villa_s-54575220-14018-4.html,Villa,For Rent,9 Marla,4,5.0,4 weeks ago,PKR 90 Thousand,"DHA Villas, DHA Defence",Multan,Zameen
4117,https://www.zameen.com/Property/multan_public_school_road_royal_orchard_10_marla_house_with_10_kw_solar_system_available_for_rent_in_royal_orchard_multan-54528870-9492-4.html,House,For Rent,10 Marla,6,7.0,2 days ago,PKR 1.5 Lakh,"Royal Orchard, Multan Public School Road",Multan,Zameen
4118,https://www.zameen.com/Property/multan_public_school_road_royal_orchard_10_marla_house_for_rent_with_solar_and_green_meter-54680903-9492-4.html,House,For Rent,10 Marla,5,6.0,2 days ago,PKR 1.4 Lakh,"Royal Orchard, Multan Public School Road",Multan,Zameen
4119,https://www.zameen.com/Property/askari_colony_askari_colony_phase_2_house_for_rent_in_askari_phase_2-54662419-5697-4.html,House,For Rent,10 Marla,3,4.0,2 days ago,PKR 1.25 Lakh,"Askari Colony Phase 2, Askari Colony",Multan,Zameen
4120,https://www.zameen.com/Property/multan_public_school_road_royal_orchard_5_marla_house_is_available_for_rent_in_royal_orchard_multan-54528633-9492-4.html,House,For Rent,5 Marla,3,5.0,2 days ago,PKR 70 Thousand,"Royal Orchard, Multan Public School Road",Multan,Zameen
4121,https://www.zameen.com/Property/multan_buch_executive_villas_5_marla_beautiful_house_for_rent_in_buch_villas-52340020-8627-4.html,House,For Rent,5 Marla,4,5.0,3 days ago,PKR 75 Thousand,"Buch Executive Villas, Multan",Multan,Zameen
4122,https://www.zameen.com/Property/dha_defence_askari_3_12_marla_house_for_rent_in_dha_defence-54466186-17156-4.html,House,For Rent,12 Marla,4,4.0,6 days ago,PKR 1 Lakh,"Askari 3, DHA Defence",Multan,Zameen
4123,https://www.zameen.com/Property/dha_defence_dha_villas_dha_villas-54668943-14018-4.html,Villa,For Rent,6 Marla,3,4.0,6 days ago,PKR 75 Thousand,"DHA Villas, DHA Defence",Multan,Zameen
4124,https://www.zameen.com/Property/dha_defence_dha_villas_9_marla_villa_available_for_rent_beautiful_house_vip_location-53849629-14018-4.html,House,For Rent,9 Marla,4,5.0,18 hours ago,PKR 90 Thousand,"DHA Villas, DHA Defence",Multan,Zameen
4125,https://www.zameen.com/Property/dha_phase_1_dha_phase_1_-_sector_b1_brand_new_10_marla_upper_portion_for_rent_in_sector_b1_dha_multan_prime_location_spacious_modern-54575334-14300-4.html,Upper Portion,For Rent,10 Marla,3,4.0,18 hours ago,PKR 60 Thousand,"DHA Phase 1 - Sector B1, DHA Phase 1",Multan,Zameen
4126,https://www.zameen.com/Property/dha_defence_premium_homes_brand_new_12_marla_premium_villa_for_rent_in_dha_multan_corner_park_facing_10kva_solar-54644496-22232-4.html,Villa,For Rent,12 Marla,5,6.0,18 hours ago,PKR 1.3 Lakh,"Premium Homes, DHA Defence",Multan,Zameen
4127,https://www.zameen.com/Property/multan_airport_road_3_beds_beautiful_upper_portion_for_rent-54687318-8710-4.html,Upper Portion,For Rent,6 Marla,3,4.0,1 day ago,PKR 40 Thousand,"Airport Road, Multan",Multan,Zameen
4128,https://www.zameen.com/Property/multan_buch_executive_villas_1_bed_furnished_apartment_for_rent_buch_villas_multan-54620320-8627-4.html,Apartment,For Rent,4 Marla,1,1.0,2 days ago,PKR 1.25 Lakh,"Buch Executive Villas, Multan",Multan,Zameen
4129,https://www.zameen.com/Property/dha_phase_1_dha_phase_1_-_sector_u_prime_location_in_dha_phase_1_-_sector_u_10_marla_house_for_rent-54691676-14320-4.html,House,For Rent,10 Marla,5,5.0,6 hours ago,PKR 1 Lakh,"DHA Phase 1 - Sector U, DHA Phase 1",Multan,Zameen
4130,https://www.zameen.com/Property/multan_public_school_road_royal_orchard_5_marla_full_luxury_furnished_house_available_for_rent_on_monthly_weekly_and_daily_basis_in_royal_orchard_multan-54207450-9492-4.html,House,For Rent,5 Marla,3,4.0,9 hours ago,PKR 1.5 Lakh,"Royal Orchard, Multan Public School Road",Multan,Zameen
4131,https://www.zameen.com/Property/multan_model_town_10_marla_double_storey_house_for_rent_model_town-54578709-1147-4.html,House,For Rent,10 Marla,5,6.0,10 hours ago,PKR 2 Lakh,"Model Town, Multan",Multan,Zameen
4132,https://www.zameen.com/Property/multan_buch_executive_villas_10_marla_luxury_house_for_rent_in_buch_executive_villas_multan-54026608-8627-4.html,House,For Rent,10 Marla,5,7.0,12 hours ago,PKR 1.2 Lakh,"Buch Executive Villas, Multan",Multan,Zameen
4133,https://www.zameen.com/Property/multan_al_falah_modern_city_7_marla_lower_portion_for_rent_in_al_falah_modern_city-54608177-8615-4.html,Lower Portion,For Rent,7 Marla,4,2.0,14 hours ago,PKR 35 Thousand,"Al Falah Modern City, Multan",Multan,Zameen
4134,https://www.zameen.com/Property/royal_orchard_royal_orchard_-_block_g_brand_new_5_marla_house_available_in_royal_orchard_-_block_g_for_rent-54496724-9500-4.html,House,For Rent,5 Marla,4,4.0,14 hours ago,PKR 75 Thousand,"Royal Orchard - Block G, Royal Orchard",Multan,Zameen
4135,https://www.zameen.com/Property/multan_buch_executive_villas_5_marla_house_available_for_rent_in_buch_executive_villas-54608008-8627-4.html,House,For Rent,5 Marla,3,4.0,15 hours ago,PKR 90 Thousand,"Buch Executive Villas, Multan",Multan,Zameen
4136,https://www.zameen.com/Property/dha_phase_1_dha_phase_1_-_sector_b1_brand_new_10_marla_house_available_for_rent_in_dha_multan_sector_b1_prime_location_modern_living-54358901-14300-4.html,House,For Rent,10 Marla,5,6.0,18 hours ago,PKR 1 Lakh,"DHA Phase 1 - Sector B1, DHA Phase 1",Multan,Zameen
4137,https://www.zameen.com/Property/dha_defence_askari_3_house_is_available_for_rent_in_askhari_3_dha_multan-54315130-17156-4.html,House,For Rent,1 Kanal,5,6.0,6 days ago,PKR 2 Lakh,"Askari 3, DHA Defence",Multan,Zameen
4138,https://www.zameen.com/Property/multan_public_school_road_royal_orchard_10_marla_house_is_available_for_rent_in_royal_orchard_multan-54528693-9492-4.html,House,For Rent,10 Marla,5,7.0,6 days ago,PKR 1.3 Lakh,"Royal Orchard, Multan Public School Road",Multan,Zameen
4139,https://www.zameen.com/Property/multan_buch_executive_villas_5_marla_house_for_rent_in_buch_executive_villas_multan-53996236-8627-4.html,House,For Rent,5 Marla,4,5.0,1 week ago,PKR 70 Thousand,"Buch Executive Villas, Multan",Multan,Zameen
4140,https://www.zameen.com/Property/dha_phase_1_dha_phase_1_-_sector_m_brand_new_house-54662357-14312-4.html,House,For Rent,1 Kanal,5,6.0,1 week ago,PKR 1.85 Lakh,"DHA Phase 1 - Sector M, DHA Phase 1",Multan,Zameen
4141,https://www.zameen.com/Property/dha_defence_askari_3_near_to_park_house_of_10_marla_in_askari_3_is_available-54466458-17156-4.html,House,For Rent,10 Marla,4,4.0,1 week ago,PKR 95 Thousand,"Askari 3, DHA Defence",Multan,Zameen
4142,https://www.zameen.com/Property/multan_buch_executive_villas_8_5_marla_ultra-modern_triple_storey_luxurious_house_for_rent_in_buch_executive_villas_multan-54077258-8627-4.html,House,For Rent,8.5 Marla,6,6.0,1 week ago,PKR 1.39 Lakh,"Buch Executive Villas, Multan",Multan,Zameen
4143,https://www.zameen.com/Property/multan_buch_executive_villas_5_marla_triple_story_brand_new_house_for_rent_in_buch_executive_villas_multan-54597638-8627-4.html,House,For Rent,5 Marla,4,5.0,1 week ago,PKR 87 Thousand,"Buch Executive Villas, Multan",Multan,Zameen
4144,https://www.zameen.com/Property/multan_buch_executive_villas_5_marla_park_facing_beautiful_modern_house_for_rent_buch_executive_villas_on_good_location-53752650-8627-4.html,House,For Rent,5 Marla,4,5.0,4 weeks ago,PKR 80 Thousand,"Buch Executive Villas, Multan",Multan,Zameen
4145,https://www.zameen.com/Property/dha_defence_dha_villas_12_marla_villa_available_for_rent-53850077-14018-4.html,Villa,For Rent,12 Marla,4,5.0,18 hours ago,PKR 1.25 Lakh,"DHA Villas, DHA Defence",Multan,Zameen
4146,https://www.zameen.com/Property/dha_defence_dha_villas_dha_villas_6_marla_villa_available_for_rent-54508502-14018-4.html,Villa,For Rent,6 Marla,3,4.0,18 hours ago,PKR 70 Thousand,"DHA Villas, DHA Defence",Multan,Zameen
4147,https://www.zameen.com/Property/multan_sabzazar_colony_house_rent_for_family_and_office-54067781-1074-4.html,House,For Rent,12 Marla,5,5.0,17 hours ago,PKR 95 Thousand,"Sabzazar Colony, Multan",Multan,Zameen
4148,https://www.zameen.com/Property/buch_executive_villas_phase_2_buch_villas_phase_2_-_manik_block_5_marla_house_for_rent-54661990-22186-4.html,House,For Rent,5 Marla,4,5.0,3 days ago,PKR 1 Lakh,"Buch Villas Phase 2 - Manik Block, Buch Executive Villas - Phase 2",Multan,Zameen
4149,https://www.zameen.com/Property/model_town_model_town_-_block_a_in_model_town_-_block_a_of_multan_a_10_marla_house_is_available-54632167-5772-4.html,House,For Rent,10 Marla,4,5.0,3 days ago,PKR 1.25 Lakh,"Model Town - Block A, Model Town",Multan,Zameen
4150,https://www.zameen.com/Property/model_town_model_town_-_block_b_house_is_available_for_rent_in_model_town_-_block_b-54632168-5773-4.html,House,For Rent,10 Marla,4,5.0,3 days ago,PKR 1.25 Lakh,"Model Town - Block B, Model Town",Multan,Zameen
4151,https://www.zameen.com/Property/multan_buch_executive_villas_5_marla_house_available_for_rent-54664214-8627-4.html,House,For Rent,5 Marla,4,6.0,4 days ago,PKR 90 Thousand,"Buch Executive Villas, Multan",Multan,Zameen
4152,https://www.zameen.com/Property/multan_buch_executive_villas_4_marla_house_available_for_rent-54664230-8627-4.html,House,For Rent,4 Marla,4,5.0,4 days ago,PKR 75 Thousand,"Buch Executive Villas, Multan",Multan,Zameen
4153,https://www.zameen.com/Property/multan_rasheedabad_20mrla_uper_porshan_kothi_rashedabad_for_rent-54675422-8690-4.html,Other,For Rent,1 Kanal,3,3.0,4 days ago,PKR 27 Thousand,"Rasheedabad, Multan",Multan,Zameen
4154,https://www.zameen.com/Property/dha_phase_1_dha_phase_1_-_sector_u_10_marla_brand_new_house_available_for_rent-54272916-14320-4.html,House,For Rent,10 Marla,5,6.0,18 hours ago,PKR 75 Thousand,"DHA Phase 1 - Sector U, DHA Phase 1",Multan,Zameen
4155,https://www.zameen.com/Property/dha_phase_1_dha_phase_1_-_sector_m_1_kanal_house_available_for_rent_park_view_proper_parking_10kw_solar_sector_m_dha_multan-54144562-14312-4.html,House,For Rent,1 Kanal,5,6.0,18 hours ago,PKR 1.8 Lakh,"DHA Phase 1 - Sector M, DHA Phase 1",Multan,Zameen
4156,https://www.zameen.com/Property/jinnah_avenue_serene_villas_back_of_main_6_marla_house_for_rent_in_serene_villas-54443085-22097-4.html,House,For Rent,6 Marla,4,4.0,18 hours ago,PKR 70 Thousand,"Serene Villas, Jinnah Avenue",Multan,Zameen
4157,https://www.zameen.com/Property/dha_defence_askari_3_brand_new_6_marla_villa_available_for_rent_in_askari_3_dha_multan-54376276-17156-4.html,Villa,For Rent,6 Marla,3,4.0,18 hours ago,PKR 75 Thousand,"Askari 3, DHA Defence",Multan,Zameen
4158,https://www.zameen.com/Property/dha_defence_dha_villas_9_marla_full_furnished_villa_available_for_rent-54475279-14018-4.html,Villa,For Rent,9 Marla,4,5.0,18 hours ago,PKR 1.25 Lakh,"DHA Villas, DHA Defence",Multan,Zameen
4159,https://www.zameen.com/Property/dha_phase_1_dha_phase_1_-_sector_v_8_marla_brand_new_house_available_for_rent-54645975-14321-4.html,House,For Rent,8 Marla,5,6.0,18 hours ago,PKR 70 Thousand,"DHA Phase 1 - Sector V, DHA Phase 1",Multan,Zameen
4160,https://www.zameen.com/Property/multan_public_school_road_royal_orchard_5_marla_brand_new_modern_luxury_double_story_house_for_rent_in_royal_orchard_multan-54599395-9492-4.html,House,For Rent,5 Marla,4,5.0,1 day ago,PKR 80 Thousand,"Royal Orchard, Multan Public School Road",Multan,Zameen
4161,https://www.zameen.com/Property/multan_public_school_road_royal_orchard_5_marla_brand_new_double_storey_house_for_rent_in_royal_orchard_multan-54160544-9492-4.html,House,For Rent,5 Marla,3,4.0,2 days ago,PKR 75 Thousand,"Royal Orchard, Multan Public School Road",Multan,Zameen
4162,https://www.zameen.com/Property/dha_defence_dha_villas_affordable_house_for_rent_in_dha_villas-54625851-14018-4.html,House,For Rent,6 Marla,3,4.0,4 days ago,PKR 75 Thousand,"DHA Villas, DHA Defence",Multan,Zameen
4163,https://www.zameen.com/Property/multan_bosan_road_2_kanal_furnished_farm_house_for_rent_near_buch_villas-54281082-5705-4.html,Farm House,For Rent,2 Kanal,2,2.0,6 days ago,PKR 4 Lakh,"Bosan Road, Multan",Multan,Zameen
4164,https://www.zameen.com/Property/dha_defence_dha_villas_get_in_touch_now_to_buy_a_prime_location_house_in_multan-54566934-14018-4.html,House,For Rent,9 Marla,5,5.0,2 weeks ago,PKR 1 Lakh,"DHA Villas, DHA Defence",Multan,Zameen
4165,https://www.zameen.com/Property/multan_rasheedabad_20_marla_single_storey_house_in_rashedabad_for_rent-54587502-8690-4.html,House,For Rent,1 Kanal,5,4.0,2 weeks ago,PKR 70 Thousand,"Rasheedabad, Multan",Multan,Zameen
4166,https://www.zameen.com/Property/multan_dha_defence_1_kanal_house_available_for_rent-54639611-8581-4.html,House,For Rent,1 Kanal,5,5.0,2 weeks ago,PKR 1.5 Lakh,"DHA Defence, Multan",Multan,Zameen
4167,https://www.zameen.com/Property/dha_defence_dha_villas_prime_location_6_marla_house_for_rent-54566933-14018-4.html,House,For Rent,6 Marla,4,4.0,2 weeks ago,PKR 80 Thousand,"DHA Villas, DHA Defence",Multan,Zameen
4168,https://www.zameen.com/Property/dha_defence_dha_villas_prime_location_house_12_marla_for_rent_in_dha_villas-54624483-14018-4.html,House,For Rent,12 Marla,4,4.0,2 weeks ago,PKR 1.3 Lakh,"DHA Villas, DHA Defence",Multan,Zameen
4169,https://www.zameen.com/Property/multan_model_town_highly-coveted_4_marla_house_is_available_in_model_town_for_rent-54563569-1147-4.html,House,For Rent,4 Marla,3,3.0,2 weeks ago,PKR 50 Thousand,"Model Town, Multan",Multan,Zameen
4170,https://www.zameen.com/Property/wapda_town_wapda_town_phase_1_prime_location_7_marla_house_in_wapda_town_of_multan_is_available_for_rent-54599815-5821-4.html,House,For Rent,7 Marla,4,4.0,2 weeks ago,PKR 1.5 Lakh,"Wapda Town Phase 1, Wapda Town",Multan,Zameen
4171,https://www.zameen.com/Property/multan_model_town_3_5_marla_brand_new_double_storey_house_available_for_rent-54592285-1147-4.html,House,For Rent,3.5 Marla,3,4.0,3 weeks ago,PKR 40 Thousand,"Model Town, Multan",Multan,Zameen
4172,https://www.zameen.com/Property/wapda_town_wapda_town_phase_2_a_house_at_affordable_price_awaits_you-54572069-5825-4.html,House,For Rent,1 Kanal,6,6.0,3 weeks ago,PKR 2.5 Lakh,"Wapda Town Phase 2, Wapda Town",Multan,Zameen
4173,https://www.zameen.com/Property/dha_defence_dha_villas_own_a_house_in_6_marla_multan-54587534-14018-4.html,House,For Rent,6 Marla,3,4.0,3 weeks ago,PKR 75 Thousand,"DHA Villas, DHA Defence",Multan,Zameen
4174,https://www.zameen.com/Property/purana_shujabad_road_dream_garden_brand_new_upper_portion_for_rent_in_dream_gardens-54555323-8903-4.html,Upper Portion,For Rent,8 Marla,4,4.0,4 weeks ago,PKR 80 Thousand,"Dream Garden, Purana Shujabad Road",Multan,Zameen
4175,https://www.zameen.com/Property/dha_defence_dha_villas_6_marla_house_available_for_rent_dha_multan-54588553-14018-4.html,House,For Rent,6 Marla,3,4.0,3 weeks ago,PKR 70 Thousand,"DHA Villas, DHA Defence",Multan,Zameen
4176,https://www.zameen.com/Property/wapda_town_wapda_town_phase_1_20_marla_upper_portion_for_rent_in_wapda_town-54599814-5821-4.html,Upper Portion,For Rent,1 Kanal,4,4.0,3 weeks ago,PKR 1 Lakh,"Wapda Town Phase 1, Wapda Town",Multan,Zameen
4177,https://www.zameen.com/Property/wapda_town_wapda_town_phase_2_brand_new_lower_portion_of_5_marla_available_for_rent-54617506-5825-4.html,Lower Portion,For Rent,5 Marla,2,3.0,2 weeks ago,PKR 38 Thousand,"Wapda Town Phase 2, Wapda Town",Multan,Zameen
4178,https://www.zameen.com/Property/multan_buch_executive_villas_5_marla_brand_new_double_storey_house_for_rent_in_buchvillas_multan-54438505-8627-4.html,House,For Rent,5 Marla,4,5.0,2 days ago,PKR 85 Thousand,"Buch Executive Villas, Multan",Multan,Zameen
4179,https://www.zameen.com/Property/dha_phase_1_dha_phase_1_-_sector_q_well-constructed_furnished_house_available_for_rent_in_dha_phase_1_-_sector_q-54684807-14316-4.html,House,For Rent,1 Kanal,5,5.0,2 days ago,PKR 2 Lakh,"DHA Phase 1 - Sector Q, DHA Phase 1",Multan,Zameen
4180,https://www.zameen.com/Property/buch_executive_villas_phase_2_buch_villas_phase_2_-_manik_block_furnished_5_marla_house_for_rent_in_buch_villas_phase_2_-_manik_block_multan-54684441-22186-4.html,House,For Rent,5 Marla,4,4.0,2 days ago,PKR 65 Thousand,"Buch Villas Phase 2 - Manik Block, Buch Executive Villas - Phase 2",Multan,Zameen
4181,https://www.zameen.com/Property/multan_buch_executive_villas_studio_apartment_forrent_buch_villas-54685632-8627-4.html,Apartment,For Rent,1.8 Marla,,1.0,2 days ago,PKR 78 Thousand,"Buch Executive Villas, Multan",Multan,Zameen
4182,https://www.zameen.com/Property/wapda_town_wapda_town_phase_2_10_marla_lower_portion_for_rent_in_wapda_town_phase_2-54583173-5825-4.html,Lower Portion,For Rent,10 Marla,2,3.0,2 days ago,PKR 70 Thousand,"Wapda Town Phase 2, Wapda Town",Multan,Zameen
4183,https://www.zameen.com/Property/dha_phase_1_dha_phase_1_-_sector_v_affordable_prime_location_house_for_rent_in_dha_phase_1_-_sector_v-54684808-14321-4.html,House,For Rent,5 Marla,4,4.0,2 days ago,PKR 45 Thousand,"DHA Phase 1 - Sector V, DHA Phase 1",Multan,Zameen
4184,https://www.zameen.com/Property/multan_buch_executive_villas_4_5_marla_studio_hall_for_rent_buch_villas_multan-54670453-8627-4.html,Villa,For Rent,4.5 Marla,,1.0,2 days ago,PKR 55 Thousand,"Buch Executive Villas, Multan",Multan,Zameen
4185,https://www.zameen.com/Property/multan_buch_executive_villas_studio_flat_for_rent_buch_villas_multan-54670462-8627-4.html,Flat,For Rent,3 Marla,,1.0,2 days ago,PKR 99 Thousand,"Buch Executive Villas, Multan",Multan,Zameen
4186,https://www.zameen.com/Property/dha_defence_dha_villas_6_marla_villa_available_for_rent_park_view_10kv_solar_installed-54554143-14018-4.html,Villa,For Rent,6 Marla,3,5.0,18 hours ago,PKR 85 Thousand,"DHA Villas, DHA Defence",Multan,Zameen
4187,https://www.zameen.com/Property/multan_buch_executive_villas_2_bed_2nd_floor_flat_for_rent_buch_villas_multan-54542388-8627-4.html,Flat,For Rent,5 Marla,2,2.0,9 hours ago,PKR 47 Thousand,"Buch Executive Villas, Multan",Multan,Zameen
4188,https://www.zameen.com/Property/dha_defence_dha_villas_6_marla_villa_available_for_rent_in_dha_multan-54608016-14018-4.html,Villa,For Rent,6 Marla,3,3.0,15 hours ago,PKR 80 Thousand,"DHA Villas, DHA Defence",Multan,Zameen
4189,https://www.zameen.com/Property/wapda_town_wapda_town_phase_2_wapda_town_ph_2_10_marla_house_available_for_rent-54656413-5825-4.html,House,For Rent,10 Marla,5,6.0,21 hours ago,PKR 1.25 Lakh,"Wapda Town Phase 2, Wapda Town",Multan,Zameen
4190,https://www.zameen.com/Property/multan_model_town_10_marla_luxury_upper_separate_portion_for_rent_model_town-54613753-1147-4.html,Other,For Rent,10 Marla,3,3.0,3 days ago,PKR 65 Thousand,"Model Town, Multan",Multan,Zameen
4191,https://www.zameen.com/Property/multan_ma_jinnah_road_12_marla_single_story_house_for_rent_bukhari_villas_m_a_jinnah_road-54679647-10426-4.html,House,For Rent,12 Marla,3,4.0,3 days ago,PKR 65 Thousand,"MA Jinnah Road, Multan",Multan,Zameen
4192,https://www.zameen.com/Property/wapda_town_wapda_town_phase_2_10_ground_portion_for_rent_in_wapda_town_phase_2-54151509-5825-4.html,Other,For Rent,10 Marla,2,3.0,3 days ago,PKR 55 Thousand,"Wapda Town Phase 2, Wapda Town",Multan,Zameen
4193,https://www.zameen.com/Property/multan_buch_executive_villas_prime_location_5_marla_house_near_main_road-53713340-8627-4.html,House,For Rent,5 Marla,4,5.0,3 days ago,PKR 77 Thousand,"Buch Executive Villas, Multan",Multan,Zameen
4194,https://www.zameen.com/Property/buch_executive_villas_buch_executive_villas_-_phase_2_10_marla_brand_new_double_storey_vvip_luxury_house_for_rent_in_prime_location-54510039-19720-4.html,House,For Rent,10 Marla,5,6.0,4 days ago,PKR 1.5 Lakh,"Buch Executive Villas - Phase 2, Buch Executive Villas",Multan,Zameen
4195,https://www.zameen.com/Property/multan_buch_executive_villas_5_marla_brand_new_ultra-modern_house_available_for_rent_in_buch_villas_multan-54516705-8627-4.html,House,For Rent,5 Marla,4,5.0,4 days ago,PKR 87 Thousand,"Buch Executive Villas, Multan",Multan,Zameen
4196,https://www.zameen.com/Property/buch_executive_villas_phase_2_buch_villas_phase_2_-_manik_block_5_marla_triple_story_house_for_rent_buch_villas_multan-54438713-22186-4.html,House,For Rent,5 Marla,4,5.0,4 days ago,PKR 85 Thousand,"Buch Villas Phase 2 - Manik Block, Buch Executive Villas - Phase 2",Multan,Zameen
4197,https://www.zameen.com/Property/wapda_town_wapda_town_phase_2_double_storey_10_marla_house_available_in_wapda_town_phase_2_for_rent-54619007-5825-4.html,House,For Rent,10 Marla,5,6.0,4 days ago,PKR 1.45 Lakh,"Wapda Town Phase 2, Wapda Town",Multan,Zameen
4198,https://www.zameen.com/Property/dha_phase_1_dha_phase_1_-_sector_v_8_marla_brand_new_house_for_rent_in_sector_v_5kw_hybrid_solar_installed_prime_location-54386113-14321-4.html,House,For Rent,8 Marla,4,5.0,4 days ago,PKR 90 Thousand,"DHA Phase 1 - Sector V, DHA Phase 1",Multan,Zameen
4199,https://www.zameen.com/Property/dha_defence_dha_villas_12_marla_house_in_beautiful_location_of_dha_villas_in_multan-54625853-14018-4.html,House,For Rent,12 Marla,4,5.0,3 days ago,PKR 1.2 Lakh,"DHA Villas, DHA Defence",Multan,Zameen
4200,https://www.zameen.com/Property/dha_defence_dha_villas_dha_villas_house_for_rent_sized_9_marla-54625852-14018-4.html,House,For Rent,9 Marla,4,5.0,3 days ago,PKR 1 Lakh,"DHA Villas, DHA Defence",Multan,Zameen
4201,https://www.zameen.com/Property/multan_buch_executive_villas_affordable_5_marla_house_ready_to_move_in-53713326-8627-4.html,House,For Rent,5 Marla,4,5.0,3 days ago,PKR 70 Thousand,"Buch Executive Villas, Multan",Multan,Zameen
4202,https://www.zameen.com/Property/wapda_town_wapda_town_phase_1_11_marla_house_for_rent_wapda_town_phase_1_e_block_multan-54679676-5821-4.html,House,For Rent,11 Marla,5,6.0,3 days ago,PKR 1.1 Lakh,"Wapda Town Phase 1, Wapda Town",Multan,Zameen
4203,https://www.zameen.com/Property/multan_buch_executive_villas_brand_new_house_5_marla_triple_storey_house_for_rent_in_manik_block_buch_villas_multan_4_bed_with_car_porch-53678741-8627-4.html,House,For Rent,5 Marla,4,5.0,3 days ago,PKR 85 Thousand,"Buch Executive Villas, Multan",Multan,Zameen
4204,https://www.zameen.com/Property/multan_shalimar_colony_get_in_touch_now_to_buy_a_20_marla_house_in_shalimar_colony_shalimar_colony-54595456-346-4.html,House,For Rent,1 Kanal,6,6.0,3 days ago,PKR 3 Lakh,"Shalimar Colony, Multan",Multan,Zameen
4205,https://www.zameen.com/Property/multan_multan_public_school_road_multan_public_school_road_house_for_rent_sized_1012_square_feet-54595565-8902-4.html,House,For Rent,4.5 Marla,3,3.0,3 days ago,PKR 40 Thousand,"Multan Public School Road, Multan",Multan,Zameen
4206,https://www.zameen.com/Property/wapda_town_wapda_town_phase_1_prime_location_10_marla_lower_portion_is_available_for_rent-54675956-5821-4.html,Lower Portion,For Rent,10 Marla,3,3.0,4 days ago,PKR 70 Thousand,"Wapda Town Phase 1, Wapda Town",Multan,Zameen
4207,https://www.zameen.com/Property/multan_katchehry_road_fully_furnished_two_bedrooms_available_for_rent_walking_distance_on_kutchery_chowk-54673820-8662-4.html,Room,For Rent,3 Marla,2,1.0,4 days ago,PKR 25 Thousand,"Katchehry Road, Multan",Multan,Zameen
4208,https://www.zameen.com/Property/dha_defence_dha_phase_1_a_luxurious_ultra_modern_house_available_for_rent_at_prime_location-52311570-15631-4.html,House,For Rent,1 Kanal,5,6.0,4 days ago,PKR 1.99 Lakh,"DHA Phase 1, DHA Defence",Multan,Zameen
4209,https://www.zameen.com/Property/dha_defence_askari_3_askari_3_house_10_6_marla_for_rent_at_90_thousand-54250039-17156-4.html,House,For Rent,10 Marla,4,5.0,5 days ago,PKR 90 Thousand,"Askari 3, DHA Defence",Multan,Zameen
4210,https://www.zameen.com/Property/dha_phase_1_dha_phase_1_-_sector_b1_sector_b1_10_marla_house_available_for_rent_100-54231392-14300-4.html,House,For Rent,10 Marla,4,5.0,5 days ago,PKR 1 Lakh,"DHA Phase 1 - Sector B1, DHA Phase 1",Multan,Zameen
4211,https://www.zameen.com/Property/multan_buch_executive_villas_5_marla_double_heighted_beautiful_house_for_rent_buch_villas_multan-52605013-8627-4.html,House,For Rent,5 Marla,5,6.0,5 days ago,PKR 85 Thousand,"Buch Executive Villas, Multan",Multan,Zameen
4212,https://www.zameen.com/Property/multan_buch_executive_villas_5_marla_brand_new_luxury_house_available_for_rent_buch_villa_s_multan-52005074-8627-4.html,House,For Rent,5 Marla,3,4.0,5 days ago,PKR 70 Thousand,"Buch Executive Villas, Multan",Multan,Zameen
4213,https://www.zameen.com/Property/multan_buch_executive_villas_2_bed_furnished_ground_floor_for_rent_buch_villas_multan-54670449-8627-4.html,Villa,For Rent,6 Marla,2,2.0,5 days ago,PKR 1.85 Lakh,"Buch Executive Villas, Multan",Multan,Zameen
4214,https://www.zameen.com/Property/multan_buch_executive_villas_5_marla_upper_portion_for_rent_in_buch_executive_villas_multan-54627034-8627-4.html,Upper Portion,For Rent,5 Marla,3,3.0,5 days ago,PKR 55 Thousand,"Buch Executive Villas, Multan",Multan,Zameen
4215,https://www.zameen.com/Property/dha_phase_1_dha_phase_1_-_sector_r_1_kanal_house_in_dha_defence_for_rent_at_good_location-53915148-14317-4.html,House,For Rent,1 Kanal,6,6.0,6 days ago,PKR 1.6 Lakh,"DHA Phase 1 - Sector R, DHA Phase 1",Multan,Zameen
4216,https://www.zameen.com/Property/dha_defence_askari_3_12_marla_house_for_rent_in_askari_3_multan-54195637-17156-4.html,House,For Rent,12 Marla,4,4.0,6 days ago,PKR 95 Thousand,"Askari 3, DHA Defence",Multan,Zameen
4217,https://www.zameen.com/Property/wapda_town_wapda_town_phase_2_13_marla_upper_portion_for_rent_wapda_town_phase_2_multan-54076226-5825-4.html,Upper Portion,For Rent,13 Marla,3,3.0,6 days ago,PKR 90 Thousand,"Wapda Town Phase 2, Wapda Town",Multan,Zameen
4218,https://www.zameen.com/Property/wapda_town_wapda_town_phase_2_10_marla_upper_new_portion_for_rent_wapda_town_phase_2_multan-53985623-5825-4.html,Other,For Rent,10 Marla,3,3.0,6 days ago,PKR 65 Thousand,"Wapda Town Phase 2, Wapda Town",Multan,Zameen
4219,https://www.zameen.com/Property/multan_public_school_road_royal_orchard_5_marla_house_for_rent_royal_orchard_multan-54123586-9492-4.html,House,For Rent,5 Marla,3,4.0,6 days ago,PKR 80 Thousand,"Royal Orchard, Multan Public School Road",Multan,Zameen
4220,https://www.zameen.com/Property/multan_public_school_road_royal_orchard_5_marla_double_storey_house_for_rent_royal_orchard_multan-53962419-9492-4.html,House,For Rent,5 Marla,3,4.0,6 days ago,PKR 75 Thousand,"Royal Orchard, Multan Public School Road",Multan,Zameen
4221,https://www.zameen.com/Property/multan_public_school_road_royal_orchard_5_marla_luxury_house_for_rent_royal_orchard_multan-53978455-9492-4.html,House,For Rent,5 Marla,3,4.0,6 days ago,PKR 75 Thousand,"Royal Orchard, Multan Public School Road",Multan,Zameen
4222,https://www.zameen.com/Property/multan_public_school_road_royal_orchard_5_marla_luxury_house_for_rent_royal_orchard_multan-54487416-9492-4.html,House,For Rent,5 Marla,3,4.0,6 days ago,PKR 80 Thousand,"Royal Orchard, Multan Public School Road",Multan,Zameen
4223,https://www.zameen.com/Property/wapda_town_wapda_town_phase_2_10_marla_ground_floor_portion_available_for_rent_wapda_town_phase_2_multan-54479381-5825-4.html,Other,For Rent,10 Marla,2,3.0,6 days ago,PKR 60 Thousand,"Wapda Town Phase 2, Wapda Town",Multan,Zameen
4224,https://www.zameen.com/Property/buch_executive_villas_phase_2_buch_villas_phase_2_-_afzal_block_best_options_for_prime_location_flat_is_available_for_rent_in_buch_villas_phase_2_-_afzal_block-54416027-22190-4.html,Flat,For Rent,2.1 Marla,,1.0,6 days ago,PKR 80 Thousand,"Buch Villas Phase 2 - Afzal Block, Buch Executive Villas - Phase 2",Multan,Zameen
4225,https://www.zameen.com/Property/dha_defence_dha_villas_6_marla_villa_for_rent_dha-54316971-14018-4.html,Villa,For Rent,6 Marla,3,4.0,5 days ago,PKR 75 Thousand,"DHA Villas, DHA Defence",Multan,Zameen
4226,https://www.zameen.com/Property/dha_phase_1_dha_phase_1_-_sector_m_first_floor_studio_flat_for_rent_dha_multan_sect-_m-54477115-14312-4.html,Flat,For Rent,3 Marla,,1.0,6 days ago,PKR 49 Thousand,"DHA Phase 1 - Sector M, DHA Phase 1",Multan,Zameen
4227,https://www.zameen.com/Property/multan_buch_executive_villas_1_bed_furnished_apartment_for_rent_buch_villas_multan-54543972-8627-4.html,Apartment,For Rent,2 Marla,1,1.0,6 days ago,PKR 87 Thousand,"Buch Executive Villas, Multan",Multan,Zameen
4228,https://www.zameen.com/Property/multan_rasheedabad_10marla_lower_portion_for_rent_rashedabad-54305462-8690-4.html,Lower Portion,For Rent,10 Marla,4,3.0,6 days ago,PKR 40 Thousand,"Rasheedabad, Multan",Multan,Zameen
4229,https://www.zameen.com/Property/buch_executive_villas_phase_2_buch_villas_phase_2_-_afzal_block_prime_location_760_square_feet_flat_available_for_rent_in_buch_villas_phase_2_-_afzal_block_multan-54416026-22190-4.html,Flat,For Rent,3.4 Marla,1,1.0,6 days ago,PKR 1.1 Lakh,"Buch Villas Phase 2 - Afzal Block, Buch Executive Villas - Phase 2",Multan,Zameen
4230,https://www.zameen.com/Property/buch_executive_villas_phase_2_buch_villas_phase_2_-_afzal_block_prime_location_1100_square_feet_flat_in_buch_villas_phase_2_-_afzal_block_best_option-54416025-22190-4.html,Flat,For Rent,4.9 Marla,2,2.0,6 days ago,PKR 1.6 Lakh,"Buch Villas Phase 2 - Afzal Block, Buch Executive Villas - Phase 2",Multan,Zameen
4231,https://www.zameen.com/Property/dha_phase_1_dha_phase_1_-_sector_b1_house_of_10_marla_in_dha_phase_1_-_sector_b1_is_available-54090212-14300-4.html,House,For Rent,10 Marla,5,6.0,6 days ago,PKR 1.05 Lakh,"DHA Phase 1 - Sector B1, DHA Phase 1",Multan,Zameen
4232,https://www.zameen.com/Property/jinnah_avenue_serene_villas_dha_villas_6_marla_villa_rent_65_thousand-54220087-22097-4.html,Villa,For Rent,6 Marla,3,4.0,5 days ago,PKR 67 Thousand,"Serene Villas, Jinnah Avenue",Multan,Zameen
4233,https://www.zameen.com/Property/dha_defence_askari_3_a_house_at_affordable_price_awaits_you-54230676-17156-4.html,House,For Rent,10 Marla,4,5.0,6 days ago,PKR 87 Thousand,"Askari 3, DHA Defence",Multan,Zameen
4234,https://www.zameen.com/Property/dha_defence_askari_3_12_marla_villa_askari_3_for_rent-54025497-17156-4.html,Villa,For Rent,12 Marla,4,5.0,6 days ago,PKR 95 Thousand,"Askari 3, DHA Defence",Multan,Zameen
4235,https://www.zameen.com/Property/multan_buch_executive_villas_buch_villas_multan_apartment_for_rent_1st_floor5_marla_park_facing-54316946-8627-4.html,Apartment,For Rent,5 Marla,2,2.0,5 days ago,PKR 55 Thousand,"Buch Executive Villas, Multan",Multan,Zameen
4236,https://www.zameen.com/Property/multan_buch_executive_villas_5_marla_house_available_for_rent-53683139-8627-4.html,House,For Rent,5 Marla,5,6.0,1 week ago,PKR 85 Thousand,"Buch Executive Villas, Multan",Multan,Zameen
4237,https://www.zameen.com/Property/multan_buch_executive_villas_7_5_marla_house_for_rent-54664220-8627-4.html,House,For Rent,7.5 Marla,5,6.0,1 week ago,PKR 1.15 Lakh,"Buch Executive Villas, Multan",Multan,Zameen
4238,https://www.zameen.com/Property/dha_phase_1_dha_phase_1_-_sector_b1_10_marla_brand_new_corner_house_available_for_rent_10_kva_solar_installed-54470732-14300-4.html,House,For Rent,10 Marla,5,6.0,1 week ago,PKR 1.45 Lakh,"DHA Phase 1 - Sector B1, DHA Phase 1",Multan,Zameen
4239,https://www.zameen.com/Property/multan_nishtar_chowk_three_beds_kitchen_living_room_upper_portion_of_the_house_available_for_rent-54663984-12826-4.html,Upper Portion,For Rent,18 Marla,3,3.0,1 week ago,PKR 65 Thousand,"Nishtar Chowk, Multan",Multan,Zameen
4240,https://www.zameen.com/Property/dha_defence_askari_3_ideal_7_marla_house_available_in_askari_3_multan-54302168-17156-4.html,House,For Rent,7 Marla,3,3.0,1 week ago,PKR 75 Thousand,"Askari 3, DHA Defence",Multan,Zameen
4241,https://www.zameen.com/Property/multan_buch_executive_villas_6_marla_corner_house_for_rent_in_buch_villas_multan-54323999-8627-4.html,House,For Rent,6 Marla,4,6.0,1 week ago,PKR 1.1 Lakh,"Buch Executive Villas, Multan",Multan,Zameen
4242,https://www.zameen.com/Property/dha_phase_1_dha_phase_1_-_sector_v_dha_multan_sector_v_8_marla_house_for_rent_available-54613531-14321-4.html,House,For Rent,8 Marla,5,5.0,1 week ago,PKR 90 Thousand,"DHA Phase 1 - Sector V, DHA Phase 1",Multan,Zameen
4243,https://www.zameen.com/Property/multan_public_school_road_royal_orchard_this_is_your_chance_to_buy_house_in_royal_orchard-54508324-9492-4.html,House,For Rent,5 Marla,3,4.0,1 week ago,PKR 80 Thousand,"Royal Orchard, Multan Public School Road",Multan,Zameen
4244,https://www.zameen.com/Property/canal_cantt_view_housing_society_modern_classic_villas_furnished_cozy_bedroom_for_rent-54660624-10463-4.html,Room,For Rent,6 Marla,1,1.0,1 week ago,PKR 25 Thousand,"Modern Classic Villas, Canal Cantt View Housing Society",Multan,Zameen
4245,https://www.zameen.com/Property/dha_defence_dha_villas_9_marla_dha_villa_for_rent_dha_villas-54610758-14018-4.html,Villa,For Rent,9 Marla,4,5.0,1 week ago,PKR 1.25 Lakh,"DHA Villas, DHA Defence",Multan,Zameen
4246,https://www.zameen.com/Property/multan_buch_executive_villas_9_marla_double_story_luxury_brand_new_villa_available_for_rent_with_7_kv_solar-54663829-8627-4.html,Villa,For Rent,9 Marla,4,4.0,1 week ago,PKR 1.25 Lakh,"Buch Executive Villas, Multan",Multan,Zameen
4247,https://www.zameen.com/Property/dha_defence_dha_villas_9_marla_luxury_double_storey_villa_available_for_rent_in_dha_villas_multan-54645478-14018-4.html,Villa,For Rent,9 Marla,4,4.0,1 week ago,PKR 89 Thousand,"DHA Villas, DHA Defence",Multan,Zameen
4248,https://www.zameen.com/Property/dha_phase_1_dha_phase_1_-_sector_b1_premium_10_marla_rental_house_in_dha_multan_sector_b1_modern_features_excellent_location-54382927-14300-4.html,House,For Rent,10 Marla,5,5.0,1 week ago,PKR 90 Thousand,"DHA Phase 1 - Sector B1, DHA Phase 1",Multan,Zameen
4249,https://www.zameen.com/Property/multan_buch_executive_villas_10_marla_house_available_for_rent-54664208-8627-4.html,House,For Rent,10 Marla,5,6.0,1 week ago,PKR 1.35 Lakh,"Buch Executive Villas, Multan",Multan,Zameen
4250,https://www.zameen.com/Property/multan_public_school_road_royal_orchard_brand_new_5_marla_house_available_in_royal_orchard_for_rent-54508329-9492-4.html,House,For Rent,5 Marla,3,3.0,1 week ago,PKR 80 Thousand,"Royal Orchard, Multan Public School Road",Multan,Zameen
4251,https://www.zameen.com/Property/multan_buch_executive_villas_brand_new_5_marla_house_available_in_buch_executive_villas_for_rent-54508330-8627-4.html,House,For Rent,5 Marla,4,4.0,1 week ago,PKR 90 Thousand,"Buch Executive Villas, Multan",Multan,Zameen
4252,https://www.zameen.com/Property/multan_buch_executive_villas_brand_new_1687_square_feet_house_for_rent_in_buch_executive_villas_buch_executive_villas-54508331-8627-4.html,House,For Rent,7.5 Marla,5,5.0,1 week ago,PKR 1.3 Lakh,"Buch Executive Villas, Multan",Multan,Zameen
4253,https://www.zameen.com/Property/dha_defence_dha_phase_1_kanal_double_storey_beautiful_luxury_house_for_rent_in_dha_multan-52934269-15631-4.html,House,For Rent,1 Kanal,6,6.0,1 week ago,PKR 2 Lakh,"DHA Phase 1, DHA Defence",Multan,Zameen
4254,https://www.zameen.com/Property/dha_defence_dha_villas_dha_villas_for_rent_available_with_solar_system_6kv_battery-54657018-14018-4.html,Villa,For Rent,6 Marla,3,3.0,1 week ago,PKR 90 Thousand,"DHA Villas, DHA Defence",Multan,Zameen
4255,https://www.zameen.com/Property/multan_multan_public_school_road_7_marla_house_for_rent_mps_road_luxery_villas_use_for_office-54656253-8902-4.html,House,For Rent,7 Marla,4,5.0,1 week ago,PKR 80 Thousand,"Multan Public School Road, Multan",Multan,Zameen
4256,https://www.zameen.com/Property/multan_multan_public_school_road_double_storey_7_marla_house_for_rent_in_multan_public_school_road_multan_public_school_road-54656220-8902-4.html,House,For Rent,7 Marla,5,6.0,1 week ago,PKR 80 Thousand,"Multan Public School Road, Multan",Multan,Zameen
4257,https://www.zameen.com/Property/multan_pearl_city_pc_colony_house_is_available_for_rent-54375968-9412-4.html,House,For Rent,10 Marla,4,4.0,1 week ago,PKR 80 Thousand,"Pearl City, Multan",Multan,Zameen
4258,https://www.zameen.com/Property/wapda_town_phase_1_wapda_town_phase_1_-_block_b_in_wapda_town_phase_1_-_block_b_20_marla_house_for_rent-54482268-5823-4.html,House,For Rent,1 Kanal,5,6.0,1 week ago,PKR 2.7 Lakh,"Wapda Town Phase 1 - Block B, Wapda Town Phase 1",Multan,Zameen
4259,https://www.zameen.com/Property/buch_executive_villas_buch_executive_villas_-_phase_1_brand_new_luxury_villas_available_for_rent-54446925-19719-4.html,Villa,For Rent,10 Marla,6,6.0,1 week ago,PKR 1.55 Lakh,"Buch Executive Villas - Phase 1, Buch Executive Villas",Multan,Zameen
4260,https://www.zameen.com/Property/multan_public_school_road_royal_orchard_6_50_marla_duble_storey_beautiful_luxury_hose_for_rent-54545574-9492-4.html,Other,For Rent,6.5 Marla,4,5.0,1 week ago,PKR 90 Thousand,"Royal Orchard, Multan Public School Road",Multan,Zameen
4261,https://www.zameen.com/Property/multan_dha_defence_house_for_rent_in_dha_defence-51121445-8581-4.html,House,For Rent,1 Kanal,6,6.0,1 week ago,PKR 1.6 Lakh,"DHA Defence, Multan",Multan,Zameen
4262,https://www.zameen.com/Property/multan_model_town_fully_furnished_house_available_for_rent-51181321-1147-4.html,House,For Rent,5 Marla,2,2.0,1 week ago,PKR 75 Thousand,"Model Town, Multan",Multan,Zameen
4263,https://www.zameen.com/Property/bosan_road_mall_of_multan_fully_furnished_apartment_for_rent_daliy_weekly_monthly-51617321-9653-4.html,Apartment,For Rent,5 Marla,2,2.0,1 week ago,PKR 75 Thousand,"Mall OF Multan, Bosan Road",Multan,Zameen
4264,https://www.zameen.com/Property/multan_buch_executive_villas_7_marla_ultra_luxurious_designer_house_for_rent_in_buch_executive_villas_multan-51181283-8627-4.html,House,For Rent,7 Marla,5,6.0,1 week ago,PKR 60 Thousand,"Buch Executive Villas, Multan",Multan,Zameen
4265,https://www.zameen.com/Property/multan_public_school_road_royal_orchard_luxury_house_available_for_rent-51181265-9492-4.html,House,For Rent,10 Marla,5,5.0,1 week ago,PKR 95 Thousand,"Royal Orchard, Multan Public School Road",Multan,Zameen
4266,https://www.zameen.com/Property/multan_buch_executive_villas_05_marla_triple_storey_ultra_luxurious_designer_house_for_rent_in_manik_block_buch_executive_villas_multan-53235650-8627-4.html,House,For Rent,5 Marla,4,5.0,1 week ago,PKR 67 Thousand,"Buch Executive Villas, Multan",Multan,Zameen
4267,https://www.zameen.com/Property/buch_executive_villas_buch_executive_villas_-_phase_2_a_perfect_house_awaits_you_in_buch_executive_villas_-_phase_2_multan-52746368-19720-4.html,House,For Rent,5 Marla,4,5.0,1 week ago,PKR 65 Thousand,"Buch Executive Villas - Phase 2, Buch Executive Villas",Multan,Zameen
4268,https://www.zameen.com/Property/multan_buch_executive_villas_05_marla_ultra_luxurious_designer_house_for_rent_in_buch_executive_villas_multan-52818614-8627-4.html,House,For Rent,5 Marla,4,5.0,1 week ago,PKR 70 Thousand,"Buch Executive Villas, Multan",Multan,Zameen
4269,https://www.zameen.com/Property/multan_buch_executive_villas_05_marla_ultra_luxurious_designer_house_for_rent_in_buch_executive_villas_multan-53238058-8627-4.html,House,For Rent,5 Marla,4,5.0,1 week ago,PKR 50 Thousand,"Buch Executive Villas, Multan",Multan,Zameen
4270,https://www.zameen.com/Property/buch_executive_villas_phase_2_buch_villas_phase_2_-_manik_block_05_marla_ultra_luxurious_designer_house_for_rent_in_manik_block_buch_executive_villas_multan-53237412-22186-4.html,House,For Rent,5 Marla,4,4.0,1 week ago,PKR 65 Thousand,"Buch Villas Phase 2 - Manik Block, Buch Executive Villas - Phase 2",Multan,Zameen
4271,https://www.zameen.com/Property/multan_buch_executive_villas_05_marla_ultra_luxurious_designer_house_for_rent_in_buch_executive_villas_multan-53235776-8627-4.html,House,For Rent,5 Marla,4,5.0,1 week ago,PKR 64 Thousand,"Buch Executive Villas, Multan",Multan,Zameen
4272,https://www.zameen.com/Property/multan_buch_executive_villas_05_marla_ultra_luxurious_designer_house_for_rent_in_buch_executive_villas_multan-53235796-8627-4.html,House,For Rent,5 Marla,4,5.0,1 week ago,PKR 62 Thousand,"Buch Executive Villas, Multan",Multan,Zameen
4273,https://www.zameen.com/Property/multan_buch_executive_villas_10_marla_ultra_luxurious_designer_house_for_rent_in_buch_executive_villas_multan-53240514-8627-4.html,House,For Rent,10 Marla,4,5.0,1 week ago,PKR 70 Thousand,"Buch Executive Villas, Multan",Multan,Zameen
4274,https://www.zameen.com/Property/multan_buch_executive_villas_8_marla_uper_portion_available_for_rent_in_buch_villas_multan-53238151-8627-4.html,Villa,For Rent,8 Marla,3,4.0,1 week ago,PKR 60 Thousand,"Buch Executive Villas, Multan",Multan,Zameen
4275,https://www.zameen.com/Property/multan_buch_executive_villas_10_marla_house_available_for_rent_in_buch_vilas_multan-53238070-8627-4.html,House,For Rent,10 Marla,6,6.0,1 week ago,PKR 1 Lakh,"Buch Executive Villas, Multan",Multan,Zameen
4276,https://www.zameen.com/Property/multan_model_town_05_marla_ultra_luxurious_designer_furnished_upper_portion_for_rent_in_model_town-53241394-1147-4.html,Upper Portion,For Rent,5 Marla,2,3.0,1 week ago,PKR 50 Thousand,"Model Town, Multan",Multan,Zameen
4277,https://www.zameen.com/Property/multan_buch_executive_villas_5_marla_double_storey_house_available_for_rent-53241281-8627-4.html,House,For Rent,5 Marla,4,5.0,1 week ago,PKR 75 Thousand,"Buch Executive Villas, Multan",Multan,Zameen
4278,https://www.zameen.com/Property/multan_buch_executive_villas_10_marla_ultra_luxurious_designer_house_for_rent_in_buch_executive_villas_multan-53244942-8627-4.html,House,For Rent,10 Marla,6,6.0,1 week ago,PKR 90 Thousand,"Buch Executive Villas, Multan",Multan,Zameen
4279,https://www.zameen.com/Property/multan_wapda_town_ultra_luxurious_designer_apartment_for_rent-53244907-5820-4.html,Apartment,For Rent,5 Marla,1,1.0,1 week ago,PKR 65 Thousand,"Wapda Town, Multan",Multan,Zameen
4280,https://www.zameen.com/Property/multan_buch_executive_villas_10_marla_ultra_luxurious_designer_house_for_rent_in_buch_executive_villas_multan-53241441-8627-4.html,House,For Rent,10 Marla,6,6.0,1 week ago,PKR 90 Thousand,"Buch Executive Villas, Multan",Multan,Zameen
4281,https://www.zameen.com/Property/multan_public_school_road_royal_orchard_prime_location_5_marla_house_in_only_rs_75000-53255344-9492-4.html,House,For Rent,5 Marla,4,5.0,1 week ago,PKR 75 Thousand,"Royal Orchard, Multan Public School Road",Multan,Zameen
4282,https://www.zameen.com/Property/multan_buch_executive_villas_a_prime_location_5_marla_house_located_in_buch_executive_villas_is_available_for_rent-53255343-8627-4.html,House,For Rent,5 Marla,4,5.0,1 week ago,PKR 65 Thousand,"Buch Executive Villas, Multan",Multan,Zameen
4283,https://www.zameen.com/Property/multan_buch_executive_villas_prime_location_10_marla_house_for_rent_in_buch_executive_villas-53255342-8627-4.html,House,For Rent,10 Marla,6,6.0,1 week ago,PKR 1.15 Lakh,"Buch Executive Villas, Multan",Multan,Zameen
4284,https://www.zameen.com/Property/multan_buch_executive_villas_10_marla_ultra_luxurious_designer_house_for_rent_in_buch_executive_villas_multan-53281697-8627-4.html,House,For Rent,10 Marla,5,6.0,1 week ago,PKR 1.1 Lakh,"Buch Executive Villas, Multan",Multan,Zameen
4285,https://www.zameen.com/Property/multan_model_town_5_marla_fully_furnished_portion_available_for_rent_monthly_and_daily_basis_available-53676601-1147-4.html,Other,For Rent,5 Marla,2,3.0,1 week ago,PKR 65 Thousand,"Model Town, Multan",Multan,Zameen
4286,https://www.zameen.com/Property/multan_buch_executive_villas_spacious_7_5_marla_house_for_rent_in_ideal_location-53714398-8627-4.html,House,For Rent,7.5 Marla,5,6.0,1 week ago,PKR 1.5 Lakh,"Buch Executive Villas, Multan",Multan,Zameen
4287,https://www.zameen.com/Property/multan_public_school_road_ghagra_villas_ghagra_villas_house_sized_787_square_feet_for_rent-54594378-14255-4.html,House,For Rent,3.5 Marla,3,3.0,1 week ago,PKR 45 Thousand,"Ghagra Villas, Multan Public School Road",Multan,Zameen
4288,https://www.zameen.com/Property/wapda_town_wapda_town_phase_1_house_for_rent_in_rs_110000-54584627-5821-4.html,House,For Rent,10 Marla,5,5.0,1 week ago,PKR 1.1 Lakh,"Wapda Town Phase 1, Wapda Town",Multan,Zameen
4289,https://www.zameen.com/Property/multan_buch_executive_villas_unoccupied_house_of_5_marla_is_available_for_rent_in_buch_executive_villas-54572274-8627-4.html,House,For Rent,5 Marla,4,4.0,1 week ago,PKR 65 Thousand,"Buch Executive Villas, Multan",Multan,Zameen
4290,https://www.zameen.com/Property/dha_defence_askari_3_well-maintained_12_marla_villa_available_for_rent_in_askari_3-54354949-17156-4.html,Villa,For Rent,12 Marla,4,5.0,1 week ago,PKR 92 Thousand,"Askari 3, DHA Defence",Multan,Zameen
4291,https://www.zameen.com/Property/multan_multan_public_school_road_brand_new_8_marla_house_available_in_multan_public_school_road_for_rent-54653636-8902-4.html,House,For Rent,8 Marla,4,4.0,1 week ago,PKR 1.1 Lakh,"Multan Public School Road, Multan",Multan,Zameen
4292,https://www.zameen.com/Property/multan_multan_public_school_road_brand_new_5_marla_house_available_in_multan_public_school_road_for_rent-54653635-8902-4.html,House,For Rent,5 Marla,3,4.0,1 week ago,PKR 75 Thousand,"Multan Public School Road, Multan",Multan,Zameen
4293,https://www.zameen.com/Property/buch_executive_villas_phase_2_buch_villas_phase_2_-_hamid_block_slightly_use_5_marla_house_for_rent_buch_executive_villas_multan-54246246-22188-4.html,House,For Rent,5 Marla,4,4.0,1 week ago,PKR 1 Lakh,"Buch Villas Phase 2 - Hamid Block, Buch Executive Villas - Phase 2",Multan,Zameen
4294,https://www.zameen.com/Property/multan_buch_executive_villas_3_bed_first_floor_flat_for_rent_buh_villas_multan-54601710-8627-4.html,Flat,For Rent,6 Marla,3,3.0,1 week ago,PKR 60 Thousand,"Buch Executive Villas, Multan",Multan,Zameen
4295,https://www.zameen.com/Property/wapda_town_wapda_town_phase_1_10_marla_portion_wapda_town_ph1_for_rent-54633795-5821-4.html,Other,For Rent,10 Marla,3,3.0,1 week ago,PKR 55 Thousand,"Wapda Town Phase 1, Wapda Town",Multan,Zameen
4296,https://www.zameen.com/Property/multan_model_town_3_5_marla_for_rent_on_model_town-54650784-1147-4.html,Other,For Rent,3.5 Marla,3,4.0,1 week ago,PKR 40 Thousand,"Model Town, Multan",Multan,Zameen
4297,https://www.zameen.com/Property/multan_buch_executive_villas_5_marla_lower_portion_for_rent_buch_villas_multan-54218667-8627-4.html,Lower Portion,For Rent,5 Marla,2,2.0,1 week ago,PKR 50 Thousand,"Buch Executive Villas, Multan",Multan,Zameen
4298,https://www.zameen.com/Property/multan_buch_executive_villas_5_marla_brand_new_triple_storey_luxurious_house_available_for_rent_in_buch_executive_villas_multan-54065533-8627-4.html,House,For Rent,5 Marla,4,5.0,1 week ago,PKR 83 Thousand,"Buch Executive Villas, Multan",Multan,Zameen
4299,https://www.zameen.com/Property/multan_public_school_road_royal_orchard_brand_new_5_marla_house_available_in_royal_orchard_for_rent-54549273-9492-4.html,House,For Rent,5 Marla,3,4.0,1 week ago,PKR 85 Thousand,"Royal Orchard, Multan Public School Road",Multan,Zameen
4300,https://www.zameen.com/Property/multan_buch_executive_villas_apartment_furnished_and_non_furnished_available_for_rent_in_buch_villas-53751818-8627-4.html,Apartment,For Rent,6.5 Marla,2,2.0,1 week ago,PKR 60 Thousand,"Buch Executive Villas, Multan",Multan,Zameen
4301,https://www.zameen.com/Property/multan_buch_executive_villas_2_bed_furnished_flat_daily_basis_rent_buch_villas_multan-53667825-8627-4.html,Flat,For Rent,6 Marla,2,2.0,1 week ago,PKR 2.8 Lakh,"Buch Executive Villas, Multan",Multan,Zameen
4302,https://www.zameen.com/Property/buch_executive_villas_buch_executive_villas_-_phase_2_studio_1_bed_kitchen_with_attach_bath_available_for_rent_in_buch_villas-54321940-19720-4.html,Villa,For Rent,5 Marla,,1.0,1 week ago,PKR 60 Thousand,"Buch Executive Villas - Phase 2, Buch Executive Villas",Multan,Zameen
4303,https://www.zameen.com/Property/dha_phase_1_dha_phase_1_-_sector_r_rent_house_avilable-54403843-14317-4.html,House,For Rent,1 Kanal,5,6.0,1 week ago,PKR 1.5 Lakh,"DHA Phase 1 - Sector R, DHA Phase 1",Multan,Zameen
4304,https://www.zameen.com/Property/multan_buch_executive_villas_ultra_luxurious_designer_furnished_flat_for_rent_in_buch_executive_villas_multan-53238086-8627-4.html,Flat,For Rent,5 Marla,1,1.0,1 week ago,PKR 50 Thousand,"Buch Executive Villas, Multan",Multan,Zameen
4305,https://www.zameen.com/Property/multan_buch_executive_villas_10_marla_triple_storey_house_for_rent_in_manik_block_buch_villas_multan_5_bed_with_car_porch-53679023-8627-4.html,House,For Rent,10 Marla,5,6.0,1 week ago,PKR 1.35 Lakh,"Buch Executive Villas, Multan",Multan,Zameen
4306,https://www.zameen.com/Property/wapda_town_wapda_town_phase_2_10_marla_portion_wapda_ph2_for_rent-54651254-5825-4.html,Other,For Rent,10 Marla,3,3.0,1 week ago,PKR 55 Thousand,"Wapda Town Phase 2, Wapda Town",Multan,Zameen
4307,https://www.zameen.com/Property/dha_phase_1_dha_phase_1_-_sector_m_your_dream_brand_new_20_marla_house_is_available_in_dha_phase_1_-_sector_m-54645229-14312-4.html,House,For Rent,1 Kanal,5,6.0,1 week ago,PKR 1.8 Lakh,"DHA Phase 1 - Sector M, DHA Phase 1",Multan,Zameen
4308,https://www.zameen.com/Property/multan_buch_executive_villas_2800_square_feet_other_for_rent_in_bahria_town_rawalpindi-54467382-8627-4.html,Other,For Rent,1 Kanal,2,3.0,2 weeks ago,PKR 1.5 Lakh,"Buch Executive Villas, Multan",Multan,Zameen
4309,https://www.zameen.com/Property/dha_defence_dha_villas_9_marla_new_double_story_villa_available_for_rent_in_dha_villa_s_multan_with_7_kv_solar-54554697-14018-4.html,Villa,For Rent,9 Marla,4,4.0,2 weeks ago,PKR 1.25 Lakh,"DHA Villas, DHA Defence",Multan,Zameen
4310,https://www.zameen.com/Property/multan_buch_executive_villas_14_marla_spanish_luxurious_brand_new_house_for_rent-54593156-8627-4.html,House,For Rent,14 Marla,5,6.0,2 weeks ago,PKR 1.8 Lakh,"Buch Executive Villas, Multan",Multan,Zameen
4311,https://www.zameen.com/Property/dha_phase_1_dha_phase_1_-_sector_m_brand_new_20_marla_house_available_in_dha_phase_1_-_sector_m_for_rent-53453456-14312-4.html,House,For Rent,1 Kanal,5,6.0,2 weeks ago,PKR 1.6 Lakh,"DHA Phase 1 - Sector M, DHA Phase 1",Multan,Zameen
4312,https://www.zameen.com/Property/multan_buch_executive_villas_5_marla_park_facing_new_semi_furnished_house_available_for_rent_in_buch_villas_main_location-53770527-8627-4.html,House,For Rent,5 Marla,4,5.0,2 weeks ago,PKR 70 Thousand,"Buch Executive Villas, Multan",Multan,Zameen
4313,https://www.zameen.com/Property/multan_public_school_road_royal_orchard_brand_new_5_marla_house_for_rent_in_royal_orchard_multan-54610705-9492-4.html,House,For Rent,5 Marla,4,4.0,2 weeks ago,PKR 80 Thousand,"Royal Orchard, Multan Public School Road",Multan,Zameen
4314,https://www.zameen.com/Property/dha_defence_askari_3_1_kanal_fully_furnished_portion_for_rent_in_askari_3_dha_multan-54074235-17156-4.html,Other,For Rent,1 Kanal,3,4.0,2 weeks ago,PKR 2 Lakh,"Askari 3, DHA Defence",Multan,Zameen
4315,https://www.zameen.com/Property/multan_buch_executive_villas_double_storey_5_marla_house_for_rent_in_buch_executive_villas_buch_executive_villas-54545167-8627-4.html,House,For Rent,5 Marla,3,4.0,2 weeks ago,PKR 75 Thousand,"Buch Executive Villas, Multan",Multan,Zameen
4316,https://www.zameen.com/Property/dha_phase_1_dha_phase_1_-_sector_q_ideal_20_marla_house_has_landed_on_market_in_dha_phase_1_-_sector_q_multan-54598419-14316-4.html,House,For Rent,1 Kanal,5,6.0,2 weeks ago,PKR 1.5 Lakh,"DHA Phase 1 - Sector Q, DHA Phase 1",Multan,Zameen
4317,https://www.zameen.com/Property/multan_rasheedabad_4_marla_double_storey_house_in_rashedabad_for_rent-54587511-8690-4.html,House,For Rent,4 Marla,4,4.0,2 weeks ago,PKR 28 Thousand,"Rasheedabad, Multan",Multan,Zameen
4318,https://www.zameen.com/Property/dha_defence_dha_villas_prime_location_6_marla_house_in_dha_villas_is_best_option-54433457-14018-4.html,House,For Rent,6 Marla,4,4.0,2 weeks ago,PKR 80 Thousand,"DHA Villas, DHA Defence",Multan,Zameen
4319,https://www.zameen.com/Property/dha_defence_dha_villas_prime_location_house_of_12_marla_in_dha_villas_for_rent-54433455-14018-4.html,House,For Rent,12 Marla,5,5.0,2 weeks ago,PKR 1.2 Lakh,"DHA Villas, DHA Defence",Multan,Zameen
4320,https://www.zameen.com/Property/dha_defence_dha_villas_ideal_prime_location_9_marla_house_has_landed_on_market_in_dha_villas_multan-54433456-14018-4.html,House,For Rent,9 Marla,4,4.0,2 weeks ago,PKR 95 Thousand,"DHA Villas, DHA Defence",Multan,Zameen
4321,https://www.zameen.com/Property/dha_defence_dha_villas_a_great_choice_for_a_prime_location_6_marla_house_available_in_dha_villas-54503545-14018-4.html,House,For Rent,6 Marla,4,4.0,2 weeks ago,PKR 80 Thousand,"DHA Villas, DHA Defence",Multan,Zameen
4322,https://www.zameen.com/Property/dha_defence_askari_3_highly-desirable_house_available_in_askari_3_for_rent-53974989-17156-4.html,House,For Rent,10 Marla,4,4.0,2 weeks ago,PKR 90 Thousand,"Askari 3, DHA Defence",Multan,Zameen
4323,https://www.zameen.com/Property/wapda_town_wapda_town_phase_2_8_marla_separate_ground_portion_for_rent_wapda_town_phase_2-54635370-5825-4.html,Other,For Rent,10 Marla,2,3.0,2 weeks ago,PKR 60 Thousand,"Wapda Town Phase 2, Wapda Town",Multan,Zameen
4324,https://www.zameen.com/Property/multan_bosan_road_5_5_marla_luxury_double_story_house_for_rent_near_nishat_school_st_bosan_road_multan-54635367-5705-4.html,House,For Rent,5 Marla,4,5.0,2 weeks ago,PKR 83 Thousand,"Bosan Road, Multan",Multan,Zameen
4325,https://www.zameen.com/Property/dha_defence_dha_villas_dha_villas_9_marla_villa_av6for_rent_90_thousand-54219181-14018-4.html,Villa,For Rent,9 Marla,4,5.0,2 weeks ago,PKR 95 Thousand,"DHA Villas, DHA Defence",Multan,Zameen
4326,https://www.zameen.com/Property/multan_public_school_road_royal_orchard_5_marla_like_brand_new_house_available_for_rent_on_prime_location_of_royal_orchard-53990028-9492-4.html,House,For Rent,5 Marla,4,5.0,2 weeks ago,PKR 70 Thousand,"Royal Orchard, Multan Public School Road",Multan,Zameen
4327,https://www.zameen.com/Property/multan_buch_executive_villas_ideal_prime_location_house_in_buch_executive_villas_available_for_rs_95000-54636838-8627-4.html,House,For Rent,5 Marla,4,4.0,2 weeks ago,PKR 95 Thousand,"Buch Executive Villas, Multan",Multan,Zameen
4328,https://www.zameen.com/Property/multan_buch_executive_villas_prime_location_5_marla_house_in_buch_executive_villas_is_best_option-54636837-8627-4.html,House,For Rent,5 Marla,4,4.0,2 weeks ago,PKR 85 Thousand,"Buch Executive Villas, Multan",Multan,Zameen
4329,https://www.zameen.com/Property/multan_buch_executive_villas_want_to_buy_a_prime_location_house_in_buch_executive_villas-54636836-8627-4.html,House,For Rent,10 Marla,5,5.0,2 weeks ago,PKR 1.3 Lakh,"Buch Executive Villas, Multan",Multan,Zameen
4330,https://www.zameen.com/Property/multan_public_school_road_royal_orchard_ready_to_buy_a_prime_location_house_in_royal_orchard_multan-54636835-9492-4.html,House,For Rent,10 Marla,5,5.0,2 weeks ago,PKR 1.35 Lakh,"Royal Orchard, Multan Public School Road",Multan,Zameen
4331,https://www.zameen.com/Property/multan_public_school_road_royal_orchard_prime_location_house_for_rent_is_readily_available_in_prime_location_of_royal_orchard-54636833-9492-4.html,House,For Rent,5 Marla,3,4.0,2 weeks ago,PKR 80 Thousand,"Royal Orchard, Multan Public School Road",Multan,Zameen
4332,https://www.zameen.com/Property/wapda_town_wapda_town_phase_1_good_prime_location_10_marla_lower_portion_for_rent_in_wapda_town_phase_1-54636462-5821-4.html,Lower Portion,For Rent,10 Marla,2,2.0,2 weeks ago,PKR 60 Thousand,"Wapda Town Phase 1, Wapda Town",Multan,Zameen
4333,https://www.zameen.com/Property/wapda_town_wapda_town_phase_1_find_your_ideal_prime_location_upper_portion_in_multan-54636460-5821-4.html,Upper Portion,For Rent,5 Marla,2,2.0,2 weeks ago,PKR 40 Thousand,"Wapda Town Phase 1, Wapda Town",Multan,Zameen
4334,https://www.zameen.com/Property/wapda_town_wapda_town_phase_1_prime_location_in_wapda_town_phase_1_upper_portion_for_rent_sized_10_marla-54636461-5821-4.html,Upper Portion,For Rent,10 Marla,2,2.0,2 weeks ago,PKR 55 Thousand,"Wapda Town Phase 1, Wapda Town",Multan,Zameen
4335,https://www.zameen.com/Property/wapda_town_wapda_town_phase_1_prime_location_upper_portion_of_5_marla_available_for_rent_in_wapda_town_phase_1-54636459-5821-4.html,Upper Portion,For Rent,5 Marla,2,2.0,2 weeks ago,PKR 40 Thousand,"Wapda Town Phase 1, Wapda Town",Multan,Zameen
4336,https://www.zameen.com/Property/wapda_town_wapda_town_phase_1_gorgeous_prime_location_7_marla_lower_portion_for_rent_available_in_wapda_town_phase_1-54636458-5821-4.html,Lower Portion,For Rent,7 Marla,2,2.0,2 weeks ago,PKR 50 Thousand,"Wapda Town Phase 1, Wapda Town",Multan,Zameen
4337,https://www.zameen.com/Property/wapda_town_wapda_town_phase_1_prime_location_house_of_7_marla_is_available_for_rent-54636456-5821-4.html,House,For Rent,7 Marla,4,4.0,2 weeks ago,PKR 80 Thousand,"Wapda Town Phase 1, Wapda Town",Multan,Zameen
4338,https://www.zameen.com/Property/wapda_town_wapda_town_phase_1_prime_location_10_marla_house_situated_in_wapda_town_phase_1_for_rent-54636455-5821-4.html,House,For Rent,10 Marla,5,5.0,2 weeks ago,PKR 1.6 Lakh,"Wapda Town Phase 1, Wapda Town",Multan,Zameen
4339,https://www.zameen.com/Property/multan_model_town_get_this_amazing_prime_location_10_marla_house_available_in_model_town-54636454-1147-4.html,House,For Rent,10 Marla,5,5.0,2 weeks ago,PKR 1.2 Lakh,"Model Town, Multan",Multan,Zameen
4340,https://www.zameen.com/Property/wapda_town_wapda_town_phase_1_prime_location_in_wapda_town_phase_1_of_multan_a_5_marla_house_is_available-54636453-5821-4.html,House,For Rent,5 Marla,3,4.0,2 weeks ago,PKR 70 Thousand,"Wapda Town Phase 1, Wapda Town",Multan,Zameen
4341,https://www.zameen.com/Property/wapda_town_wapda_town_phase_2_prime_location_house_available_for_rent_in_wapda_town_phase_2-54636452-5825-4.html,House,For Rent,1 Kanal,5,5.0,2 weeks ago,PKR 2.7 Lakh,"Wapda Town Phase 2, Wapda Town",Multan,Zameen
4342,https://www.zameen.com/Property/buch_executive_villas_phase_2_buch_villas_phase_2_-_manik_block_5_44_marla_brand_new_house_available_for_rent_buch_executive_villas_multan-54544853-22186-4.html,House,For Rent,5 Marla,4,5.0,2 weeks ago,PKR 2.3 Lakh,"Buch Villas Phase 2 - Manik Block, Buch Executive Villas - Phase 2",Multan,Zameen
4343,https://www.zameen.com/Property/buch_executive_villas_phase_2_buch_villas_phase_2_-_manik_block_5_marla_beautiful_triple_storey_house_for_rent_in_buch_vilas_multan-54350965-22186-4.html,House,For Rent,5 Marla,4,5.0,2 weeks ago,PKR 90 Thousand,"Buch Villas Phase 2 - Manik Block, Buch Executive Villas - Phase 2",Multan,Zameen
4344,https://www.zameen.com/Property/multan_buch_executive_villas_facing_park_8_5_marla_house_in_buch_executive_villas_for_rent_at_good_location-54321716-8627-4.html,House,For Rent,8 Marla,5,5.0,2 weeks ago,PKR 80 Thousand,"Buch Executive Villas, Multan",Multan,Zameen
4345,https://www.zameen.com/Property/multan_buch_executive_villas_ideally_located_house_of_5_marla_is_available_for_rent_in_buch_executive_villas-54630834-8627-4.html,House,For Rent,5 Marla,3,4.0,2 weeks ago,PKR 95 Thousand,"Buch Executive Villas, Multan",Multan,Zameen
4346,https://www.zameen.com/Property/multan_public_school_road_royal_orchard_5_marla_house_in_stunning_royal_orchard_is_available_for_rent-54630832-9492-4.html,House,For Rent,5 Marla,3,4.0,2 weeks ago,PKR 75 Thousand,"Royal Orchard, Multan Public School Road",Multan,Zameen
4347,https://www.zameen.com/Property/wapda_town_wapda_town_phase_2_in_wapda_town_phase_2_house_sized_10_marla_for_rent-54630831-5825-4.html,House,For Rent,10 Marla,5,6.0,2 weeks ago,PKR 1.1 Lakh,"Wapda Town Phase 2, Wapda Town",Multan,Zameen
4348,https://www.zameen.com/Property/wapda_town_wapda_town_phase_1_20_marla_house_in_wapda_town_for_rent_at_good_location-54630830-5821-4.html,House,For Rent,1 Kanal,5,6.0,2 weeks ago,PKR 2.2 Lakh,"Wapda Town Phase 1, Wapda Town",Multan,Zameen
4349,https://www.zameen.com/Property/wapda_town_wapda_town_phase_1_1_kanal_new_upper_portion_for_rent_wapda_town_ph1-54537978-5821-4.html,Upper Portion,For Rent,1 Kanal,3,4.0,2 weeks ago,PKR 99 Thousand,"Wapda Town Phase 1, Wapda Town",Multan,Zameen
4350,https://www.zameen.com/Property/multan_buch_executive_villas_get_your_hands_on_prime_location_house_in_buch_executive_villas_best_area-53919354-8627-4.html,House,For Rent,5 Marla,4,4.0,2 weeks ago,PKR 90 Thousand,"Buch Executive Villas, Multan",Multan,Zameen
4351,https://www.zameen.com/Property/wapda_town_wapda_town_phase_2_8_marla_double_storey_house_for_rent_wapda_town_phase_2-54628794-5825-4.html,House,For Rent,8 Marla,4,5.0,2 weeks ago,PKR 85 Thousand,"Wapda Town Phase 2, Wapda Town",Multan,Zameen
4352,https://www.zameen.com/Property/dha_phase_1_dha_phase_1_-_sector_b1_buy_a_centrally_located_10_marla_house_in_dha_phase_1_-_sector_b1-54625856-14300-4.html,House,For Rent,10 Marla,4,5.0,2 weeks ago,PKR 1.1 Lakh,"DHA Phase 1 - Sector B1, DHA Phase 1",Multan,Zameen
4353,https://www.zameen.com/Property/dha_defence_askari_3_get_in_touch_now_to_rent_a_house_in_askari_3-54625854-17156-4.html,House,For Rent,10 Marla,4,5.0,2 weeks ago,PKR 95 Thousand,"Askari 3, DHA Defence",Multan,Zameen
4354,https://www.zameen.com/Property/multan_multan_public_school_road_gorgeous_prime_location_6_marla_house_for_rent_available_in_multan_public_school_road-54624549-8902-4.html,House,For Rent,6 Marla,4,4.0,2 weeks ago,PKR 70 Thousand,"Multan Public School Road, Multan",Multan,Zameen
4355,https://www.zameen.com/Property/multan_buch_executive_villas_05_marla_ultra_luxurious_designer_house_for_rent_in_buch_executive_villas_multan-53355868-8627-4.html,House,For Rent,5 Marla,4,5.0,2 weeks ago,PKR 65 Thousand,"Buch Executive Villas, Multan",Multan,Zameen
4356,https://www.zameen.com/Property/multan_buch_executive_villas_05_marla_ultra_luxurious_designer_house_for_rent_in_buch_executive_villas_multan-53367045-8627-4.html,House,For Rent,5 Marla,4,5.0,2 weeks ago,PKR 70 Thousand,"Buch Executive Villas, Multan",Multan,Zameen
4357,https://www.zameen.com/Property/multan_bahadurpur_6_marla_ground_portion_for_rent_in_bahadurpur_near_mps_road_multan-54603020-8620-4.html,Other,For Rent,6 Marla,2,3.0,2 weeks ago,PKR 38 Thousand,"Bahadurpur, Multan",Multan,Zameen
4358,https://www.zameen.com/Property/multan_buch_executive_villas_ultra_luxurious_designer_furnished_apartments_for_rent_in_buch_executive_villas_multan-53336334-8627-4.html,Apartment,For Rent,5 Marla,1,1.0,2 weeks ago,PKR 55 Thousand,"Buch Executive Villas, Multan",Multan,Zameen
4359,https://www.zameen.com/Property/multan_buch_executive_villas_9_marla_brand_new_spanish_design_house_available_for_rent_in_buch_executive_villa-53675061-8627-4.html,House,For Rent,9 Marla,5,6.0,2 weeks ago,PKR 1.35 Lakh,"Buch Executive Villas, Multan",Multan,Zameen
4360,https://www.zameen.com/Property/multan_buch_executive_villas_5_60_marla_double_storey_brand_new_house_for_rent_in_buch_executive_villa_multan-53382996-8627-4.html,House,For Rent,5.6 Marla,4,5.0,2 weeks ago,PKR 95 Thousand,"Buch Executive Villas, Multan",Multan,Zameen
4361,https://www.zameen.com/Property/multan_buch_executive_villas_4_marla_triple_storey_most_luxury_design_house_for_rent_in_buch_executive_villa_multan-53378162-8627-4.html,House,For Rent,4 Marla,4,5.0,2 weeks ago,PKR 75 Thousand,"Buch Executive Villas, Multan",Multan,Zameen
4362,https://www.zameen.com/Property/multan_buch_executive_villas_5_marla_triple_story_most_luxury_design_house_for_rent_in_buch_executive_villa_multan-53378133-8627-4.html,House,For Rent,5 Marla,5,6.0,2 weeks ago,PKR 75 Thousand,"Buch Executive Villas, Multan",Multan,Zameen
4363,https://www.zameen.com/Property/multan_buch_executive_villas_apartments_furnished_ultra_luxurious_designer_for_rent_in_buch_executive_villas_multan-53371532-8627-4.html,Apartment,For Rent,3 Marla,1,1.0,2 weeks ago,PKR 60 Thousand,"Buch Executive Villas, Multan",Multan,Zameen
4364,https://www.zameen.com/Property/multan_buch_executive_villas_5_marla_apartment_for_rent_in_buch_villas_monthly_and_daily_base-53829475-8627-4.html,Apartment,For Rent,5 Marla,2,3.0,2 weeks ago,PKR 65 Thousand,"Buch Executive Villas, Multan",Multan,Zameen
4365,https://www.zameen.com/Property/multan_buch_executive_villas_05_marla_ultra_luxurious_designer_house_for_rent_in_buch_executive_villas_multan-53816875-8627-4.html,House,For Rent,5 Marla,4,5.0,2 weeks ago,PKR 60 Thousand,"Buch Executive Villas, Multan",Multan,Zameen
4366,https://www.zameen.com/Property/multan_buch_executive_villas_fully_furnished_5_marla_house_available_for_rent_in_gated_community_buch_villas-53751848-8627-4.html,House,For Rent,5 Marla,5,4.0,2 weeks ago,PKR 1.25 Lakh,"Buch Executive Villas, Multan",Multan,Zameen
4367,https://www.zameen.com/Property/multan_buch_executive_villas_5_marla_luxury_house_for_rent_in_buch_executive_villas_multan-54026624-8627-4.html,House,For Rent,7 Marla,5,6.0,2 weeks ago,PKR 80 Thousand,"Buch Executive Villas, Multan",Multan,Zameen
4368,https://www.zameen.com/Property/multan_buch_executive_villas_house_for_rent-54083070-8627-4.html,House,For Rent,7 Marla,5,6.0,2 weeks ago,PKR 70 Thousand,"Buch Executive Villas, Multan",Multan,Zameen
4369,https://www.zameen.com/Property/multan_buch_executive_villas_10_marla_luxury_house_for_rent_in_buch_executive_villas_multan-54071836-8627-4.html,House,For Rent,10 Marla,5,5.0,2 weeks ago,PKR 1.45 Lakh,"Buch Executive Villas, Multan",Multan,Zameen
4370,https://www.zameen.com/Property/multan_buch_executive_villas_5_marla_beautiful_house_for_rent_in_buch_executive_villas_multan_4_bed_luxury_home-54327302-8627-4.html,House,For Rent,5 Marla,4,5.0,2 weeks ago,PKR 70 Thousand,"Buch Executive Villas, Multan",Multan,Zameen
4371,https://www.zameen.com/Property/multan_buch_executive_villas_5_marla_double_story_fully_furnished_slightly_used_house_for_rent_in_buch_executive_villa_multan_in_ali_block-54480048-8627-4.html,House,For Rent,5 Marla,3,4.0,2 weeks ago,PKR 1.4 Lakh,"Buch Executive Villas, Multan",Multan,Zameen
4372,https://www.zameen.com/Property/multan_buch_executive_villas_buy_a_centrally_located_prime_location_6_marla_house_in_buch_executive_villas-54619012-8627-4.html,House,For Rent,6 Marla,4,4.0,2 weeks ago,PKR 85 Thousand,"Buch Executive Villas, Multan",Multan,Zameen
4373,https://www.zameen.com/Property/royal_orchard_royal_orchard_-_block_d_5_marla_double_storey_beautiful_luxury_house_for_rent_in_royle_orchard_5-53346887-14872-4.html,House,For Rent,5 Marla,3,4.0,2 weeks ago,PKR 75 Thousand,"Royal Orchard - Block D, Royal Orchard",Multan,Zameen
4374,https://www.zameen.com/Property/royal_orchard_royal_orchard_-_block_c_10_double_story_new_house_for_rent_royal_orchard_multan-54522549-9496-4.html,House,For Rent,10 Marla,5,6.0,2 weeks ago,PKR 1.4 Lakh,"Royal Orchard - Block C, Royal Orchard",Multan,Zameen
4375,https://www.zameen.com/Property/dha_phase_1_dha_phase_1_-_sector_v_prime_location_5_marla_house_in_multan_is_available_for_rent-54605557-14321-4.html,House,For Rent,5 Marla,3,3.0,3 weeks ago,PKR 55 Thousand,"DHA Phase 1 - Sector V, DHA Phase 1",Multan,Zameen
4376,https://www.zameen.com/Property/dha_defence_askari_3_avail_yourself_a_great_10_marla_house_in_askari_3-54275222-17156-4.html,House,For Rent,10 Marla,4,4.0,3 weeks ago,PKR 90 Thousand,"Askari 3, DHA Defence",Multan,Zameen
4377,https://www.zameen.com/Property/multan_buch_executive_villas_14_marla_brand_new_double_story_spanish_house_for_rent_in_buchvillas_multan-54603261-8627-4.html,House,For Rent,14 Marla,5,7.0,3 weeks ago,PKR 1.8 Lakh,"Buch Executive Villas, Multan",Multan,Zameen
4378,https://www.zameen.com/Property/dha_defence_askari_3_a_house_of_12_marla_in_multan-54275221-17156-4.html,House,For Rent,12 Marla,4,4.0,3 weeks ago,PKR 95 Thousand,"Askari 3, DHA Defence",Multan,Zameen
4379,https://www.zameen.com/Property/multan_shalimar_colony_12_marla_upper_portion_in_shalimar_colony_for_rent-54594501-346-4.html,Upper Portion,For Rent,12 Marla,2,2.0,3 weeks ago,PKR 30 Thousand,"Shalimar Colony, Multan",Multan,Zameen
4380,https://www.zameen.com/Property/dha_phase_1_dha_phase_1_-_sector_v_looking_for_a_prime_location_house_in_multan-54594184-14321-4.html,House,For Rent,8 Marla,5,6.0,3 weeks ago,PKR 70 Thousand,"DHA Phase 1 - Sector V, DHA Phase 1",Multan,Zameen
4381,https://www.zameen.com/Property/royal_orchard_royal_orchard_-_block_d_a_upper_portion_of_20_marla_in_multan-54435350-14872-4.html,Upper Portion,For Rent,1 Kanal,3,3.0,3 weeks ago,PKR 1 Lakh,"Royal Orchard - Block D, Royal Orchard",Multan,Zameen
4382,https://www.zameen.com/Property/multan_new_shalimar_colony_3_marla_brand_new_double_storey_house_available_for_rent-54592401-12124-4.html,House,For Rent,3 Marla,3,4.0,3 weeks ago,PKR 33 Thousand,"New Shalimar Colony, Multan",Multan,Zameen
4383,https://www.zameen.com/Property/dha_defence_dha_villas_prime_location_12_marla_house_in_stunning_dha_villas_is_available_for_rent-54168958-14018-4.html,House,For Rent,12 Marla,4,5.0,3 weeks ago,PKR 1.2 Lakh,"DHA Villas, DHA Defence",Multan,Zameen
4384,https://www.zameen.com/Property/multan_public_school_road_royal_orchard_brand_new_2_bed_apartment_for_rent-54427010-9492-4.html,Apartment,For Rent,3 Marla,2,2.0,4 weeks ago,PKR 45 Thousand,"Royal Orchard, Multan Public School Road",Multan,Zameen
4385,https://www.zameen.com/Property/multan_buch_executive_villas_6_5_marla_with_solar_corner_double_story_house_for_rent_in_buch_executive_villas-54517518-8627-4.html,House,For Rent,6.5 Marla,4,6.0,4 weeks ago,PKR 90 Thousand,"Buch Executive Villas, Multan",Multan,Zameen
4386,https://www.zameen.com/Property/buch_executive_villas_phase_2_buch_villas_phase_2_-_afzal_block_double_storey_5_marla_house_available_in_buch_villas_phase_2_-_afzal_block_for_rent-54578182-22190-4.html,House,For Rent,5 Marla,3,4.0,4 weeks ago,PKR 75 Thousand,"Buch Villas Phase 2 - Afzal Block, Buch Executive Villas - Phase 2",Multan,Zameen
4387,https://www.zameen.com/Property/multan_model_town_7_5_marla_brand_new_luxury_first_shifting_double_story_house_for_rent_in_model_town-54208216-1147-4.html,House,For Rent,7.5 Marla,5,5.0,4 weeks ago,PKR 1.15 Lakh,"Model Town, Multan",Multan,Zameen
4388,https://www.zameen.com/Property/multan_multan_public_school_road_13_marla_corner_brand_new_luxury_double_story_house_for_rent_gated_society_map_road-54235557-8902-4.html,House,For Rent,13 Marla,4,5.0,4 weeks ago,PKR 1.4 Lakh,"Multan Public School Road, Multan",Multan,Zameen
4389,https://www.zameen.com/Property/wapda_town_wapda_town_phase_1_1_kanal_double_storey_house_for_rent_in_wapda_town_phase_1-54281185-5821-4.html,House,For Rent,1 Kanal,7,6.0,4 weeks ago,PKR 2.3 Lakh,"Wapda Town Phase 1, Wapda Town",Multan,Zameen
4390,https://www.zameen.com/Property/wapda_town_wapda_town_phase_1_ideally_located_prime_location_lower_portion_of_10_marla_is_available_for_rent_in_multan-54572405-5821-4.html,Lower Portion,For Rent,10 Marla,2,2.0,4 weeks ago,PKR 70 Thousand,"Wapda Town Phase 1, Wapda Town",Multan,Zameen
4391,https://www.zameen.com/Property/wapda_town_wapda_town_phase_1_prime_location_in_wapda_town_phase_1_20_marla_house_for_rent-54566539-5821-4.html,House,For Rent,1 Kanal,6,6.0,4 weeks ago,PKR 3 Lakh,"Wapda Town Phase 1, Wapda Town",Multan,Zameen
4392,https://www.zameen.com/Property/multan_multan_public_school_road_9_marla_ground_portion_for_rent_near_pak_turk_school_mps_road-54569183-8902-4.html,Other,For Rent,9 Marla,2,3.0,4 weeks ago,PKR 40 Thousand,"Multan Public School Road, Multan",Multan,Zameen
4393,https://www.zameen.com/Property/multan_garden_town_10_marla_double_storey_house-54568078-924-4.html,House,For Rent,10 Marla,9,6.0,4 weeks ago,PKR 45 Thousand,"Garden Town, Multan",Multan,Zameen
4394,https://www.zameen.com/Property/dha_phase_1_dha_phase_1_-_sector_b1_brand_new_10_marla_house_available_in_dha_phase_1_-_sector_b1_for_rent-54425228-14300-4.html,House,For Rent,10 Marla,5,6.0,4 weeks ago,PKR 1.2 Lakh,"DHA Phase 1 - Sector B1, DHA Phase 1",Multan,Zameen
4395,https://www.zameen.com/Property/multan_public_school_road_royal_orchard_ideal_5_marla_house_has_landed_on_market_in_royal_orchard_multan-54526020-9492-4.html,House,For Rent,5 Marla,3,3.0,4 weeks ago,PKR 70 Thousand,"Royal Orchard, Multan Public School Road",Multan,Zameen
4396,https://www.zameen.com/Property/multan_air_force_officers_housing_scheme_brand_new_house_for_rent-50498208-16169-4.html,House,For Rent,14 Marla,4,5.0,4 weeks ago,PKR 95 Thousand,"Air Force Officers Housing Scheme, Multan",Multan,Zameen
4397,https://www.zameen.com/Property/multan_cantt_stunning_350_s_y_house_in_cantt_available-50501903-583-4.html,House,For Rent,14 Marla,4,4.0,4 weeks ago,PKR 1 Lakh,"Cantt, Multan",Multan,Zameen
4398,https://www.zameen.com/Property/multan_model_town_11_marla_upper_portion_for_rent_model_town_b_block-54199606-1147-4.html,Upper Portion,For Rent,11 Marla,2,3.0,1 month ago,PKR 48 Thousand,"Model Town, Multan",Multan,Zameen
4399,https://www.zameen.com/Property/dha_defence_askari_3_your_dream_12_marla_house_is_available_in_askari_3-54527376-17156-4.html,House,For Rent,12 Marla,4,4.0,1 month ago,PKR 1.3 Lakh,"Askari 3, DHA Defence",Multan,Zameen
4400,https://www.zameen.com/Property/dha_defence_askari_3_brand_new_10_marla_house_for_rent_in_askari_3_multan-54229417-17156-4.html,House,For Rent,10 Marla,4,4.0,1 month ago,PKR 90 Thousand,"Askari 3, DHA Defence",Multan,Zameen
4401,https://www.zameen.com/Property/dha_defence_askari_3_in_askari_3_of_multan_a_20_marla_house_is_available-54275223-17156-4.html,House,For Rent,1 Kanal,5,5.0,1 month ago,PKR 1.65 Lakh,"Askari 3, DHA Defence",Multan,Zameen
4402,https://www.zameen.com/Property/dha_phase_1_dha_phase_1_-_sector_m_highly-desirable_facing_park_house_available_in_dha_phase_1_-_sector_m_for_rent-54202204-14312-4.html,House,For Rent,1 Kanal,5,6.0,1 month ago,PKR 1.85 Lakh,"DHA Phase 1 - Sector M, DHA Phase 1",Multan,Zameen
4403,https://www.zameen.com/Property/dha_phase_1_dha_phase_1_-_sector_m_get_this_amazing_20_marla_house_available_in_dha_phase_1_-_sector_m-54106930-14312-4.html,House,For Rent,1 Kanal,5,6.0,1 month ago,PKR 1.5 Lakh,"DHA Phase 1 - Sector M, DHA Phase 1",Multan,Zameen
4404,https://www.zameen.com/Property/multan_model_town_spacious_corner_house_is_available_in_model_town_for_rent-54458236-1147-4.html,House,For Rent,1.2 Kanal,6,6.0,1 month ago,PKR 3 Lakh,"Model Town, Multan",Multan,Zameen
4405,https://www.zameen.com/Property/nusrat_road_mall_of_cantt_fully_furnished_studio_apartment_for_rent_in_mall_of_cantt_sp_chowk_multan-54399985-13972-4.html,Apartment,For Rent,2.4 Marla,,1.0,1 month ago,PKR 45 Thousand,"Mall Of Cantt, Nusrat Road",Multan,Zameen
4406,https://www.zameen.com/Property/multan_multan_public_school_road_20_marla_brand_new_most_luxurious_house_for_rent_in_mps_road_gated_society-54327434-8902-4.html,House,For Rent,1 Kanal,6,6.0,1 month ago,PKR 1.8 Lakh,"Multan Public School Road, Multan",Multan,Zameen
4407,https://www.zameen.com/Property/multan_buch_executive_villas_9_50_marla_brand_new_spanish_park_facing_house_available_for_rent_in_buch_executive_villas_multan-53718708-8627-4.html,House,For Rent,10 Marla,5,6.0,1 month ago,PKR 1.15 Lakh,"Buch Executive Villas, Multan",Multan,Zameen
4408,https://www.zameen.com/Property/multan_bahadurpur_5_marla_brand_new_luxury_house_available_for_rent_in_bahadurpur_gated_community_near_main_bosan_road-53985411-8620-4.html,House,For Rent,5 Marla,3,4.0,1 month ago,PKR 65 Thousand,"Bahadurpur, Multan",Multan,Zameen
4409,https://www.zameen.com/Property/buch_executive_villas_buch_executive_villas_-_phase_2_brand_new_house_available_for_rent-52316630-19720-4.html,House,For Rent,10 Marla,6,6.0,1 month ago,PKR 1.55 Lakh,"Buch Executive Villas - Phase 2, Buch Executive Villas",Multan,Zameen
4410,https://www.zameen.com/Property/multan_buch_executive_villas_phase_1_10_marla_beautiful_house_for_rent_buch_executive_villas_multan-52632950-8627-4.html,House,For Rent,10 Marla,6,6.0,1 month ago,PKR 1.35 Lakh,"Buch Executive Villas, Multan",Multan,Zameen
4411,https://www.zameen.com/Property/multan_bahadurpur_10_marla_beautiful_furnished_portion_available_for_rent_in_bahadar_pur_near_bosan_road-53306659-8620-4.html,Other,For Rent,10 Marla,3,3.0,1 month ago,PKR 65 Thousand,"Bahadurpur, Multan",Multan,Zameen
4412,https://www.zameen.com/Property/multan_buch_executive_villas_9_marla_double_storey_spanish_house_for_rent_in_buch_executive_villas-53553636-8627-4.html,House,For Rent,9 Marla,5,6.0,1 month ago,PKR 1.25 Lakh,"Buch Executive Villas, Multan",Multan,Zameen
4413,https://www.zameen.com/Property/buch_executive_villas_buch_executive_villas_-_phase_1_10_marla_brand_new_beautiful_luxury_triple_storey_house_available_for_rent-53773014-19719-4.html,House,For Rent,10 Marla,5,6.0,1 month ago,PKR 1.35 Lakh,"Buch Executive Villas - Phase 1, Buch Executive Villas",Multan,Zameen
4414,https://www.zameen.com/Property/multan_buch_executive_villas_you_can_find_a_gorgeous_prime_location_house_for_rent_in_buch_executive_villas-53927743-8627-4.html,House,For Rent,10 Marla,5,5.0,1 month ago,PKR 1.25 Lakh,"Buch Executive Villas, Multan",Multan,Zameen
4415,https://www.zameen.com/Property/multan_buch_executive_villas_7_marla_beautiful_house_available_for_rent_with_hybrid_solar_system-54274618-8627-4.html,House,For Rent,6 Marla,5,5.0,1 month ago,PKR 1.25 Lakh,"Buch Executive Villas, Multan",Multan,Zameen
4416,https://www.zameen.com/Property/wapda_town_phase_1_wapda_town_phase_1_-_block_d_a_great_choice_for_a_prime_location_10_marla_house_available_in_wapda_town_phase_1_-_block_d-54531769-14203-4.html,House,For Rent,10 Marla,4,4.0,1 month ago,PKR 80 Thousand,"Wapda Town Phase 1 - Block D, Wapda Town Phase 1",Multan,Zameen
4417,https://www.zameen.com/Property/wapda_town_phase_1_wapda_town_phase_1_-_block_c_prime_location_10_marla_upper_portion_for_rent_in_the_perfect_location_of_wapda_town_phase_1_-_block_c-54531767-14202-4.html,Upper Portion,For Rent,10 Marla,2,2.0,1 month ago,PKR 44 Thousand,"Wapda Town Phase 1 - Block C, Wapda Town Phase 1",Multan,Zameen
4418,https://www.zameen.com/Property/wapda_town_phase_2_wapda_town_phase_2_-_block_q_prime_location_20_marla_house_in_wapda_town_phase_2_-_block_q-54531766-14208-4.html,House,For Rent,1 Kanal,5,6.0,1 month ago,PKR 2.7 Lakh,"Wapda Town Phase 2 - Block Q, Wapda Town Phase 2",Multan,Zameen
4419,https://www.zameen.com/Property/buch_executive_villas_phase_2_buch_villas_phase_2_-_hamid_block_6_marla_corner_house_available_for_rent-54524390-22188-4.html,House,For Rent,6 Marla,4,5.0,1 month ago,PKR 1.1 Lakh,"Buch Villas Phase 2 - Hamid Block, Buch Executive Villas - Phase 2",Multan,Zameen
4420,https://www.zameen.com/Property/buch_executive_villas_phase_2_buch_villas_phase_2_-_manik_block_5_marla_house_available_for_rent_buch_executive_villas_multan_manik_block-54524005-22186-4.html,House,For Rent,5 Marla,4,5.0,1 month ago,PKR 90 Thousand,"Buch Villas Phase 2 - Manik Block, Buch Executive Villas - Phase 2",Multan,Zameen
4421,https://www.zameen.com/Property/multan_public_school_road_royal_orchard_5_marla_brand_new_house_available_for_rent_in_royal_orchad_multan-54508755-9492-4.html,House,For Rent,5 Marla,3,5.0,1 month ago,PKR 75 Thousand,"Royal Orchard, Multan Public School Road",Multan,Zameen
4422,https://www.zameen.com/Property/wapda_town_wapda_town_phase_2_prime_location_10_marla_house_is_available_for_rent_in_wapda_town_phase_2-54393110-5825-4.html,House,For Rent,10 Marla,5,5.0,1 month ago,PKR 1 Lakh,"Wapda Town Phase 2, Wapda Town",Multan,Zameen
4423,https://www.zameen.com/Property/multan_rasheedabad_main_road_facing_house-54499603-8690-4.html,House,For Rent,9.6 Marla,3,3.0,1 month ago,PKR 65 Thousand,"Rasheedabad, Multan",Multan,Zameen
4424,https://www.zameen.com/Property/multan_buch_executive_villas_a_prime_location_house_of_10_marla_house_available_in_buch_executive_villas-52311567-8627-4.html,House,For Rent,10 Marla,5,6.0,1 month ago,PKR 1.35 Lakh,"Buch Executive Villas, Multan",Multan,Zameen
4425,https://www.zameen.com/Property/multan_lodhi_colony_road_decent_and_spacious_ground_portion-54490204-12185-4.html,Other,For Rent,1.5 Kanal,3,3.0,1 month ago,PKR 1.3 Lakh,"Lodhi Colony Road, Multan",Multan,Zameen
4426,https://www.zameen.com/Property/multan_buch_executive_villas_9_marla_house_available_for_rent-54366421-8627-4.html,House,For Rent,9 Marla,5,6.0,1 month ago,PKR 1.25 Lakh,"Buch Executive Villas, Multan",Multan,Zameen
4427,https://www.zameen.com/Property/dha_defence_dha_villas_9_marla_villa_for_rent_in_dha_villas_fully_furnished-54486102-14018-4.html,Villa,For Rent,9 Marla,4,5.0,1 month ago,PKR 1.3 Lakh,"DHA Villas, DHA Defence",Multan,Zameen
4428,https://www.zameen.com/Property/multan_rasheedabad_brand_new_upper_portion_for_rent_in_multan-54305436-8690-4.html,Upper Portion,For Rent,10 Marla,4,3.0,1 month ago,PKR 40 Thousand,"Rasheedabad, Multan",Multan,Zameen
4429,https://www.zameen.com/Property/multan_buch_executive_villas_double_storey_8_marla_house_available_in_buch_executive_villas_for_rent-53984132-8627-4.html,House,For Rent,8 Marla,5,5.0,1 month ago,PKR 85 Thousand,"Buch Executive Villas, Multan",Multan,Zameen
4430,https://www.zameen.com/Property/dha_phase_1_dha_phase_1_-_sector_h_1_kanal_upper_portion_for_rent_in_dha_multan_sector_h-54398338-14307-4.html,Upper Portion,For Rent,1 Kanal,3,4.0,2 months ago,PKR 1 Lakh,"DHA Phase 1 - Sector H, DHA Phase 1",Multan,Zameen
4431,https://www.zameen.com/Property/multan_shalimar_colony_reserve_a_prime_location_house_now_in_shalimar_colony_for_rent-54407213-346-4.html,House,For Rent,5 Marla,3,3.0,2 months ago,PKR 50 Thousand,"Shalimar Colony, Multan",Multan,Zameen
4432,https://www.zameen.com/Property/multan_bahadurpur_independent_luxurious_ground_floor_available_for_rent_walking_distance_from_metro_station-54407244-8620-4.html,Other,For Rent,10 Marla,3,3.0,2 months ago,PKR 38 Thousand,"Bahadurpur, Multan",Multan,Zameen
4433,https://www.zameen.com/Property/wapda_town_wapda_town_phase_1_22_marla_luxurious_ultra_modern_house_available_for_rent_at_prime_location-54407245-5821-4.html,House,For Rent,1.1 Kanal,6,6.0,2 months ago,PKR 1.85 Lakh,"Wapda Town Phase 1, Wapda Town",Multan,Zameen
4434,https://www.zameen.com/Property/wapda_town_wapda_town_phase_2_premium_prime_location_5_marla_house_is_available_for_rent_in_multan-54407248-5825-4.html,House,For Rent,5 Marla,4,4.0,2 months ago,PKR 57 Thousand,"Wapda Town Phase 2, Wapda Town",Multan,Zameen
4435,https://www.zameen.com/Property/multan_public_school_road_royal_orchard_prime_location_5_marla_house_available_for_rent_in_royal_orchard_if_you_hurry-54122063-9492-4.html,House,For Rent,5 Marla,4,4.0,2 months ago,PKR 75 Thousand,"Royal Orchard, Multan Public School Road",Multan,Zameen
4436,https://www.zameen.com/Property/multan_buch_executive_villas_book_a_prime_location_10_marla_house_in_buch_executive_villas_for_rent-54239929-8627-4.html,House,For Rent,10 Marla,4,4.0,2 months ago,PKR 1.2 Lakh,"Buch Executive Villas, Multan",Multan,Zameen
4437,https://www.zameen.com/Property/nawabpur_road_nawab_city_brand_new_5_marla_house_for_rent_near_park_commercial_area_ideal_for_families-54429354-21469-4.html,House,For Rent,5 Marla,4,5.0,2 months ago,PKR 55 Thousand,"Nawab City, Nawabpur Road",Multan,Zameen
4438,https://www.zameen.com/Property/multan_buch_executive_villas_5_marla_flat_for_rent-54295323-8627-4.html,Flat,For Rent,5 Marla,3,2.0,3 weeks ago,PKR 55 Thousand,"Buch Executive Villas, Multan",Multan,Zameen
4439,https://www.zameen.com/Property/multan_ma_jinnah_road_12_marla_single_storey_house_for_rent_in_ma_jinnah_road_bukhari_colony-54622000-10426-4.html,House,For Rent,12 Marla,3,3.0,2 weeks ago,PKR 63 Thousand,"MA Jinnah Road, Multan",Multan,Zameen
4440,https://www.zameen.com/Property/multan_khan_village_6_marla_ground_portion_for_rent_near_khan_village_road-54609814-1094-4.html,Villa,For Rent,6 Marla,2,3.0,3 weeks ago,PKR 33 Thousand,"Khan Village, Multan",Multan,Zameen
4441,https://www.zameen.com/Property/multan_model_town_6_marla_brand_new_first_shifting_double_story_luxury_house_for_rent_in_model_town_mutan-54603577-1147-4.html,House,For Rent,6 Marla,4,5.0,3 weeks ago,PKR 85 Thousand,"Model Town, Multan",Multan,Zameen
4442,https://www.zameen.com/Property/multan_rasheedabad_reserve_a_centrally_located_house_in_rasheedabad-54379479-8690-4.html,House,For Rent,4 Marla,3,1.0,1 month ago,PKR 12 Thousand,"Rasheedabad, Multan",Multan,Zameen
4443,https://www.zameen.com/Property/multan_mda_chowk_mda_allah_shafi_chok_upper_portion_for_rent-54458051-1133-4.html,Upper Portion,For Rent,4 Marla,2,1.0,1 month ago,PKR 20 Thousand,"MDA Chowk, Multan",Multan,Zameen
4444,https://www.zameen.com/Property/multan_rasheedabad_6_mrla_double_storey_kothi_for_rent-54404551-8690-4.html,Other,For Rent,6 Marla,4,5.0,2 months ago,PKR 65 Thousand,"Rasheedabad, Multan",Multan,Zameen
4445,https://www.zameen.com/Property/multan_shalimar_colony_5_marla_brand_new_beautiful_double_storey_house_for_rent_in_shalimar_colony-53513542-346-4.html,House,For Rent,5 Marla,4,4.0,2 weeks ago,PKR 65 Thousand,"Shalimar Colony, Multan",Multan,Zameen
4446,https://www.zameen.com/Property/citi_housing_citi_housing_phase_1_6_5_marla_double_storey_corner_house_opposite_theme_park-54467957-21449-4.html,House,For Rent,6.5 Marla,4,4.0,4 weeks ago,PKR 65 Thousand,"Citi Housing Phase 1, Citi Housing",Multan,Zameen
4447,https://www.zameen.com/Property/dha_defence_dha_villas_your_dream_6_marla_house_is_available_in_dha_villas-54570771-14018-4.html,House,For Rent,6 Marla,3,4.0,2 weeks ago,PKR 70 Thousand,"DHA Villas, DHA Defence",Multan,Zameen
4448,https://www.zameen.com/Property/multan_public_school_road_royal_orchard_luxry_house_available_for_rent-54548146-9492-4.html,House,For Rent,10 Marla,5,6.0,1 month ago,PKR 1.2 Lakh,"Royal Orchard, Multan Public School Road",Multan,Zameen
4449,https://www.zameen.com/Property/wapda_town_wapda_town_phase_1_prime_location_10_marla_spacious_house_is_available_in_wapda_town_phase_1_for_rent-54416856-5821-4.html,House,For Rent,10 Marla,5,5.0,1 month ago,PKR 1.1 Lakh,"Wapda Town Phase 1, Wapda Town",Multan,Zameen
4450,https://www.zameen.com/Property/multan_wapda_town_20_marla_double_story_beautiful_house_for_rent_gated_society_near_wapda_town_phase_1-54299028-5820-4.html,House,For Rent,1 Kanal,6,6.0,1 month ago,PKR 1.5 Lakh,"Wapda Town, Multan",Multan,Zameen
4451,https://www.zameen.com/Property/multan_gulgasht_colony_gas_available_separate_electricity_meter_installed_best_opportunity_to_take_advantage-53906011-664-4.html,Other,For Rent,7 Marla,2,3.0,1 month ago,PKR 30 Thousand,"Gulgasht Colony, Multan",Multan,Zameen
4452,https://www.zameen.com/Property/multan_multan_public_school_road_5_marla_house_for_rent_in_mps_road_multan-54036688-8902-4.html,House,For Rent,5 Marla,3,4.0,1 month ago,PKR 55 Thousand,"Multan Public School Road, Multan",Multan,Zameen
4453,https://www.zameen.com/Property/multan_lodhi_colony_road_comfortable_and_spacious_upper_portion-54490024-12185-4.html,Upper Portion,For Rent,1.5 Kanal,3,4.0,1 month ago,PKR 1.1 Lakh,"Lodhi Colony Road, Multan",Multan,Zameen
4454,https://www.zameen.com/Property/dha_defence_askari_3_carefully_used_most_nearby_park_best_place_of_living_sense_of_security-53774029-17156-4.html,Other,For Rent,11 Marla,4,5.0,3 weeks ago,PKR 97 Thousand,"Askari 3, DHA Defence",Multan,Zameen
4455,https://www.zameen.com/Property/dha_phase_1_dha_phase_1_-_sector_u_10_marla_corner_house_for_rent_in_dha_multan_sector_u-54170593-14320-4.html,House,For Rent,10 Marla,4,5.0,1 month ago,PKR 90 Thousand,"DHA Phase 1 - Sector U, DHA Phase 1",Multan,Zameen
4456,https://www.zameen.com/Property/buch_executive_villas_phase_2_buch_villas_phase_2_-_manik_block_brand_new_5_marla_house_for_rent_in_buch_villas_phase_2_-_manik_block_multan-54508335-22186-4.html,House,For Rent,5 Marla,4,5.0,2 weeks ago,PKR 1 Lakh,"Buch Villas Phase 2 - Manik Block, Buch Executive Villas - Phase 2",Multan,Zameen
4457,https://www.zameen.com/Property/buch_executive_villas_phase_2_buch_villas_phase_2_-_manik_block_brand_new_10_marla_house_for_rent_in_buch_villas_phase_2_-_manik_block_multan-54508333-22186-4.html,House,For Rent,10 Marla,5,6.0,2 weeks ago,PKR 1.6 Lakh,"Buch Villas Phase 2 - Manik Block, Buch Executive Villas - Phase 2",Multan,Zameen
4458,https://www.zameen.com/Property/multan_buch_executive_villas_a_14_marla_house_in_buch_executive_villas-54508351-8627-4.html,House,For Rent,14 Marla,5,5.0,2 weeks ago,PKR 1.9 Lakh,"Buch Executive Villas, Multan",Multan,Zameen
4459,https://www.zameen.com/Property/multan_buch_executive_villas_3_marla_flat_in_buch_executive_villas_best_option-54508346-8627-4.html,Flat,For Rent,3 Marla,2,2.0,2 weeks ago,PKR 1.2 Lakh,"Buch Executive Villas, Multan",Multan,Zameen
4460,https://www.zameen.com/Property/multan_multan_public_school_road_6_marla_brand_new_most_luxurious_house_for_rent_in_mps_road_gated_society-54131878-8902-4.html,House,For Rent,6 Marla,4,5.0,2 weeks ago,PKR 75 Thousand,"Multan Public School Road, Multan",Multan,Zameen
4461,https://www.zameen.com/Property/multan_buch_executive_villas_buch_villas_house_available_for_rent-54230065-8627-4.html,House,For Rent,5 Marla,3,4.0,3 weeks ago,PKR 60 Thousand,"Buch Executive Villas, Multan",Multan,Zameen
4462,https://www.zameen.com/Property/wapda_town_phase_1_wapda_town_phase_1_-_block_e_avail_yourself_a_great_prime_location_10_marla_house_in_wapda_town_phase_1_-_block_e-54605151-14204-4.html,House,For Rent,10 Marla,3,3.0,3 weeks ago,PKR 80 Thousand,"Wapda Town Phase 1 - Block E, Wapda Town Phase 1",Multan,Zameen
4463,https://www.zameen.com/Property/wapda_town_phase_1_wapda_town_phase_1_-_block_e_unoccupied_prime_location_house_of_10_marla_is_available_for_rent_in_wapda_town-54605150-14204-4.html,House,For Rent,10 Marla,5,5.0,3 weeks ago,PKR 1.1 Lakh,"Wapda Town Phase 1 - Block E, Wapda Town Phase 1",Multan,Zameen
4464,https://www.zameen.com/Property/dha_defence_askari_3_get_in_touch_now_to_buy_a_prime_location_12_marla_house_in_multan-54126233-17156-4.html,House,For Rent,12 Marla,4,4.0,3 weeks ago,PKR 1 Lakh,"Askari 3, DHA Defence",Multan,Zameen
4465,https://www.zameen.com/Property/wapda_town_wapda_town_phase_1_looking_for_a_facing_park_lower_portion_in_wapda_town_phase_1_multan-54599935-5821-4.html,Lower Portion,For Rent,8 Marla,2,2.0,3 weeks ago,PKR 50 Thousand,"Wapda Town Phase 1, Wapda Town",Multan,Zameen
4466,https://www.zameen.com/Property/royal_orchard_royal_orchard_-_block_f_5_marla_double_story_luxury_house_available_for_rent_in_royal_orchard_multan-54548831-9499-4.html,House,For Rent,5 Marla,3,3.0,4 weeks ago,PKR 72 Thousand,"Royal Orchard - Block F, Royal Orchard",Multan,Zameen
4467,https://www.zameen.com/Property/wapda_town_wapda_town_phase_2_1_kanal_brand_new_luxurious_double_storey_spanish_park_facing_house_available_for_rent_in_wapda_town_phase_2-54424129-5825-4.html,House,For Rent,1 Kanal,5,6.0,1 month ago,PKR 2.8 Lakh,"Wapda Town Phase 2, Wapda Town",Multan,Zameen
4468,https://www.zameen.com/Property/multan_shalimar_colony_7_5_marla_double_story_house_available_for_rent_on_multan_avenue_road_near_northern_bypass_chowk_multan-54548743-346-4.html,House,For Rent,7.5 Marla,5,5.0,1 month ago,PKR 65 Thousand,"Shalimar Colony, Multan",Multan,Zameen
4469,https://www.zameen.com/Property/multan_shalimar_colony_5_marla_brand_new_with_gas_meter_house_available_for_rent_in_shalimar-54203604-346-4.html,House,For Rent,5 Marla,5,6.0,1 month ago,PKR 52 Thousand,"Shalimar Colony, Multan",Multan,Zameen
4470,https://www.zameen.com/Property/dha_defence_askari_3_standard_living-54543093-17156-4.html,Other,For Rent,11 Marla,4,5.0,1 month ago,PKR 95 Thousand,"Askari 3, DHA Defence",Multan,Zameen
4471,https://www.zameen.com/Property/multan_buch_executive_villas_5_marla_brand_new_triple_storey_house_available_for_rent_in_buch_villas_multan-53325648-8627-4.html,House,For Rent,5 Marla,4,5.0,1 month ago,PKR 80 Thousand,"Buch Executive Villas, Multan",Multan,Zameen
4472,https://www.zameen.com/Property/multan_new_shalimar_colony_beautiful_home_condition_10_10_ready_to_live_near_to_market_house_for_rent-53986310-12124-4.html,House,For Rent,4 Marla,3,4.0,1 month ago,PKR 45 Thousand,"New Shalimar Colony, Multan",Multan,Zameen
4473,https://www.zameen.com/Property/wapda_town_wapda_town_phase_1_1_kanal_luxury_double_story_house_available_for_rent_in_wapda_town_phase_1_multan-54305428-5821-4.html,House,For Rent,1 Kanal,7,6.0,2 months ago,PKR 2.3 Lakh,"Wapda Town Phase 1, Wapda Town",Multan,Zameen
4474,https://www.zameen.com/Property/multan_shalimar_colony_5_marla_beautiful_house_available_for_rent_in_shalimar_colony_walking_distance_to_main_road-54407243-346-4.html,House,For Rent,5 Marla,3,4.0,2 months ago,PKR 40 Thousand,"Shalimar Colony, Multan",Multan,Zameen
4475,https://www.zameen.com/Property/multan_shalimar_colony_reserve_a_prime_location_house_now_in_shalimar_colony-54407249-346-4.html,House,For Rent,5 Marla,3,3.0,2 months ago,PKR 50 Thousand,"Shalimar Colony, Multan",Multan,Zameen
4476,https://www.zameen.com/Property/dha_phase_1_dha_phase_1_-_sector_h_1_kanal_brand_new_house_for_rent_in_dha_multan_sector_h-54170622-14307-4.html,House,For Rent,1 Kanal,5,6.0,3 weeks ago,PKR 2.75 Lakh,"DHA Phase 1 - Sector H, DHA Phase 1",Multan,Zameen
4477,https://www.zameen.com/Property/wapda_town_wapda_town_phase_1_prime_location_lower_portion_for_grabs_in_10_marla_multan-54546194-5821-4.html,Lower Portion,For Rent,10 Marla,2,2.0,4 weeks ago,PKR 65 Thousand,"Wapda Town Phase 1, Wapda Town",Multan,Zameen
4478,https://www.zameen.com/Property/wapda_town_wapda_town_phase_2_prime_location_10_marla_lower_portion_for_rent_in_the_perfect_location_of_wapda_town_phase_2-54546195-5825-4.html,Lower Portion,For Rent,10 Marla,2,2.0,4 weeks ago,PKR 65 Thousand,"Wapda Town Phase 2, Wapda Town",Multan,Zameen
4479,https://www.zameen.com/Property/purana_shujabad_road_dream_garden_5_marla_upper_portion_is_available_for_rent_at_dream_gardens_multan-54043840-8903-4.html,Upper Portion,For Rent,5 Marla,3,3.0,1 month ago,PKR 45 Thousand,"Dream Garden, Purana Shujabad Road",Multan,Zameen
4480,https://www.zameen.com/Property/wapda_town_phase_1_wapda_town_phase_1_-_block_d_prime_location_house_for_rent_in_rs_80000-54531770-14203-4.html,House,For Rent,10 Marla,4,4.0,1 month ago,PKR 80 Thousand,"Wapda Town Phase 1 - Block D, Wapda Town Phase 1",Multan,Zameen
4481,https://www.zameen.com/Property/multan_mda_co-operative_housing_scheme_a_stunning_prime_location_upper_portion_is_up_for_grabs_in_mda_co-operative_housing_scheme_mda_co-operative_housing_scheme-54531768-1400-4.html,Upper Portion,For Rent,1 Kanal,3,3.0,1 month ago,PKR 80 Thousand,"MDA Co-operative Housing Scheme, Multan",Multan,Zameen
4482,https://www.zameen.com/Property/multan_buch_executive_villas_6_5_marla_with_soler_house_for_rent_in_buch_vilas_multan-54311512-8627-4.html,House,For Rent,6.5 Marla,5,5.0,1 month ago,PKR 1.15 Lakh,"Buch Executive Villas, Multan",Multan,Zameen
4483,https://www.zameen.com/Property/multan_cantt_8_bed_4_kanal_kothi_in_multan_cantt_farm_house_for_rent-54031599-583-4.html,Farm House,For Rent,4 Kanal,8,6.0,1 month ago,PKR 3.5 Lakh,"Cantt, Multan",Multan,Zameen
4484,https://www.zameen.com/Property/wapda_town_wapda_town_phase_2_double_storey_10_marla_house_for_rent_in_wapda_town_phase_2_multan-54509153-5825-4.html,House,For Rent,10 Marla,5,5.0,1 month ago,PKR 1.5 Lakh,"Wapda Town Phase 2, Wapda Town",Multan,Zameen
4485,https://www.zameen.com/Property/multan_bahadurpur_prime_location_affordable_house_for_rent_in_bahadurpur-54407247-8620-4.html,House,For Rent,7 Marla,4,4.0,2 months ago,PKR 65 Thousand,"Bahadurpur, Multan",Multan,Zameen
4486,https://www.zameen.com/Property/multan_multan_public_school_road_brand_new_upper_portion_available_for_rent-54608857-8902-4.html,Upper Portion,For Rent,4 Marla,2,2.0,3 weeks ago,PKR 30 Thousand,"Multan Public School Road, Multan",Multan,Zameen
