Bedroom,Bath,Area_sqft,Log_area_sqft,Area_per_bedroom,Bath_bedroom_ratio,Location_median_ppsf,Type_target_enc,City_target_enc,Source_OLX,Price_pkr,Log_price
2.0,2.5,1800.0,7.495541944,900.0,1.25,36111.11111,18.95005811818182,17.38481072169611,1,260000000,19.37619219
2.0,2.0,816.75,6.70533305,408.375,1.0,19283.74656,16.74009781756667,17.63082525563043,0,74000000,18.11957565
3.0,4.0,1361.25,7.216158674,453.75,1.333333333,14386.287115,18.00816093799353,17.2241481738,0,18500000,16.73328129
10.0,5.0,33759.0,10.42700233,3375.9,0.5,51067.863385,17.52449479365033,17.63082525563043,0,1650000000,21.22404112
1.0,1.0,1000.0,6.907755279,1000.0,1.0,19283.74656,16.74009781756667,17.63082525563043,1,30000000,17.21670794
5.0,6.0,5445.0,8.602453035,1089.0,1.2,17171.71717,17.52449479365033,17.48107115846154,0,112500000,18.53846378
6.0,7.0,2160.0,7.677863501,360.0,1.166666667,41851.85185,17.52449479365033,17.38481072169611,1,66500000,18.01271251
5.0,5.0,2178.0,7.686162303,435.6,1.0,11019.28375,17.52449479365033,17.0930370689899,0,24000000,16.99356439
2.0,2.0,980.1,6.887654607,490.05,1.0,19283.74656,16.74009781756667,17.63082525563043,0,10800000,16.19505669
5.0,7.0,5445.0,8.602453035,1089.0,1.4,15861.09024,17.52449479365033,17.48107115846154,1,89000000,18.30414693
5.0,6.0,2722.5,7.909305855,544.5,1.2,19283.74656,17.52449479365033,17.63082525563043,0,58000000,17.87595357
7.0,7.0,3865.95,8.259962726,552.2785714,1.0,43503.21395999999,17.52449479365033,17.63082525563043,0,220000000,19.2091381
3.0,4.0,1034.55,6.941721829,344.85,1.333333333,18365.47291,17.52449479365033,17.30474131619205,0,15500000,16.55635058
2.0,3.0,1197.9,7.088325303,598.95,1.5,13957.75941,17.30156670857143,17.2241481738,0,28600000,17.16891728
3.0,3.0,816.75,6.70533305,272.25,1.0,15865.299925,17.52449479365033,17.48107115846154,1,11000000,16.21340583
5.0,6.0,5445.0,8.602453035,1089.0,1.2,16988.06244,18.00816093799353,17.48107115846154,0,90000000,18.31532023
5.0,6.0,5445.0,8.602453035,1089.0,1.2,15861.09024,18.00816093799353,17.48107115846154,0,89900000,18.3142085
5.0,6.0,5445.0,8.602453035,1089.0,1.2,18365.47291,17.52449479365033,17.30474131619205,0,85000000,18.25816181
7.0,6.0,5445.0,8.602453035,777.8571429,0.857142857,21120.29385,17.52449479365033,17.63082525563043,0,85000000,18.25816181
0.0,0.0,2722.5,7.909305855,2722.5,0.0,15861.09024,16.7407250003125,17.48107115846154,1,20400000,16.83104546
6.0,7.0,3811.5,8.245778091,635.25,1.166666667,18732.78237,17.52449479365033,17.48107115846154,1,69000000,18.04961706
3.0,3.0,1361.25,7.216158674,453.75,1.0,16639.11846,17.52449479365033,17.2241481738,0,26000000,17.0736071
6.0,7.0,10890.0,9.295600216,1815.0,1.166666667,17447.19927,18.00816093799353,17.48107115846154,0,160000000,18.89068437
4.0,5.0,1361.25,7.216158674,340.3125,1.25,12331.10324,17.52449479365033,17.0930370689899,0,18000000,16.70588232
3.0,4.0,900.0,6.802394763,300.0,1.333333333,22000.0,18.00816093799353,17.38481072169611,1,53000000,17.78580247
5.0,6.0,5445.0,8.602453035,1089.0,1.2,21120.29385,17.52449479365033,17.63082525563043,0,125000000,18.6438243
0.0,0.0,5445.0,8.602453035,5445.0,0.0,7978.723404,16.7407250003125,17.48107115846154,1,37500000,17.43985149
6.0,6.0,1080.0,6.98471632,180.0,1.0,22000.0,17.52449479365033,17.38481072169611,1,26000000,17.0736071
2.0,2.0,1400.0,7.244227516,700.0,1.0,9550.045914,16.74009781756667,17.63082525563043,1,11000000,16.21340583
3.0,3.0,1350.0,7.207859871,450.0,1.0,22000.0,16.74009781756667,17.38481072169611,0,25500000,17.05418901
0.0,0.0,5445.0,8.602453035,5445.0,0.0,15861.09024,16.7407250003125,17.48107115846154,1,12500000,16.3412392
4.0,5.0,2722.5,7.909305855,680.625,1.25,61111.11111,17.30156670857143,17.48107115846154,0,54500000,17.81371126
6.0,6.0,5445.0,8.602453035,907.5,1.0,21120.29385,17.52449479365033,17.63082525563043,0,119000000,18.59463405
5.0,5.0,3267.0,8.091627412,653.4,1.0,13957.75941,17.52449479365033,17.2241481738,0,66000000,18.0051653
7.0,6.0,9000.0,9.104979856,1285.714286,0.857142857,24334.251605,17.52449479365033,17.38481072169611,0,360000000,19.70161459
4.0,5.0,5445.0,8.602453035,1361.25,1.25,17053.65342,17.30156670857143,17.48107115846154,0,85000000,18.25816181
5.0,6.0,5445.0,8.602453035,1089.0,1.2,61111.11111,18.00816093799353,17.48107115846154,0,90000000,18.31532023
6.0,7.0,5445.0,8.602453035,907.5,1.166666667,19283.74656,17.52449479365033,17.63082525563043,1,79500000,18.19126758
5.0,5.0,2178.0,7.686162303,435.6,1.0,15861.09024,17.52449479365033,17.48107115846154,0,42500000,17.56501463
5.0,5.0,5445.0,8.602453035,1089.0,1.0,13957.75941,17.52449479365033,17.0930370689899,0,71500000,18.08520801
4.0,7.0,1633.5,7.398480231,408.375,1.75,23875.11478,17.52449479365033,17.30474131619205,0,45000000,17.62217305
3.0,4.0,1953.0,7.577121931,651.0,1.333333333,27527.52753,16.74009781756667,17.38481072169611,0,52500000,17.77632373
3.0,3.0,1361.25,7.216158674,453.75,1.0,16639.11846,17.52449479365033,17.2241481738,0,26000000,17.0736071
4.0,5.0,720.0,6.579251212,180.0,1.25,26388.88889,17.52449479365033,17.38481072169611,0,19000000,16.75994954
5.0,5.0,5445.0,8.602453035,1089.0,1.0,15861.09024,17.52449479365033,17.48107115846154,1,3000000,14.91412285
4.0,5.0,4500.0,8.411832676,1125.0,1.25,22000.0,18.00816093799353,17.38481072169611,1,110000000,18.51599092
0.0,0.0,1361.25,7.216158674,1361.25,0.0,15861.09024,16.89827182589474,17.48107115846154,1,6000000,15.60727003
2.0,2.0,1197.9,7.088325303,598.95,1.0,19283.74656,17.30156670857143,17.63082525563043,0,14800000,16.51013774
6.0,4.0,2722.5,7.909305855,453.75,0.666666667,11019.28375,17.52449479365033,17.30474131619205,0,30000000,17.21670794
2.0,2.0,550.0,6.309918278,275.0,1.0,6148.148148,18.00816093799353,17.38481072169611,1,3300000,15.00943303
5.0,6.0,2178.0,7.686162303,435.6,1.2,19283.74656,18.00816093799353,17.63082525563043,0,39500000,17.49181123
4.0,4.0,3539.25,8.171670119,884.8125,1.0,12629.794445,17.30156670857143,17.48107115846154,0,46500000,17.65496287
2.0,2.0,2150.775,7.673583521,1075.3875,1.0,19283.74656,18.00816093799353,17.63082525563043,0,25000000,17.03438638
0.0,0.0,2722.5,7.909305855,2722.5,0.0,15861.09024,16.89827182589474,17.48107115846154,1,14500000,16.48965921
3.0,4.0,1361.25,7.216158674,453.75,1.333333333,12488.52158,17.52449479365033,17.30474131619205,0,17000000,16.6487239
3.0,3.0,1152.0,7.049254841,384.0,1.0,24334.251605,16.74009781756667,17.38481072169611,0,32000000,17.28124646
6.0,6.0,2178.0,7.686162303,363.0,1.0,19283.74656,17.52449479365033,17.63082525563043,0,52000000,17.76675428
5.0,5.0,5445.0,8.602453035,1089.0,1.0,23875.11478,17.52449479365033,17.30474131619205,0,145000000,18.7922443
4.0,5.0,1361.25,7.216158674,340.3125,1.25,12331.10324,17.52449479365033,17.0930370689899,0,17000000,16.6487239
3.0,4.0,1361.25,7.216158674,453.75,1.333333333,12511.47842,17.52449479365033,17.0930370689899,0,21000000,16.860033
3.0,3.0,2722.5,7.909305855,907.5,1.0,15861.09024,16.74009781756667,17.48107115846154,0,39000000,17.4790722
3.0,4.0,1361.25,7.216158674,453.75,1.333333333,19467.40129,17.52449479365033,17.48107115846154,0,26700000,17.10017412
4.0,5.0,2531.925,7.836735162,632.98125,1.25,15861.09024,17.52449479365033,17.48107115846154,0,67500000,18.02763816
3.0,4.0,3465.0,8.150467912,1155.0,1.333333333,54920.63492,17.30156670857143,17.38481072169611,0,201700000,19.122292
2.0,2.0,1088.0,6.992096427,544.0,1.0,19283.74656,16.74009781756667,17.63082525563043,1,16500000,16.61887094
5.0,7.0,5445.0,8.602453035,1089.0,1.4,17171.71717,17.52449479365033,17.48107115846154,0,63000000,17.95864528
3.0,3.0,1296.0,7.167037877,432.0,1.0,22000.0,18.00816093799353,17.38481072169611,1,7300000,15.80338491
0.0,0.0,2722.5,7.909305855,2722.5,0.0,19283.74656,16.7407250003125,17.63082525563043,1,23500000,16.97251098
5.0,6.0,3267.0,8.091627412,653.4,1.2,15861.09024,17.52449479365033,17.48107115846154,1,38000000,17.45309672
5.0,6.0,2722.5,7.909305855,544.5,1.2,14954.74223,18.00816093799353,17.2241481738,0,25000000,17.03438638
5.0,6.0,3267.0,8.091627412,653.4,1.2,12511.47842,17.52449479365033,17.0930370689899,0,48800000,17.70324087
2.0,3.0,2069.1,7.634869009,1034.55,1.5,19283.74656,16.74009781756667,17.63082525563043,0,105000000,18.46947091
5.0,6.0,1905.75,7.552630911,381.15,1.2,19283.74656,18.00816093799353,17.63082525563043,1,32500000,17.29675065
4.0,5.0,1080.0,6.98471632,270.0,1.25,59444.444445,18.00816093799353,17.38481072169611,1,90000000,18.31532023
3.0,4.0,1361.25,7.216158674,453.75,1.333333333,17447.19927,17.52449479365033,17.30474131619205,0,28000000,17.14771507
6.0,6.0,5445.0,8.602453035,907.5,1.0,12511.47842,17.52449479365033,17.0930370689899,0,60000000,17.90985512
5.0,6.0,5445.0,8.602453035,1089.0,1.2,15861.09024,17.52449479365033,17.48107115846154,0,78500000,18.17860918
1.0,1.0,640.0,6.461468176,640.0,1.0,15861.09024,16.74009781756667,17.48107115846154,1,30300000,17.22665827
3.0,4.0,1361.25,7.216158674,453.75,1.333333333,13957.75941,17.52449479365033,17.2241481738,0,19000000,16.75994954
3.0,4.0,1361.25,7.216158674,453.75,1.333333333,13957.75941,17.52449479365033,17.2241481738,0,22500000,16.92902587
5.0,6.0,5445.0,8.602453035,1089.0,1.2,21120.29385,17.52449479365033,17.63082525563043,0,94000000,18.35880534
5.0,6.0,2722.5,7.909305855,544.5,1.2,20202.0202,17.52449479365033,17.30474131619205,0,80000000,18.19753719
5.0,5.0,3865.95,8.259962726,773.19,1.0,43503.21395999999,17.52449479365033,17.63082525563043,0,145000000,18.7922443
4.0,6.0,4083.75,8.314770963,1020.9375,1.5,12511.47842,17.52449479365033,17.0930370689899,0,35000000,17.37085862
5.0,6.0,5445.0,8.602453035,1089.0,1.2,15861.09024,17.52449479365033,17.48107115846154,0,65000000,17.98989783
5.0,6.0,2722.5,7.909305855,544.5,1.2,17079.88981,17.52449479365033,17.30474131619205,0,46000000,17.64415195
0.0,0.0,5445.0,8.602453035,5445.0,0.0,15861.09024,16.89827182589474,17.48107115846154,1,36000000,17.3990295
4.0,5.0,2722.5,7.909305855,680.625,1.25,17079.88981,17.52449479365033,17.30474131619205,0,48000000,17.68671157
6.0,7.0,2178.0,7.686162303,363.0,1.166666667,16446.280995,17.52449479365033,17.48107115846154,1,31500000,17.2654981
2.0,3.0,2232.45,7.710854916,1116.225,1.5,19283.74656,16.74009781756667,17.63082525563043,0,100000000,18.42068074
0.0,0.0,1361.25,7.216158674,1361.25,0.0,15861.09024,16.7407250003125,17.48107115846154,1,4400000,15.2971151
1.0,1.0,653.4,6.482189499,653.4,1.0,8754.904416,16.74009781756667,17.2241481738,0,5400000,15.50190951
3.0,3.0,1404.0,7.247080585,468.0,1.0,11093.905055,16.74009781756667,17.38481072169611,0,14500000,16.48965921
5.0,6.0,2722.5,7.909305855,544.5,1.2,8754.904416,17.52449479365033,17.2241481738,0,54000000,17.8044946
6.0,7.0,1080.0,6.98471632,180.0,1.166666667,32407.40741,17.52449479365033,17.38481072169611,1,48000000,17.68671157
5.0,5.0,1361.25,7.216158674,272.25,1.0,17447.19927,17.52449479365033,17.30474131619205,0,13500000,16.41820024
4.0,5.0,1633.5,7.398480231,408.375,1.25,14954.74223,17.52449479365033,17.2241481738,0,27500000,17.12969656
5.0,5.0,544.5,6.299867942,108.9,1.0,14325.06887,17.52449479365033,17.30474131619205,0,8500000,15.95557672
3.0,3.0,1368.0,7.221105098,456.0,1.0,14181.28655,17.03228004347826,17.38481072169611,0,18000000,16.70588232
1.0,1.0,408.375,6.01218587,408.375,1.0,14041.756535,16.74009781756667,17.0930370689899,0,5800000,15.57336848
0.0,1.0,1800.0,7.495541944,1800.0,0.0,22000.0,18.23946870666667,17.38481072169611,1,37000000,17.42642847
5.0,7.0,2178.0,7.686162303,435.6,1.4,13544.53627,17.52449479365033,17.63082525563043,0,29800000,17.21001895
4.0,4.0,1361.25,7.216158674,340.3125,1.0,16222.834405,17.52449479365033,17.2241481738,0,22500000,16.92902587
0.0,0.0,5400.0,8.594154233,5400.0,0.0,22812.5,16.89827182589474,17.38481072169611,1,150000000,18.82614585
3.0,4.0,1089.0,6.993015123,363.0,1.333333333,18732.78237,17.52449479365033,17.48107115846154,1,21000000,16.860033
2.0,2.0,700.0,6.551080335,350.0,1.0,22000.0,16.74009781756667,17.38481072169611,1,8000000,15.8949521
5.0,6.0,2967.525,7.995483551,593.505,1.2,15999.58439,17.52449479365033,17.2241481738,0,45000000,17.62217305
3.0,4.0,1361.25,7.216158674,453.75,1.333333333,19467.40129,17.52449479365033,17.48107115846154,0,25200000,17.04235455
3.0,3.0,2722.5,7.909305855,907.5,1.0,12629.794445,16.74009781756667,17.48107115846154,0,31000000,17.24949776
3.0,4.0,2076.0,7.638198244,692.0,1.333333333,19283.74656,17.30156670857143,17.63082525563043,1,68000000,18.03501826
3.0,3.0,1476.0,7.297091005,492.0,1.0,22000.0,16.74009781756667,17.38481072169611,0,11500000,16.25785759
2.0,2.0,1361.25,7.216158674,680.625,1.0,17447.19927,17.52449479365033,17.30474131619205,0,13500000,16.41820024
0.0,0.0,1800.0,7.495541944,1800.0,0.0,6555.555556,16.7407250003125,17.63082525563043,1,11800000,16.28361009
4.0,5.0,1089.0,6.993015123,272.25,1.25,43503.21395999999,17.03228004347826,17.63082525563043,0,54000000,17.8044946
5.0,6.0,2722.5,7.909305855,544.5,1.2,11753.90266,17.52449479365033,17.0930370689899,0,32500000,17.29675065
6.0,6.0,9000.0,9.104979856,1500.0,1.0,29444.444445,17.52449479365033,17.38481072169611,1,420000000,19.85576527
0.0,0.0,5445.0,8.602453035,5445.0,0.0,19283.74656,16.89827182589474,17.63082525563043,1,22500000,16.92902587
0.0,0.0,2722.5,7.909305855,2722.5,0.0,15610.65197,16.7407250003125,17.63082525563043,1,42500000,17.56501463
5.0,6.0,5445.0,8.602453035,1089.0,1.2,21120.29385,17.52449479365033,17.63082525563043,0,98000000,18.40047804
5.0,6.0,2722.5,7.909305855,544.5,1.2,11343.38033,18.00816093799353,17.2241481738,0,28000000,17.14771507
3.0,4.0,1361.25,7.216158674,453.75,1.333333333,16843.7623,17.52449479365033,17.30474131619205,0,22000000,16.90655301
3.0,3.0,1152.0,7.049254841,384.0,1.0,34212.96296,16.74009781756667,17.38481072169611,0,40000000,17.50439001
7.0,5.0,5994.0,8.698514248,856.2857143,0.714285714,61111.11111,18.00816093799353,17.38481072169611,0,420000000,19.85576527
3.0,3.0,1368.0,7.221105098,456.0,1.0,22000.0,17.03228004347826,17.38481072169611,0,15000000,16.52356076
5.0,6.0,2722.5,7.909305855,544.5,1.2,17447.19927,17.52449479365033,17.2241481738,0,39500000,17.49181123
0.0,0.0,2178.0,7.686162303,2178.0,0.0,19283.74656,16.7407250003125,17.63082525563043,1,5500000,15.52025865
4.0,6.0,3130.875,8.049067797,782.71875,1.5,15610.65197,17.52449479365033,17.30474131619205,0,38500000,17.4661688
5.0,5.0,2722.5,7.909305855,544.5,1.0,21120.29385,17.52449479365033,17.63082525563043,0,67500000,18.02763816
3.0,3.0,972.0,6.879355804,324.0,1.0,22000.0,18.00816093799353,17.38481072169611,1,13500000,16.41820024
2.0,2.0,1053.0,6.959398512,526.5,1.0,22000.0,16.74009781756667,17.38481072169611,0,19000000,16.75994954
0.0,0.0,2722.5,7.909305855,2722.5,0.0,19283.74656,16.7407250003125,17.63082525563043,1,19000000,16.75994954
4.0,6.0,3762.0,8.23270601,940.5,1.5,22000.0,16.74009781756667,17.38481072169611,0,120000000,18.6030023
0.0,0.0,1089.0,6.993015123,1089.0,0.0,19283.74656,18.23946870666667,17.63082525563043,1,62500000,17.95067711
4.0,5.0,720.0,6.579251212,180.0,1.25,22000.0,18.00816093799353,17.38481072169611,1,2350000,14.66992589
3.0,4.0,1361.25,7.216158674,453.75,1.333333333,14386.287115,17.52449479365033,17.2241481738,0,16500000,16.61887094
0.0,0.0,10890.0,9.295600216,10890.0,0.0,15861.09024,16.89827182589474,17.48107115846154,1,105000000,18.46947091
2.0,1.0,1470.15,7.293119715,735.075,0.5,19283.74656,16.74009781756667,17.63082525563043,0,47500000,17.67624027
5.0,6.0,2722.5,7.909305855,544.5,1.2,14954.74223,17.52449479365033,17.2241481738,0,45000000,17.62217305
5.0,5.0,1361.25,7.216158674,272.25,1.0,17447.19927,17.52449479365033,17.30474131619205,0,20000000,16.81124283
4.0,5.0,2722.5,7.909305855,680.625,1.25,15861.09024,18.00816093799353,17.48107115846154,0,49000000,17.70733086
3.0,4.0,1089.0,6.993015123,363.0,1.333333333,18732.78237,17.52449479365033,17.48107115846154,1,21000000,16.860033
6.0,7.0,5445.0,8.602453035,907.5,1.166666667,24334.251605,18.00816093799353,17.48107115846154,0,220000000,19.2091381
0.0,0.0,5994.0,8.698514248,5994.0,0.0,19283.74656,16.7407250003125,17.63082525563043,1,105000000,18.46947091
6.0,7.0,5445.0,8.602453035,907.5,1.166666667,17630.85399,17.52449479365033,17.48107115846154,0,96000000,18.37985875
0.0,0.0,5445.0,8.602453035,5445.0,0.0,11000.91827,16.89827182589474,17.48107115846154,1,59900000,17.90818706
4.0,5.0,1361.25,7.216158674,340.3125,1.25,14041.756535,17.52449479365033,17.0930370689899,0,17500000,16.67771144
3.0,4.0,1361.25,7.216158674,453.75,1.333333333,17447.19927,17.52449479365033,17.30474131619205,0,17000000,16.6487239
5.0,6.0,5445.0,8.602453035,1089.0,1.2,23875.11478,17.52449479365033,17.48107115846154,0,162500000,18.90618856
0.0,0.0,1080.0,6.98471632,1080.0,0.0,6148.148148,16.7407250003125,17.38481072169611,1,8000000,15.8949521
0.0,0.0,544.5,6.299867942,544.5,0.0,24977.04316,18.23946870666667,17.48107115846154,1,20000000,16.81124283
5.0,7.0,2722.5,7.909305855,544.5,1.4,23875.11478,17.52449479365033,17.30474131619205,0,60000000,17.90985512
5.0,6.0,1361.25,7.216158674,272.25,1.2,16446.280995,17.52449479365033,17.48107115846154,1,22900000,16.94664747
4.0,4.0,1633.5,7.398480231,408.375,1.0,14386.287115,17.52449479365033,17.2241481738,0,22000000,16.90655301
2.0,2.0,1197.9,7.088325303,598.95,1.0,9478.95376,16.74009781756667,17.2241481738,0,6500000,15.68731273
5.0,5.0,1361.25,7.216158674,272.25,1.0,15861.09024,17.52449479365033,17.48107115846154,1,8000000,15.8949521
1.0,2.0,500.0,6.214608098,500.0,2.0,22000.0,16.74009781756667,17.38481072169611,1,9500000,16.06680236
5.0,6.0,4083.75,8.314770963,816.75,1.2,26936.02694,17.52449479365033,17.30474131619205,0,110000000,18.51599092
2.0,2.0,1361.25,7.216158674,680.625,1.0,9550.045914,17.52449479365033,17.2241481738,0,12000000,16.30041721
0.0,0.0,2700.0,7.901007052,2700.0,0.0,59444.444445,16.7407250003125,17.38481072169611,1,67500000,18.02763816
0.0,0.0,2722.5,7.909305855,2722.5,0.0,4848.484848,16.7407250003125,17.48107115846154,1,14000000,16.45456789
1.0,1.0,540.0,6.29156914,540.0,1.0,5698.005698000001,16.74009781756667,17.38481072169611,0,2500000,14.73180129
2.0,2.0,1404.0,7.247080585,702.0,1.0,5698.005698000001,16.74009781756667,17.38481072169611,0,9500000,16.06680236
0.0,0.0,1361.25,7.216158674,1361.25,0.0,8301.1937555,16.89827182589474,17.48107115846154,1,11400000,16.24912391
3.0,3.0,1400.0,7.244227516,466.6666667,1.0,22000.0,16.74009781756667,17.38481072169611,1,14000000,16.45456789
6.0,6.0,1905.75,7.552630911,317.625,1.0,17447.19927,17.30156670857143,17.30474131619205,0,35500000,17.38504325
0.0,0.0,2722.5,7.909305855,2722.5,0.0,15861.09024,16.89827182589474,17.48107115846154,1,12000000,16.30041721
3.0,3.0,630.0,6.445719819,210.0,1.0,22000.0,17.52449479365033,17.38481072169611,0,15000000,16.52356076
6.0,6.0,5445.0,8.602453035,907.5,1.0,21120.29385,17.52449479365033,17.63082525563043,0,100000000,18.42068074
4.0,5.0,1125.0,7.025538315,281.25,1.25,15861.09024,18.00816093799353,17.48107115846154,1,24000000,16.99356439
0.0,1.0,275.0,5.616771098,275.0,0.0,17454.54545,16.74009781756667,17.48107115846154,1,4800000,15.38412648
2.0,2.0,1442.925,7.274427582,721.4625,1.0,11937.55739,17.30156670857143,17.63082525563043,0,14500000,16.48965921
5.0,5.0,3539.25,8.171670119,707.85,1.0,24050.02405,17.52449479365033,17.30474131619205,0,65000000,17.98989783
4.0,4.0,1361.25,7.216158674,340.3125,1.0,27915.51882,17.52449479365033,17.63082525563043,0,38000000,17.45309672
5.0,5.0,1361.25,7.216158674,272.25,1.0,17447.19927,17.52449479365033,17.30474131619205,0,18000000,16.70588232
5.0,6.0,1633.5,7.398480231,326.7,1.2,15426.99725,17.52449479365033,17.30474131619205,0,30000000,17.21670794
3.0,4.0,1361.25,7.216158674,453.75,1.333333333,19834.71074,17.52449479365033,17.48107115846154,0,26500000,17.09265529
2.0,1.0,1050.0,6.956545443,525.0,0.5,22000.0,16.74009781756667,17.38481072169611,1,11000000,16.21340583
6.0,7.0,5445.0,8.602453035,907.5,1.166666667,21120.29385,17.52449479365033,17.63082525563043,0,110000000,18.51599092
5.0,5.0,3267.0,8.091627412,653.4,1.0,12511.47842,17.52449479365033,17.0930370689899,0,50000000,17.72753356
3.0,4.0,1361.25,7.216158674,453.75,1.333333333,20202.0202,17.52449479365033,17.30474131619205,0,23500000,16.97251098
0.0,0.0,1080.0,6.98471632,1080.0,0.0,22000.0,16.89827182589474,17.38481072169611,1,10000000,16.11809565
0.0,5.0,2722.5,7.909305855,2722.5,0.0,13590.44995,17.52449479365033,17.48107115846154,1,31500000,17.2654981
3.0,3.0,1824.075,7.508828288,608.025,1.0,19283.74656,17.52449479365033,17.63082525563043,0,52000000,17.76675428
6.0,7.0,16335.0,9.701065324,2722.5,1.166666667,14954.74223,18.00816093799353,17.2241481738,0,165000000,18.92145603
4.0,4.0,2250.0,7.718685495,562.5,1.0,23875.11478,18.00816093799353,17.38481072169611,0,95000000,18.36938745
6.0,6.0,5445.0,8.602453035,907.5,1.0,21120.29385,17.52449479365033,17.63082525563043,0,100000000,18.42068074
0.0,0.0,1361.25,7.216158674,1361.25,0.0,15861.09024,16.89827182589474,17.48107115846154,1,4500000,15.31958795
2.0,2.0,1225.125,7.110798159,612.5625,1.0,9182.736455,17.52449479365033,17.2241481738,0,7500000,15.83041358
3.0,3.0,1361.25,7.216158674,453.75,1.0,12511.47842,17.52449479365033,17.0930370689899,0,12500000,16.3412392
4.0,5.0,1905.75,7.552630911,476.4375,1.25,13314.96786,17.52449479365033,17.0930370689899,0,30000000,17.21670794
3.5,5.0,200.0,5.298317367,57.14285714,1.428571429,19283.74656,15.6743339095,17.63082525563043,1,5000000,15.42494847
0.0,0.0,5445.0,8.602453035,5445.0,0.0,15861.09024,16.89827182589474,17.48107115846154,1,43400000,17.58597
5.0,6.0,5445.0,8.602453035,1089.0,1.2,10101.0101,17.52449479365033,17.0930370689899,0,52000000,17.76675428
5.0,6.0,2722.5,7.909305855,544.5,1.2,13957.75941,17.52449479365033,17.2241481738,0,36000000,17.3990295
0.0,0.0,2178.0,7.686162303,2178.0,0.0,19283.74656,16.7407250003125,17.63082525563043,1,4200000,15.25059508
2.0,2.0,1650.0,7.408530567,825.0,1.0,6840.530141,16.74009781756667,17.63082525563043,1,12500000,16.3412392
5.0,5.0,1089.0,6.993015123,217.8,1.0,1414.141414,17.52449479365033,17.48107115846154,1,9450000,16.0615253
5.0,5.0,1905.75,7.552630911,381.15,1.0,20202.0202,17.52449479365033,17.30474131619205,0,35000000,17.37085862
0.0,0.0,5445.0,8.602453035,5445.0,0.0,15861.09024,16.89827182589474,17.48107115846154,1,45000000,17.62217305
5.0,6.0,16335.0,9.701065324,3267.0,1.2,6555.555556,17.21200745916667,17.63082525563043,1,45000000,17.62217305
6.0,6.0,5445.0,8.602453035,907.5,1.0,21120.29385,17.52449479365033,17.63082525563043,0,89500000,18.30974918
6.0,6.0,9000.0,9.104979856,1500.0,1.0,23875.11478,17.52449479365033,17.38481072169611,0,450000000,19.92475814
3.0,3.0,2368.575,7.770043787,789.525,1.0,42381.86056,16.74009781756667,17.63082525563043,0,79800000,18.19503406
3.0,4.0,1361.25,7.216158674,453.75,1.333333333,19467.40129,17.52449479365033,17.48107115846154,0,25000000,17.03438638
7.0,6.0,5445.0,8.602453035,777.8571429,0.857142857,12511.47842,17.52449479365033,17.0930370689899,0,72000000,18.09217668
5.0,5.0,2450.25,7.803945339,490.05,1.0,16324.86481,17.52449479365033,17.63082525563043,0,40000000,17.50439001
3.0,4.0,1361.25,7.216158674,453.75,1.333333333,23875.11478,17.52449479365033,17.48107115846154,0,35000000,17.37085862
6.0,5.0,2178.0,7.686162303,363.0,0.833333333,20385.67493,17.52449479365033,17.63082525563043,0,70000000,18.0640058
5.0,6.0,2722.5,7.909305855,544.5,1.2,12511.47842,17.52449479365033,17.0930370689899,0,34500000,17.35646988
4.0,5.0,2722.5,7.909305855,680.625,1.25,20202.0202,18.00816093799353,17.48107115846154,0,68000000,18.03501826
5.0,6.0,2722.5,7.909305855,544.5,1.2,15861.09024,17.52449479365033,17.48107115846154,0,36000000,17.3990295
4.0,4.0,2722.5,7.909305855,680.625,1.0,12511.47842,17.52449479365033,17.0930370689899,0,28000000,17.14771507
4.0,5.0,2722.5,7.909305855,680.625,1.25,17171.71717,17.52449479365033,17.48107115846154,0,48500000,17.69707436
4.0,4.0,1905.75,7.552630911,476.4375,1.0,12593.46714,17.52449479365033,17.2241481738,0,24000000,16.99356439
3.0,4.0,1361.25,7.216158674,453.75,1.333333333,15406.591165,17.03228004347826,17.0930370689899,0,20000000,16.81124283
6.0,6.0,1080.0,6.98471632,180.0,1.0,43055.55556,18.00816093799353,17.38481072169611,1,46500000,17.65496287
5.0,6.0,5445.0,8.602453035,1089.0,1.2,21120.29385,17.52449479365033,17.63082525563043,0,139000000,18.74998449
2.0,2.0,1796.85,7.493790411,898.425,1.0,19283.74656,16.74009781756667,17.63082525563043,0,33500000,17.327056
4.0,5.0,1905.75,7.552630911,476.4375,1.25,15861.09024,17.52449479365033,17.48107115846154,1,30000000,17.21670794
3.0,3.0,2041.875,7.621623782,680.625,1.0,19283.74656,16.74009781756667,17.63082525563043,0,14500000,16.48965921
7.0,7.0,5445.0,8.602453035,777.8571429,1.0,12511.47842,17.52449479365033,17.0930370689899,0,85000000,18.25816181
5.0,6.0,3267.0,8.091627412,653.4,1.2,21120.29385,17.52449479365033,17.63082525563043,0,65000000,17.98989783
3.0,3.0,1800.0,7.495541944,600.0,1.0,22000.0,18.00816093799353,17.38481072169611,1,32500000,17.29675065
0.0,0.0,1361.25,7.216158674,1361.25,0.0,15861.09024,16.89827182589474,17.48107115846154,1,4800000,15.38412648
4.0,5.0,2700.0,7.901007052,675.0,1.25,26481.48148,18.00816093799353,17.38481072169611,1,73500000,18.11279596
6.0,6.0,5445.0,8.602453035,907.5,1.0,14954.74223,17.52449479365033,17.2241481738,0,120000000,18.6030023
6.0,6.0,2722.5,7.909305855,453.75,1.0,14041.756535,17.52449479365033,17.0930370689899,0,34500000,17.35646988
5.0,6.0,1905.75,7.552630911,381.15,1.2,14954.74223,17.52449479365033,17.2241481738,0,28500000,17.16541465
5.0,6.0,5445.0,8.602453035,1089.0,1.2,21120.29385,17.52449479365033,17.63082525563043,0,109000000,18.50685844
0.0,0.0,4500.0,8.411832676,4500.0,0.0,8611.111111,16.7407250003125,17.63082525563043,1,76000000,18.1462439
6.0,7.0,5445.0,8.602453035,907.5,1.166666667,18732.78237,17.52449479365033,17.48107115846154,1,100000000,18.42068074
3.0,3.0,900.0,6.802394763,300.0,1.0,62962.96296,18.00816093799353,17.38481072169611,0,57500000,17.86729551
0.0,0.0,3600.0,8.188689124,3600.0,0.0,111111.1111,16.89827182589474,17.38481072169611,1,400000000,19.80697511
4.0,5.0,1361.25,7.216158674,340.3125,1.25,20202.0202,17.52449479365033,17.30474131619205,0,28500000,17.16541465
6.0,6.0,2722.5,7.909305855,453.75,1.0,15861.09024,17.52449479365033,17.48107115846154,0,47000000,17.66565816
0.0,0.0,2520.0,7.832014181,2520.0,0.0,15861.09024,16.7407250003125,17.48107115846154,1,15000000,16.52356076
4.0,5.0,1905.75,7.552630911,476.4375,1.25,12331.10324,17.52449479365033,17.0930370689899,0,23500000,16.97251098
3.0,4.0,1361.25,7.216158674,453.75,1.333333333,17630.85399,17.52449479365033,17.30474131619205,0,22500000,16.92902587
6.0,7.0,4500.0,8.411832676,750.0,1.166666667,61111.11111,18.00816093799353,17.38481072169611,0,300000000,19.51929303
5.0,5.0,1361.25,7.216158674,272.25,1.0,20202.0202,17.52449479365033,17.30474131619205,0,28500000,17.16541465
4.0,5.0,1361.25,7.216158674,340.3125,1.25,43503.21395999999,17.52449479365033,17.63082525563043,0,65000000,17.98989783
3.0,4.0,1361.25,7.216158674,453.75,1.333333333,15861.09024,17.52449479365033,17.48107115846154,0,26500000,17.09265529
6.0,6.0,5445.0,8.602453035,907.5,1.0,16161.61616,17.52449479365033,17.63082525563043,0,95000000,18.36938745
5.0,5.0,1361.25,7.216158674,272.25,1.0,14954.74223,17.52449479365033,17.2241481738,0,30000000,17.21670794
8.0,7.0,10890.0,9.295600216,1361.25,0.875,16988.06244,18.00816093799353,17.48107115846154,0,150000000,18.82614585
5.0,6.0,5445.0,8.602453035,1089.0,1.2,17171.71717,17.52449479365033,17.48107115846154,0,78000000,18.17221938
4.0,5.0,2722.5,7.909305855,680.625,1.25,23875.11478,18.00816093799353,17.48107115846154,0,50000000,17.72753356
3.0,4.0,1361.25,7.216158674,453.75,1.333333333,20202.0202,17.52449479365033,17.30474131619205,0,27000000,17.11134742
2.0,3.0,1361.25,7.216158674,680.625,1.5,14954.74223,17.52449479365033,17.2241481738,0,11000000,16.21340583
4.0,4.0,3267.0,8.091627412,816.75,1.0,11202.938475,17.52449479365033,17.0930370689899,0,36000000,17.3990295
3.0,4.0,1361.25,7.216158674,453.75,1.333333333,15861.09024,17.52449479365033,17.48107115846154,1,26500000,17.09265529
6.0,6.0,2722.5,7.909305855,453.75,1.0,17079.889805,17.52449479365033,17.48107115846154,0,45000000,17.62217305
4.0,4.0,1089.0,6.993015123,272.25,1.0,17447.19927,17.52449479365033,17.30474131619205,0,16500000,16.61887094
5.0,5.0,2450.25,7.803945339,490.05,1.0,24050.02405,17.52449479365033,17.30474131619205,0,60000000,17.90985512
5.0,6.0,5445.0,8.602453035,1089.0,1.2,17447.19927,18.00816093799353,17.48107115846154,0,107500000,18.49300141
5.0,6.0,2722.5,7.909305855,544.5,1.2,13957.75941,17.52449479365033,17.0930370689899,0,37500000,17.43985149
5.0,6.0,1905.75,7.552630911,381.15,1.2,13957.75941,17.52449479365033,17.2241481738,0,27500000,17.12969656
4.0,5.0,2722.5,7.909305855,680.625,1.25,17447.19927,17.52449479365033,17.30474131619205,0,38000000,17.45309672
2.0,2.0,1197.9,7.088325303,598.95,1.0,15861.09024,16.74009781756667,17.48107115846154,0,10000000,16.11809565
5.0,6.0,2722.5,7.909305855,544.5,1.2,21120.29385,17.52449479365033,17.63082525563043,0,65000000,17.98989783
6.0,6.0,5445.0,8.602453035,907.5,1.0,21120.29385,17.52449479365033,17.63082525563043,0,112500000,18.53846378
0.0,0.0,10890.0,9.295600216,10890.0,0.0,7978.723404,16.7407250003125,17.48107115846154,1,77500000,18.16578849
4.0,4.0,1361.25,7.216158674,340.3125,1.0,14325.06887,17.52449479365033,17.0930370689899,0,18500000,16.73328129
3.0,3.0,1600.0,7.377758908,533.3333333,1.0,22812.5,16.74009781756667,17.38481072169611,1,36500000,17.41282282
5.0,6.0,2722.5,7.909305855,544.5,1.2,15861.09024,17.52449479365033,17.48107115846154,0,44500000,17.61099975
5.0,5.0,2722.5,7.909305855,544.5,1.0,20202.0202,18.00816093799353,17.2241481738,0,57500000,17.86729551
4.0,5.0,2722.5,7.909305855,680.625,1.25,9917.355372,17.52449479365033,17.2241481738,0,23500000,16.97251098
3.0,4.0,1361.25,7.216158674,453.75,1.333333333,27915.51882,17.52449479365033,17.63082525563043,0,41500000,17.54120399
4.0,4.0,1361.25,7.216158674,340.3125,1.0,16791.28952,17.52449479365033,17.0930370689899,0,22000000,16.90655301
3.0,3.0,2160.0,7.677863501,720.0,1.0,23495.37037,18.00816093799353,17.38481072169611,0,35000000,17.37085862
3.0,3.0,1548.0,7.344719054,516.0,1.0,22000.0,16.74009781756667,17.38481072169611,0,15500000,16.55635058
4.0,6.0,2531.925,7.836735162,632.98125,1.5,6555.555556,17.52449479365033,17.63082525563043,0,35000000,17.37085862
4.0,5.0,1361.25,7.216158674,340.3125,1.25,14041.756535,17.52449479365033,17.0930370689899,0,18500000,16.73328129
6.0,6.0,3267.0,8.091627412,544.5,1.0,16988.06244,18.00816093799353,17.63082525563043,1,60000000,17.90985512
3.0,4.0,1361.25,7.216158674,453.75,1.333333333,13957.75941,17.52449479365033,17.2241481738,0,19000000,16.75994954
0.0,0.0,1800.0,7.495541944,1800.0,0.0,16988.06244,16.89827182589474,17.63082525563043,1,17000000,16.6487239
6.0,6.0,7893.0,8.97373157,1315.5,1.0,24334.251605,17.52449479365033,17.38481072169611,0,250000000,19.33697148
9.0,6.0,4356.0,8.379309484,484.0,0.666666667,14954.74223,17.30156670857143,17.2241481738,0,46000000,17.64415195
6.0,7.0,2722.5,7.909305855,453.75,1.166666667,43503.21395999999,17.52449479365033,17.63082525563043,0,115000000,18.56044269
0.0,0.0,1080.0,6.98471632,1080.0,0.0,22000.0,16.7407250003125,17.38481072169611,1,5000000,15.42494847
4.0,5.0,1905.75,7.552630911,476.4375,1.25,12511.47842,17.52449479365033,17.0930370689899,0,22500000,16.92902587
2.0,2.0,954.0,6.860663671,477.0,1.0,22000.0,16.74009781756667,17.38481072169611,0,9500000,16.06680236
0.0,0.0,21780.0,9.988747396,21780.0,0.0,15861.09024,16.7407250003125,17.48107115846154,1,305000000,19.53582233
0.0,0.0,1361.25,7.216158674,1361.25,0.0,15861.09024,14.8229620675,17.48107115846154,1,3000000,14.91412285
6.0,6.0,6534.0,8.784774592,1089.0,1.0,32713.498625,17.52449479365033,17.2241481738,0,227500000,19.2426608
10.0,6.0,1905.75,7.552630911,190.575,0.6,20202.0202,17.52449479365033,17.63082525563043,0,40000000,17.50439001
3.0,4.0,1361.25,7.216158674,453.75,1.333333333,13957.75941,17.52449479365033,17.0930370689899,0,20000000,16.81124283
5.0,5.0,2178.0,7.686162303,435.6,1.0,19283.74656,17.03228004347826,17.63082525563043,0,50000000,17.72753356
2.0,2.0,900.0,6.802394763,450.0,1.0,22000.0,16.74009781756667,17.38481072169611,1,8000000,15.8949521
4.0,6.0,1361.25,7.216158674,340.3125,1.5,19283.74656,17.52449479365033,17.63082525563043,0,29500000,17.19990082
7.0,6.0,5445.0,8.602453035,777.8571429,0.857142857,15861.09024,17.52449479365033,17.48107115846154,0,64800000,17.98681616
5.0,7.0,5445.0,8.602453035,1089.0,1.4,21120.29385,17.52449479365033,17.63082525563043,0,139000000,18.74998449
3.0,3.0,1361.25,7.216158674,453.75,1.0,17447.19927,17.52449479365033,17.30474131619205,0,11000000,16.21340583
5.0,6.0,2722.5,7.909305855,544.5,1.2,13957.75941,17.52449479365033,17.2241481738,0,51000000,17.74733619
4.0,5.0,80.0,4.382026635,20.0,1.25,22000.0,18.00816093799353,17.38481072169611,1,1250000,14.03865411
3.0,4.0,2223.0,7.706612914,741.0,1.333333333,22000.0,18.00816093799353,17.38481072169611,0,62000000,17.94264494
5.0,6.0,5445.0,8.602453035,1089.0,1.2,15861.09024,18.00816093799353,17.48107115846154,0,90500000,18.32086041
5.0,5.0,2722.5,7.909305855,544.5,1.0,20202.0202,17.52449479365033,17.48107115846154,0,55000000,17.82284374
2.0,2.0,1361.25,7.216158674,680.625,1.0,12511.47842,17.52449479365033,17.0930370689899,0,9500000,16.06680236
4.0,5.0,816.75,6.70533305,204.1875,1.25,15861.09024,17.52449479365033,17.48107115846154,1,17500000,16.67771144
2.0,3.0,1251.0,7.13169851,625.5,1.5,22000.0,16.74009781756667,17.38481072169611,0,23000000,16.95100477
5.0,6.0,2722.5,7.909305855,544.5,1.2,13957.75941,17.52449479365033,17.0930370689899,0,40000000,17.50439001
4.0,4.0,1905.75,7.552630911,476.4375,1.0,19283.74656,17.52449479365033,17.63082525563043,0,39000000,17.4790722
6.0,6.0,5445.0,8.602453035,907.5,1.0,21120.29385,17.52449479365033,17.63082525563043,0,109000000,18.50685844
0.0,0.0,1080.0,6.98471632,1080.0,0.0,22000.0,16.7407250003125,17.38481072169611,1,10900000,16.20427335
5.0,6.0,4500.0,8.411832676,900.0,1.2,36111.11111,17.30156670857143,17.38481072169611,1,150000000,18.82614585
6.0,6.0,2722.5,7.909305855,453.75,1.0,19283.74656,17.52449479365033,17.63082525563043,0,100000000,18.42068074
6.0,7.0,5445.0,8.602453035,907.5,1.166666667,25252.525255,17.52449479365033,17.63082525563043,0,140000000,18.75715298
3.0,4.0,816.75,6.70533305,272.25,1.333333333,15916.74319,17.52449479365033,17.30474131619205,0,12500000,16.3412392
4.0,5.0,2259.0,7.722677516,564.75,1.25,13284.685915,16.74009781756667,17.38481072169611,0,34000000,17.34187108
5.0,5.0,2722.5,7.909305855,544.5,1.0,19926.53811,17.52449479365033,17.63082525563043,0,52500000,17.77632373
3.0,3.0,1404.0,7.247080585,468.0,1.0,22000.0,16.74009781756667,17.38481072169611,0,9500000,16.06680236
3.0,3.0,1368.0,7.221105098,456.0,1.0,10599.4152,17.03228004347826,17.38481072169611,0,14500000,16.48965921
4.0,5.0,1361.25,7.216158674,340.3125,1.25,12331.10324,17.52449479365033,17.0930370689899,0,18000000,16.70588232
3.0,4.0,1361.25,7.216158674,453.75,1.333333333,16843.7623,17.52449479365033,17.30474131619205,0,22000000,16.90655301
4.0,3.0,81675.0,11.31050324,20418.75,0.75,306.0912152,17.21200745916667,17.2241481738,0,25000000,17.03438638
0.0,0.0,1800.0,7.495541944,1800.0,0.0,22000.0,16.7407250003125,17.38481072169611,1,7500000,15.83041358
2.0,2.0,950.0,6.856461985,475.0,1.0,11517.857143,16.74009781756667,17.38481072169611,1,7000000,15.76142071
5.0,6.0,5445.0,8.602453035,1089.0,1.2,21120.29385,17.52449479365033,17.63082525563043,0,94900000,18.36833426
2.0,2.0,950.0,6.856461985,475.0,1.0,24090.90909,16.74009781756667,17.38481072169611,1,20000000,16.81124283
2.0,2.0,900.0,6.802394763,450.0,1.0,62962.96296,18.95005811818182,17.38481072169611,0,18500000,16.73328129
4.0,5.0,1361.25,7.216158674,340.3125,1.25,14041.756535,17.52449479365033,17.0930370689899,0,22000000,16.90655301
6.0,6.0,3811.5,8.245778091,635.25,1.0,41978.2238,17.52449479365033,17.63082525563043,0,155000000,18.85893567
0.0,0.0,2722.5,7.909305855,2722.5,0.0,15861.09024,16.7407250003125,17.48107115846154,1,9800000,16.09789294
5.0,6.0,2722.5,7.909305855,544.5,1.2,17079.889805,17.52449479365033,17.48107115846154,0,25000000,17.03438638
5.0,5.0,1361.25,7.216158674,272.25,1.0,17447.19927,17.52449479365033,17.30474131619205,0,26000000,17.0736071
0.0,0.0,5445.0,8.602453035,5445.0,0.0,15861.09024,16.7407250003125,17.48107115846154,1,15000000,16.52356076
5.0,6.0,1361.25,7.216158674,272.25,1.2,16791.28952,17.52449479365033,17.0930370689899,0,21000000,16.860033
6.0,7.0,5445.0,8.602453035,907.5,1.166666667,24334.251605,18.00816093799353,17.48107115846154,0,107500000,18.49300141
5.0,6.0,5445.0,8.602453035,1089.0,1.2,21120.29385,17.52449479365033,17.63082525563043,0,115000000,18.56044269
1.0,1.0,735.075,6.599972535,735.075,1.0,15861.09024,16.74009781756667,17.48107115846154,0,14000000,16.45456789
6.0,6.0,4500.0,8.411832676,750.0,1.0,23875.11478,17.30156670857143,17.38481072169611,0,240000000,19.29614948
6.0,6.0,2722.5,7.909305855,453.75,1.0,14954.74223,17.52449479365033,17.2241481738,0,40000000,17.50439001
5.0,5.0,816.75,6.70533305,163.35,1.0,16843.7623,17.52449479365033,17.30474131619205,0,13500000,16.41820024
2.0,3.0,1361.25,7.216158674,680.625,1.5,19283.74656,17.52449479365033,17.63082525563043,1,10700000,16.1857543
5.0,6.0,2722.5,7.909305855,544.5,1.2,8754.904416,17.52449479365033,17.2241481738,0,41500000,17.54120399
6.0,5.0,2178.0,7.686162303,363.0,0.833333333,9182.736455,17.52449479365033,17.2241481738,0,20000000,16.81124283
5.0,6.0,2722.5,7.909305855,544.5,1.2,13957.75941,17.52449479365033,17.0930370689899,0,38000000,17.45309672
4.0,5.0,1905.75,7.552630911,476.4375,1.25,20202.0202,17.52449479365033,17.30474131619205,0,41000000,17.52908262
4.0,4.0,3539.25,8.171670119,884.8125,1.0,12473.21702,16.74009781756667,17.48107115846154,0,40000000,17.50439001
5.0,6.0,2722.5,7.909305855,544.5,1.2,13957.75941,17.52449479365033,17.2241481738,0,33000000,17.31201812
5.0,7.0,2178.0,7.686162303,435.6,1.4,13544.53627,17.52449479365033,17.63082525563043,0,29500000,17.19990082
0.0,0.0,10890.0,9.295600216,10890.0,0.0,9458.2185485,16.89827182589474,17.48107115846154,1,135000000,18.72078534
2.0,2.0,1053.0,6.959398512,526.5,1.0,22000.0,16.74009781756667,17.38481072169611,0,9000000,16.01273514
5.0,5.0,5445.0,8.602453035,1089.0,1.0,12511.47842,17.52449479365033,17.0930370689899,0,57000000,17.85856183
3.0,5.0,1361.25,7.216158674,453.75,1.666666667,19100.09183,17.52449479365033,17.48107115846154,0,25000000,17.03438638
6.0,6.0,2160.0,7.677863501,360.0,1.0,104166.66666,18.00816093799353,17.38481072169611,1,190000000,19.06253463
0.0,0.0,2700.0,7.901007052,2700.0,0.0,66666.66667,16.89827182589474,17.38481072169611,1,67500000,18.02763816
0.0,0.0,5989.5,8.697763215,5989.5,0.0,15861.09024,16.89827182589474,17.48107115846154,1,61500000,17.93454773
4.0,5.0,720.0,6.579251212,180.0,1.25,26388.88889,17.52449479365033,17.38481072169611,0,19000000,16.75994954
5.0,6.0,3267.0,8.091627412,653.4,1.2,13223.1405,17.52449479365033,17.2241481738,0,53000000,17.78580247
5.0,6.0,1361.25,7.216158674,272.25,1.2,12331.10324,17.52449479365033,17.0930370689899,0,16500000,16.61887094
5.0,6.0,2722.5,7.909305855,544.5,1.2,17447.19927,17.52449479365033,17.2241481738,0,47500000,17.67624027
0.0,0.0,1080.0,6.98471632,1080.0,0.0,22000.0,16.89827182589474,17.38481072169611,1,8500000,15.95557672
5.0,6.0,2722.5,7.909305855,544.5,1.2,14954.74223,17.52449479365033,17.2241481738,0,49000000,17.70733086
2.0,2.0,540.0,6.29156914,270.0,1.0,22000.0,16.74009781756667,17.38481072169611,0,20000000,16.81124283
3.0,3.0,3321.45,8.108156714,1107.15,1.0,16299.357205,17.30156670857143,17.2241481738,0,34000000,17.34187108
6.0,6.0,4500.0,8.411832676,750.0,1.0,61111.11111,17.52449479365033,17.38481072169611,0,310000000,19.55208286
4.0,4.0,3150.0,8.055157732,787.5,1.0,6587.3015875,17.30156670857143,17.38481072169611,0,20500000,16.83593544
3.0,4.0,1361.25,7.216158674,453.75,1.333333333,19467.40129,18.00816093799353,17.48107115846154,0,32500000,17.29675065
5.0,6.0,2722.5,7.909305855,544.5,1.2,20202.0202,17.52449479365033,17.2241481738,0,57500000,17.86729551
10.0,5.0,2178.0,7.686162303,217.8,0.5,18365.47291,17.52449479365033,17.63082525563043,0,40000000,17.50439001
4.0,5.0,2403.0,7.784473236,600.75,1.25,22000.0,16.74009781756667,17.38481072169611,0,31000000,17.24949776
3.0,3.0,1368.0,7.221105098,456.0,1.0,22000.0,17.03228004347826,17.38481072169611,1,16100000,16.59432983
5.0,6.0,1905.75,7.552630911,381.15,1.2,16791.28952,17.52449479365033,17.0930370689899,0,32000000,17.28124646
4.0,4.0,5193.0,8.555066844,1298.25,1.0,22000.0,17.52449479365033,17.38481072169611,1,120000000,18.6030023
3.0,4.0,1361.25,7.216158674,453.75,1.333333333,10468.3195575,17.52449479365033,17.63082525563043,1,16000000,16.58809928
6.0,6.0,2160.0,7.677863501,360.0,1.0,22000.0,17.52449479365033,17.38481072169611,1,65000000,17.98989783
2.0,2.0,900.0,6.802394763,450.0,1.0,19283.74656,17.30156670857143,17.63082525563043,1,13000000,16.38045992
0.0,0.0,4356.0,8.379309484,4356.0,0.0,19283.74656,16.7407250003125,17.63082525563043,1,320000000,19.58383155
5.0,5.0,2448.0,7.803026644,489.6,1.0,13333.33333,17.03228004347826,17.38481072169611,0,32800000,17.30593907
5.0,5.0,2722.5,7.909305855,544.5,1.0,12488.52158,17.52449479365033,17.0930370689899,0,21000000,16.860033
1.0,1.0,438.0,6.08221891,438.0,1.0,17454.54545,16.74009781756667,17.48107115846154,1,7665000,15.85217507
4.0,6.0,2542.0,7.840706452,635.5,1.5,22000.0,17.30156670857143,17.38481072169611,1,160000000,18.89068437
3.0,3.0,1600.0,7.377758908,533.3333333,1.0,22000.0,18.00816093799353,17.38481072169611,1,45000000,17.62217305
3.0,4.0,1361.25,7.216158674,453.75,1.333333333,15861.09024,17.52449479365033,17.48107115846154,1,22000000,16.90655301
0.0,0.0,1361.25,7.216158674,1361.25,0.0,19834.71074,16.7407250003125,17.48107115846154,1,12500000,16.3412392
5.0,6.0,4356.0,8.379309484,871.2,1.2,14954.74223,17.52449479365033,17.2241481738,0,79500000,18.19126758
4.0,5.0,1080.0,6.98471632,270.0,1.25,6148.148148,18.00816093799353,17.38481072169611,1,5500000,15.52025865
5.0,6.0,2722.5,7.909305855,544.5,1.2,20202.0202,17.52449479365033,17.30474131619205,0,55000000,17.82284374
3.0,4.0,2994.75,8.004616035,998.25,1.333333333,12629.794445,16.74009781756667,17.48107115846154,0,42500000,17.56501463
6.0,6.0,10890.0,9.295600216,1815.0,1.0,19283.74656,17.52449479365033,17.63082525563043,0,550000000,20.12542884
5.0,6.0,1905.75,7.552630911,381.15,1.2,15217.10613,17.52449479365033,17.2241481738,0,29500000,17.19990082
2.0,2.0,299.475,5.702030942,149.7375,1.0,12511.47842,16.74009781756667,17.0930370689899,0,2760000,14.83074124
4.0,5.0,1905.75,7.552630911,476.4375,1.25,17447.19927,17.52449479365033,17.30474131619205,0,42500000,17.56501463
3.0,4.0,1361.25,7.216158674,453.75,1.333333333,19467.40129,17.52449479365033,17.48107115846154,0,33500000,17.327056
5.0,6.0,2450.25,7.803945339,490.05,1.2,14041.756535,17.52449479365033,17.0930370689899,0,37000000,17.42642847
5.0,6.0,3267.0,8.091627412,653.4,1.2,24050.02405,17.52449479365033,17.30474131619205,0,82500000,18.22830885
3.0,4.0,2502.0,7.824845691,834.0,1.333333333,22000.0,17.30156670857143,17.38481072169611,0,70000000,18.0640058
2.0,2.0,1034.55,6.941721829,517.275,1.0,6336.088154,16.74009781756667,17.63082525563043,0,4700000,15.36307307
4.0,4.0,1080.0,6.98471632,270.0,1.0,22000.0,17.52449479365033,17.38481072169611,0,34000000,17.34187108
3.0,3.0,963.0,6.870053412,321.0,1.0,34212.96296,16.74009781756667,17.38481072169611,0,35000000,17.37085862
6.0,7.0,2160.0,7.677863501,360.0,1.166666667,22000.0,18.00816093799353,17.38481072169611,1,48400000,17.69501037
5.0,5.0,1361.25,7.216158674,272.25,1.0,19283.74656,17.52449479365033,17.63082525563043,0,18200000,16.71693215
1.0,1.0,540.0,6.29156914,540.0,1.0,10658.670032,16.74009781756667,17.38481072169611,1,2000000,14.50865774
2.0,2.0,2178.0,7.686162303,1089.0,1.0,19283.74656,17.52449479365033,17.63082525563043,1,19000000,16.75994954
7.0,4.0,1361.25,7.216158674,194.4642857,0.571428571,11019.28375,17.52449479365033,17.30474131619205,0,14000000,16.45456789
6.0,6.0,2160.0,7.677863501,360.0,1.0,22000.0,18.00816093799353,17.38481072169611,1,42500000,17.56501463
3.0,4.0,900.0,6.802394763,300.0,1.333333333,62962.96296,18.00816093799353,17.38481072169611,0,55000000,17.82284374
1.0,2.0,999.0,6.906754779,999.0,2.0,22000.0,16.74009781756667,17.38481072169611,0,40000000,17.50439001
5.0,6.0,2722.5,7.909305855,544.5,1.2,15861.09024,17.52449479365033,17.48107115846154,0,32000000,17.28124646
3.0,3.0,1125.0,7.025538315,375.0,1.0,22000.0,17.03228004347826,17.38481072169611,0,14800000,16.51013774
5.0,6.0,2722.5,7.909305855,544.5,1.2,13865.932045,17.52449479365033,17.0930370689899,0,37000000,17.42642847
4.0,4.0,3150.0,8.055157732,787.5,1.0,6587.3015875,17.03228004347826,17.38481072169611,0,21800000,16.89742053
4.0,6.0,21780.0,9.988747396,5445.0,1.5,17447.19927,17.52449479365033,17.30474131619205,0,72000000,18.09217668
4.0,5.0,2722.5,7.909305855,680.625,1.25,17447.19927,17.52449479365033,17.30474131619205,0,37000000,17.42642847
0.0,0.0,4500.0,8.411832676,4500.0,0.0,8611.111111,16.7407250003125,17.63082525563043,1,31000000,17.24949776
4.0,4.0,2722.5,7.909305855,680.625,1.0,15865.299925,17.52449479365033,17.48107115846154,1,35000000,17.37085862
4.0,5.0,1905.75,7.552630911,476.4375,1.25,17630.85399,17.52449479365033,17.30474131619205,0,36000000,17.3990295
3.0,3.0,999.0,6.906754779,333.0,1.0,22000.0,16.74009781756667,17.38481072169611,0,11500000,16.25785759
6.0,7.0,1905.75,7.552630911,317.625,1.166666667,14954.74223,17.52449479365033,17.2241481738,0,65000000,17.98989783
4.0,4.0,2502.0,7.824845691,625.5,1.0,27777.77778,16.74009781756667,17.38481072169611,0,35000000,17.37085862
4.0,5.0,1633.5,7.398480231,408.375,1.25,14386.287115,18.00816093799353,17.2241481738,0,24000000,16.99356439
3.5,5.0,200.0,5.298317367,57.14285714,1.428571429,10658.670032,15.6743339095,17.38481072169611,1,4300000,15.27412558
4.0,5.0,1361.25,7.216158674,340.3125,1.25,12488.52158,17.52449479365033,17.30474131619205,0,17000000,16.6487239
5.0,5.0,6534.0,8.784774592,1306.8,1.0,11753.90266,17.52449479365033,17.0930370689899,0,48500000,17.69707436
5.0,6.0,5445.0,8.602453035,1089.0,1.2,11478.42057,17.52449479365033,17.0930370689899,0,65000000,17.98989783
5.0,6.0,2722.5,7.909305855,544.5,1.2,13957.75941,17.52449479365033,17.0930370689899,0,40000000,17.50439001
4.0,6.0,2450.25,7.803945339,612.5625,1.5,16324.86481,17.52449479365033,17.63082525563043,0,40000000,17.50439001
3.0,4.0,1899.0,7.549082711,633.0,1.333333333,22000.0,18.00816093799353,17.38481072169611,0,22500000,16.92902587
0.0,0.0,5445.0,8.602453035,5445.0,0.0,4205.693297,16.7407250003125,17.48107115846154,1,20000000,16.81124283
5.0,6.0,5445.0,8.602453035,1089.0,1.2,12396.694215,18.00816093799353,17.48107115846154,0,75000000,18.13299867
5.0,6.0,5445.0,8.602453035,1089.0,1.2,21120.29385,17.52449479365033,17.63082525563043,0,115000000,18.56044269
3.0,3.0,999.0,6.906754779,333.0,1.0,11093.905055,16.74009781756667,17.38481072169611,0,13500000,16.41820024
5.0,6.0,1905.75,7.552630911,381.15,1.2,13957.75941,17.52449479365033,17.2241481738,0,33000000,17.31201812
2.0,2.5,5445.0,8.602453035,2722.5,1.25,15861.09024,18.95005811818182,17.48107115846154,1,230000000,19.25358987
0.0,0.0,5445.0,8.602453035,5445.0,0.0,15861.09024,16.7407250003125,17.48107115846154,1,62500000,17.95067711
1.0,1.0,680.625,6.523011494,680.625,1.0,13957.75941,16.74009781756667,17.2241481738,0,5000000,15.42494847
3.0,4.0,1361.25,7.216158674,453.75,1.333333333,12488.52158,17.52449479365033,17.30474131619205,0,17000000,16.6487239
0.0,0.0,1125.0,7.025538315,1125.0,0.0,22000.0,16.7407250003125,17.38481072169611,1,4500000,15.31958795
5.0,6.0,5445.0,8.602453035,1089.0,1.2,17447.19927,17.52449479365033,17.2241481738,0,85000000,18.25816181
5.0,5.0,2722.5,7.909305855,544.5,1.0,15861.09024,17.52449479365033,17.48107115846154,1,32000000,17.28124646
3.0,4.0,1361.25,7.216158674,453.75,1.333333333,9917.355372,17.52449479365033,17.0930370689899,0,13000000,16.38045992
3.0,3.0,1361.25,7.216158674,453.75,1.0,16639.11846,17.52449479365033,17.2241481738,0,23500000,16.97251098
5.0,5.0,1361.25,7.216158674,272.25,1.0,20202.0202,17.52449479365033,17.30474131619205,0,26500000,17.09265529
1.0,2.0,1089.0,6.993015123,1089.0,2.0,15861.09024,17.52449479365033,17.48107115846154,1,13000000,16.38045992
5.0,6.0,1361.25,7.216158674,272.25,1.2,14041.756535,17.03228004347826,17.0930370689899,0,17600000,16.68340946
2.0,2.0,84.0,4.430816799,42.0,1.0,22000.0,18.00816093799353,17.38481072169611,1,11400000,16.24912391
3.0,2.0,59895.0,11.00034831,19965.0,0.666666667,12488.52158,17.52449479365033,17.30474131619205,0,154000000,18.85246316
5.0,6.0,5445.0,8.602453035,1089.0,1.2,23875.11478,18.00816093799353,17.48107115846154,0,91900000,18.33621159
3.0,4.0,1361.25,7.216158674,453.75,1.333333333,20202.0202,17.52449479365033,17.30474131619205,0,29000000,17.18280639
5.0,5.0,1905.75,7.552630911,381.15,1.0,24050.02405,17.52449479365033,17.30474131619205,0,61000000,17.92638442
8.0,6.0,10890.0,9.295600216,1361.25,0.75,21120.29385,17.52449479365033,17.63082525563043,0,148000000,18.81272283
2.0,2.0,1361.25,7.216158674,680.625,1.0,14041.756535,16.74009781756667,17.0930370689899,0,12500000,16.3412392
6.0,6.0,2340.0,7.757906208,390.0,1.0,18425.925925,17.52449479365033,17.38481072169611,1,55000000,17.82284374
6.0,6.0,3375.9,8.124417234,562.65,1.0,14954.74223,17.52449479365033,17.2241481738,0,70000000,18.0640058
5.0,6.0,5445.0,8.602453035,1089.0,1.2,17171.71717,18.00816093799353,17.48107115846154,0,95000000,18.36938745
3.0,3.0,2722.5,7.909305855,907.5,1.0,16299.357205,17.52449479365033,17.2241481738,0,55000000,17.82284374
7.0,5.0,9000.0,9.104979856,1285.714286,0.714285714,61111.11111,18.00816093799353,17.38481072169611,0,300000000,19.51929303
0.0,0.0,1361.25,7.216158674,1361.25,0.0,19283.74656,16.7407250003125,17.63082525563043,1,13000000,16.38045992
3.0,4.0,1361.25,7.216158674,453.75,1.333333333,17630.85399,17.52449479365033,17.30474131619205,0,22000000,16.90655301
5.0,5.0,3600.0,8.188689124,720.0,1.0,22000.0,17.52449479365033,17.38481072169611,0,90000000,18.31532023
0.0,1.0,2115.0,7.656810091,2115.0,0.0,22000.0,17.30156670857143,17.38481072169611,1,16500000,16.61887094
3.0,3.0,1250.0,7.13089883,416.6666667,1.0,22000.0,16.74009781756667,17.38481072169611,1,16000000,16.58809928
3.0,4.0,816.75,6.70533305,272.25,1.333333333,14919.760375,17.52449479365033,17.30474131619205,0,13500000,16.41820024
3.0,3.0,544.5,6.299867942,181.5,1.0,14325.06887,17.52449479365033,17.30474131619205,0,8000000,15.8949521
4.0,4.0,1089.0,6.993015123,272.25,1.0,15610.651975,17.52449479365033,17.48107115846154,1,19000000,16.75994954
6.0,6.0,5445.0,8.602453035,907.5,1.0,17447.19927,18.00816093799353,17.30474131619205,0,59500000,17.90148687
3.0,4.0,1361.25,7.216158674,453.75,1.333333333,17630.85399,17.52449479365033,17.30474131619205,0,23500000,16.97251098
3.0,3.0,3375.9,8.124417234,1125.3,1.0,19283.74656,16.74009781756667,17.63082525563043,0,59000000,17.893048
4.0,4.0,720.0,6.579251212,180.0,1.0,22000.0,17.52449479365033,17.38481072169611,1,15000000,16.52356076
5.0,6.0,5445.0,8.602453035,1089.0,1.2,17171.71717,18.00816093799353,17.48107115846154,0,134000000,18.71335036
6.0,6.0,5445.0,8.602453035,907.5,1.0,25252.525255,17.52449479365033,17.63082525563043,0,150000000,18.82614585
3.0,4.0,1633.5,7.398480231,544.5,1.333333333,11325.37496,17.03228004347826,17.0930370689899,0,18500000,16.73328129
4.0,4.0,1361.25,7.216158674,340.3125,1.0,12511.47842,17.52449479365033,17.0930370689899,0,14000000,16.45456789
5.0,5.0,2250.0,7.718685495,450.0,1.0,13333.33333,17.30156670857143,17.38481072169611,0,30000000,17.21670794
5.0,6.0,5445.0,8.602453035,1089.0,1.2,17447.19927,17.52449479365033,17.2241481738,0,149000000,18.81945686
5.0,5.0,1361.25,7.216158674,272.25,1.0,17447.19927,17.52449479365033,17.30474131619205,0,22500000,16.92902587
3.0,4.0,1125.0,7.025538315,375.0,1.333333333,22000.0,17.03228004347826,17.38481072169611,1,16300000,16.60667567
4.0,5.0,1361.25,7.216158674,340.3125,1.25,19834.71074,17.52449479365033,17.48107115846154,1,27000000,17.11134742
3.0,3.0,1125.0,7.025538315,375.0,1.0,10599.4152,17.03228004347826,17.38481072169611,0,12500000,16.3412392
4.0,4.0,720.0,6.579251212,180.0,1.0,26388.88889,17.52449479365033,17.38481072169611,0,19000000,16.75994954
5.0,5.0,1361.25,7.216158674,272.25,1.0,20202.0202,17.52449479365033,17.30474131619205,0,29000000,17.18280639
7.0,7.0,6534.0,8.784774592,933.4285714,1.0,15999.58439,17.52449479365033,17.2241481738,0,110000000,18.51599092
2.0,2.0,735.075,6.599972535,367.5375,1.0,14954.74223,16.74009781756667,17.2241481738,0,13200000,16.39572739
8.0,5.0,5445.0,8.602453035,680.625,0.625,21854.91276,17.52449479365033,17.2241481738,0,80000000,18.19753719
0.0,0.0,5445.0,8.602453035,5445.0,0.0,15861.09024,16.89827182589474,17.48107115846154,1,23500000,16.97251098
6.0,6.0,2097.0,7.648263031,349.5,1.0,22000.0,17.52449479365033,17.38481072169611,0,77500000,18.16578849
5.0,6.0,5445.0,8.602453035,1089.0,1.2,15861.09024,17.52449479365033,17.48107115846154,0,82500000,18.22830885
5.0,6.0,2722.5,7.909305855,544.5,1.2,12511.47842,17.52449479365033,17.0930370689899,0,17000000,16.6487239
5.0,7.0,2722.5,7.909305855,544.5,1.4,15861.09024,17.52449479365033,17.48107115846154,1,60000000,17.90985512
9.0,6.0,5445.0,8.602453035,605.0,0.666666667,19283.74656,17.52449479365033,17.63082525563043,0,115000000,18.56044269
2.0,3.0,598.95,6.395178122,299.475,1.5,17447.19927,17.52449479365033,17.30474131619205,0,5000000,15.42494847
5.0,6.0,5445.0,8.602453035,1089.0,1.2,15861.09024,17.52449479365033,17.48107115846154,0,140000000,18.75715298
3.0,4.0,1361.25,7.216158674,453.75,1.333333333,16843.7623,17.52449479365033,17.30474131619205,0,25000000,17.03438638
5.0,5.0,2160.0,7.677863501,432.0,1.0,22000.0,17.52449479365033,17.38481072169611,0,52500000,17.77632373
0.0,0.0,1361.25,7.216158674,1361.25,0.0,9550.045914,16.7407250003125,17.63082525563043,1,13000000,16.38045992
5.0,4.0,1361.25,7.216158674,272.25,0.8,14041.756535,17.52449479365033,17.0930370689899,0,17800000,16.69470902
4.0,4.0,2722.5,7.909305855,680.625,1.0,17447.19927,17.52449479365033,17.30474131619205,0,47500000,17.67624027
3.0,4.0,1361.25,7.216158674,453.75,1.333333333,18732.78237,17.52449479365033,17.48107115846154,1,24000000,16.99356439
6.0,6.0,10890.0,9.295600216,1815.0,1.0,61111.11111,18.00816093799353,17.48107115846154,0,187500000,19.0492894
6.0,6.0,10890.0,9.295600216,1815.0,1.0,15861.09024,17.52449479365033,17.48107115846154,1,99000000,18.41063041
5.0,6.0,5445.0,8.602453035,1089.0,1.2,21120.29385,17.52449479365033,17.63082525563043,0,98000000,18.40047804
4.0,4.0,1361.25,7.216158674,340.3125,1.0,27915.51882,17.52449479365033,17.63082525563043,0,38000000,17.45309672
8.0,6.0,1905.75,7.552630911,238.21875,0.75,19283.74656,17.52449479365033,17.63082525563043,0,31000000,17.24949776
5.0,6.0,5445.0,8.602453035,1089.0,1.2,16528.92562,17.52449479365033,17.2241481738,0,149000000,18.81945686
0.0,0.0,1361.25,7.216158674,1361.25,0.0,15861.09024,16.7407250003125,17.48107115846154,1,10500000,16.16688582
3.0,2.0,1080.0,6.98471632,360.0,0.666666667,22000.0,18.00816093799353,17.38481072169611,1,62500000,17.95067711
0.0,0.0,720.0,6.579251212,720.0,0.0,22000.0,16.7407250003125,17.38481072169611,1,2950000,14.89731573
3.0,4.0,1361.25,7.216158674,453.75,1.333333333,15861.09024,17.52449479365033,17.48107115846154,0,29500000,17.19990082
6.0,6.0,5445.0,8.602453035,907.5,1.0,11478.42057,17.52449479365033,17.0930370689899,0,84000000,18.24632736
5.0,6.0,2722.5,7.909305855,544.5,1.2,16528.92562,17.52449479365033,17.2241481738,0,62500000,17.95067711
3.0,4.0,1872.0,7.534762657,624.0,1.333333333,13284.685915,16.74009781756667,17.38481072169611,0,25000000,17.03438638
6.0,6.0,5445.0,8.602453035,907.5,1.0,10101.0101,17.52449479365033,17.0930370689899,0,57000000,17.85856183
2.0,1.0,1089.0,6.993015123,544.5,0.5,31595.36928,17.52449479365033,17.63082525563043,0,33500000,17.327056
4.0,5.0,843.975,6.738122873,210.99375,1.25,17447.19927,17.30156670857143,17.30474131619205,0,11500000,16.25785759
11.0,7.0,4083.75,8.314770963,371.25,0.636363636,17447.19927,17.52449479365033,17.30474131619205,0,60000000,17.90985512
6.0,7.0,7078.5,8.8648173,1179.75,1.166666667,56509.14742,18.00816093799353,17.63082525563043,0,600000000,20.21244021
5.0,6.0,2722.5,7.909305855,544.5,1.2,19283.74656,17.52449479365033,17.63082525563043,0,46500000,17.65496287
3.0,4.0,1361.25,7.216158674,453.75,1.333333333,13957.75941,17.52449479365033,17.0930370689899,0,18500000,16.73328129
3.0,4.0,3267.0,8.091627412,1089.0,1.333333333,8866.090371,16.96544453,17.2241481738,0,9900000,16.10804532
5.0,6.0,5445.0,8.602453035,1089.0,1.2,21120.29385,17.52449479365033,17.63082525563043,0,118000000,18.58619518
0.0,1.0,230.0,5.438079309,230.0,0.0,15861.09024,17.52449479365033,17.48107115846154,1,3900000,15.17648711
10.0,5.0,27225.0,10.21189095,2722.5,0.5,51067.863385,17.52449479365033,17.63082525563043,0,1300000000,20.9856301
7.0,6.0,5445.0,8.602453035,777.8571429,0.857142857,18365.47291,17.52449479365033,17.2241481738,0,100000000,18.42068074
4.0,5.0,2722.5,7.909305855,680.625,1.25,17053.65342,17.52449479365033,17.48107115846154,0,52500000,17.77632373
6.0,6.0,2994.75,8.004616035,499.125,1.0,14041.756535,17.52449479365033,17.0930370689899,0,41000000,17.52908262
4.0,5.0,1905.75,7.552630911,476.4375,1.25,16222.834405,17.52449479365033,17.2241481738,0,23500000,16.97251098
4.0,5.0,2722.5,7.909305855,680.625,1.25,21854.91276,17.52449479365033,17.2241481738,0,45000000,17.62217305
3.0,4.0,952.875,6.85948373,317.625,1.333333333,20779.22078,17.52449479365033,17.30474131619205,0,19800000,16.8011925
1.0,1.0,1034.55,6.941721829,1034.55,1.0,8866.090371,17.30156670857143,17.2241481738,0,7500000,15.83041358
0.0,0.0,2178.0,7.686162303,2178.0,0.0,19283.74656,16.7407250003125,17.63082525563043,1,7000000,15.76142071
4.0,6.0,1905.75,7.552630911,476.4375,1.5,18103.10901,17.52449479365033,17.30474131619205,0,35000000,17.37085862
3.0,4.0,1361.25,7.216158674,453.75,1.333333333,12488.52158,18.00816093799353,17.30474131619205,0,18500000,16.73328129
4.0,4.0,1361.25,7.216158674,340.3125,1.0,14325.06887,17.52449479365033,17.30474131619205,0,16000000,16.58809928
4.0,4.0,1361.25,7.216158674,340.3125,1.0,13957.75941,17.52449479365033,17.0930370689899,0,18000000,16.70588232
5.0,5.0,1905.75,7.552630911,381.15,1.0,16791.28952,17.52449479365033,17.2241481738,0,27000000,17.11134742
5.0,5.0,1361.25,7.216158674,272.25,1.0,18181.81818,17.52449479365033,17.63082525563043,0,25000000,17.03438638
3.0,4.0,1361.25,7.216158674,453.75,1.333333333,19100.09183,17.52449479365033,17.48107115846154,0,26500000,17.09265529
2.0,3.0,1280.0,7.154615357,640.0,1.5,22000.0,16.74009781756667,17.38481072169611,1,21500000,16.88356349
3.0,4.0,1361.25,7.216158674,453.75,1.333333333,12331.10324,17.52449479365033,17.0930370689899,0,15500000,16.55635058
8.0,5.0,5445.0,8.602453035,680.625,0.625,9917.355372,17.52449479365033,17.2241481738,0,51500000,17.75709237
5.0,6.0,6534.0,8.784774592,1306.8,1.2,20202.0202,17.52449479365033,17.2241481738,0,79000000,18.18495841
5.0,5.0,816.75,6.70533305,163.35,1.0,15916.74319,17.52449479365033,17.30474131619205,0,13500000,16.41820024
5.0,6.0,5445.0,8.602453035,1089.0,1.2,15861.09024,17.52449479365033,17.48107115846154,0,99000000,18.41063041
5.0,7.0,5445.0,8.602453035,1089.0,1.4,42381.86056,17.30156670857143,17.63082525563043,0,300000000,19.51929303
5.0,6.0,1905.75,7.552630911,381.15,1.2,17814.508725,17.52449479365033,17.2241481738,0,35000000,17.37085862
6.0,7.0,8167.5,9.007918143,1361.25,1.166666667,17447.19927,17.52449479365033,17.30474131619205,0,200000000,19.11382792
5.0,6.0,3267.0,8.091627412,653.4,1.2,13957.75941,17.52449479365033,17.2241481738,0,38000000,17.45309672
5.0,6.0,1960.2,7.580801788,392.04,1.2,14488.31752,17.52449479365033,17.0930370689899,0,28400000,17.1618997
3.0,4.0,1497.375,7.311468854,499.125,1.333333333,20202.0202,17.52449479365033,17.2241481738,0,25000000,17.03438638
4.0,5.0,1361.25,7.216158674,340.3125,1.25,9403.12213,17.52449479365033,17.0930370689899,0,11500000,16.25785759
4.0,5.0,1905.75,7.552630911,476.4375,1.25,20202.0202,17.52449479365033,17.30474131619205,0,38000000,17.45309672
5.0,6.0,5445.0,8.602453035,1089.0,1.2,15861.09024,17.52449479365033,17.48107115846154,0,120000000,18.6030023
4.0,6.0,1905.75,7.552630911,476.4375,1.5,19283.74656,17.52449479365033,17.63082525563043,1,69000000,18.04961706
9.0,6.0,3600.0,8.188689124,400.0,0.666666667,22000.0,17.52449479365033,17.38481072169611,0,92500000,18.3427192
4.0,5.0,2178.0,7.686162303,544.5,1.25,19283.74656,17.52449479365033,17.63082525563043,0,48000000,17.68671157
5.0,6.0,2722.5,7.909305855,544.5,1.2,15861.09024,17.52449479365033,17.48107115846154,0,52500000,17.77632373
2.0,2.0,2178.0,7.686162303,1089.0,1.0,15861.09024,17.52449479365033,17.48107115846154,1,21500000,16.88356349
1.0,1.0,707.85,6.562232207,707.85,1.0,9478.95376,16.74009781756667,17.2241481738,0,7800000,15.86963429
10.0,6.0,27225.0,10.21189095,2722.5,0.6,11478.42057,17.52449479365033,17.63082525563043,0,300000000,19.51929303
5.0,6.0,2722.5,7.909305855,544.5,1.2,18732.78237,17.52449479365033,17.48107115846154,1,52000000,17.76675428
5.0,6.0,5445.0,8.602453035,1089.0,1.2,17171.71717,18.00816093799353,17.48107115846154,0,87500000,18.28714935
5.0,3.0,720.0,6.579251212,144.0,0.6,22000.0,18.00816093799353,17.38481072169611,0,10500000,16.16688582
6.0,5.0,720.0,6.579251212,120.0,0.833333333,22000.0,17.52449479365033,17.38481072169611,1,12500000,16.3412392
6.0,6.0,5445.0,8.602453035,907.5,1.0,13314.96786,17.52449479365033,17.0930370689899,0,41000000,17.52908262
3.0,5.0,2601.0,7.863651265,867.0,1.666666667,22000.0,16.74009781756667,17.38481072169611,0,132600000,18.70284764
2.0,2.0,450.0,6.109247583,225.0,1.0,24334.251605,16.74009781756667,17.38481072169611,0,7500000,15.83041358
5.0,5.0,1089.0,6.993015123,217.8,1.0,15916.74319,17.52449479365033,17.30474131619205,0,16000000,16.58809928
4.0,5.0,2160.0,7.677863501,540.0,1.25,22000.0,18.00816093799353,17.38481072169611,1,5000000,15.42494847
5.0,5.0,5400.0,8.594154233,1080.0,1.0,22000.0,17.52449479365033,17.38481072169611,1,120000000,18.6030023
0.0,1.0,3200.0,8.070906089,3200.0,0.0,19283.74656,17.52449479365033,17.63082525563043,1,35000000,17.37085862
0.0,0.0,1361.25,7.216158674,1361.25,0.0,8301.1937555,16.89827182589474,17.48107115846154,1,11200000,16.23142434
5.0,6.0,1361.25,7.216158674,272.25,1.2,19467.40129,18.00816093799353,17.48107115846154,0,26500000,17.09265529
3.0,3.0,1800.0,7.495541944,600.0,1.0,11666.66667,17.03228004347826,17.38481072169611,0,22000000,16.90655301
5.0,5.0,10890.0,9.295600216,2178.0,1.0,9659.4516605,17.52449479365033,17.63082525563043,1,295000000,19.50248591
4.0,5.0,2988.0,8.002359546,747.0,1.25,22000.0,16.74009781756667,17.38481072169611,0,110000000,18.51599092
10.0,7.0,8712.0,9.072456665,871.2,0.7,23875.11478,17.52449479365033,17.30474131619205,0,200000000,19.11382792
4.0,5.0,2722.5,7.909305855,680.625,1.25,17447.19927,17.52449479365033,17.30474131619205,0,48000000,17.68671157
4.0,5.0,1361.25,7.216158674,340.3125,1.25,15861.09024,18.00816093799353,17.48107115846154,1,12500000,16.3412392
1.0,1.0,598.95,6.395178122,598.95,1.0,8754.904416,16.74009781756667,17.2241481738,0,5400000,15.50190951
5.0,6.0,2722.5,7.909305855,544.5,1.2,15861.09024,17.52449479365033,17.48107115846154,1,45900000,17.64197568
3.0,4.0,1361.25,7.216158674,453.75,1.333333333,11753.90266,17.52449479365033,17.0930370689899,0,20000000,16.81124283
6.0,7.0,5445.0,8.602453035,907.5,1.166666667,21120.29385,17.52449479365033,17.63082525563043,0,116500000,18.57340183
5.0,6.0,5445.0,8.602453035,1089.0,1.2,17447.19927,17.52449479365033,17.48107115846154,0,95000000,18.36938745
4.0,6.0,1361.25,7.216158674,340.3125,1.5,20385.67493,17.52449479365033,17.63082525563043,0,27000000,17.11134742
3.0,4.0,5445.0,8.602453035,1815.0,1.333333333,21854.91276,17.52449479365033,17.2241481738,0,60000000,17.90985512
7.0,7.0,5445.0,8.602453035,777.8571429,1.0,15861.09024,17.52449479365033,17.48107115846154,0,150000000,18.82614585
4.0,5.0,1361.25,7.216158674,340.3125,1.25,15426.99725,17.52449479365033,17.30474131619205,0,21000000,16.860033
5.0,6.0,1633.5,7.398480231,326.7,1.2,13468.01347,17.52449479365033,17.48107115846154,1,18500000,16.73328129
5.0,6.0,2178.0,7.686162303,435.6,1.2,19283.74656,17.52449479365033,17.63082525563043,0,37000000,17.42642847
6.0,7.0,9000.0,9.104979856,1500.0,1.166666667,22000.0,18.00816093799353,17.38481072169611,1,400000000,19.80697511
6.0,6.0,6534.0,8.784774592,1089.0,1.0,14954.74223,17.52449479365033,17.2241481738,0,73000000,18.10597
4.0,5.0,1905.75,7.552630911,476.4375,1.25,20202.0202,17.52449479365033,17.30474131619205,0,36000000,17.3990295
6.0,7.0,5445.0,8.602453035,907.5,1.166666667,24334.251605,17.52449479365033,17.48107115846154,0,170000000,18.951309
5.0,6.0,6534.0,8.784774592,1306.8,1.2,61111.11111,17.52449479365033,17.48107115846154,0,125000000,18.6438243
5.0,6.0,5445.0,8.602453035,1089.0,1.2,7162.534435,17.52449479365033,17.0930370689899,0,37000000,17.42642847
5.0,5.0,2178.0,7.686162303,435.6,1.0,13957.75941,17.52449479365033,17.2241481738,0,28300000,17.15837236
0.0,0.0,10890.0,9.295600216,10890.0,0.0,7070.707071,16.89827182589474,17.48107115846154,1,79000000,18.18495841
0.0,0.0,5445.0,8.602453035,5445.0,0.0,9458.2185485,16.89827182589474,17.48107115846154,1,44000000,17.59970019
2.0,2.0,1687.95,7.431270054,843.975,1.0,14954.74223,17.30156670857143,17.2241481738,0,30000000,17.21670794
6.0,6.0,4500.0,8.411832676,750.0,1.0,24334.251605,18.00816093799353,17.38481072169611,0,165000000,18.92145603
5.0,6.0,5445.0,8.602453035,1089.0,1.2,13957.75941,17.52449479365033,17.0930370689899,0,77500000,18.16578849
4.0,5.0,1800.0,7.495541944,450.0,1.25,22000.0,18.00816093799353,17.38481072169611,1,310000000,19.55208286
3.0,3.0,1800.0,7.495541944,600.0,1.0,22000.0,18.00816093799353,17.38481072169611,1,23500000,16.97251098
6.0,6.0,2041.875,7.621623782,340.3125,1.0,17447.19927,17.52449479365033,17.30474131619205,0,50000000,17.72753356
1.0,2.0,980.1,6.887654607,980.1,2.0,12855.83104,17.30156670857143,17.2241481738,0,12100000,16.30871601
5.0,6.0,5445.0,8.602453035,1089.0,1.2,21120.29385,17.52449479365033,17.63082525563043,0,135000000,18.72078534
1.0,2.0,1089.0,6.993015123,1089.0,2.0,13836.1502,17.30156670857143,17.2241481738,0,15000000,16.52356076
5.0,5.0,1633.5,7.398480231,326.7,1.0,15861.09024,17.52449479365033,17.48107115846154,0,23500000,16.97251098
8.0,6.0,5400.0,8.594154233,675.0,0.75,22000.0,16.74009781756667,17.38481072169611,0,170000000,18.951309
6.0,6.0,5445.0,8.602453035,907.5,1.0,21120.29385,17.52449479365033,17.63082525563043,0,77500000,18.16578849
5.0,6.0,2722.5,7.909305855,544.5,1.2,15861.09024,17.52449479365033,17.48107115846154,0,39500000,17.49181123
0.0,0.0,5445.0,8.602453035,5445.0,0.0,15861.09024,16.89827182589474,17.48107115846154,1,40000000,17.50439001
3.0,4.0,16335.0,9.701065324,5445.0,1.333333333,15861.09024,17.21200745916667,17.48107115846154,0,52500000,17.77632373
0.0,0.0,1361.25,7.216158674,1361.25,0.0,19283.74656,16.89827182589474,17.63082525563043,1,2800000,14.84512998
4.0,5.0,1905.75,7.552630911,476.4375,1.25,12511.47842,17.52449479365033,17.0930370689899,0,22500000,16.92902587
4.0,4.0,1361.25,7.216158674,340.3125,1.0,14954.74223,17.52449479365033,17.2241481738,0,27000000,17.11134742
5.0,6.0,5445.0,8.602453035,1089.0,1.2,17447.19927,18.00816093799353,17.48107115846154,0,62500000,17.95067711
6.0,6.0,1080.0,6.98471632,180.0,1.0,22000.0,18.00816093799353,17.38481072169611,1,75000000,18.13299867
5.0,6.0,5445.0,8.602453035,1089.0,1.2,21120.29385,17.52449479365033,17.63082525563043,0,116000000,18.56910075
3.0,4.0,1361.25,7.216158674,453.75,1.333333333,12488.52158,18.00816093799353,17.30474131619205,0,16500000,16.61887094
2.0,3.0,720.0,6.579251212,360.0,1.5,22000.0,18.95005811818182,17.38481072169611,1,25000000,17.03438638
5.0,5.0,2722.5,7.909305855,544.5,1.0,23875.11478,17.52449479365033,17.30474131619205,0,62000000,17.94264494
2.0,2.0,1089.0,6.993015123,544.5,1.0,9478.95376,17.30156670857143,17.2241481738,0,7000000,15.76142071
5.0,5.0,5445.0,8.602453035,1089.0,1.0,24334.251605,17.52449479365033,17.48107115846154,0,92000000,18.33729914
4.0,4.0,1854.0,7.525100746,463.5,1.0,32362.45955,17.30156670857143,17.38481072169611,0,60000000,17.90985512
5.0,6.0,5445.0,8.602453035,1089.0,1.2,7162.534435,17.52449479365033,17.0930370689899,0,40000000,17.50439001
1.0,2.0,1197.9,7.088325303,1197.9,2.0,12855.83104,17.30156670857143,17.2241481738,0,18000000,16.70588232
3.0,4.0,1361.25,7.216158674,453.75,1.333333333,16843.7623,17.52449479365033,17.30474131619205,0,21000000,16.860033
3.0,3.0,1361.25,7.216158674,453.75,1.0,13590.44995,17.52449479365033,17.48107115846154,1,24000000,16.99356439
6.0,6.0,5445.0,8.602453035,907.5,1.0,19283.74656,17.52449479365033,17.63082525563043,0,148500000,18.81609552
6.0,7.0,5445.0,8.602453035,907.5,1.166666667,19283.74656,17.52449479365033,17.63082525563043,0,112500000,18.53846378
4.0,3.0,10890.0,9.295600216,2722.5,0.75,17447.19927,17.52449479365033,17.30474131619205,0,150000000,18.82614585
6.0,6.0,9000.0,9.104979856,1500.0,1.0,24334.251605,18.00816093799353,17.38481072169611,0,280000000,19.45030016
4.0,2.0,544.5,6.299867942,136.125,0.5,15861.09024,17.52449479365033,17.48107115846154,1,5500000,15.52025865
4.0,5.0,1633.5,7.398480231,408.375,1.25,14845.423935,17.52449479365033,17.0930370689899,0,26000000,17.0736071
3.0,3.0,2150.0,7.673223121,716.6666667,1.0,31595.36928,16.74009781756667,17.63082525563043,1,45000000,17.62217305
3.0,4.0,1089.0,6.993015123,363.0,1.333333333,12331.10324,17.52449479365033,17.0930370689899,0,13500000,16.41820024
5.0,6.0,2994.75,8.004616035,598.95,1.2,14041.756535,17.52449479365033,17.0930370689899,0,40000000,17.50439001
4.0,5.0,2722.5,7.909305855,680.625,1.25,19467.401285,17.30156670857143,17.63082525563043,0,55000000,17.82284374
1.0,2.0,1442.925,7.274427582,1442.925,2.0,15861.09024,16.74009781756667,17.48107115846154,0,39000000,17.4790722
2.0,2.0,18000.0,9.798127037,9000.0,1.0,17060.55773,16.74009781756667,17.63082525563043,1,240000000,19.29614948
5.0,6.0,5445.0,8.602453035,1089.0,1.2,21120.29385,17.52449479365033,17.63082525563043,0,109000000,18.50685844
3.0,4.0,2450.25,7.803945339,816.75,1.333333333,42381.86056,17.30156670857143,17.63082525563043,0,90000000,18.31532023
5.0,6.0,2722.5,7.909305855,544.5,1.2,18732.78237,17.52449479365033,17.48107115846154,1,52000000,17.76675428
3.0,4.0,1647.0,7.40671073,549.0,1.333333333,22000.0,16.74009781756667,17.38481072169611,0,22500000,16.92902587
4.0,4.0,1800.0,7.495541944,450.0,1.0,19960.07984,16.74009781756667,17.38481072169611,0,62500000,17.95067711
3.0,4.0,1361.25,7.216158674,453.75,1.333333333,19467.40129,17.52449479365033,17.48107115846154,0,31000000,17.24949776
6.0,6.0,3600.0,8.188689124,600.0,1.0,104166.66666,18.00816093799353,17.38481072169611,1,400000000,19.80697511
5.0,5.0,6534.0,8.784774592,1306.8,1.0,17447.19927,18.00816093799353,17.30474131619205,0,185000000,19.03586638
5.0,6.0,5445.0,8.602453035,1089.0,1.2,21120.29385,17.52449479365033,17.63082525563043,0,75000000,18.13299867
5.0,6.0,2722.5,7.909305855,544.5,1.2,12511.47842,17.52449479365033,17.0930370689899,0,35000000,17.37085862
0.0,0.0,1361.25,7.216158674,1361.25,0.0,15861.09024,16.7407250003125,17.48107115846154,1,4800000,15.38412648
5.0,6.0,2994.75,8.004616035,598.95,1.2,17630.85399,17.52449479365033,17.30474131619205,0,60000000,17.90985512
4.0,5.0,9000.0,9.104979856,2250.0,1.25,22000.0,18.00816093799353,17.38481072169611,1,1500000,14.22097567
4.0,6.0,5445.0,8.602453035,1361.25,1.5,10101.0101,17.03228004347826,17.0930370689899,0,55000000,17.82284374
4.0,5.0,9000.0,9.104979856,2250.0,1.25,23875.11478,17.52449479365033,17.38481072169611,0,155000000,18.85893567
5.0,5.0,1905.75,7.552630911,381.15,1.0,12593.46714,18.00816093799353,17.2241481738,0,25000000,17.03438638
4.0,4.0,2722.5,7.909305855,680.625,1.0,15861.09024,17.52449479365033,17.48107115846154,0,59000000,17.893048
2.0,2.5,1400.0,7.244227516,700.0,1.25,15861.09024,18.95005811818182,17.48107115846154,1,499000000,20.02811665
4.0,5.0,3267.0,8.091627412,816.75,1.25,11325.37496,17.52449479365033,17.0930370689899,0,40000000,17.50439001
2.0,2.0,1152.0,7.049254841,576.0,1.0,15873.01587,16.74009781756667,17.38481072169611,0,18000000,16.70588232
5.0,6.0,2722.5,7.909305855,544.5,1.2,16299.357205,17.30156670857143,17.2241481738,0,65000000,17.98989783
4.0,5.0,2178.0,7.686162303,544.5,1.25,24050.02405,17.52449479365033,17.30474131619205,0,38000000,17.45309672
6.0,7.0,2700.0,7.901007052,450.0,1.166666667,22000.0,17.03228004347826,17.38481072169611,1,35000000,17.37085862
5.0,6.0,5445.0,8.602453035,1089.0,1.2,12396.694215,18.00816093799353,17.48107115846154,0,65000000,17.98989783
5.0,6.0,2722.5,7.909305855,544.5,1.2,11386.5932,17.52449479365033,17.0930370689899,0,35000000,17.37085862
3.0,4.0,1361.25,7.216158674,453.75,1.333333333,19467.40129,18.00816093799353,17.48107115846154,0,19300000,16.77561565
5.0,7.0,5445.0,8.602453035,1089.0,1.4,21120.29385,17.52449479365033,17.63082525563043,0,117500000,18.58194889
4.0,4.0,1905.75,7.552630911,476.4375,1.0,19283.74656,17.30156670857143,17.63082525563043,0,85000000,18.25816181
5.0,5.0,2994.75,8.004616035,598.95,1.0,24050.02405,17.52449479365033,17.30474131619205,0,85000000,18.25816181
3.0,4.0,1361.25,7.216158674,453.75,1.333333333,20202.0202,17.52449479365033,17.2241481738,0,23500000,16.97251098
3.5,5.0,94.0,4.543294782,26.85714286,1.428571429,7978.723404,15.6743339095,17.48107115846154,1,750000,13.52782849
4.0,5.0,1998.0,7.599901959,499.5,1.25,22000.0,16.74009781756667,17.38481072169611,0,37000000,17.42642847
0.0,0.0,2722.5,7.909305855,2722.5,0.0,19283.74656,16.7407250003125,17.63082525563043,1,11400000,16.24912391
2.0,2.0,1987.425,7.59459511,993.7125,1.0,14843.32742,16.74009781756667,17.63082525563043,0,29500000,17.19990082
5.0,6.0,5445.0,8.602453035,1089.0,1.2,21120.29385,17.52449479365033,17.63082525563043,0,150000000,18.82614585
2.0,2.0,850.0,6.745236349,425.0,1.0,10468.3195575,16.74009781756667,17.63082525563043,1,5500000,15.52025865
0.0,0.0,9000.0,9.104979856,9000.0,0.0,22000.0,16.7407250003125,17.38481072169611,1,207500000,19.1506419
5.0,6.0,5445.0,8.602453035,1089.0,1.2,15861.09024,17.52449479365033,17.48107115846154,0,52500000,17.77632373
3.0,3.0,1548.0,7.344719054,516.0,1.0,22000.0,18.00816093799353,17.38481072169611,0,9900000,16.10804532
3.0,4.0,1361.25,7.216158674,453.75,1.333333333,9917.355372,17.52449479365033,17.0930370689899,0,14000000,16.45456789
4.0,5.0,1905.75,7.552630911,476.4375,1.25,14919.760375,17.52449479365033,17.30474131619205,0,27000000,17.11134742
5.0,6.0,5445.0,8.602453035,1089.0,1.2,24334.251605,18.00816093799353,17.48107115846154,0,89500000,18.30974918
3.0,4.0,1361.25,7.216158674,453.75,1.333333333,15861.09024,18.00816093799353,17.48107115846154,0,21500000,16.88356349
2.0,2.0,909.0,6.812345094,454.5,1.0,11354.42011,18.00816093799353,17.38481072169611,0,9500000,16.06680236
6.0,6.0,5445.0,8.602453035,907.5,1.0,24334.251605,17.52449479365033,17.48107115846154,0,160000000,18.89068437
0.0,0.0,3267.0,8.091627412,3267.0,0.0,15861.09024,16.7407250003125,17.48107115846154,1,4700000,15.36307307
6.0,6.0,5445.0,8.602453035,907.5,1.0,21120.29385,17.52449479365033,17.63082525563043,0,82500000,18.22830885
6.0,7.0,4500.0,8.411832676,750.0,1.166666667,22000.0,17.03228004347826,17.38481072169611,1,65000000,17.98989783
6.0,6.0,5400.0,8.594154233,900.0,1.0,104166.66666,18.00816093799353,17.38481072169611,1,600000000,20.21244021
6.0,6.0,3267.0,8.091627412,544.5,1.0,16988.06244,18.00816093799353,17.63082525563043,1,55500000,17.83189358
3.0,4.0,5445.0,8.602453035,1815.0,1.333333333,21120.29385,17.52449479365033,17.63082525563043,0,149000000,18.81945686
5.0,5.0,2722.5,7.909305855,544.5,1.0,12511.47842,17.544675218,17.0930370689899,0,35000000,17.37085862
2.0,3.0,778.0,6.656726524,389.0,1.5,15610.651975,17.52449479365033,17.48107115846154,1,11000000,16.21340583
0.0,0.0,2250.0,7.718685495,2250.0,0.0,8611.111111,16.7407250003125,17.63082525563043,1,25000000,17.03438638
2.0,2.0,1256.0,7.135687347,628.0,1.0,11354.42011,18.00816093799353,17.38481072169611,1,17500000,16.67771144
5.0,5.0,2722.5,7.909305855,544.5,1.0,19283.74656,17.52449479365033,17.63082525563043,0,53000000,17.78580247
4.0,4.0,3267.0,8.091627412,816.75,1.0,12473.21702,16.74009781756667,17.48107115846154,0,40000000,17.50439001
2.0,2.0,1225.125,7.110798159,612.5625,1.0,19283.74656,16.74009781756667,17.63082525563043,0,19500000,16.78592502
6.0,6.0,5445.0,8.602453035,907.5,1.0,21120.29385,17.52449479365033,17.63082525563043,0,137500000,18.73913448
4.0,5.0,900.0,6.802394763,225.0,1.25,59444.444445,18.00816093799353,17.38481072169611,1,85000000,18.25816181
4.0,5.0,720.0,6.579251212,180.0,1.25,26388.88889,17.52449479365033,17.38481072169611,0,19500000,16.78592502
4.0,6.0,1361.25,7.216158674,340.3125,1.5,15861.09024,17.52449479365033,17.48107115846154,1,17500000,16.67771144
3.0,3.0,1251.0,7.13169851,417.0,1.0,22000.0,17.30156670857143,17.38481072169611,0,25000000,17.03438638
1.0,2.0,1034.55,6.941721829,1034.55,2.0,12855.83104,17.30156670857143,17.2241481738,0,12200000,16.31694651
0.0,0.0,4500.0,8.411832676,4500.0,0.0,8611.111111,16.7407250003125,17.63082525563043,1,42000000,17.55318018
2.0,1.0,353.925,5.869085026,176.9625,0.5,12511.47842,16.74009781756667,17.0930370689899,0,3948000,15.18871968
3.0,3.0,816.75,6.70533305,272.25,1.0,14954.74223,17.52449479365033,17.2241481738,0,13500000,16.41820024
3.0,4.0,680.625,6.523011494,226.875,1.333333333,14325.06887,17.52449479365033,17.30474131619205,0,9500000,16.06680236
3.0,4.0,1361.25,7.216158674,453.75,1.333333333,20202.0202,17.52449479365033,17.30474131619205,0,26500000,17.09265529
6.0,6.0,2340.0,7.757906208,390.0,1.0,22000.0,17.52449479365033,17.38481072169611,0,60000000,17.90985512
5.0,5.0,4356.0,8.379309484,871.2,1.0,18365.47291,17.52449479365033,17.30474131619205,0,70000000,18.0640058
0.0,0.0,10800.0,9.287301413,10800.0,0.0,22000.0,16.89827182589474,17.38481072169611,1,110000000,18.51599092
3.0,4.0,1361.25,7.216158674,453.75,1.333333333,16639.11846,17.52449479365033,17.2241481738,0,25500000,17.05418901
4.0,5.0,2100.0,7.649692624,525.0,1.25,19283.74656,18.00816093799353,17.63082525563043,1,260000000,19.37619219
4.0,4.0,1633.5,7.398480231,408.375,1.0,14954.74223,17.52449479365033,17.2241481738,0,26700000,17.10017412
2.0,2.0,1809.0,7.500529485,904.5,1.0,31481.48148,16.74009781756667,17.38481072169611,0,55000000,17.82284374
5.0,6.0,5445.0,8.602453035,1089.0,1.2,17447.19927,18.00816093799353,17.48107115846154,0,65000000,17.98989783
5.0,6.0,5445.0,8.602453035,1089.0,1.2,21120.29385,17.52449479365033,17.63082525563043,0,108000000,18.49764179
4.0,4.0,1197.0,7.087573706,299.25,1.0,55555.55556,18.00816093799353,17.38481072169611,1,70000000,18.0640058
5.0,6.0,5445.0,8.602453035,1089.0,1.2,24334.251605,18.00816093799353,17.48107115846154,0,89900000,18.3142085
5.0,5.0,1361.25,7.216158674,272.25,1.0,20202.0202,17.52449479365033,17.30474131619205,0,26000000,17.0736071
5.0,6.0,5445.0,8.602453035,1089.0,1.2,15861.09024,17.52449479365033,17.48107115846154,0,65000000,17.98989783
2.0,2.0,1034.55,6.941721829,517.275,1.0,13957.75941,16.74009781756667,17.2241481738,0,6500000,15.68731273
5.0,6.0,4500.0,8.411832676,900.0,1.2,61111.11111,18.00816093799353,17.38481072169611,0,240000000,19.29614948
6.0,6.0,7200.0,8.881836305,1200.0,1.0,111111.1111,18.00816093799353,17.38481072169611,1,900000000,20.61790532
3.0,3.0,816.75,6.70533305,272.25,1.0,13468.01347,17.52449479365033,17.48107115846154,0,11000000,16.21340583
2.0,3.0,1080.0,6.98471632,540.0,1.5,10277.77778,17.30156670857143,17.38481072169611,1,9000000,16.01273514
5.0,6.0,5445.0,8.602453035,1089.0,1.2,12396.694215,18.00816093799353,17.48107115846154,0,77500000,18.16578849
6.0,7.0,10890.0,9.295600216,1815.0,1.166666667,24334.251605,18.00816093799353,17.48107115846154,0,205000000,19.13852054
4.0,5.0,1386.0,7.23417718,346.5,1.25,22000.0,17.03228004347826,17.38481072169611,1,25400000,17.05025973
0.0,0.0,1361.25,7.216158674,1361.25,0.0,2984.389348,16.89827182589474,17.63082525563043,1,1200000,13.99783211
4.0,4.0,1361.25,7.216158674,340.3125,1.0,14954.74223,17.52449479365033,17.2241481738,0,20000000,16.81124283
2.0,2.0,700.0,6.551080335,350.0,1.0,31595.36928,16.74009781756667,17.63082525563043,1,22700000,16.93787548
5.0,6.0,4500.0,8.411832676,900.0,1.2,22000.0,17.30156670857143,17.38481072169611,1,150000000,18.82614585
5.0,6.0,5445.0,8.602453035,1089.0,1.2,13957.75941,17.52449479365033,17.0930370689899,0,77500000,18.16578849
4.0,4.0,1361.25,7.216158674,340.3125,1.0,15861.09024,17.52449479365033,17.48107115846154,0,27000000,17.11134742
6.0,7.0,12523.5,9.435362158,2087.25,1.166666667,17447.19927,17.52449479365033,17.30474131619205,0,300000000,19.51929303
6.0,5.0,1905.75,7.552630911,317.625,0.833333333,14954.74223,17.52449479365033,17.2241481738,0,25500000,17.05418901
3.0,5.0,1361.25,7.216158674,453.75,1.666666667,14325.06887,17.52449479365033,17.0930370689899,0,20000000,16.81124283
3.0,3.0,2700.0,7.901007052,900.0,1.0,22000.0,17.060113025,17.38481072169611,1,28000000,17.14771507
0.0,0.0,1633.5,7.398480231,1633.5,0.0,19283.74656,18.23946870666667,17.63082525563043,1,30000000,17.21670794
5.0,5.0,1361.25,7.216158674,272.25,1.0,17936.94521,17.52449479365033,17.30474131619205,0,23000000,16.95100477
6.0,6.0,5445.0,8.602453035,907.5,1.0,12511.47842,17.52449479365033,17.0930370689899,0,28000000,17.14771507
2.0,3.0,900.0,6.802394763,450.0,1.5,22000.0,17.52449479365033,17.38481072169611,0,10000000,16.11809565
1.0,1.0,350.0,5.857933154,350.0,1.0,22000.0,16.74009781756667,17.38481072169611,1,4000000,15.20180492
5.0,6.0,9000.0,9.104979856,1800.0,1.2,150.0,17.21200745916667,17.38481072169611,1,1200000,13.99783211
4.0,4.0,2722.5,7.909305855,680.625,1.0,17447.19927,17.52449479365033,17.30474131619205,0,24500000,17.01418368
6.0,6.0,1080.0,6.98471632,180.0,1.0,22000.0,18.00816093799353,17.38481072169611,0,41500000,17.54120399
0.0,0.0,1361.25,7.216158674,1361.25,0.0,19283.74656,16.7407250003125,17.63082525563043,1,6500000,15.68731273
3.0,3.0,1361.25,7.216158674,453.75,1.0,19283.74656,17.52449479365033,17.63082525563043,0,25000000,17.03438638
4.0,5.0,1361.25,7.216158674,340.3125,1.25,14041.756535,17.52449479365033,17.0930370689899,0,22000000,16.90655301
1.0,2.0,980.1,6.887654607,980.1,2.0,14954.74223,16.74009781756667,17.2241481738,0,11500000,16.25785759
6.0,6.0,5445.0,8.602453035,907.5,1.0,12511.47842,17.30156670857143,17.0930370689899,0,30000000,17.21670794
6.0,7.0,5445.0,8.602453035,907.5,1.166666667,15861.09024,17.52449479365033,17.48107115846154,0,80000000,18.19753719
5.0,6.0,2722.5,7.909305855,544.5,1.2,19926.53811,17.52449479365033,17.63082525563043,0,51000000,17.74733619
4.0,5.0,1905.75,7.552630911,476.4375,1.25,17447.19927,17.52449479365033,17.30474131619205,0,27500000,17.12969656
1.0,1.0,680.625,6.523011494,680.625,1.0,19283.74656,16.74009781756667,17.63082525563043,0,12500000,16.3412392
6.0,6.0,3811.5,8.245778091,635.25,1.0,32795.48734,17.52449479365033,17.63082525563043,1,125000000,18.6438243
3.0,4.0,1361.25,7.216158674,453.75,1.333333333,17447.19927,17.52449479365033,17.30474131619205,0,24500000,17.01418368
3.0,4.0,1361.25,7.216158674,453.75,1.333333333,13957.75941,17.52449479365033,17.0930370689899,0,19500000,16.78592502
0.0,0.0,816.75,6.70533305,816.75,0.0,15861.09024,16.89827182589474,17.48107115846154,1,5800000,15.57336848
0.0,0.0,1080.0,6.98471632,1080.0,0.0,6148.148148,16.7407250003125,17.38481072169611,1,6800000,15.73243317
4.0,4.0,1080.0,6.98471632,270.0,1.0,26388.88889,17.52449479365033,17.38481072169611,1,28500000,17.16541465
3.0,4.0,1361.25,7.216158674,453.75,1.333333333,16639.11846,17.52449479365033,17.2241481738,0,23500000,16.97251098
6.0,6.0,2722.5,7.909305855,453.75,1.0,15861.09024,17.52449479365033,17.48107115846154,0,41500000,17.54120399
5.0,6.0,5445.0,8.602453035,1089.0,1.2,17171.71717,18.00816093799353,17.48107115846154,0,99000000,18.41063041
4.0,4.0,1361.25,7.216158674,340.3125,1.0,14041.756535,17.52449479365033,17.0930370689899,0,18000000,16.70588232
5.0,5.0,2178.0,7.686162303,435.6,1.0,19467.401285,17.52449479365033,17.63082525563043,0,38500000,17.4661688
3.0,3.0,1800.0,7.495541944,600.0,1.0,22000.0,16.74009781756667,17.38481072169611,0,47500000,17.67624027
5.0,6.0,4500.0,8.411832676,900.0,1.2,24334.251605,17.30156670857143,17.38481072169611,0,165000000,18.92145603
4.0,5.0,1960.2,7.580801788,490.05,1.25,11753.90266,17.52449479365033,17.0930370689899,0,22500000,16.92902587
6.0,6.0,5445.0,8.602453035,907.5,1.0,13314.96786,18.00816093799353,17.0930370689899,0,30000000,17.21670794
5.0,6.0,1361.25,7.216158674,272.25,1.2,16791.28952,17.52449479365033,17.0930370689899,0,21500000,16.88356349
3.0,3.0,1503.0,7.31521839,501.0,1.0,28276.77977,17.30156670857143,17.38481072169611,0,42500000,17.56501463
4.0,4.0,1361.25,7.216158674,340.3125,1.0,10407.10132,17.52449479365033,17.0930370689899,0,16000000,16.58809928
0.0,0.0,1361.25,7.216158674,1361.25,0.0,8301.1937555,16.89827182589474,17.48107115846154,1,10800000,16.19505669
2.0,2.0,544.5,6.299867942,272.25,1.0,19283.74656,18.00816093799353,17.63082525563043,1,3500000,15.06827353
6.0,5.0,5400.0,8.594154233,900.0,0.833333333,111111.1111,18.00816093799353,17.38481072169611,1,600000000,20.21244021
5.0,5.0,5445.0,8.602453035,1089.0,1.0,17447.19927,17.52449479365033,17.30474131619205,0,41500000,17.54120399
3.0,3.0,1361.25,7.216158674,453.75,1.0,13957.75941,17.52449479365033,17.2241481738,0,18500000,16.73328129
2.0,2.0,1000.0,6.907755279,500.0,1.0,22000.0,18.00816093799353,17.38481072169611,1,12800000,16.36495573
4.0,5.0,816.75,6.70533305,204.1875,1.25,15861.09024,17.52449479365033,17.48107115846154,1,17500000,16.67771144
5.0,7.0,5445.0,8.602453035,1089.0,1.4,17171.71717,17.03228004347826,17.48107115846154,0,79000000,18.18495841
5.0,6.0,4500.0,8.411832676,900.0,1.2,23875.11478,18.00816093799353,17.38481072169611,0,190000000,19.06253463
4.0,5.0,2722.5,7.909305855,680.625,1.25,17447.19927,17.52449479365033,17.30474131619205,0,47000000,17.66565816
11.0,7.0,2160.0,7.677863501,196.3636364,0.636363636,22000.0,18.00816093799353,17.38481072169611,0,74000000,18.11957565
0.0,0.0,1361.25,7.216158674,1361.25,0.0,19283.74656,18.23946870666667,17.63082525563043,1,185000000,19.03586638
7.0,6.0,10890.0,9.295600216,1555.714286,0.857142857,19283.74656,17.52449479365033,17.63082525563043,0,700000000,20.36659089
5.0,6.0,5994.0,8.698514248,1198.8,1.2,57777.77778,18.00816093799353,17.38481072169611,0,400000000,19.80697511
3.0,5.0,1361.25,7.216158674,453.75,1.666666667,12331.10324,17.52449479365033,17.0930370689899,0,13000000,16.38045992
6.0,4.0,720.0,6.579251212,120.0,0.666666667,22000.0,17.52449479365033,17.38481072169611,1,9800000,16.09789294
4.0,5.0,1361.25,7.216158674,340.3125,1.25,15916.74319,17.52449479365033,17.30474131619205,0,17000000,16.6487239
8.0,7.0,2160.0,7.677863501,270.0,0.875,23495.37037,17.52449479365033,17.38481072169611,0,66500000,18.01271251
5.0,6.0,5445.0,8.602453035,1089.0,1.2,23875.11478,18.00816093799353,17.48107115846154,0,117500000,18.58194889
5.0,5.0,2722.5,7.909305855,544.5,1.0,19926.53811,17.52449479365033,17.63082525563043,0,56000000,17.84086225
4.0,5.0,2700.0,7.901007052,675.0,1.25,31481.48148,16.74009781756667,17.38481072169611,0,85000000,18.25816181
2.0,2.0,954.0,6.860663671,477.0,1.0,24334.251605,17.30156670857143,17.38481072169611,0,18000000,16.70588232
6.0,6.0,2722.5,7.909305855,453.75,1.0,12511.47842,17.52449479365033,17.0930370689899,0,22500000,16.92902587
0.0,0.0,5445.0,8.602453035,5445.0,0.0,6060.606061,16.89827182589474,17.48107115846154,1,23500000,16.97251098
3.0,3.0,1800.0,7.495541944,600.0,1.0,22000.0,17.52449479365033,17.38481072169611,0,28000000,17.14771507
6.0,6.0,5445.0,8.602453035,907.5,1.0,21120.29385,17.52449479365033,17.63082525563043,0,95000000,18.36938745
3.0,5.0,1361.25,7.216158674,453.75,1.666666667,19100.09183,17.30156670857143,17.48107115846154,0,27500000,17.12969656
6.0,6.0,5994.0,8.698514248,999.0,1.0,61111.11111,18.00816093799353,17.38481072169611,0,350000000,19.67344371
4.0,4.0,3267.0,8.091627412,816.75,1.0,9917.355372,17.52449479365033,17.2241481738,0,24000000,16.99356439
0.0,0.0,2722.5,7.909305855,2722.5,0.0,14508.7236,16.7407250003125,17.63082525563043,1,38700000,17.47135016
3.0,3.0,1089.0,6.993015123,363.0,1.0,43503.21395999999,17.52449479365033,17.63082525563043,0,45000000,17.62217305
0.0,0.0,1800.0,7.495541944,1800.0,0.0,22000.0,16.7407250003125,17.38481072169611,1,13500000,16.41820024
4.0,4.0,1633.5,7.398480231,408.375,1.0,14386.287115,17.52449479365033,17.2241481738,0,23000000,16.95100477
4.0,5.0,1633.5,7.398480231,408.375,1.25,14386.287115,17.52449479365033,17.2241481738,0,25000000,17.03438638
5.0,6.0,2722.5,7.909305855,544.5,1.2,11753.90266,17.52449479365033,17.0930370689899,0,32000000,17.28124646
5.0,6.0,2722.5,7.909305855,544.5,1.2,14954.74223,17.52449479365033,17.2241481738,0,50000000,17.72753356
0.0,0.0,1361.25,7.216158674,1361.25,0.0,15861.09024,18.23946870666667,17.48107115846154,1,29000000,17.18280639
5.0,6.0,2722.5,7.909305855,544.5,1.2,21854.91276,17.52449479365033,17.2241481738,0,59500000,17.90148687
4.0,5.0,2722.5,7.909305855,680.625,1.25,15861.09024,17.30156670857143,17.48107115846154,0,51500000,17.75709237
6.0,7.0,2722.5,7.909305855,453.75,1.166666667,18732.78237,17.52449479365033,17.48107115846154,1,60000000,17.90985512
0.0,0.0,1361.25,7.216158674,1361.25,0.0,15861.09024,16.7407250003125,17.48107115846154,1,17500000,16.67771144
2.0,2.0,1524.6,7.32948736,762.3,1.0,17053.65342,16.74009781756667,17.48107115846154,0,26000000,17.0736071
0.0,0.0,5445.0,8.602453035,5445.0,0.0,11000.91827,16.7407250003125,17.48107115846154,1,38000000,17.45309672
7.0,7.0,4900.5,8.49709252,700.0714286,1.0,14692.37833,17.52449479365033,17.30474131619205,0,90000000,18.31532023
6.0,6.0,3267.0,8.091627412,544.5,1.0,18212.427305,17.52449479365033,17.2241481738,0,65000000,17.98989783
4.0,4.0,816.75,6.70533305,204.1875,1.0,16791.28952,17.52449479365033,17.0930370689899,0,16000000,16.58809928
4.0,4.0,1080.0,6.98471632,270.0,1.0,26388.88889,17.52449479365033,17.38481072169611,1,35000000,17.37085862
5.0,6.0,5445.0,8.602453035,1089.0,1.2,11478.42057,17.52449479365033,17.0930370689899,0,72500000,18.09909712
11.0,7.0,10890.0,9.295600216,990.0,0.636363636,51067.863385,17.30156670857143,17.63082525563043,0,580000000,20.17853866
0.0,0.0,3600.0,8.188689124,3600.0,0.0,22000.0,16.7407250003125,17.38481072169611,1,50900000,17.74537348
1.0,1.0,1116.225,7.017707736,1116.225,1.0,19283.74656,16.74009781756667,17.63082525563043,0,20300000,16.82613144
3.0,4.0,1361.25,7.216158674,453.75,1.333333333,19513.31497,17.52449479365033,17.63082525563043,0,30000000,17.21670794
5.0,6.0,2722.5,7.909305855,544.5,1.2,15861.09024,17.52449479365033,17.48107115846154,0,54000000,17.8044946
5.0,5.0,2722.5,7.909305855,544.5,1.0,22038.56749,17.52449479365033,17.48107115846154,1,60000000,17.90985512
2.0,2.0,1687.95,7.431270054,843.975,1.0,11937.55739,17.30156670857143,17.63082525563043,0,24500000,17.01418368
0.0,0.0,1089.0,6.993015123,1089.0,0.0,19283.74656,16.7407250003125,17.63082525563043,1,9000000,16.01273514
4.0,5.0,1905.75,7.552630911,476.4375,1.25,24050.02405,17.52449479365033,17.30474131619205,0,45000000,17.62217305
0.0,0.0,1361.25,7.216158674,1361.25,0.0,15861.09024,16.7407250003125,17.48107115846154,1,10700000,16.1857543
4.0,5.0,1905.75,7.552630911,476.4375,1.25,18103.10901,17.52449479365033,17.30474131619205,0,34500000,17.35646988
8.0,6.0,1000.0,6.907755279,125.0,0.75,29444.444445,17.544675218,17.38481072169611,1,27500000,17.12969656
4.0,5.0,1361.25,7.216158674,340.3125,1.25,14041.756535,17.52449479365033,17.0930370689899,0,24000000,16.99356439
3.0,3.0,1935.0,7.567862605,645.0,1.0,22000.0,16.74009781756667,17.38481072169611,1,15500000,16.55635058
0.0,0.0,1125.0,7.025538315,1125.0,0.0,22000.0,16.7407250003125,17.38481072169611,1,16000000,16.58809928
4.0,5.0,1080.0,6.98471632,270.0,1.25,22000.0,17.52449479365033,17.38481072169611,0,23500000,16.97251098
6.0,6.0,5445.0,8.602453035,907.5,1.0,32795.48734,17.52449479365033,17.63082525563043,1,100000000,18.42068074
7.0,7.0,8712.0,9.072456665,1244.571429,1.0,23875.11478,17.52449479365033,17.48107115846154,0,130000000,18.68304501
4.0,5.0,160.0,5.075173815,40.0,1.25,19283.74656,18.00816093799353,17.63082525563043,1,6500000,15.68731273
5.0,6.0,1905.75,7.552630911,381.15,1.2,18496.65486,17.52449479365033,17.63082525563043,0,38500000,17.4661688
6.0,6.0,2178.0,7.686162303,363.0,1.0,20202.0202,17.52449479365033,17.63082525563043,0,44000000,17.59970019
5.0,5.0,544.5,6.299867942,108.9,1.0,15916.74319,17.52449479365033,17.30474131619205,0,11500000,16.25785759
5.0,5.0,2160.0,7.677863501,432.0,1.0,37037.03704,17.52449479365033,17.38481072169611,1,180000000,19.00846741
4.0,5.0,200.0,5.298317367,50.0,1.25,22000.0,18.00816093799353,17.38481072169611,1,3500000,15.06827353
3.0,4.0,2160.0,7.677863501,720.0,1.333333333,22000.0,18.00816093799353,17.38481072169611,0,35000000,17.37085862
3.0,3.0,1361.25,7.216158674,453.75,1.0,19283.74656,17.52449479365033,17.63082525563043,0,26500000,17.09265529
3.0,3.0,3600.0,8.188689124,1200.0,1.0,37037.03704,17.52449479365033,17.38481072169611,1,76000000,18.1462439
5.0,7.0,2722.5,7.909305855,544.5,1.4,13957.75941,17.52449479365033,17.0930370689899,0,38000000,17.45309672
3.0,3.0,1503.0,7.31521839,501.0,1.0,19960.07984,16.74009781756667,17.38481072169611,0,21000000,16.860033
3.0,4.0,1361.25,7.216158674,453.75,1.333333333,12488.52158,17.52449479365033,17.0930370689899,0,17500000,16.67771144
3.0,3.0,1980.0,7.590852124,660.0,1.0,22000.0,18.00816093799353,17.38481072169611,0,28500000,17.16541465
0.0,0.0,1107.0,7.009408933,1107.0,0.0,4722.222222,16.7407250003125,17.38481072169611,1,4000000,15.20180492
2.0,2.0,1197.9,7.088325303,598.95,1.0,13957.75941,16.74009781756667,17.2241481738,0,8000000,15.8949521
3.0,5.0,1361.25,7.216158674,453.75,1.666666667,19467.40129,17.52449479365033,17.48107115846154,0,26500000,17.09265529
4.0,5.0,2722.5,7.909305855,680.625,1.25,17171.71717,17.52449479365033,17.48107115846154,0,44000000,17.59970019
0.0,0.0,10890.0,9.295600216,10890.0,0.0,9458.2185485,16.89827182589474,17.48107115846154,1,85000000,18.25816181
0.0,0.0,5400.0,8.594154233,5400.0,0.0,111111.1111,16.89827182589474,17.38481072169611,1,520000000,20.06933937
6.0,6.0,2722.5,7.909305855,453.75,1.0,10468.3195575,18.00816093799353,17.63082525563043,1,35000000,17.37085862
2.0,2.0,900.0,6.802394763,450.0,1.0,22000.0,16.74009781756667,17.38481072169611,1,9000000,16.01273514
2.0,2.0,1089.0,6.993015123,544.5,1.0,11937.55739,17.30156670857143,17.63082525563043,0,13000000,16.38045992
3.0,4.0,1361.25,7.216158674,453.75,1.333333333,13957.75941,17.52449479365033,17.0930370689899,0,20000000,16.81124283
1.0,1.0,843.975,6.738122873,843.975,1.0,19283.74656,17.30156670857143,17.63082525563043,0,9500000,16.06680236
6.0,6.0,2450.25,7.803945339,408.375,1.0,15426.99725,17.52449479365033,17.30474131619205,0,30000000,17.21670794
3.0,4.0,1361.25,7.216158674,453.75,1.333333333,20202.0202,17.30156670857143,17.30474131619205,0,26000000,17.0736071
5.0,6.0,5989.5,8.697763215,1197.9,1.2,23875.11478,18.00816093799353,17.48107115846154,0,135000000,18.72078534
4.0,3.0,1361.25,7.216158674,340.3125,0.75,15861.09024,17.52449479365033,17.48107115846154,1,21000000,16.860033
4.0,5.0,1089.0,6.993015123,272.25,1.25,11753.90266,17.52449479365033,17.0930370689899,0,12500000,16.3412392
5.0,6.0,2722.5,7.909305855,544.5,1.2,17447.19927,17.52449479365033,17.2241481738,0,47500000,17.67624027
4.0,5.0,1440.0,7.272398393,360.0,1.25,41666.66667,18.00816093799353,17.38481072169611,0,63000000,17.95864528
3.0,3.0,2613.6,7.86848386,871.2,1.0,16352.81835,16.74009781756667,17.63082525563043,0,42000000,17.55318018
0.0,0.0,1361.25,7.216158674,1361.25,0.0,19283.74656,14.8229620675,17.63082525563043,1,1250000,14.03865411
5.0,5.0,2178.0,7.686162303,435.6,1.0,15861.09024,17.52449479365033,17.48107115846154,0,41000000,17.52908262
4.0,4.0,1361.25,7.216158674,340.3125,1.0,19283.74656,17.52449479365033,17.63082525563043,0,30000000,17.21670794
5.0,5.0,1905.75,7.552630911,381.15,1.0,20202.0202,17.52449479365033,17.30474131619205,0,37000000,17.42642847
5.0,5.0,5445.0,8.602453035,1089.0,1.0,12396.694215,17.52449479365033,17.0930370689899,0,56900000,17.8568059
3.0,3.0,1089.0,6.993015123,363.0,1.0,20202.0202,18.00816093799353,17.30474131619205,0,21000000,16.860033
2.0,2.0,954.0,6.860663671,477.0,1.0,22000.0,16.74009781756667,17.38481072169611,0,8000000,15.8949521
2.0,2.0,1742.4,7.463018752,871.2,1.0,8866.090371,16.74009781756667,17.2241481738,0,23000000,16.95100477
3.0,4.0,1361.25,7.216158674,453.75,1.333333333,19283.74656,17.52449479365033,17.63082525563043,0,29000000,17.18280639
6.0,7.0,5445.0,8.602453035,907.5,1.166666667,15861.09024,18.00816093799353,17.48107115846154,1,132000000,18.69831248
5.0,5.0,1089.0,6.993015123,217.8,1.0,17447.19927,17.52449479365033,17.30474131619205,0,18500000,16.73328129
2.0,2.0,1098.0,7.001245622,549.0,1.0,22000.0,16.74009781756667,17.38481072169611,0,11500000,16.25785759
5.0,5.0,1089.0,6.993015123,217.8,1.0,19283.74656,17.52449479365033,17.63082525563043,1,33900000,17.33892557
0.0,0.0,108900.0,11.59818531,108900.0,0.0,19283.74656,16.89827182589474,17.63082525563043,1,250000000,19.33697148
0.0,0.0,1361.25,7.216158674,1361.25,0.0,19283.74656,16.7407250003125,17.63082525563043,1,12500000,16.3412392
6.0,6.0,5445.0,8.602453035,907.5,1.0,14954.74223,17.52449479365033,17.2241481738,0,120000000,18.6030023
5.0,6.0,5445.0,8.602453035,1089.0,1.2,21120.29385,17.52449479365033,17.63082525563043,0,119000000,18.59463405
6.0,7.0,4500.0,8.411832676,750.0,1.166666667,61111.11111,17.30156670857143,17.38481072169611,0,330000000,19.61460321
5.0,5.0,1089.0,6.993015123,217.8,1.0,17447.19927,17.52449479365033,17.30474131619205,0,10000000,16.11809565
5.0,6.0,1905.75,7.552630911,381.15,1.2,19283.74656,18.00816093799353,17.63082525563043,0,34000000,17.34187108
2.0,2.0,900.0,6.802394763,450.0,1.0,29874.21384,17.30156670857143,17.38481072169611,0,29000000,17.18280639
3.0,3.0,1700.0,7.43838353,566.6666667,1.0,22000.0,16.74009781756667,17.38481072169611,1,45000000,17.62217305
0.0,0.0,2722.5,7.909305855,2722.5,0.0,19283.74656,16.89827182589474,17.63082525563043,1,17000000,16.6487239
4.0,4.0,1361.25,7.216158674,340.3125,1.0,14919.760375,17.52449479365033,17.30474131619205,0,18500000,16.73328129
0.0,0.0,5445.0,8.602453035,5445.0,0.0,10468.31956,16.89827182589474,17.48107115846154,1,52000000,17.76675428
6.0,4.0,1080.0,6.98471632,180.0,0.666666667,22000.0,17.52449479365033,17.38481072169611,1,29000000,17.18280639
2.0,2.5,32670.0,10.3942125,16335.0,1.25,15861.09024,18.95005811818182,17.48107115846154,1,6000000000,22.51502531
5.0,5.0,2722.5,7.909305855,544.5,1.0,12488.52158,17.52449479365033,17.30474131619205,0,35000000,17.37085862
6.0,7.0,1080.0,6.98471632,180.0,1.166666667,32407.40741,18.00816093799353,17.38481072169611,1,43400000,17.58597
5.0,6.0,2722.5,7.909305855,544.5,1.2,11343.38033,17.52449479365033,17.2241481738,0,37000000,17.42642847
5.0,7.0,5445.0,8.602453035,1089.0,1.4,15861.09024,17.52449479365033,17.48107115846154,0,89900000,18.3142085
3.0,3.0,1125.0,7.025538315,375.0,1.0,22000.0,17.03228004347826,17.38481072169611,0,11000000,16.21340583
5.0,6.0,1905.75,7.552630911,381.15,1.2,14954.74223,17.52449479365033,17.2241481738,0,31000000,17.24949776
4.0,4.0,2722.5,7.909305855,680.625,1.0,17447.19927,17.52449479365033,17.30474131619205,0,38000000,17.45309672
4.0,5.0,1905.75,7.552630911,476.4375,1.25,12511.47842,17.52449479365033,17.0930370689899,0,22500000,16.92902587
0.0,0.0,5445.0,8.602453035,5445.0,0.0,10468.31956,16.89827182589474,17.48107115846154,1,57000000,17.85856183
4.0,4.0,816.75,6.70533305,204.1875,1.0,15861.09024,17.52449479365033,17.48107115846154,1,15500000,16.55635058
0.0,1.0,2340.0,7.757906208,2340.0,0.0,6840.530141,16.74009781756667,17.63082525563043,1,15500000,16.55635058
3.0,4.0,3267.0,8.091627412,1089.0,1.333333333,14954.74223,17.03228004347826,17.2241481738,0,48000000,17.68671157
2.0,3.0,1854.0,7.525100746,927.0,1.5,22000.0,16.74009781756667,17.38481072169611,0,77500000,18.16578849
5.0,6.0,2700.0,7.901007052,540.0,1.2,17447.19927,18.00816093799353,17.38481072169611,0,145000000,18.7922443
7.0,7.0,5445.0,8.602453035,777.8571429,1.0,19283.74656,17.52449479365033,17.63082525563043,0,70000000,18.0640058
4.0,5.0,1361.25,7.216158674,340.3125,1.25,11386.5932,17.52449479365033,17.0930370689899,0,15500000,16.55635058
4.0,3.0,756.0,6.628041376,189.0,0.75,22000.0,17.52449479365033,17.38481072169611,1,6650000,15.71012741
0.0,0.0,2722.5,7.909305855,2722.5,0.0,15861.09024,16.7407250003125,17.48107115846154,1,10200000,16.13789828
4.0,5.0,2178.0,7.686162303,544.5,1.25,15861.09024,17.52449479365033,17.48107115846154,0,44500000,17.61099975
5.0,6.0,5445.0,8.602453035,1089.0,1.2,11478.42057,17.52449479365033,17.0930370689899,0,33000000,17.31201812
9.0,6.0,12523.5,9.435362158,1391.5,0.666666667,12511.47842,17.21200745916667,17.0930370689899,0,140000000,18.75715298
2.0,2.0,1098.0,7.001245622,549.0,1.0,22000.0,18.00816093799353,17.38481072169611,0,16500000,16.61887094
6.0,6.0,1800.0,7.495541944,300.0,1.0,32407.40741,17.52449479365033,17.38481072169611,1,45000000,17.62217305
6.0,6.0,5445.0,8.602453035,907.5,1.0,11478.42057,17.52449479365033,17.0930370689899,0,42500000,17.56501463
4.0,5.0,5445.0,8.602453035,1361.25,1.25,15861.09024,18.00816093799353,17.48107115846154,1,35000000,17.37085862
1.0,1.0,653.4,6.482189499,653.4,1.0,9478.95376,17.30156670857143,17.2241481738,0,6700000,15.71761808
4.0,5.0,1080.0,6.98471632,270.0,1.25,22000.0,17.52449479365033,17.38481072169611,0,20000000,16.81124283
5.0,6.0,2722.5,7.909305855,544.5,1.2,11753.90266,17.52449479365033,17.0930370689899,0,29000000,17.18280639
2.0,2.0,594.0,6.386879319,297.0,1.0,10658.670032,16.74009781756667,17.38481072169611,1,4000000,15.20180492
6.0,6.0,1080.0,6.98471632,180.0,1.0,43055.55556,18.00816093799353,17.38481072169611,1,60000000,17.90985512
8.0,6.0,3600.0,8.188689124,450.0,0.75,19960.07984,17.52449479365033,17.38481072169611,0,85000000,18.25816181
5.0,6.0,5445.0,8.602453035,1089.0,1.2,17447.19927,18.00816093799353,17.48107115846154,0,65000000,17.98989783
5.0,6.0,5445.0,8.602453035,1089.0,1.2,17171.71717,17.52449479365033,17.48107115846154,0,72500000,18.09909712
2.0,2.0,943.0,6.849066283,471.5,1.0,22000.0,18.00816093799353,17.38481072169611,1,13000000,16.38045992
3.0,3.0,1100.0,7.003065459,366.6666667,1.0,24090.90909,17.30156670857143,17.38481072169611,1,26500000,17.09265529
3.0,3.0,816.75,6.70533305,272.25,1.0,9182.736455,17.52449479365033,17.2241481738,0,8800000,15.99026228
0.0,0.0,1361.25,7.216158674,1361.25,0.0,19283.74656,16.7407250003125,17.63082525563043,1,10000000,16.11809565
5.0,6.0,2450.25,7.803945339,490.05,1.2,16639.11846,17.52449479365033,17.2241481738,0,36000000,17.3990295
5.0,6.0,2722.5,7.909305855,544.5,1.2,20779.22078,17.52449479365033,17.30474131619205,0,65000000,17.98989783
5.0,6.0,2722.5,7.909305855,544.5,1.2,23875.11478,18.00816093799353,17.30474131619205,0,71500000,18.08520801
3.0,3.0,31581.0,10.36031095,10527.0,1.0,17447.19927,17.52449479365033,17.30474131619205,0,139200000,18.75142231
6.0,6.0,5400.0,8.594154233,900.0,1.0,19283.74656,17.52449479365033,17.63082525563043,1,200000000,19.11382792
3.0,3.0,1503.0,7.31521839,501.0,1.0,19960.07984,16.74009781756667,17.38481072169611,0,30000000,17.21670794
4.0,3.0,1152.0,7.049254841,288.0,0.75,22000.0,17.52449479365033,17.38481072169611,1,14000000,16.45456789
5.0,6.0,5445.0,8.602453035,1089.0,1.2,15861.09024,17.03228004347826,17.48107115846154,0,79900000,18.19628641
5.0,5.0,4500.0,8.411832676,900.0,1.0,22000.0,17.03228004347826,17.38481072169611,1,47000000,17.66565816
0.0,0.0,1089.0,6.993015123,1089.0,0.0,15861.09024,18.23946870666667,17.48107115846154,1,68500000,18.0423443
0.0,1.0,281.0,5.638354669,281.0,0.0,15861.09024,16.74009781756667,17.48107115846154,1,5600000,15.53827716
0.0,0.0,2722.5,7.909305855,2722.5,0.0,5876.951331,16.89827182589474,17.48107115846154,1,16000000,16.58809928
2.0,1.0,952.875,6.85948373,476.4375,0.5,13957.75941,17.30156670857143,17.2241481738,0,8200000,15.91964471
5.0,6.0,2722.5,7.909305855,544.5,1.2,11478.42057,17.52449479365033,17.0930370689899,0,47000000,17.66565816
3.0,3.0,898.425,6.80064323,299.475,1.0,20202.0202,17.52449479365033,17.30474131619205,0,19000000,16.75994954
2.0,2.0,1089.0,6.993015123,544.5,1.0,19283.74656,16.74009781756667,17.63082525563043,1,5500000,15.52025865
3.0,3.0,2722.5,7.909305855,907.5,1.0,19283.74656,16.74009781756667,17.63082525563043,1,38500000,17.4661688
3.0,3.0,1334.025,7.195955967,444.675,1.0,14954.74223,16.74009781756667,17.2241481738,0,21000000,16.860033
0.0,0.0,1080.0,6.98471632,1080.0,0.0,22000.0,16.89827182589474,17.38481072169611,1,8500000,15.95557672
4.0,5.0,2700.0,7.901007052,675.0,1.25,29629.62963,16.74009781756667,17.38481072169611,0,80000000,18.19753719
5.0,6.0,5445.0,8.602453035,1089.0,1.2,21120.29385,17.52449479365033,17.63082525563043,0,109500000,18.51143511
5.0,6.0,2722.5,7.909305855,544.5,1.2,17447.19927,17.52449479365033,17.2241481738,0,55000000,17.82284374
6.0,6.0,2722.5,7.909305855,453.75,1.0,9182.736455,17.52449479365033,17.2241481738,0,34500000,17.35646988
5.0,6.0,5445.0,8.602453035,1089.0,1.2,11478.42057,17.52449479365033,17.0930370689899,0,62500000,17.95067711
3.0,4.0,1851.3,7.523643374,617.1,1.333333333,15861.09024,17.52449479365033,17.48107115846154,0,29000000,17.18280639
8.0,7.0,21780.0,9.988747396,2722.5,0.875,19283.74656,18.00816093799353,17.63082525563043,0,1900000000,21.36511972
0.0,0.0,720.0,6.579251212,720.0,0.0,6148.148148,16.7407250003125,17.38481072169611,1,4000000,15.20180492
6.0,6.0,10890.0,9.295600216,1815.0,1.0,21120.29385,17.52449479365033,17.63082525563043,0,300000000,19.51929303
3.0,4.0,1089.0,6.993015123,363.0,1.333333333,18732.78237,17.52449479365033,17.48107115846154,1,19000000,16.75994954
4.0,4.0,720.0,6.579251212,180.0,1.0,22000.0,17.52449479365033,17.38481072169611,1,13000000,16.38045992
5.0,6.0,3811.5,8.245778091,762.3,1.2,11207.0096395,17.03228004347826,17.2241481738,0,62500000,17.95067711
2.0,2.0,1579.05,7.364578679,789.525,1.0,11207.0096395,17.30156670857143,17.2241481738,0,9500000,16.06680236
3.0,4.0,1361.25,7.216158674,453.75,1.333333333,12331.10324,17.52449479365033,17.0930370689899,0,15800000,16.5755205
2.0,1.0,353.925,5.869085026,176.9625,0.5,15861.09024,16.74009781756667,17.48107115846154,0,4500000,15.31958795
5.0,5.0,2178.0,7.686162303,435.6,1.0,13957.75941,17.52449479365033,17.2241481738,0,27300000,17.12239726
5.0,6.0,2722.5,7.909305855,544.5,1.2,13314.96786,17.52449479365033,17.0930370689899,0,34500000,17.35646988
5.0,6.0,5445.0,8.602453035,1089.0,1.2,24334.251605,18.00816093799353,17.48107115846154,0,197500000,19.10124914
5.0,5.0,5445.0,8.602453035,1089.0,1.0,9182.736455,17.52449479365033,17.2241481738,0,37000000,17.42642847
10.0,6.0,1800.0,7.495541944,180.0,0.6,22000.0,18.00816093799353,17.38481072169611,0,72500000,18.09909712
0.0,0.0,10890.0,9.295600216,10890.0,0.0,15861.09024,16.89827182589474,17.48107115846154,1,90000000,18.31532023
3.0,3.0,2160.0,7.677863501,720.0,1.0,18425.925925,17.52449479365033,17.38481072169611,1,40000000,17.50439001
5.0,3.0,1361.25,7.216158674,272.25,0.6,17447.19927,17.52449479365033,17.30474131619205,0,14000000,16.45456789
5.0,6.0,5445.0,8.602453035,1089.0,1.2,12511.47842,17.52449479365033,17.0930370689899,0,50000000,17.72753356
5.0,5.0,4500.0,8.411832676,900.0,1.0,61111.11111,18.00816093799353,17.38481072169611,0,280000000,19.45030016
2.0,2.0,850.0,6.745236349,425.0,1.0,22000.0,16.74009781756667,17.38481072169611,1,5900000,15.59046291
3.0,3.0,1450.0,7.279318835,483.3333333,1.0,22000.0,16.74009781756667,17.38481072169611,1,18500000,16.73328129
3.0,4.0,1361.25,7.216158674,453.75,1.333333333,16639.11846,17.52449479365033,17.2241481738,0,17800000,16.69470902
6.0,6.0,5445.0,8.602453035,907.5,1.0,12593.46714,17.52449479365033,17.2241481738,0,53500000,17.79519221
3.0,3.0,1368.0,7.221105098,456.0,1.0,14181.28655,17.03228004347826,17.38481072169611,0,20000000,16.81124283
3.0,3.0,1361.25,7.216158674,453.75,1.0,15861.09024,17.52449479365033,17.48107115846154,0,15500000,16.55635058
5.0,5.0,5445.0,8.602453035,1089.0,1.0,15610.65197,17.52449479365033,17.30474131619205,0,85000000,18.25816181
5.0,5.0,1905.75,7.552630911,381.15,1.0,19283.74656,17.52449479365033,17.63082525563043,0,40000000,17.50439001
6.0,6.0,2722.5,7.909305855,453.75,1.0,16791.28952,17.52449479365033,17.0930370689899,0,42500000,17.56501463
4.0,6.0,4519.35,8.416123457,1129.8375,1.5,19283.74656,17.30156670857143,17.63082525563043,0,37500000,17.43985149
4.0,5.0,2722.5,7.909305855,680.625,1.25,17171.71717,17.52449479365033,17.48107115846154,0,70000000,18.0640058
4.0,5.0,3539.25,8.171670119,884.8125,1.25,17447.19927,17.52449479365033,17.30474131619205,0,80000000,18.19753719
3.0,4.0,1750.0,7.467371067,583.3333333,1.333333333,22000.0,17.30156670857143,17.38481072169611,1,55000000,17.82284374
0.0,0.0,2722.5,7.909305855,2722.5,0.0,4848.484848,16.7407250003125,17.48107115846154,1,13200000,16.39572739
5.0,5.0,5445.0,8.602453035,1089.0,1.0,15861.09024,17.52449479365033,17.48107115846154,0,80000000,18.19753719
5.0,6.0,5445.0,8.602453035,1089.0,1.2,21120.29385,17.52449479365033,17.63082525563043,0,139000000,18.74998449
2.0,2.0,1700.0,7.43838353,850.0,1.0,22000.0,17.30156670857143,17.38481072169611,1,100000000,18.42068074
0.0,0.0,5445.0,8.602453035,5445.0,0.0,19283.74656,16.89827182589474,17.63082525563043,1,8000000,15.8949521
5.0,6.0,2314.125,7.746786925,462.825,1.2,24050.02405,17.52449479365033,17.30474131619205,0,59500000,17.90148687
6.0,6.0,5989.5,8.697763215,998.25,1.0,11602.817245,17.52449479365033,17.30474131619205,0,56000000,17.84086225
5.0,6.0,2722.5,7.909305855,544.5,1.2,21120.29385,17.52449479365033,17.63082525563043,0,57500000,17.86729551
2.0,2.0,950.0,6.856461985,475.0,1.0,22000.0,16.74009781756667,17.38481072169611,1,22500000,16.92902587
5.0,6.0,2722.5,7.909305855,544.5,1.2,17447.19927,17.52449479365033,17.30474131619205,0,47500000,17.67624027
5.0,5.0,816.75,6.70533305,163.35,1.0,10468.3195575,17.52449479365033,17.63082525563043,1,7500000,15.83041358
3.0,4.0,1361.25,7.216158674,453.75,1.333333333,17447.19927,17.52449479365033,17.30474131619205,0,12000000,16.30041721
5.0,6.0,2722.5,7.909305855,544.5,1.2,21120.29385,17.52449479365033,17.63082525563043,0,72500000,18.09909712
5.0,6.0,5445.0,8.602453035,1089.0,1.2,24334.251605,18.00816093799353,17.48107115846154,0,91300000,18.32966135
3.5,5.0,148.0,4.997212274,42.28571429,1.428571429,15861.09024,15.6743339095,17.48107115846154,1,2500000,14.73180129
3.0,4.0,1361.25,7.216158674,453.75,1.333333333,15861.09024,17.52449479365033,17.48107115846154,0,19500000,16.78592502
4.0,4.0,1080.0,6.98471632,270.0,1.0,41666.66667,17.52449479365033,17.38481072169611,0,45000000,17.62217305
4.0,4.0,1633.5,7.398480231,408.375,1.0,19283.74656,17.52449479365033,17.63082525563043,0,25000000,17.03438638
5.0,6.0,5445.0,8.602453035,1089.0,1.2,13957.75941,17.52449479365033,17.0930370689899,0,71500000,18.08520801
5.0,6.0,5445.0,8.602453035,1089.0,1.2,23875.11478,18.00816093799353,17.48107115846154,0,110000000,18.51599092
5.0,6.0,5445.0,8.602453035,1089.0,1.2,19283.74656,17.30156670857143,17.63082525563043,0,138000000,18.74276424
0.0,0.0,100944.0,11.52232119,100944.0,0.0,19283.74656,18.23946870666667,17.63082525563043,1,9000000000,22.92049041
0.0,0.0,2178.0,7.686162303,2178.0,0.0,9659.4516605,16.7407250003125,17.63082525563043,1,14000000,16.45456789
0.0,0.0,10890.0,9.295600216,10890.0,0.0,15861.09024,16.7407250003125,17.48107115846154,1,160000000,18.89068437
5.0,6.0,2722.5,7.909305855,544.5,1.2,16528.92562,17.52449479365033,17.2241481738,0,38500000,17.4661688
4.0,5.0,2196.0,7.694392803,549.0,1.25,11517.857143,18.00816093799353,17.38481072169611,1,33200000,17.31806043
2.0,2.0,1524.6,7.32948736,762.3,1.0,14954.74223,16.74009781756667,17.2241481738,0,15000000,16.52356076
0.0,0.0,10890.0,9.295600216,10890.0,0.0,15861.09024,16.7407250003125,17.48107115846154,1,12000000,16.30041721
4.0,5.0,2722.5,7.909305855,680.625,1.25,17447.19927,17.52449479365033,17.30474131619205,0,47500000,17.67624027
5.0,6.0,5445.0,8.602453035,1089.0,1.2,26936.02694,17.52449479365033,17.30474131619205,0,140000000,18.75715298
3.0,4.0,816.75,6.70533305,272.25,1.333333333,14919.760375,17.52449479365033,17.30474131619205,0,12800000,16.36495573
5.0,6.0,2450.25,7.803945339,490.05,1.2,17447.19927,17.52449479365033,17.30474131619205,0,55000000,17.82284374
4.0,5.0,1361.25,7.216158674,340.3125,1.25,19283.74656,17.52449479365033,17.63082525563043,0,24000000,16.99356439
2.0,2.0,5400.0,8.594154233,2700.0,1.0,22000.0,16.74009781756667,17.38481072169611,1,350000000,19.67344371
4.0,4.0,1080.0,6.98471632,270.0,1.0,32407.40741,17.52449479365033,17.38481072169611,1,34500000,17.35646988
2.0,2.0,800.0,6.684611728,400.0,1.0,22000.0,17.30156670857143,17.38481072169611,1,5500000,15.52025865
3.0,5.0,1361.25,7.216158674,453.75,1.666666667,19467.401285,17.52449479365033,17.63082525563043,0,27500000,17.12969656
5.0,5.0,1361.25,7.216158674,272.25,1.0,17447.19927,17.52449479365033,17.30474131619205,0,20000000,16.81124283
4.0,4.0,3267.0,8.091627412,816.75,1.0,11325.37496,17.03228004347826,17.0930370689899,0,34000000,17.34187108
1.0,1.0,789.525,6.671431499,789.525,1.0,8866.090371,16.74009781756667,17.2241481738,0,7000000,15.76142071
4.0,4.0,1080.0,6.98471632,270.0,1.0,22000.0,17.30156670857143,17.38481072169611,1,23500000,16.97251098
5.0,5.0,3267.0,8.091627412,653.4,1.0,24050.02405,17.52449479365033,17.30474131619205,0,85000000,18.25816181
5.0,5.0,2722.5,7.909305855,544.5,1.0,23875.11478,17.52449479365033,17.30474131619205,0,62000000,17.94264494
0.0,0.0,10890.0,9.295600216,10890.0,0.0,15861.09024,16.7407250003125,17.48107115846154,1,65000000,17.98989783
4.0,5.0,3267.0,8.091627412,816.75,1.25,11202.938475,17.03228004347826,17.0930370689899,0,33000000,17.31201812
5.0,5.0,1361.25,7.216158674,272.25,1.0,20202.0202,17.52449479365033,17.30474131619205,0,25000000,17.03438638
0.0,0.0,816.75,6.70533305,816.75,0.0,15861.09024,16.89827182589474,17.48107115846154,1,6500000,15.68731273
5.0,5.0,1089.0,6.993015123,217.8,1.0,17447.19927,17.52449479365033,17.30474131619205,0,11000000,16.21340583
5.0,6.0,6534.0,8.784774592,1306.8,1.2,14954.74223,17.52449479365033,17.2241481738,0,71500000,18.08520801
5.0,5.0,2722.5,7.909305855,544.5,1.0,43503.21395999999,17.52449479365033,17.63082525563043,0,115000000,18.56044269
5.0,6.0,1361.25,7.216158674,272.25,1.2,20569.32966,17.52449479365033,17.63082525563043,1,28000000,17.14771507
3.0,4.0,1361.25,7.216158674,453.75,1.333333333,12488.52158,17.52449479365033,17.30474131619205,0,16500000,16.61887094
2.0,3.0,1197.0,7.087573706,598.5,1.5,22000.0,16.74009781756667,17.38481072169611,0,25000000,17.03438638
6.0,7.0,4500.0,8.411832676,750.0,1.166666667,22000.0,18.00816093799353,17.38481072169611,0,300000000,19.51929303
1.0,1.0,653.4,6.482189499,653.4,1.0,11478.42057,16.74009781756667,17.63082525563043,0,7500000,15.83041358
6.0,7.0,9000.0,9.104979856,1500.0,1.166666667,27777.77778,17.52449479365033,17.38481072169611,0,250000000,19.33697148
3.0,4.0,1854.0,7.525100746,618.0,1.333333333,13284.685915,16.74009781756667,17.38481072169611,0,24500000,17.01418368
5.0,7.0,5445.0,8.602453035,1089.0,1.4,15861.09024,17.52449479365033,17.48107115846154,0,79500000,18.19126758
5.0,6.0,5445.0,8.602453035,1089.0,1.2,24334.251605,18.00816093799353,17.48107115846154,0,120000000,18.6030023
6.0,6.0,5445.0,8.602453035,907.5,1.0,15861.09024,17.52449479365033,17.48107115846154,0,122500000,18.62362159
3.0,5.0,1361.25,7.216158674,453.75,1.666666667,13957.75941,17.52449479365033,17.0930370689899,0,17000000,16.6487239
5.0,6.0,2722.5,7.909305855,544.5,1.2,13957.75941,17.52449479365033,17.2241481738,0,42000000,17.55318018
3.0,3.0,1361.25,7.216158674,453.75,1.0,13957.75941,17.52449479365033,17.2241481738,0,21000000,16.860033
3.0,4.0,2668.05,7.889103147,889.35,1.333333333,15861.09024,16.74009781756667,17.48107115846154,0,69500000,18.05683731
2.0,2.0,1233.0,7.117205503,616.5,1.0,11354.42011,16.74009781756667,17.38481072169611,0,14000000,16.45456789
5.0,5.0,2722.5,7.909305855,544.5,1.0,13590.44995,17.52449479365033,17.48107115846154,1,37500000,17.43985149
4.0,5.0,2722.5,7.909305855,680.625,1.25,17171.71717,17.52449479365033,17.48107115846154,0,48000000,17.68671157
3.0,4.0,1361.25,7.216158674,453.75,1.333333333,13865.932045,17.52449479365033,17.0930370689899,0,19500000,16.78592502
6.0,6.0,5445.0,8.602453035,907.5,1.0,23875.11478,17.52449479365033,17.30474131619205,0,107500000,18.49300141
4.0,6.0,1361.25,7.216158674,340.3125,1.5,20385.67493,17.52449479365033,17.63082525563043,0,28500000,17.16541465
5.0,6.0,2722.5,7.909305855,544.5,1.2,16528.92562,17.52449479365033,17.48107115846154,0,59500000,17.90148687
6.0,6.0,4500.0,8.411832676,750.0,1.0,61111.11111,18.00816093799353,17.38481072169611,0,275000000,19.43228166
2.0,1.0,435.6,6.076724391,217.8,0.5,14041.756535,16.74009781756667,17.0930370689899,0,5450000,15.51112617
2.0,2.0,1334.025,7.195955967,667.0125,1.0,21854.91276,16.74009781756667,17.2241481738,0,17000000,16.6487239
6.0,6.0,5445.0,8.602453035,907.5,1.0,15861.09024,17.52449479365033,17.48107115846154,0,110000000,18.51599092
3.0,3.0,1350.0,7.207859871,450.0,1.0,22000.0,16.74009781756667,17.38481072169611,0,11000000,16.21340583
5.0,6.0,1361.25,7.216158674,272.25,1.2,19283.74656,17.52449479365033,17.63082525563043,1,19000000,16.75994954
5.0,6.0,5445.0,8.602453035,1089.0,1.2,24334.251605,18.00816093799353,17.48107115846154,0,195000000,19.08851012
5.0,6.0,27225.0,10.21189095,5445.0,1.2,19283.74656,17.21200745916667,17.63082525563043,1,139500000,18.75357516
4.0,4.0,2097.0,7.648263031,524.25,1.0,22000.0,16.74009781756667,17.38481072169611,0,47500000,17.67624027
0.0,0.0,999.0,6.906754779,999.0,0.0,19283.74656,16.7407250003125,17.63082525563043,1,27500000,17.12969656
0.0,0.0,2178.0,7.686162303,2178.0,0.0,15861.09024,18.23946870666667,17.48107115846154,1,35000000,17.37085862
3.0,4.0,1089.0,6.993015123,363.0,1.333333333,12331.10324,17.52449479365033,17.0930370689899,0,14500000,16.48965921
5.0,5.0,1361.25,7.216158674,272.25,1.0,20202.0202,17.52449479365033,17.30474131619205,0,28000000,17.14771507
6.0,7.0,1080.0,6.98471632,180.0,1.166666667,41851.85185,17.52449479365033,17.38481072169611,1,49500000,17.71748323
4.0,4.0,2700.0,7.901007052,675.0,1.0,10263.15789,16.74009781756667,17.38481072169611,1,24000000,16.99356439
0.0,0.0,5445.0,8.602453035,5445.0,0.0,19283.74656,16.7407250003125,17.63082525563043,1,52500000,17.77632373
4.0,4.0,2994.75,8.004616035,748.6875,1.0,13957.75941,17.52449479365033,17.2241481738,0,34000000,17.34187108
6.0,5.0,1497.375,7.311468854,249.5625,0.833333333,12511.47842,17.52449479365033,17.0930370689899,0,15000000,16.52356076
6.0,7.0,5445.0,8.602453035,907.5,1.166666667,24334.251605,17.52449479365033,17.48107115846154,0,250000000,19.33697148
3.0,3.0,2160.0,7.677863501,720.0,1.0,17592.59259,18.00816093799353,17.38481072169611,0,38000000,17.45309672
3.0,4.0,900.0,6.802394763,300.0,1.333333333,62962.96296,18.00816093799353,17.38481072169611,0,68500000,18.0423443
6.0,6.0,2178.0,7.686162303,363.0,1.0,14386.287115,17.52449479365033,17.2241481738,0,35000000,17.37085862
3.0,3.0,1800.0,7.495541944,600.0,1.0,22000.0,17.060113025,17.38481072169611,0,23500000,16.97251098
3.0,3.0,1361.25,7.216158674,453.75,1.0,19467.40129,17.52449479365033,17.48107115846154,0,26000000,17.0736071
6.0,6.0,4083.75,8.314770963,680.625,1.0,17447.19927,17.52449479365033,17.30474131619205,0,43000000,17.57671067
2.0,3.0,1987.425,7.59459511,993.7125,1.5,16352.81835,16.74009781756667,17.63082525563043,0,32500000,17.29675065
3.0,4.0,2722.5,7.909305855,907.5,1.333333333,14954.74223,17.52449479365033,17.2241481738,0,22500000,16.92902587
1.0,2.0,1252.35,7.132777065,1252.35,2.0,12855.83104,16.74009781756667,17.2241481738,0,12600000,16.34920737
0.0,0.0,1361.25,7.216158674,1361.25,0.0,19283.74656,16.7407250003125,17.63082525563043,1,8500000,15.95557672
4.0,4.0,3267.0,8.091627412,816.75,1.0,12473.21702,16.74009781756667,17.48107115846154,0,42000000,17.55318018
6.0,7.0,720.0,6.579251212,120.0,1.166666667,22000.0,17.52449479365033,17.38481072169611,1,11400000,16.24912391
3.0,3.0,1296.0,7.167037877,432.0,1.0,19960.07984,16.74009781756667,17.38481072169611,0,19000000,16.75994954
5.0,6.0,3267.0,8.091627412,653.4,1.2,14954.74223,17.52449479365033,17.2241481738,0,55000000,17.82284374
2.0,3.0,900.0,6.802394763,450.0,1.5,23842.59259,18.00816093799353,17.38481072169611,1,6500000,15.68731273
9.0,5.0,3811.5,8.245778091,423.5,0.555555556,43503.21395999999,17.52449479365033,17.63082525563043,0,190000000,19.06253463
5.0,5.0,2450.25,7.803945339,490.05,1.0,12511.47842,17.52449479365033,17.0930370689899,0,35000000,17.37085862
5.0,6.0,2722.5,7.909305855,544.5,1.2,17079.88981,17.52449479365033,17.30474131619205,0,45000000,17.62217305
2.0,2.0,1625.0,7.393263095,812.5,1.0,22000.0,17.30156670857143,17.38481072169611,1,68500000,18.0423443
5.0,5.0,1905.75,7.552630911,381.15,1.0,18103.10901,17.52449479365033,17.30474131619205,0,34500000,17.35646988
0.0,0.0,2722.5,7.909305855,2722.5,0.0,9458.2185485,16.7407250003125,17.48107115846154,1,22900000,16.94664747
6.0,7.0,10890.0,9.295600216,1815.0,1.166666667,24334.251605,18.00816093799353,17.48107115846154,0,270000000,19.41393252
2.0,2.0,2450.25,7.803945339,1225.125,1.0,19283.74656,16.74009781756667,17.63082525563043,0,33400000,17.32406646
3.0,4.0,816.75,6.70533305,272.25,1.333333333,15861.09024,17.52449479365033,17.48107115846154,0,14900000,16.51687177
8.0,7.0,2178.0,7.686162303,272.25,0.875,43503.21395999999,17.52449479365033,17.63082525563043,0,97500000,18.39536294
4.0,5.0,1361.25,7.216158674,340.3125,1.25,14041.756535,17.52449479365033,17.0930370689899,0,17500000,16.67771144
4.0,5.0,1633.5,7.398480231,408.375,1.25,14386.287115,17.52449479365033,17.2241481738,0,22000000,16.90655301
4.0,5.0,1361.25,7.216158674,340.3125,1.25,9917.355372,17.52449479365033,17.0930370689899,0,11500000,16.25785759
5.0,5.0,1361.25,7.216158674,272.25,1.0,16843.7623,17.52449479365033,17.30474131619205,0,23000000,16.95100477
5.0,6.0,2722.5,7.909305855,544.5,1.2,21854.91276,17.52449479365033,17.2241481738,0,59500000,17.90148687
3.0,4.0,2722.5,7.909305855,907.5,1.333333333,12629.794445,16.74009781756667,17.48107115846154,0,42500000,17.56501463
5.0,5.0,2448.0,7.803026644,489.6,1.0,22000.0,17.03228004347826,17.38481072169611,0,27500000,17.12969656
5.0,5.0,816.75,6.70533305,163.35,1.0,14325.06887,17.52449479365033,17.30474131619205,0,12000000,16.30041721
2.0,2.0,1361.25,7.216158674,680.625,1.0,9550.045914,18.00816093799353,17.2241481738,0,14500000,16.48965921
8.0,6.0,5445.0,8.602453035,680.625,0.75,21854.91276,17.52449479365033,17.2241481738,0,80000000,18.19753719
5.0,5.0,1361.25,7.216158674,272.25,1.0,24977.04316,17.52449479365033,17.48107115846154,1,34000000,17.34187108
5.0,6.0,5445.0,8.602453035,1089.0,1.2,15861.09024,17.52449479365033,17.48107115846154,1,115000000,18.56044269
3.0,4.0,2196.0,7.694392803,732.0,1.333333333,22000.0,16.74009781756667,17.38481072169611,0,57500000,17.86729551
3.0,4.0,1361.25,7.216158674,453.75,1.333333333,17447.19927,17.52449479365033,17.30474131619205,0,18000000,16.70588232
5.0,5.0,1905.75,7.552630911,381.15,1.0,17814.508725,17.52449479365033,17.2241481738,0,26000000,17.0736071
5.0,6.0,4500.0,8.411832676,900.0,1.2,57777.77778,18.00816093799353,17.38481072169611,0,260000000,19.37619219
4.0,5.0,2178.0,7.686162303,544.5,1.25,19283.74656,17.52449479365033,17.63082525563043,0,42500000,17.56501463
5.0,6.0,5445.0,8.602453035,1089.0,1.2,21120.29385,17.52449479365033,17.63082525563043,0,118000000,18.58619518
5.0,6.0,5445.0,8.602453035,1089.0,1.2,15861.09024,18.00816093799353,17.48107115846154,0,71900000,18.09078682
0.0,0.0,5760.0,8.658692754,5760.0,0.0,111111.1111,16.89827182589474,17.38481072169611,1,560000000,20.14344734
0.0,0.0,2178.0,7.686162303,2178.0,0.0,15861.09024,18.23946870666667,17.48107115846154,1,90000000,18.31532023
3.0,3.0,1350.0,7.207859871,450.0,1.0,34212.96296,17.30156670857143,17.38481072169611,0,45500000,17.63322288
4.0,5.0,1361.25,7.216158674,340.3125,1.25,14612.029385,17.52449479365033,17.0930370689899,0,24000000,16.99356439
2.0,3.0,1881.0,7.539558829,940.5,1.5,54920.63492,16.74009781756667,17.38481072169611,0,99700000,18.41767623
10.0,7.0,3375.9,8.124417234,337.59,0.7,19283.74656,17.52449479365033,17.63082525563043,0,170000000,18.951309
3.0,4.0,1361.25,7.216158674,453.75,1.333333333,16843.7623,17.52449479365033,17.30474131619205,0,20000000,16.81124283
3.0,3.0,1701.0,7.438971592,567.0,1.0,22000.0,16.74009781756667,17.38481072169611,0,18000000,16.70588232
0.0,0.0,5445.0,8.602453035,5445.0,0.0,7070.707071,16.89827182589474,17.48107115846154,1,33500000,17.327056
5.0,6.0,5445.0,8.602453035,1089.0,1.2,15861.09024,17.52449479365033,17.48107115846154,0,48000000,17.68671157
4.0,5.0,2722.5,7.909305855,680.625,1.25,15861.09024,18.00816093799353,17.48107115846154,1,10200000,16.13789828
8.0,6.0,2250.0,7.718685495,281.25,0.75,22000.0,17.52449479365033,17.38481072169611,0,132500000,18.7020932
4.0,5.0,2178.0,7.686162303,544.5,1.25,61111.11111,17.52449479365033,17.48107115846154,0,35000000,17.37085862
4.0,6.0,2601.0,7.863651265,650.25,1.5,22000.0,16.74009781756667,17.38481072169611,0,128000000,18.66754082
5.0,5.0,3600.0,8.188689124,720.0,1.0,104166.66666,18.00816093799353,17.38481072169611,1,350000000,19.67344371
3.0,5.0,1361.25,7.216158674,453.75,1.666666667,21671.258035,17.52449479365033,17.63082525563043,0,31000000,17.24949776
0.0,0.0,1800.0,7.495541944,1800.0,0.0,22000.0,18.23946870666667,17.38481072169611,1,22000000,16.90655301
4.0,5.0,150.0,5.010635294,37.5,1.25,22000.0,18.00816093799353,17.38481072169611,1,3300000,15.00943303
3.0,3.0,1800.0,7.495541944,600.0,1.0,11666.66667,17.03228004347826,17.38481072169611,0,21000000,16.860033
10.0,6.0,5445.0,8.602453035,544.5,0.6,11937.55739,17.52449479365033,17.63082525563043,0,155000000,18.85893567
5.0,6.0,5445.0,8.602453035,1089.0,1.2,11478.42057,17.52449479365033,17.0930370689899,0,88000000,18.29284737
4.0,4.0,816.75,6.70533305,204.1875,1.0,16791.28952,17.52449479365033,17.0930370689899,0,16000000,16.58809928
4.0,5.0,2700.0,7.901007052,675.0,1.25,26481.48148,18.00816093799353,17.38481072169611,1,71500000,18.08520801
4.0,5.0,5445.0,8.602453035,1361.25,1.25,17447.19927,17.52449479365033,17.30474131619205,0,55000000,17.82284374
4.0,4.0,1361.25,7.216158674,340.3125,1.0,19283.74656,17.52449479365033,17.63082525563043,1,28500000,17.16541465
5.0,4.0,1361.25,7.216158674,272.25,0.8,11019.28375,17.52449479365033,17.30474131619205,0,19000000,16.75994954
0.0,0.0,2722.5,7.909305855,2722.5,0.0,19283.74656,16.7407250003125,17.63082525563043,1,15000000,16.52356076
0.0,0.0,1800.0,7.495541944,1800.0,0.0,22000.0,16.89827182589474,17.38481072169611,1,8000000,15.8949521
5.0,6.0,2722.5,7.909305855,544.5,1.2,19283.74656,17.52449479365033,17.63082525563043,0,50000000,17.72753356
5.0,5.0,4500.0,8.411832676,900.0,1.0,22000.0,17.30156670857143,17.38481072169611,0,45000000,17.62217305
4.0,5.0,1633.5,7.398480231,408.375,1.25,20202.0202,17.52449479365033,17.30474131619205,0,29000000,17.18280639
5.0,6.0,2722.5,7.909305855,544.5,1.2,16345.27089,17.52449479365033,17.2241481738,0,38000000,17.45309672
1.0,1.0,438.0,6.08221891,438.0,1.0,17454.54545,16.74009781756667,17.48107115846154,1,7665000,15.85217507
2.0,2.0,1361.25,7.216158674,680.625,1.0,19283.74656,17.52449479365033,17.63082525563043,1,6500000,15.68731273
4.0,5.0,2000.0,7.60090246,500.0,1.25,22000.0,16.74009781756667,17.38481072169611,1,25400000,17.05025973
6.0,6.0,2994.75,8.004616035,499.125,1.0,17630.85399,17.52449479365033,17.30474131619205,0,57000000,17.85856183
1.0,1.0,562.0,6.33150185,562.0,1.0,15861.09024,16.74009781756667,17.48107115846154,1,8000000,15.8949521
6.0,6.0,5445.0,8.602453035,907.5,1.0,16161.61616,17.52449479365033,17.63082525563043,0,88000000,18.29284737
3.0,3.0,1053.0,6.959398512,351.0,1.0,24334.251605,18.00816093799353,17.38481072169611,0,21500000,16.88356349
5.0,6.0,5445.0,8.602453035,1089.0,1.2,17171.71717,17.52449479365033,17.48107115846154,0,87500000,18.28714935
3.0,4.0,1361.25,7.216158674,453.75,1.333333333,19467.40129,17.52449479365033,17.48107115846154,0,26500000,17.09265529
6.0,2.0,1361.25,7.216158674,226.875,0.333333333,11019.28375,17.52449479365033,17.30474131619205,0,15000000,16.52356076
2.0,2.0,1361.25,7.216158674,680.625,1.0,13957.75941,16.74009781756667,17.2241481738,0,19000000,16.75994954
4.0,4.0,2339.0,7.757478767,584.75,1.0,6840.530141,16.74009781756667,17.63082525563043,1,16000000,16.58809928
2.0,3.0,1800.0,7.495541944,900.0,1.5,10277.77778,17.30156670857143,17.38481072169611,1,18700000,16.74403408
3.0,3.0,816.75,6.70533305,272.25,1.0,11019.28375,17.52449479365033,17.30474131619205,0,8500000,15.95557672
3.0,5.0,1361.25,7.216158674,453.75,1.666666667,13957.75941,17.52449479365033,17.0930370689899,0,19500000,16.78592502
3.0,4.0,1361.25,7.216158674,453.75,1.333333333,20202.0202,17.52449479365033,17.30474131619205,0,27000000,17.11134742
5.0,7.0,1905.75,7.552630911,381.15,1.4,19283.74656,17.52449479365033,17.63082525563043,1,40900000,17.52664062
6.0,7.0,1905.75,7.552630911,317.625,1.166666667,19283.74656,17.52449479365033,17.63082525563043,0,28000000,17.14771507
7.0,6.0,10890.0,9.295600216,1555.714286,0.857142857,51067.863385,17.52449479365033,17.63082525563043,0,1000000000,20.72326584
5.0,5.0,5445.0,8.602453035,1089.0,1.0,12511.47842,17.52449479365033,17.0930370689899,0,39000000,17.4790722
5.0,6.0,1361.25,7.216158674,272.25,1.2,19467.40129,17.52449479365033,17.48107115846154,0,25900000,17.06975353
4.0,5.0,1386.0,7.23417718,346.5,1.25,22000.0,17.03228004347826,17.38481072169611,1,26000000,17.0736071
6.0,6.0,7078.5,8.8648173,1179.75,1.0,21120.29385,17.52449479365033,17.63082525563043,0,240000000,19.29614948
5.0,6.0,4628.25,8.439934106,925.65,1.2,23767.08259,18.00816093799353,17.48107115846154,0,113500000,18.54731339
3.0,4.0,1361.25,7.216158674,453.75,1.333333333,12488.52158,18.00816093799353,17.30474131619205,0,13500000,16.41820024
4.0,5.0,2885.85,7.967574763,721.4625,1.25,11202.938475,17.03228004347826,17.0930370689899,0,30500000,17.23323724
6.0,7.0,10890.0,9.295600216,1815.0,1.166666667,15861.09024,18.00816093799353,17.48107115846154,0,179000000,19.00289636
5.0,6.0,5445.0,8.602453035,1089.0,1.2,17171.71717,17.52449479365033,17.48107115846154,0,135000000,18.72078534
5.0,6.0,5445.0,8.602453035,1089.0,1.2,12511.47842,17.52449479365033,17.0930370689899,0,29000000,17.18280639
3.0,3.0,816.75,6.70533305,272.25,1.0,14325.06887,17.52449479365033,17.30474131619205,0,12000000,16.30041721
5.0,6.0,2722.5,7.909305855,544.5,1.2,15610.65197,17.52449479365033,17.63082525563043,1,78000000,18.17221938
3.0,4.0,2994.75,8.004616035,998.25,1.333333333,14992.904245,16.74009781756667,17.48107115846154,1,42500000,17.56501463
2.0,3.0,680.625,6.523011494,340.3125,1.5,11753.90266,17.52449479365033,17.0930370689899,0,6500000,15.68731273
0.0,0.0,2178.0,7.686162303,2178.0,0.0,2984.389348,16.7407250003125,17.63082525563043,1,6500000,15.68731273
5.0,6.0,5445.0,8.602453035,1089.0,1.2,13957.75941,17.52449479365033,17.0930370689899,0,71500000,18.08520801
5.0,5.0,2722.5,7.909305855,544.5,1.0,12511.47842,17.52449479365033,17.0930370689899,0,30000000,17.21670794
4.0,5.0,10890.0,9.295600216,2722.5,1.25,15861.09024,18.00816093799353,17.48107115846154,1,200000000,19.11382792
0.0,0.0,5445.0,8.602453035,5445.0,0.0,5876.9513315,16.7407250003125,17.48107115846154,1,30000000,17.21670794
0.0,0.0,900.0,6.802394763,900.0,0.0,26481.48148,18.23946870666667,17.38481072169611,1,90000000,18.31532023
4.0,5.0,1361.25,7.216158674,340.3125,1.25,13957.75941,17.52449479365033,17.0930370689899,0,21000000,16.860033
5.0,6.0,5445.0,8.602453035,1089.0,1.2,17171.71717,17.52449479365033,17.48107115846154,0,87500000,18.28714935
2.0,2.0,1404.0,7.247080585,702.0,1.0,5698.005698000001,16.74009781756667,17.38481072169611,0,10500000,16.16688582
6.0,7.0,5445.0,8.602453035,907.5,1.166666667,24334.251605,18.00816093799353,17.48107115846154,0,220000000,19.2091381
5.0,5.0,4083.75,8.314770963,816.75,1.0,17447.19927,17.52449479365033,17.30474131619205,0,80000000,18.19753719
4.0,4.0,3539.25,8.171670119,884.8125,1.0,15861.09024,16.74009781756667,17.48107115846154,1,40000000,17.50439001
0.0,1.0,9000.0,9.104979856,9000.0,0.0,150.0,18.00816093799353,17.38481072169611,1,1500000,14.22097567
5.0,5.0,3811.5,8.245778091,762.3,1.0,19283.74656,17.52449479365033,17.63082525563043,1,102500000,18.44537336
3.0,3.0,1800.0,7.495541944,600.0,1.0,11666.66667,17.03228004347826,17.38481072169611,0,19900000,16.80623029
0.0,0.0,5445.0,8.602453035,5445.0,0.0,5876.9513315,16.89827182589474,17.48107115846154,1,19500000,16.78592502
4.0,5.0,1905.75,7.552630911,476.4375,1.25,18365.47291,17.52449479365033,17.30474131619205,0,41000000,17.52908262
0.0,0.0,4500.0,8.411832676,4500.0,0.0,22000.0,16.7407250003125,17.38481072169611,1,11000000,16.21340583
3.0,3.0,1007.325,6.915053581,335.775,1.0,20779.22078,17.52449479365033,17.30474131619205,0,20000000,16.81124283
2.0,2.0,800.0,6.684611728,400.0,1.0,19283.74656,16.74009781756667,17.63082525563043,1,8000000,15.8949521
5.0,5.0,9801.0,9.1902397,1960.2,1.0,23875.11478,17.52449479365033,17.30474131619205,0,250000000,19.33697148
5.0,6.0,2722.5,7.909305855,544.5,1.2,16345.27089,17.52449479365033,17.2241481738,0,51000000,17.74733619
5.0,6.0,2722.5,7.909305855,544.5,1.2,20202.0202,17.52449479365033,17.2241481738,0,57500000,17.86729551
0.0,1.0,275.0,5.616771098,275.0,0.0,17454.54545,16.74009781756667,17.48107115846154,1,4800000,15.38412648
0.0,0.0,5445.0,8.602453035,5445.0,0.0,15861.09024,16.7407250003125,17.48107115846154,1,16500000,16.61887094
4.0,5.0,1080.0,6.98471632,270.0,1.25,22000.0,17.52449479365033,17.38481072169611,1,39200000,17.4841873
5.0,6.0,2722.5,7.909305855,544.5,1.2,14612.029385,17.52449479365033,17.0930370689899,0,37500000,17.43985149
0.0,0.0,2722.5,7.909305855,2722.5,0.0,15861.09024,16.89827182589474,17.48107115846154,1,17000000,16.6487239
0.0,0.0,1089.0,6.993015123,1089.0,0.0,15861.09024,16.89827182589474,17.48107115846154,1,16100000,16.59432983
4.0,5.0,720.0,6.579251212,180.0,1.25,26388.88889,17.52449479365033,17.38481072169611,0,19500000,16.78592502
6.0,6.0,3865.95,8.259962726,644.325,1.0,19283.74656,17.52449479365033,17.63082525563043,0,95000000,18.36938745
4.0,5.0,1361.25,7.216158674,340.3125,1.25,11753.90266,17.52449479365033,17.0930370689899,0,16500000,16.61887094
4.0,4.0,2722.5,7.909305855,680.625,1.0,15861.09024,17.52449479365033,17.48107115846154,1,45000000,17.62217305
5.0,6.0,2722.5,7.909305855,544.5,1.2,12488.52158,18.00816093799353,17.0930370689899,0,34000000,17.34187108
3.0,4.0,1361.25,7.216158674,453.75,1.333333333,15861.09024,18.00816093799353,17.48107115846154,0,34500000,17.35646988
5.0,5.0,2178.0,7.686162303,435.6,1.0,13957.75941,17.52449479365033,17.2241481738,0,27800000,17.14054658
3.0,3.0,816.75,6.70533305,272.25,1.0,15610.651975,17.52449479365033,17.48107115846154,1,13500000,16.41820024
2.0,2.0,1098.0,7.001245622,549.0,1.0,22000.0,16.74009781756667,17.38481072169611,0,16500000,16.61887094
3.0,5.0,1361.25,7.216158674,453.75,1.666666667,21671.258035,17.52449479365033,17.63082525563043,0,30000000,17.21670794
8.0,6.0,1950.0,7.575584652,243.75,0.75,22000.0,17.544675218,17.38481072169611,1,38500000,17.4661688
4.0,4.0,544.5,6.299867942,136.125,1.0,14041.756535,17.03228004347826,17.0930370689899,0,7800000,15.86963429
6.0,7.0,1800.0,7.495541944,300.0,1.166666667,22000.0,17.52449479365033,17.38481072169611,1,75000000,18.13299867
3.0,4.0,816.75,6.70533305,272.25,1.333333333,17936.94521,17.52449479365033,17.30474131619205,0,15500000,16.55635058
5.0,6.0,5445.0,8.602453035,1089.0,1.2,12511.47842,17.52449479365033,17.0930370689899,0,40000000,17.50439001
5.0,6.0,2450.25,7.803945339,490.05,1.2,14041.756535,17.52449479365033,17.0930370689899,0,35000000,17.37085862
6.0,6.0,4500.0,8.411832676,750.0,1.0,29444.444445,18.00816093799353,17.38481072169611,1,170000000,18.951309
4.0,5.0,5445.0,8.602453035,1361.25,1.25,12396.694215,18.00816093799353,17.48107115846154,0,80000000,18.19753719
3.0,4.0,2640.825,7.878846647,880.275,1.333333333,13865.932045,17.03228004347826,17.0930370689899,0,19000000,16.75994954
6.0,6.0,2722.5,7.909305855,453.75,1.0,14041.756535,17.52449479365033,17.0930370689899,0,49000000,17.70733086
5.0,5.0,2160.0,7.677863501,432.0,1.0,104166.66666,18.00816093799353,17.38481072169611,1,170000000,18.951309
2.0,3.0,1579.05,7.364578679,789.525,1.5,11207.0096395,17.30156670857143,17.2241481738,0,8000000,15.8949521
3.0,4.0,1674.0,7.422971251,558.0,1.333333333,22000.0,16.74009781756667,17.38481072169611,0,21000000,16.860033
4.0,4.0,1361.25,7.216158674,340.3125,1.0,19283.74656,17.52449479365033,17.63082525563043,0,28000000,17.14771507
6.0,6.0,3267.0,8.091627412,544.5,1.0,23875.11478,17.52449479365033,17.30474131619205,0,85900000,18.26869439
2.0,2.0,2069.1,7.634869009,1034.55,1.0,14954.74223,16.74009781756667,17.2241481738,0,26000000,17.0736071
6.0,6.0,21780.0,9.988747396,3630.0,1.0,23875.11478,17.52449479365033,17.30474131619205,0,470000000,19.96824325
0.0,0.0,2178.0,7.686162303,2178.0,0.0,15861.09024,16.89827182589474,17.48107115846154,1,6500000,15.68731273
4.0,5.0,1633.5,7.398480231,408.375,1.25,12511.47842,17.52449479365033,17.0930370689899,0,25000000,17.03438638
4.0,5.0,2722.5,7.909305855,680.625,1.25,18365.47291,17.52449479365033,17.30474131619205,0,51500000,17.75709237
0.0,0.0,1080.0,6.98471632,1080.0,0.0,22000.0,16.89827182589474,17.38481072169611,1,3500000,15.06827353
4.0,5.0,2178.0,7.686162303,544.5,1.25,15861.09024,18.00816093799353,17.48107115846154,1,380000000,19.75568181
6.0,6.0,3996.0,8.29304914,666.0,1.0,22000.0,17.52449479365033,17.38481072169611,0,105000000,18.46947091
5.0,6.0,5445.0,8.602453035,1089.0,1.2,10101.0101,17.52449479365033,17.0930370689899,0,55000000,17.82284374
6.0,6.0,1080.0,6.98471632,180.0,1.0,41851.85185,18.00816093799353,17.38481072169611,1,62500000,17.95067711
3.0,3.0,1361.25,7.216158674,453.75,1.0,16324.86481,18.00816093799353,17.63082525563043,0,12500000,16.3412392
4.0,4.0,2178.0,7.686162303,544.5,1.0,20202.0202,17.52449479365033,17.2241481738,0,42500000,17.56501463
4.0,5.0,2722.5,7.909305855,680.625,1.25,17447.19927,17.52449479365033,17.30474131619205,0,45000000,17.62217305
6.0,6.0,4900.5,8.49709252,816.75,1.0,18365.47291,17.30156670857143,17.63082525563043,0,65000000,17.98989783
4.0,5.0,4500.0,8.411832676,1125.0,1.25,22000.0,16.74009781756667,17.38481072169611,0,80000000,18.19753719
0.0,0.0,5445.0,8.602453035,5445.0,0.0,15861.09024,16.89827182589474,17.48107115846154,1,65000000,17.98989783
6.0,7.0,2722.5,7.909305855,453.75,1.166666667,14612.029385,17.52449479365033,17.0930370689899,0,40500000,17.51681253
5.0,6.0,4500.0,8.411832676,900.0,1.2,59444.444445,17.30156670857143,17.38481072169611,1,160000000,18.89068437
5.0,6.0,2722.5,7.909305855,544.5,1.2,12488.52158,17.52449479365033,17.0930370689899,0,35000000,17.37085862
3.0,4.0,1361.25,7.216158674,453.75,1.333333333,19467.40129,18.00816093799353,17.48107115846154,0,35500000,17.38504325
3.0,3.0,2304.0,7.742402022,768.0,1.0,22000.0,16.74009781756667,17.38481072169611,0,62500000,17.95067711
0.0,0.0,5445.0,8.602453035,5445.0,0.0,7070.707071,16.7407250003125,17.48107115846154,1,38500000,17.4661688
6.0,6.0,3267.0,8.091627412,544.5,1.0,18212.427305,17.52449479365033,17.2241481738,0,55000000,17.82284374
5.0,5.0,2722.5,7.909305855,544.5,1.0,15861.09024,17.52449479365033,17.48107115846154,1,42500000,17.56501463
3.0,4.0,1361.25,7.216158674,453.75,1.333333333,15861.09024,17.52449479365033,17.48107115846154,0,28500000,17.16541465
4.0,5.0,2722.5,7.909305855,680.625,1.25,12511.47842,17.52449479365033,17.0930370689899,0,30000000,17.21670794
4.0,5.0,1905.75,7.552630911,476.4375,1.25,16843.7623,18.00816093799353,17.30474131619205,0,32000000,17.28124646
5.0,6.0,1905.75,7.552630911,381.15,1.2,16843.7623,17.52449479365033,17.30474131619205,0,27500000,17.12969656
4.0,4.0,3150.0,8.055157732,787.5,1.0,6587.3015875,17.03228004347826,17.38481072169611,0,21000000,16.860033
6.0,6.0,3375.9,8.124417234,562.65,1.0,14954.74223,17.52449479365033,17.2241481738,0,51000000,17.74733619
5.0,5.0,2722.5,7.909305855,544.5,1.0,19926.53811,17.52449479365033,17.63082525563043,0,65000000,17.98989783
1.0,1.0,898.425,6.80064323,898.425,1.0,9478.95376,16.74009781756667,17.2241481738,0,8000000,15.8949521
5.0,5.0,1361.25,7.216158674,272.25,1.0,16528.92562,17.52449479365033,17.30474131619205,0,22500000,16.92902587
5.0,5.0,1905.75,7.552630911,381.15,1.0,32795.48734,17.52449479365033,17.63082525563043,0,72500000,18.09909712
5.0,6.0,5445.0,8.602453035,1089.0,1.2,24334.251605,17.52449479365033,17.48107115846154,0,100000000,18.42068074
5.0,5.0,2722.5,7.909305855,544.5,1.0,11202.938475,17.52449479365033,17.0930370689899,0,31000000,17.24949776
5.0,6.0,2722.5,7.909305855,544.5,1.2,18732.78237,17.52449479365033,17.48107115846154,1,55000000,17.82284374
5.0,5.0,2722.5,7.909305855,544.5,1.0,13223.1405,17.52449479365033,17.2241481738,0,36000000,17.3990295
3.0,4.0,5445.0,8.602453035,1815.0,1.333333333,15861.09024,17.52449479365033,17.48107115846154,0,38000000,17.45309672
5.0,6.0,5445.0,8.602453035,1089.0,1.2,11478.42057,17.52449479365033,17.0930370689899,0,45000000,17.62217305
3.0,3.0,816.75,6.70533305,272.25,1.0,10407.10132,17.52449479365033,17.0930370689899,0,8500000,15.95557672
0.0,0.0,1361.25,7.216158674,1361.25,0.0,15861.09024,16.89827182589474,17.48107115846154,1,22000000,16.90655301
2.0,2.0,750.0,6.620073207,375.0,1.0,22000.0,16.74009781756667,17.38481072169611,1,9000000,16.01273514
2.0,3.0,108900.0,11.59818531,54450.0,1.5,15861.09024,17.52449479365033,17.48107115846154,1,100000000,18.42068074
5.0,6.0,5445.0,8.602453035,1089.0,1.2,12511.47842,17.52449479365033,17.0930370689899,0,75000000,18.13299867
6.0,6.0,1080.0,6.98471632,180.0,1.0,22000.0,17.52449479365033,17.38481072169611,1,39000000,17.4790722
3.0,4.0,2304.0,7.742402022,768.0,1.333333333,23875.11478,17.30156670857143,17.38481072169611,0,62000000,17.94264494
6.0,6.0,1905.75,7.552630911,317.625,1.0,9917.355372,17.52449479365033,17.2241481738,0,26000000,17.0736071
5.0,6.0,5445.0,8.602453035,1089.0,1.2,24334.251605,17.52449479365033,17.48107115846154,0,112500000,18.53846378
3.0,3.0,1800.0,7.495541944,600.0,1.0,18726.59176,16.74009781756667,17.38481072169611,0,22500000,16.92902587
4.0,5.0,3150.0,8.055157732,787.5,1.25,22000.0,17.52449479365033,17.38481072169611,0,85000000,18.25816181
0.0,0.0,1361.25,7.216158674,1361.25,0.0,15861.09024,16.7407250003125,17.48107115846154,1,7800000,15.86963429
3.0,3.0,1197.0,7.087573706,399.0,1.0,24334.251605,17.30156670857143,17.38481072169611,0,22500000,16.92902587
2.0,2.0,1361.25,7.216158674,680.625,1.0,9182.736455,17.52449479365033,17.2241481738,0,7500000,15.83041358
2.0,2.0,1306.8,7.17533668,653.4,1.0,8866.090371,16.74009781756667,17.2241481738,0,15800000,16.5755205
4.0,5.0,9000.0,9.104979856,2250.0,1.25,150.0,18.00816093799353,17.38481072169611,1,1500000,14.22097567
0.0,0.0,1361.25,7.216158674,1361.25,0.0,19283.74656,16.7407250003125,17.63082525563043,1,6500000,15.68731273
1.0,2.0,1361.25,7.216158674,1361.25,2.0,12855.83104,17.30156670857143,17.2241481738,0,17500000,16.67771144
5.0,6.0,7078.5,8.8648173,1415.7,1.2,18365.47291,17.52449479365033,17.2241481738,0,109000000,18.50685844
3.0,4.0,1361.25,7.216158674,453.75,1.333333333,19467.40129,17.52449479365033,17.48107115846154,0,24800000,17.02635421
1.0,1.0,999.0,6.906754779,999.0,1.0,22000.0,17.52449479365033,17.38481072169611,0,40000000,17.50439001
4.0,4.0,1080.0,6.98471632,270.0,1.0,62962.96296,18.00816093799353,17.38481072169611,0,68000000,18.03501826
0.0,0.0,5445.0,8.602453035,5445.0,0.0,5876.9513315,16.89827182589474,17.48107115846154,1,35500000,17.38504325
5.0,6.0,6534.0,8.784774592,1306.8,1.2,17447.19927,17.52449479365033,17.2241481738,0,149500000,18.82280695
3.0,1.0,1361.25,7.216158674,453.75,0.333333333,14954.74223,17.03228004347826,17.2241481738,0,6500000,15.68731273
5.0,6.0,5445.0,8.602453035,1089.0,1.2,14041.756535,17.52449479365033,17.0930370689899,0,53900000,17.80264104
2.0,2.0,1053.0,6.959398512,526.5,1.0,15786.890315,16.74009781756667,17.38481072169611,0,15500000,16.55635058
3.0,3.0,1125.0,7.025538315,375.0,1.0,9955.555556,17.03228004347826,17.38481072169611,0,13800000,16.44017915
2.0,2.0,720.0,6.579251212,360.0,1.0,22000.0,17.52449479365033,17.38481072169611,1,8500000,15.95557672
2.0,2.0,789.525,6.671431499,394.7625,1.0,17447.19927,18.00816093799353,17.30474131619205,0,6000000,15.60727003
3.0,4.0,1361.25,7.216158674,453.75,1.333333333,19834.71074,17.52449479365033,17.48107115846154,0,27000000,17.11134742
4.0,4.0,1080.0,6.98471632,270.0,1.0,41666.66667,18.00816093799353,17.38481072169611,0,45000000,17.62217305
6.0,6.0,5445.0,8.602453035,907.5,1.0,17447.19927,17.52449479365033,17.2241481738,0,91500000,18.33184953
5.0,5.0,1905.75,7.552630911,381.15,1.0,15861.09024,17.52449479365033,17.48107115846154,1,28500000,17.16541465
3.0,3.0,1125.0,7.025538315,375.0,1.0,22000.0,17.03228004347826,17.38481072169611,0,16500000,16.61887094
1.0,2.0,925.65,6.830496193,925.65,2.0,13957.75941,16.74009781756667,17.2241481738,0,12300000,16.32510982
5.0,5.0,2722.5,7.909305855,544.5,1.0,16528.92562,17.52449479365033,17.2241481738,0,45000000,17.62217305
4.0,5.0,5994.0,8.698514248,1498.5,1.25,22000.0,18.00816093799353,17.38481072169611,1,150000000,18.82614585
2.0,2.0,500.0,6.214608098,250.0,1.0,22000.0,16.74009781756667,17.38481072169611,1,6000000,15.60727003
3.0,4.0,1700.0,7.43838353,566.6666667,1.333333333,27527.52753,16.74009781756667,17.38481072169611,1,50000000,17.72753356
0.0,0.0,13068.0,9.477921773,13068.0,0.0,15861.09024,16.7407250003125,17.48107115846154,1,65000000,17.98989783
5.0,6.0,5445.0,8.602453035,1089.0,1.2,21120.29385,17.52449479365033,17.63082525563043,0,122500000,18.62362159
4.0,5.0,600.0,6.396929655,150.0,1.25,22000.0,18.00816093799353,17.38481072169611,1,35000000,17.37085862
5.0,6.0,1905.75,7.552630911,381.15,1.2,15217.10613,17.52449479365033,17.2241481738,0,27500000,17.12969656
5.0,6.0,5445.0,8.602453035,1089.0,1.2,19283.74656,17.52449479365033,17.63082525563043,0,147500000,18.80933873
4.0,5.0,900.0,6.802394763,225.0,1.25,66666.66667,17.30156670857143,17.38481072169611,1,75000000,18.13299867
1.0,1.0,653.4,6.482189499,653.4,1.0,8866.090371,18.00816093799353,17.2241481738,0,7700000,15.85673089
3.0,4.0,1361.25,7.216158674,453.75,1.333333333,18732.78237,17.52449479365033,17.48107115846154,1,27000000,17.11134742
4.0,5.0,2700.0,7.901007052,675.0,1.25,19283.74656,17.30156670857143,17.63082525563043,1,43000000,17.57671067
5.0,6.0,2613.6,7.86848386,522.72,1.2,14612.029385,17.52449479365033,17.0930370689899,0,37500000,17.43985149
0.0,0.0,10890.0,9.295600216,10890.0,0.0,15861.09024,16.7407250003125,17.48107115846154,1,115000000,18.56044269
4.0,5.0,2722.5,7.909305855,680.625,1.25,15861.09024,17.52449479365033,17.48107115846154,1,74500000,18.12630968
2.0,2.0,1061.775,6.967697315,530.8875,1.0,8754.904416,16.74009781756667,17.2241481738,0,8800000,15.99026228
3.0,3.0,816.75,6.70533305,272.25,1.0,16446.280995,17.52449479365033,17.48107115846154,1,15500000,16.55635058
3.0,3.0,1125.0,7.025538315,375.0,1.0,22000.0,17.30156670857143,17.38481072169611,0,17200000,16.66041994
3.0,3.0,1800.0,7.495541944,600.0,1.0,22000.0,18.00816093799353,17.38481072169611,1,35000000,17.37085862
5.0,5.0,2722.5,7.909305855,544.5,1.0,19283.74656,17.52449479365033,17.63082525563043,0,63000000,17.95864528
3.0,3.0,1197.0,7.087573706,399.0,1.0,11093.905055,16.74009781756667,17.38481072169611,0,12000000,16.30041721
5.0,5.0,1905.75,7.552630911,381.15,1.0,24050.02405,17.52449479365033,17.30474131619205,0,42500000,17.56501463
5.0,6.0,5445.0,8.602453035,1089.0,1.2,10101.0101,17.52449479365033,17.0930370689899,0,60000000,17.90985512
0.0,0.0,5445.0,8.602453035,5445.0,0.0,4205.693297,16.7407250003125,17.48107115846154,1,22900000,16.94664747
4.0,5.0,1361.25,7.216158674,340.3125,1.25,9917.355372,17.52449479365033,17.0930370689899,0,14000000,16.45456789
0.0,0.0,1089.0,6.993015123,1089.0,0.0,15861.09024,18.23946870666667,17.48107115846154,1,50000000,17.72753356
2.0,2.0,864.0,6.761572769,432.0,1.0,22000.0,17.52449479365033,17.38481072169611,0,8000000,15.8949521
5.0,7.0,5445.0,8.602453035,1089.0,1.4,20202.0202,18.00816093799353,17.48107115846154,0,82500000,18.22830885
3.0,3.0,1250.0,7.13089883,416.6666667,1.0,29444.444445,17.30156670857143,17.38481072169611,1,33000000,17.31201812
1.0,2.0,980.1,6.887654607,980.1,2.0,9478.95376,18.00816093799353,17.2241481738,0,13000000,16.38045992
5.0,6.0,2700.0,7.901007052,540.0,1.2,22000.0,17.52449479365033,17.38481072169611,1,77500000,18.16578849
1.0,1.0,1524.6,7.32948736,1524.6,1.0,15413.87905,16.74009781756667,17.63082525563043,0,23500000,16.97251098
2.0,3.0,1361.25,7.216158674,680.625,1.5,14954.74223,17.52449479365033,17.2241481738,0,11000000,16.21340583
5.0,6.0,2994.75,8.004616035,598.95,1.2,11602.817245,17.52449479365033,17.30474131619205,0,37500000,17.43985149
3.0,3.0,2160.0,7.677863501,720.0,1.0,37037.03704,18.00816093799353,17.38481072169611,1,36000000,17.3990295
3.0,5.0,1361.25,7.216158674,453.75,1.666666667,21671.258035,17.52449479365033,17.63082525563043,0,27500000,17.12969656
3.0,4.0,2722.5,7.909305855,907.5,1.333333333,23767.08259,17.30156670857143,17.48107115846154,0,34500000,17.35646988
3.0,3.0,2700.0,7.901007052,900.0,1.0,22000.0,16.74009781756667,17.38481072169611,1,115000000,18.56044269
5.0,6.0,2722.5,7.909305855,544.5,1.2,20385.67493,17.52449479365033,17.63082525563043,0,52500000,17.77632373
6.0,7.0,5445.0,8.602453035,907.5,1.166666667,17171.71717,17.52449479365033,17.48107115846154,0,124500000,18.63981627
4.0,4.0,3267.0,8.091627412,816.75,1.0,12473.21702,18.00816093799353,17.48107115846154,0,39000000,17.4790722
5.0,6.0,5445.0,8.602453035,1089.0,1.2,21120.29385,17.52449479365033,17.63082525563043,0,115000000,18.56044269
4.0,6.0,1905.75,7.552630911,476.4375,1.5,19283.74656,17.52449479365033,17.63082525563043,0,69000000,18.04961706
5.0,6.0,4500.0,8.411832676,900.0,1.2,24334.251605,18.00816093799353,17.38481072169611,0,180000000,19.00846741
3.0,3.0,2368.575,7.770043787,789.525,1.0,42381.86056,17.30156670857143,17.63082525563043,0,85000000,18.25816181
2.0,2.0,954.0,6.860663671,477.0,1.0,24334.251605,16.74009781756667,17.38481072169611,0,21000000,16.860033
3.0,3.0,816.75,6.70533305,272.25,1.0,15861.09024,17.52449479365033,17.48107115846154,0,9500000,16.06680236
4.0,5.0,3267.0,8.091627412,816.75,1.25,12473.21702,16.74009781756667,17.48107115846154,0,41500000,17.54120399
4.0,5.0,2722.5,7.909305855,680.625,1.25,17447.19927,17.52449479365033,17.30474131619205,0,55000000,17.82284374
6.0,7.0,4500.0,8.411832676,750.0,1.166666667,61111.11111,18.00816093799353,17.38481072169611,0,285000000,19.46799974
0.0,0.0,1361.25,7.216158674,1361.25,0.0,15861.09024,16.7407250003125,17.48107115846154,1,7500000,15.83041358
3.0,3.0,1368.0,7.221105098,456.0,1.0,14181.28655,17.03228004347826,17.38481072169611,0,20000000,16.81124283
6.0,6.0,2722.5,7.909305855,453.75,1.0,13544.53627,17.52449479365033,17.63082525563043,0,35000000,17.37085862
1.0,1.0,626.175,6.439629885,626.175,1.0,9478.95376,16.74009781756667,17.2241481738,0,7000000,15.76142071
6.0,6.0,2994.75,8.004616035,499.125,1.0,18212.427305,17.52449479365033,17.2241481738,0,55000000,17.82284374
4.0,5.0,2178.0,7.686162303,544.5,1.25,15861.09024,18.00816093799353,17.48107115846154,1,200000000,19.11382792
5.0,6.0,2722.5,7.909305855,544.5,1.2,19283.74656,17.52449479365033,17.63082525563043,0,55000000,17.82284374
5.0,6.0,1905.75,7.552630911,381.15,1.2,19283.74656,18.00816093799353,17.63082525563043,1,35500000,17.38504325
5.0,6.0,2178.0,7.686162303,435.6,1.2,16843.7623,17.52449479365033,17.30474131619205,0,25000000,17.03438638
7.0,6.0,6534.0,8.784774592,933.4285714,0.857142857,17447.19927,17.52449479365033,17.2241481738,0,87500000,18.28714935
7.0,6.0,2722.5,7.909305855,388.9285714,0.857142857,12511.47842,17.52449479365033,17.0930370689899,0,25000000,17.03438638
5.0,7.0,1905.75,7.552630911,381.15,1.4,17060.55773,17.52449479365033,17.63082525563043,0,42500000,17.56501463
4.0,5.0,1361.25,7.216158674,340.3125,1.25,17447.19927,17.52449479365033,17.30474131619205,0,20000000,16.81124283
5.0,7.0,2994.75,8.004616035,598.95,1.4,17447.19927,18.00816093799353,17.30474131619205,0,55000000,17.82284374
6.0,5.0,2722.5,7.909305855,453.75,0.833333333,19283.74656,17.52449479365033,17.63082525563043,0,50000000,17.72753356
4.0,5.0,1080.0,6.98471632,270.0,1.25,22000.0,17.52449479365033,17.38481072169611,0,20000000,16.81124283
3.0,4.0,1361.25,7.216158674,453.75,1.333333333,12511.47842,17.52449479365033,17.0930370689899,0,16000000,16.58809928
3.0,4.0,3539.25,8.171670119,1179.75,1.333333333,14992.904245,16.74009781756667,17.48107115846154,1,57200000,17.86206446
1.0,1.0,225.0,5.416100402,225.0,1.0,15861.09024,16.74009781756667,17.48107115846154,1,3200000,14.97866137
3.5,5.0,190.0,5.247024072,54.28571429,1.428571429,17454.54545,15.6743339095,17.48107115846154,1,5700000,15.55597673
4.0,4.0,1361.25,7.216158674,340.3125,1.0,15861.09024,17.52449479365033,17.48107115846154,0,26500000,17.09265529
3.0,4.0,1361.25,7.216158674,453.75,1.333333333,12488.52158,17.52449479365033,17.30474131619205,0,16500000,16.61887094
3.0,4.0,1602.0,7.379008128,534.0,1.333333333,22000.0,16.74009781756667,17.38481072169611,0,30000000,17.21670794
4.0,6.0,1080.0,6.98471632,270.0,1.5,22000.0,17.52449479365033,17.38481072169611,1,40000000,17.50439001
5.0,6.0,2450.25,7.803945339,490.05,1.2,14041.756535,17.03228004347826,17.0930370689899,0,40000000,17.50439001
5.0,5.0,2450.25,7.803945339,490.05,1.0,24050.02405,17.52449479365033,17.30474131619205,0,55000000,17.82284374
0.0,0.0,1361.25,7.216158674,1361.25,0.0,5876.951331,16.89827182589474,17.48107115846154,1,8000000,15.8949521
4.0,5.0,5445.0,8.602453035,1361.25,1.25,15861.09024,18.00816093799353,17.48107115846154,0,75000000,18.13299867
5.0,5.0,5445.0,8.602453035,1089.0,1.0,27915.51882,17.52449479365033,17.63082525563043,0,105000000,18.46947091
0.0,0.0,5445.0,8.602453035,5445.0,0.0,4205.693297,16.7407250003125,17.48107115846154,1,47000000,17.66565816
5.0,7.0,5445.0,8.602453035,1089.0,1.4,13957.75941,17.52449479365033,17.0930370689899,0,67500000,18.02763816
5.0,6.0,2722.5,7.909305855,544.5,1.2,17447.19927,17.52449479365033,17.2241481738,0,41000000,17.52908262
2.0,1.0,544.5,6.299867942,272.25,0.5,12855.83104,16.74009781756667,17.2241481738,0,7200000,15.78959158
4.0,2.0,400.0,5.991464547,100.0,0.5,15861.09024,18.00816093799353,17.48107115846154,1,34500000,17.35646988
5.0,6.0,3539.25,8.171670119,707.85,1.2,24050.02405,17.52449479365033,17.30474131619205,0,73000000,18.10597
5.0,6.0,2341.35,7.758482965,468.27,1.2,14041.756535,17.52449479365033,17.0930370689899,0,32500000,17.29675065
5.0,6.0,5445.0,8.602453035,1089.0,1.2,15861.09024,17.52449479365033,17.48107115846154,0,116000000,18.56910075
5.0,5.0,5445.0,8.602453035,1089.0,1.0,11478.42057,17.52449479365033,17.0930370689899,0,62500000,17.95067711
3.0,4.0,3267.0,8.091627412,1089.0,1.333333333,11207.0096395,17.52449479365033,17.2241481738,0,55000000,17.82284374
4.0,5.0,1361.25,7.216158674,340.3125,1.25,19283.74656,18.00816093799353,17.63082525563043,1,7800000,15.86963429
0.0,0.0,4356.0,8.379309484,4356.0,0.0,15861.09024,16.7407250003125,17.48107115846154,1,55000000,17.82284374
5.0,5.0,1905.75,7.552630911,381.15,1.0,12511.47842,17.52449479365033,17.0930370689899,0,23500000,16.97251098
4.0,4.0,1905.75,7.552630911,476.4375,1.0,9182.736455,17.52449479365033,17.2241481738,0,17500000,16.67771144
1.0,1.0,598.95,6.395178122,598.95,1.0,19283.74656,18.00816093799353,17.63082525563043,0,7500000,15.83041358
1.0,1.0,680.625,6.523011494,680.625,1.0,19283.74656,16.74009781756667,17.63082525563043,0,12500000,16.3412392
3.0,3.0,2994.75,8.004616035,998.25,1.0,11019.28375,17.52449479365033,17.30474131619205,0,35000000,17.37085862
5.0,5.0,2450.25,7.803945339,490.05,1.0,15406.591165,17.03228004347826,17.0930370689899,0,37000000,17.42642847
5.0,6.0,5445.0,8.602453035,1089.0,1.2,15861.09024,18.00816093799353,17.48107115846154,0,91900000,18.33621159
6.0,7.0,14701.5,9.595704808,2450.25,1.166666667,7978.723404,17.52449479365033,17.48107115846154,1,175000000,18.98029653
5.0,6.0,1361.25,7.216158674,272.25,1.2,14954.74223,17.30156670857143,17.2241481738,0,62500000,17.95067711
5.0,6.0,3267.0,8.091627412,653.4,1.2,14845.423935,17.03228004347826,17.0930370689899,0,43000000,17.57671067
4.0,5.0,1905.75,7.552630911,476.4375,1.25,20202.0202,17.52449479365033,17.30474131619205,0,42500000,17.56501463
3.0,3.0,1440.0,7.272398393,480.0,1.0,22000.0,18.00816093799353,17.38481072169611,1,15500000,16.55635058
5.0,6.0,1913.0,7.556427969,382.6,1.2,15861.09024,17.52449479365033,17.48107115846154,1,39000000,17.4790722
6.0,6.0,2722.5,7.909305855,453.75,1.0,17447.19927,17.52449479365033,17.30474131619205,0,49000000,17.70733086
2.0,2.0,1089.0,6.993015123,544.5,1.0,8754.904416,17.30156670857143,17.2241481738,0,9000000,16.01273514
4.0,4.0,816.75,6.70533305,204.1875,1.0,15861.09024,17.52449479365033,17.48107115846154,0,27000000,17.11134742
0.0,0.0,945.0,6.851184927,945.0,0.0,19283.74656,16.7407250003125,17.63082525563043,1,5300000,15.48321738
1.0,1.0,1034.55,6.941721829,1034.55,1.0,42381.86056,16.74009781756667,17.63082525563043,0,54000000,17.8044946
3.0,4.0,1872.0,7.534762657,624.0,1.333333333,29629.62963,16.74009781756667,17.38481072169611,0,72500000,18.09909712
3.0,4.0,1361.25,7.216158674,453.75,1.333333333,13314.96786,17.52449479365033,17.0930370689899,0,19000000,16.75994954
5.0,6.0,5445.0,8.602453035,1089.0,1.2,21854.91276,17.52449479365033,17.2241481738,0,105000000,18.46947091
5.0,6.0,5445.0,8.602453035,1089.0,1.2,21120.29385,17.52449479365033,17.63082525563043,0,115000000,18.56044269
5.0,6.0,5989.5,8.697763215,1197.9,1.2,15861.09024,17.52449479365033,17.48107115846154,0,320000000,19.58383155
4.0,4.0,3150.0,8.055157732,787.5,1.0,22000.0,17.03228004347826,17.38481072169611,1,21000000,16.860033
5.0,5.0,2448.0,7.803026644,489.6,1.0,13333.33333,17.52449479365033,17.38481072169611,0,28500000,17.16541465
3.0,3.0,1197.0,7.087573706,399.0,1.0,22000.0,16.74009781756667,17.38481072169611,0,15000000,16.52356076
4.0,5.0,12523.5,9.435362158,3130.875,1.25,51067.863385,16.7407250003125,17.63082525563043,0,550000000,20.12542884
3.0,4.0,1361.25,7.216158674,453.75,1.333333333,21671.258035,17.52449479365033,17.63082525563043,0,29000000,17.18280639
6.0,6.0,2160.0,7.677863501,360.0,1.0,22000.0,17.52449479365033,17.38481072169611,1,49600000,17.71950139
6.0,6.0,5445.0,8.602453035,907.5,1.0,14488.31752,17.52449479365033,17.0930370689899,0,55000000,17.82284374
4.0,4.0,1361.25,7.216158674,340.3125,1.0,15977.96143,17.52449479365033,17.48107115846154,0,18000000,16.70588232
1.0,1.0,898.425,6.80064323,898.425,1.0,13836.1502,17.30156670857143,17.2241481738,0,11500000,16.25785759
2.0,1.0,544.5,6.299867942,272.25,0.5,16528.92562,16.74009781756667,17.30474131619205,0,4500000,15.31958795
5.0,6.0,5445.0,8.602453035,1089.0,1.2,19283.74656,17.52449479365033,17.63082525563043,0,125000000,18.6438243
6.0,6.0,8712.0,9.072456665,1452.0,1.0,15861.09024,17.52449479365033,17.48107115846154,0,150000000,18.82614585
7.0,7.0,5989.5,8.697763215,855.6428571,1.0,24334.251605,18.00816093799353,17.48107115846154,0,150000000,18.82614585
1.0,1.0,500.0,6.214608098,500.0,1.0,15861.09024,16.74009781756667,17.48107115846154,1,9250000,16.04013411
6.0,6.0,5445.0,8.602453035,907.5,1.0,21120.29385,17.52449479365033,17.63082525563043,0,109000000,18.50685844
2.0,2.0,1551.825,7.347186937,775.9125,1.0,19283.74656,16.74009781756667,17.63082525563043,0,22500000,16.92902587
5.0,5.0,1361.25,7.216158674,272.25,1.0,19283.74656,17.52449479365033,17.63082525563043,0,25000000,17.03438638
0.0,0.0,1361.25,7.216158674,1361.25,0.0,15861.09024,16.89827182589474,17.48107115846154,1,11400000,16.24912391
4.0,4.0,2502.0,7.824845691,625.5,1.0,29629.62963,16.74009781756667,17.38481072169611,0,60000000,17.90985512
5.0,6.0,5445.0,8.602453035,1089.0,1.2,19283.74656,17.52449479365033,17.63082525563043,0,170000000,18.951309
0.0,0.0,1361.25,7.216158674,1361.25,0.0,15861.09024,16.7407250003125,17.48107115846154,1,5500000,15.52025865
2.0,2.0,1080.0,6.98471632,540.0,1.0,22000.0,17.52449479365033,17.38481072169611,1,21000000,16.860033
4.0,3.0,1080.0,6.98471632,270.0,0.75,43055.55556,18.00816093799353,17.38481072169611,1,12800000,16.36495573
5.0,6.0,3267.0,8.091627412,653.4,1.2,14845.423935,17.52449479365033,17.0930370689899,0,43000000,17.57671067
2.0,2.0,900.0,6.802394763,450.0,1.0,19283.74656,17.30156670857143,17.63082525563043,1,15000000,16.52356076
1.0,2.0,1388.475,7.235961302,1388.475,2.0,12855.83104,17.30156670857143,17.2241481738,0,22000000,16.90655301
5.0,6.0,2722.5,7.909305855,544.5,1.2,12488.52158,17.52449479365033,17.0930370689899,0,35000000,17.37085862
6.0,7.0,5989.5,8.697763215,998.25,1.166666667,17171.71717,18.00816093799353,17.48107115846154,0,95000000,18.36938745
0.0,0.0,5445.0,8.602453035,5445.0,0.0,19283.74656,16.7407250003125,17.63082525563043,1,140000000,18.75715298
2.0,2.0,650.0,6.476972363,325.0,1.0,18425.925925,18.00816093799353,17.38481072169611,1,5500000,15.52025865
5.0,4.0,1361.25,7.216158674,272.25,0.8,12488.52158,17.52449479365033,17.0930370689899,0,16500000,16.61887094
6.0,6.0,2722.5,7.909305855,453.75,1.0,13590.44995,17.52449479365033,17.48107115846154,1,37000000,17.42642847
1.0,1.0,952.875,6.85948373,952.875,1.0,19283.74656,16.74009781756667,17.63082525563043,0,17600000,16.68340946
2.0,2.5,3200.0,8.070906089,1600.0,1.25,19283.74656,18.95005811818182,17.63082525563043,1,600000000,20.21244021
5.0,6.0,2722.5,7.909305855,544.5,1.2,21120.29385,17.52449479365033,17.63082525563043,0,78000000,18.17221938
6.0,6.0,2700.0,7.901007052,450.0,1.0,22000.0,17.52449479365033,17.38481072169611,1,57000000,17.85856183
0.0,0.0,1633.5,7.398480231,1633.5,0.0,19283.74656,16.7407250003125,17.63082525563043,1,7000000,15.76142071
4.0,4.0,3204.0,8.072155308,801.0,1.0,31481.48148,17.30156670857143,17.38481072169611,0,85000000,18.25816181
2.0,2.0,900.0,6.802394763,450.0,1.0,22000.0,17.30156670857143,17.38481072169611,1,11000000,16.21340583
0.0,0.0,5445.0,8.602453035,5445.0,0.0,9458.2185485,16.89827182589474,17.48107115846154,1,55000000,17.82284374
5.0,5.0,5445.0,8.602453035,1089.0,1.0,11478.42057,17.52449479365033,17.0930370689899,0,58000000,17.87595357
4.0,5.0,1361.25,7.216158674,340.3125,1.25,21120.29385,17.52449479365033,17.63082525563043,0,52500000,17.77632373
3.0,3.0,2200.0,7.696212639,733.3333333,1.0,22000.0,16.74009781756667,17.38481072169611,1,40000000,17.50439001
5.0,6.0,1361.25,7.216158674,272.25,1.2,20569.32966,17.52449479365033,17.63082525563043,1,28000000,17.14771507
6.0,6.0,5445.0,8.602453035,907.5,1.0,17447.19927,17.52449479365033,17.2241481738,0,75000000,18.13299867
5.0,6.0,2722.5,7.909305855,544.5,1.2,13957.75941,17.52449479365033,17.0930370689899,0,36000000,17.3990295
5.0,5.0,1361.25,7.216158674,272.25,1.0,27915.51882,17.52449479365033,17.63082525563043,0,41500000,17.54120399
3.0,3.0,1125.0,7.025538315,375.0,1.0,10599.4152,17.03228004347826,17.38481072169611,0,11000000,16.21340583
5.0,5.0,1905.75,7.552630911,381.15,1.0,15610.65197,17.52449479365033,17.30474131619205,0,32500000,17.29675065
3.0,4.0,1361.25,7.216158674,453.75,1.333333333,19834.71074,17.52449479365033,17.48107115846154,1,28900000,17.17935215
5.0,5.0,1089.0,6.993015123,217.8,1.0,17447.19927,17.52449479365033,17.30474131619205,0,20000000,16.81124283
5.0,6.0,2722.5,7.909305855,544.5,1.2,13957.75941,17.52449479365033,17.0930370689899,0,37000000,17.42642847
5.0,5.0,3267.0,8.091627412,653.4,1.0,17936.94521,17.52449479365033,17.30474131619205,0,40000000,17.50439001
6.0,7.0,5445.0,8.602453035,907.5,1.166666667,13957.75941,17.52449479365033,17.2241481738,0,86500000,18.27565497
0.0,0.0,2722.5,7.909305855,2722.5,0.0,4848.484848,16.7407250003125,17.48107115846154,1,13200000,16.39572739
2.0,2.0,2096.325,7.647941091,1048.1625,1.0,19283.74656,16.74009781756667,17.63082525563043,0,28500000,17.16541465
5.0,6.0,1361.25,7.216158674,272.25,1.2,12488.52158,17.30156670857143,17.0930370689899,0,17500000,16.67771144
3.0,3.0,2700.0,7.901007052,900.0,1.0,22000.0,16.74009781756667,17.38481072169611,1,118000000,18.58619518
5.0,6.0,5445.0,8.602453035,1089.0,1.2,16988.06244,18.00816093799353,17.48107115846154,0,92500000,18.3427192
2.0,2.0,544.5,6.299867942,272.25,1.0,12511.47842,17.52449479365033,17.0930370689899,0,5000000,15.42494847
5.0,5.0,2722.5,7.909305855,544.5,1.0,21854.91276,17.52449479365033,17.2241481738,0,59500000,17.90148687
4.0,4.0,816.75,6.70533305,204.1875,1.0,15861.09024,17.52449479365033,17.48107115846154,0,17000000,16.6487239
1.0,1.0,517.275,6.248574648,517.275,1.0,19283.74656,16.74009781756667,17.63082525563043,0,7648000,15.84995473
5.0,5.0,1361.25,7.216158674,272.25,1.0,17447.19927,17.52449479365033,17.30474131619205,0,19500000,16.78592502
6.0,6.0,5445.0,8.602453035,907.5,1.0,25252.525255,17.52449479365033,17.63082525563043,0,135000000,18.72078534
4.0,5.0,1361.25,7.216158674,340.3125,1.25,15861.09024,17.52449479365033,17.48107115846154,0,26000000,17.0736071
5.0,6.0,6534.0,8.784774592,1306.8,1.2,15861.09024,17.30156670857143,17.48107115846154,0,91000000,18.32637006
4.0,5.0,1361.25,7.216158674,340.3125,1.25,12396.694215,17.52449479365033,17.0930370689899,0,10500000,16.16688582
2.0,2.0,1080.0,6.98471632,540.0,1.0,22000.0,17.03228004347826,17.38481072169611,1,16500000,16.61887094
11.0,7.0,9000.0,9.104979856,818.1818182,0.636363636,16988.06244,18.00816093799353,17.38481072169611,0,400000000,19.80697511
6.0,6.0,2722.5,7.909305855,453.75,1.0,14041.756535,17.52449479365033,17.0930370689899,0,36000000,17.3990295
7.0,6.0,5445.0,8.602453035,777.8571429,0.857142857,17630.85399,17.52449479365033,17.48107115846154,0,96000000,18.37985875
0.0,0.0,2722.5,7.909305855,2722.5,0.0,15861.09024,16.89827182589474,17.48107115846154,1,29900000,17.21336904
4.0,6.0,1361.25,7.216158674,340.3125,1.5,14041.756535,17.52449479365033,17.0930370689899,0,21500000,16.88356349
3.0,4.0,1361.25,7.216158674,453.75,1.333333333,16843.7623,17.52449479365033,17.30474131619205,0,25000000,17.03438638
2.0,2.0,1524.6,7.32948736,762.3,1.0,11937.55739,16.74009781756667,17.63082525563043,0,17000000,16.6487239
6.0,7.0,1080.0,6.98471632,180.0,1.166666667,41851.85185,17.52449479365033,17.38481072169611,1,63000000,17.95864528
5.0,6.0,5445.0,8.602453035,1089.0,1.2,24334.251605,17.52449479365033,17.48107115846154,0,89000000,18.30414693
8.0,6.0,4083.75,8.314770963,510.46875,0.75,17079.889805,17.52449479365033,17.48107115846154,0,79000000,18.18495841
0.0,0.0,2722.5,7.909305855,2722.5,0.0,8301.1937555,16.89827182589474,17.48107115846154,1,22900000,16.94664747
5.0,5.0,1089.0,6.993015123,217.8,1.0,19283.74656,17.52449479365033,17.63082525563043,1,30000000,17.21670794
3.0,4.0,1361.25,7.216158674,453.75,1.333333333,13314.96786,17.52449479365033,17.0930370689899,0,20000000,16.81124283
6.0,6.0,9000.0,9.104979856,1500.0,1.0,29444.444445,18.00816093799353,17.38481072169611,1,280000000,19.45030016
4.0,5.0,1361.25,7.216158674,340.3125,1.25,9403.12213,17.52449479365033,17.0930370689899,0,13500000,16.41820024
1.0,1.0,353.925,5.869085026,353.925,1.0,12511.47842,16.74009781756667,17.0930370689899,0,3000000,14.91412285
5.0,6.0,5445.0,8.602453035,1089.0,1.2,23875.11478,17.52449479365033,17.30474131619205,0,140000000,18.75715298
5.0,5.0,5445.0,8.602453035,1089.0,1.0,17447.19927,17.52449479365033,17.30474131619205,0,110000000,18.51599092
4.0,4.0,1080.0,6.98471632,270.0,1.0,22000.0,17.52449479365033,17.38481072169611,0,36500000,17.41282282
5.0,5.0,5445.0,8.602453035,1089.0,1.0,23875.11478,17.52449479365033,17.30474131619205,0,130000000,18.68304501
5.0,6.0,2722.5,7.909305855,544.5,1.2,21854.91276,17.52449479365033,17.2241481738,0,59500000,17.90148687
4.0,5.0,19602.0,9.883386881,4900.5,1.25,56509.14742,18.00816093799353,17.63082525563043,0,840000000,20.54891245
2.0,2.0,843.975,6.738122873,421.9875,1.0,14843.32742,16.74009781756667,17.63082525563043,0,17000000,16.6487239
3.0,3.0,1602.0,7.379008128,534.0,1.0,15786.890315,16.74009781756667,17.38481072169611,0,27000000,17.11134742
7.0,5.0,5445.0,8.602453035,777.8571429,0.714285714,19283.74656,17.52449479365033,17.63082525563043,0,120000000,18.6030023
0.0,0.0,2722.5,7.909305855,2722.5,0.0,9458.2185485,16.89827182589474,17.48107115846154,1,24000000,16.99356439
6.0,6.0,4500.0,8.411832676,750.0,1.0,61111.11111,18.00816093799353,17.38481072169611,0,315000000,19.5680832
3.0,4.0,1361.25,7.216158674,453.75,1.333333333,13957.75941,17.52449479365033,17.0930370689899,0,20000000,16.81124283
0.0,0.0,5445.0,8.602453035,5445.0,0.0,9458.2185485,16.89827182589474,17.48107115846154,1,55000000,17.82284374
6.0,5.0,4356.0,8.379309484,726.0,0.833333333,17447.19927,17.52449479365033,17.30474131619205,0,85000000,18.25816181
0.0,0.0,5445.0,8.602453035,5445.0,0.0,8301.1937555,16.89827182589474,17.48107115846154,1,30000000,17.21670794
5.0,6.0,2722.5,7.909305855,544.5,1.2,16345.27089,17.52449479365033,17.2241481738,0,32000000,17.28124646
2.0,1.0,381.15,5.943192998,190.575,0.5,13836.1502,16.74009781756667,17.2241481738,0,8000000,15.8949521
3.0,4.0,816.75,6.70533305,272.25,1.333333333,14325.06887,17.52449479365033,17.30474131619205,0,11000000,16.21340583
3.5,5.0,800.0,6.684611728,228.5714286,1.428571429,18425.925925,15.6743339095,17.38481072169611,1,13000000,16.38045992
5.0,6.0,2722.5,7.909305855,544.5,1.2,12488.52158,17.52449479365033,17.0930370689899,0,34000000,17.34187108
10.0,7.0,8167.5,9.007918143,816.75,0.7,12396.694215,17.52449479365033,17.0930370689899,0,89000000,18.30414693
6.0,6.0,5445.0,8.602453035,907.5,1.0,21120.29385,17.52449479365033,17.63082525563043,0,110000000,18.51599092
4.0,5.0,2041.875,7.621623782,510.46875,1.25,14041.756535,17.52449479365033,17.0930370689899,0,31500000,17.2654981
5.0,5.0,2722.5,7.909305855,544.5,1.0,19283.74656,18.00816093799353,17.63082525563043,1,53500000,17.79519221
4.0,5.0,1905.75,7.552630911,476.4375,1.25,16791.28952,17.52449479365033,17.2241481738,0,36500000,17.41282282
0.0,1.0,1080.0,6.98471632,1080.0,0.0,32407.40741,17.52449479365033,17.38481072169611,1,55000000,17.82284374
2.0,2.0,1080.0,6.98471632,540.0,1.0,22000.0,17.30156670857143,17.38481072169611,1,5800000,15.57336848
5.0,6.0,7078.5,8.8648173,1415.7,1.2,56509.14742,17.52449479365033,17.63082525563043,0,400000000,19.80697511
4.0,5.0,1361.25,7.216158674,340.3125,1.25,14041.756535,17.52449479365033,17.0930370689899,0,22000000,16.90655301
3.0,3.0,1125.0,7.025538315,375.0,1.0,9955.555556,17.03228004347826,17.38481072169611,0,11200000,16.23142434
6.0,5.0,9801.0,9.1902397,1633.5,0.833333333,10215.79431,17.52449479365033,17.2241481738,0,110000000,18.51599092
0.0,0.0,1633.5,7.398480231,1633.5,0.0,19283.74656,16.89827182589474,17.63082525563043,1,6200000,15.64005985
4.0,5.0,3267.0,8.091627412,816.75,1.25,14845.423935,18.00816093799353,17.0930370689899,0,45000000,17.62217305
5.0,4.0,1080.0,6.98471632,216.0,0.8,10263.15789,17.30156670857143,17.38481072169611,1,11400000,16.24912391
5.0,5.0,2722.5,7.909305855,544.5,1.0,17447.19927,17.52449479365033,17.30474131619205,0,40000000,17.50439001
0.0,0.0,5445.0,8.602453035,5445.0,0.0,19283.74656,16.7407250003125,17.63082525563043,1,40000000,17.50439001
5.0,6.0,2722.5,7.909305855,544.5,1.2,15977.96143,17.52449479365033,17.48107115846154,0,44500000,17.61099975
5.0,6.0,21780.0,9.988747396,4356.0,1.2,17447.19927,17.52449479365033,17.48107115846154,0,530000000,20.08838756
4.0,5.0,2722.5,7.909305855,680.625,1.25,13957.75941,17.52449479365033,17.0930370689899,0,35000000,17.37085862
6.0,6.0,4500.0,8.411832676,750.0,1.0,61111.11111,18.00816093799353,17.38481072169611,0,260000000,19.37619219
3.0,5.0,1361.25,7.216158674,453.75,1.666666667,13957.75941,17.52449479365033,17.2241481738,0,22000000,16.90655301
2.0,2.0,816.75,6.70533305,408.375,1.0,17447.19927,16.74009781756667,17.30474131619205,0,9500000,16.06680236
3.0,3.0,1361.25,7.216158674,453.75,1.0,15861.09024,17.52449479365033,17.48107115846154,1,22900000,16.94664747
0.0,0.0,2722.5,7.909305855,2722.5,0.0,1414.141414,16.7407250003125,17.48107115846154,1,3850000,15.16358371
4.0,5.0,3811.5,8.245778091,952.875,1.25,13957.75941,17.52449479365033,17.2241481738,0,47500000,17.67624027
5.0,5.0,1361.25,7.216158674,272.25,1.0,18365.47291,17.52449479365033,17.30474131619205,0,23500000,16.97251098
5.0,6.0,2722.5,7.909305855,544.5,1.2,14954.74223,17.52449479365033,17.2241481738,0,36000000,17.3990295
2.0,2.0,1361.25,7.216158674,680.625,1.0,19283.74656,17.30156670857143,17.63082525563043,1,11000000,16.21340583
0.0,0.0,2722.5,7.909305855,2722.5,0.0,15861.09024,16.89827182589474,17.48107115846154,1,22900000,16.94664747
6.0,6.0,5994.0,8.698514248,999.0,1.0,61111.11111,18.00816093799353,17.38481072169611,0,440000000,19.90228528
5.0,5.0,2450.25,7.803945339,490.05,1.0,15406.591165,17.03228004347826,17.0930370689899,0,38500000,17.4661688
3.0,4.0,1361.25,7.216158674,453.75,1.333333333,17079.889805,17.52449479365033,17.48107115846154,0,24000000,16.99356439
5.0,5.0,1361.25,7.216158674,272.25,1.0,15861.09024,17.52449479365033,17.48107115846154,1,26000000,17.0736071
6.0,6.0,2160.0,7.677863501,360.0,1.0,104166.66666,18.00816093799353,17.38481072169611,1,250000000,19.33697148
4.0,5.0,1361.25,7.216158674,340.3125,1.25,20202.0202,17.52449479365033,17.30474131619205,0,27000000,17.11134742
2.0,2.0,1061.775,6.967697315,530.8875,1.0,19283.74656,16.74009781756667,17.63082525563043,0,87500000,18.28714935
4.0,4.0,1633.5,7.398480231,408.375,1.0,19283.74656,17.52449479365033,17.63082525563043,1,55000000,17.82284374
5.0,6.0,5445.0,8.602453035,1089.0,1.2,11478.42057,18.00816093799353,17.0930370689899,0,62500000,17.95067711
0.0,0.0,2722.5,7.909305855,2722.5,0.0,15861.09024,16.7407250003125,17.48107115846154,1,14500000,16.48965921
0.0,0.0,1125.0,7.025538315,1125.0,0.0,22000.0,16.89827182589474,17.38481072169611,1,3500000,15.06827353
2.0,2.0,816.75,6.70533305,408.375,1.0,14954.74223,17.52449479365033,17.2241481738,0,6800000,15.73243317
5.0,6.0,5445.0,8.602453035,1089.0,1.2,19008.26446,18.00816093799353,17.48107115846154,0,73500000,18.11279596
4.0,5.0,1905.75,7.552630911,476.4375,1.25,18365.47291,17.52449479365033,17.30474131619205,0,40000000,17.50439001
4.0,5.0,1361.25,7.216158674,340.3125,1.25,15861.09024,17.52449479365033,17.48107115846154,1,21800000,16.89742053
4.0,4.0,1361.25,7.216158674,340.3125,1.0,16791.28952,17.52449479365033,17.0930370689899,0,23000000,16.95100477
5.0,5.0,4083.75,8.314770963,816.75,1.0,17447.19927,17.52449479365033,17.30474131619205,0,51500000,17.75709237
5.0,6.0,2722.5,7.909305855,544.5,1.2,12488.52158,17.52449479365033,17.0930370689899,0,34000000,17.34187108
5.0,6.0,8167.5,9.007918143,1633.5,1.2,15861.09024,17.52449479365033,17.48107115846154,0,82500000,18.22830885
0.0,0.0,5445.0,8.602453035,5445.0,0.0,15861.09024,16.7407250003125,17.48107115846154,1,24000000,16.99356439
3.0,4.0,1361.25,7.216158674,453.75,1.333333333,15406.591165,17.03228004347826,17.0930370689899,0,22000000,16.90655301
3.0,3.0,2115.0,7.656810091,705.0,1.0,22000.0,17.03228004347826,17.38481072169611,0,16500000,16.61887094
6.0,6.0,9256.5,9.133081286,1542.75,1.0,19283.74656,17.52449479365033,17.63082525563043,0,220000000,19.2091381
4.0,5.0,1361.25,7.216158674,340.3125,1.25,11386.5932,17.52449479365033,17.0930370689899,0,12000000,16.30041721
5.0,6.0,5445.0,8.602453035,1089.0,1.2,19008.26446,18.00816093799353,17.48107115846154,0,103500000,18.45508217
5.0,6.0,5445.0,8.602453035,1089.0,1.2,11478.42057,17.52449479365033,17.0930370689899,0,62500000,17.95067711
4.0,5.0,3811.5,8.245778091,952.875,1.25,20202.0202,17.52449479365033,17.30474131619205,0,57500000,17.86729551
5.0,6.0,6534.0,8.784774592,1306.8,1.2,17447.19927,17.52449479365033,17.30474131619205,0,65000000,17.98989783
5.0,6.0,5445.0,8.602453035,1089.0,1.2,15861.09024,18.00816093799353,17.48107115846154,0,76500000,18.1528013
2.0,2.0,900.0,6.802394763,450.0,1.0,22000.0,16.74009781756667,17.38481072169611,0,8500000,15.95557672
4.0,5.0,1633.5,7.398480231,408.375,1.25,14845.423935,18.00816093799353,17.0930370689899,0,26000000,17.0736071
6.0,7.0,10890.0,9.295600216,1815.0,1.166666667,15861.09024,17.52449479365033,17.48107115846154,1,180000000,19.00846741
3.0,3.0,1152.0,7.049254841,384.0,1.0,24334.251605,17.30156670857143,17.38481072169611,0,30000000,17.21670794
4.0,5.0,1361.25,7.216158674,340.3125,1.25,14041.756535,17.52449479365033,17.0930370689899,0,17200000,16.66041994
4.0,4.0,1361.25,7.216158674,340.3125,1.0,19834.71074,17.30156670857143,17.48107115846154,0,27000000,17.11134742
2.0,2.0,999.0,6.906754779,499.5,1.0,21701.38889,16.74009781756667,17.38481072169611,0,26500000,17.09265529
4.0,5.0,2722.5,7.909305855,680.625,1.25,17171.71717,17.52449479365033,17.48107115846154,0,43500000,17.5882715
6.0,6.0,2160.0,7.677863501,360.0,1.0,22000.0,17.52449479365033,17.38481072169611,0,60000000,17.90985512
5.0,5.0,2722.5,7.909305855,544.5,1.0,15861.09024,17.52449479365033,17.48107115846154,1,57500000,17.86729551
0.0,0.0,2700.0,7.901007052,2700.0,0.0,26481.48148,16.89827182589474,17.38481072169611,1,69500000,18.05683731
3.0,4.0,1361.25,7.216158674,453.75,1.333333333,13957.75941,17.52449479365033,17.2241481738,0,23000000,16.95100477
4.0,5.0,5445.0,8.602453035,1361.25,1.25,15861.09024,18.00816093799353,17.48107115846154,1,45000000,17.62217305
5.0,6.0,2722.5,7.909305855,544.5,1.2,18732.78237,17.52449479365033,17.48107115846154,1,48400000,17.69501037
4.0,4.0,1361.25,7.216158674,340.3125,1.0,13957.75941,17.52449479365033,17.2241481738,0,23500000,16.97251098
6.0,6.0,2160.0,7.677863501,360.0,1.0,23842.59259,17.52449479365033,17.38481072169611,1,55000000,17.82284374
6.0,6.0,5445.0,8.602453035,907.5,1.0,21120.29385,17.52449479365033,17.63082525563043,0,139000000,18.74998449
5.0,6.0,5445.0,8.602453035,1089.0,1.2,24334.251605,18.00816093799353,17.48107115846154,0,119900000,18.60216862
3.0,3.0,1361.25,7.216158674,453.75,1.0,16639.11846,17.52449479365033,17.2241481738,0,19800000,16.8011925
6.0,6.0,5445.0,8.602453035,907.5,1.0,21120.29385,17.52449479365033,17.63082525563043,0,84000000,18.24632736
3.0,4.0,2722.5,7.909305855,907.5,1.333333333,12511.47842,17.52449479365033,17.0930370689899,0,11000000,16.21340583
5.0,5.0,2994.75,8.004616035,598.95,1.0,24050.02405,17.52449479365033,17.30474131619205,0,85000000,18.25816181
5.0,6.0,5445.0,8.602453035,1089.0,1.2,17447.19927,17.52449479365033,17.48107115846154,0,80000000,18.19753719
6.0,6.0,5994.0,8.698514248,999.0,1.0,61111.11111,18.00816093799353,17.38481072169611,0,450000000,19.92475814
5.0,6.0,5445.0,8.602453035,1089.0,1.2,12396.694215,17.52449479365033,17.0930370689899,0,47000000,17.66565816
5.0,7.0,5445.0,8.602453035,1089.0,1.4,20202.0202,17.52449479365033,17.48107115846154,0,145000000,18.7922443
7.0,6.0,10890.0,9.295600216,1555.714286,0.857142857,17171.71717,18.00816093799353,17.48107115846154,0,240000000,19.29614948
6.0,6.0,5445.0,8.602453035,907.5,1.0,17447.19927,17.52449479365033,17.30474131619205,0,110000000,18.51599092
3.0,3.0,1197.0,7.087573706,399.0,1.0,24334.251605,16.74009781756667,17.38481072169611,0,24000000,16.99356439
3.0,3.0,2722.5,7.909305855,907.5,1.0,12629.794445,16.74009781756667,17.48107115846154,0,33000000,17.31201812
5.0,6.0,2722.5,7.909305855,544.5,1.2,17447.19927,17.52449479365033,17.2241481738,0,47500000,17.67624027
7.0,6.0,4356.0,8.379309484,622.2857143,0.857142857,19283.74656,17.52449479365033,17.63082525563043,0,65000000,17.98989783
5.0,5.0,10890.0,9.295600216,2178.0,1.0,22038.56749,17.52449479365033,17.48107115846154,0,195000000,19.08851012
5.0,6.0,2178.0,7.686162303,435.6,1.2,19283.74656,17.52449479365033,17.63082525563043,0,37500000,17.43985149
6.0,7.0,6534.0,8.784774592,1089.0,1.166666667,23875.11478,18.00816093799353,17.48107115846154,0,320000000,19.58383155
5.0,5.0,1361.25,7.216158674,272.25,1.0,9550.045914,17.52449479365033,17.63082525563043,1,35000000,17.37085862
1.0,1.0,925.65,6.830496193,925.65,1.0,9478.95376,17.30156670857143,17.2241481738,0,11500000,16.25785759
3.5,5.0,280.0,5.634789603,80.0,1.428571429,22000.0,15.6743339095,17.38481072169611,1,6500000,15.68731273
4.0,5.0,1361.25,7.216158674,340.3125,1.25,17447.19927,17.52449479365033,17.30474131619205,0,21000000,16.860033
6.0,6.0,7078.5,8.8648173,1179.75,1.0,18365.47291,17.52449479365033,17.30474131619205,0,130000000,18.68304501
3.5,5.0,96.0,4.564348191,27.42857143,1.428571429,6148.148148,15.6743339095,17.38481072169611,1,400000,12.89921983
0.0,0.0,2722.5,7.909305855,2722.5,0.0,15861.09024,16.7407250003125,17.48107115846154,1,16700000,16.63091928
6.0,6.0,7200.0,8.881836305,1200.0,1.0,36111.11111,18.00816093799353,17.38481072169611,1,260000000,19.37619219
3.0,4.0,1361.25,7.216158674,453.75,1.333333333,11019.28375,18.00816093799353,17.0930370689899,0,11000000,16.21340583
0.0,0.0,5445.0,8.602453035,5445.0,0.0,15861.09024,16.7407250003125,17.48107115846154,1,42000000,17.55318018
5.0,5.0,5445.0,8.602453035,1089.0,1.0,11753.90266,17.52449479365033,17.0930370689899,0,71500000,18.08520801
4.0,5.0,2722.5,7.909305855,680.625,1.25,18365.47291,17.52449479365033,17.30474131619205,0,51500000,17.75709237
5.0,6.0,1905.75,7.552630911,381.15,1.2,16791.28952,17.52449479365033,17.2241481738,0,32000000,17.28124646
6.0,7.0,2450.25,7.803945339,408.375,1.166666667,21426.38506,17.52449479365033,17.30474131619205,0,55000000,17.82284374
3.0,3.0,1566.0,7.356279877,522.0,1.0,34212.96296,17.30156670857143,17.38481072169611,0,45500000,17.63322288
3.0,3.0,563.0,6.333279628,187.6666667,1.0,15865.299925,17.52449479365033,17.48107115846154,1,12000000,16.30041721
6.0,6.0,3375.9,8.124417234,562.65,1.0,14954.74223,17.52449479365033,17.2241481738,0,70000000,18.0640058
3.0,4.0,1361.25,7.216158674,453.75,1.333333333,24334.251605,17.52449479365033,17.48107115846154,0,30000000,17.21670794
1.0,1.0,272.25,5.606720762,272.25,1.0,15861.09024,16.74009781756667,17.48107115846154,1,3100000,14.94691267
6.0,6.0,3267.0,8.091627412,544.5,1.0,18212.427305,17.52449479365033,17.2241481738,0,59000000,17.893048
4.0,5.0,1361.25,7.216158674,340.3125,1.25,19834.71074,15.6743339095,17.48107115846154,1,27000000,17.11134742
3.0,4.0,1361.25,7.216158674,453.75,1.333333333,19100.09183,18.00816093799353,17.48107115846154,0,25500000,17.05418901
6.0,7.0,21780.0,9.988747396,3630.0,1.166666667,24334.251605,18.00816093799353,17.48107115846154,0,520000000,20.06933937
6.0,6.0,5400.0,8.594154233,900.0,1.0,22000.0,18.00816093799353,17.38481072169611,1,165000000,18.92145603
5.0,5.0,2722.5,7.909305855,544.5,1.0,12488.52158,17.52449479365033,17.0930370689899,0,31000000,17.24949776
4.0,5.0,1361.25,7.216158674,340.3125,1.25,9917.355372,17.52449479365033,17.0930370689899,0,13500000,16.41820024
4.0,5.0,720.0,6.579251212,180.0,1.25,26388.88889,17.52449479365033,17.38481072169611,0,19000000,16.75994954
6.0,7.0,10890.0,9.295600216,1815.0,1.166666667,15861.09024,18.00816093799353,17.48107115846154,0,510000000,20.04992128
5.0,6.0,1905.75,7.552630911,381.15,1.2,14041.756535,17.52449479365033,17.0930370689899,0,32000000,17.28124646
3.0,4.0,1361.25,7.216158674,453.75,1.333333333,16639.11846,17.52449479365033,17.2241481738,0,21800000,16.89742053
2.0,2.0,1065.0,6.970730078,532.5,1.0,21126.76056,16.74009781756667,17.63082525563043,1,22500000,16.92902587
5.0,6.0,2722.5,7.909305855,544.5,1.2,12488.52158,17.52449479365033,17.0930370689899,0,35000000,17.37085862
4.0,5.0,1361.25,7.216158674,340.3125,1.25,19834.71074,17.52449479365033,17.48107115846154,1,28000000,17.14771507
0.0,0.0,2722.5,7.909305855,2722.5,0.0,15861.09024,16.7407250003125,17.48107115846154,1,15300000,16.54336339
5.0,5.0,1361.25,7.216158674,272.25,1.0,11386.5932,17.52449479365033,17.0930370689899,0,18000000,16.70588232
4.0,6.0,4500.0,8.411832676,1125.0,1.5,24334.251605,18.00816093799353,17.38481072169611,0,150000000,18.82614585
4.0,5.0,1905.75,7.552630911,476.4375,1.25,14919.760375,17.52449479365033,17.30474131619205,0,35000000,17.37085862
6.0,7.0,1800.0,7.495541944,300.0,1.166666667,37037.03704,18.00816093799353,17.38481072169611,1,75000000,18.13299867
6.0,7.0,7078.5,8.8648173,1179.75,1.166666667,15861.09024,17.52449479365033,17.48107115846154,1,75000000,18.13299867
2.0,1.0,1050.0,6.956545443,525.0,0.5,22000.0,18.00816093799353,17.38481072169611,1,3800000,15.15051162
3.0,4.0,1905.75,7.552630911,635.25,1.333333333,11602.817245,17.52449479365033,17.30474131619205,0,22500000,16.92902587
2.0,3.0,1334.025,7.195955967,667.0125,1.5,19283.74656,17.30156670857143,17.63082525563043,0,16000000,16.58809928
4.0,5.0,1905.75,7.552630911,476.4375,1.25,14919.760375,17.52449479365033,17.30474131619205,0,35000000,17.37085862
2.0,2.0,1061.775,6.967697315,530.8875,1.0,19283.74656,16.74009781756667,17.63082525563043,0,7500000,15.83041358
5.0,6.0,3267.0,8.091627412,653.4,1.2,19283.74656,17.30156670857143,17.63082525563043,0,60000000,17.90985512
5.0,6.0,5445.0,8.602453035,1089.0,1.2,21120.29385,17.52449479365033,17.63082525563043,0,139000000,18.74998449
5.0,5.0,1905.75,7.552630911,381.15,1.0,16222.834405,17.52449479365033,17.2241481738,0,28500000,17.16541465
0.0,0.0,1361.25,7.216158674,1361.25,0.0,8301.1937555,16.89827182589474,17.48107115846154,1,12000000,16.30041721
5.0,6.0,5445.0,8.602453035,1089.0,1.2,17171.71717,17.52449479365033,17.48107115846154,0,75500000,18.13964321
4.0,5.0,1633.5,7.398480231,408.375,1.25,12511.47842,17.52449479365033,17.0930370689899,0,20000000,16.81124283
5.0,6.0,5445.0,8.602453035,1089.0,1.2,17171.71717,17.52449479365033,17.48107115846154,0,97000000,18.39022154
3.0,3.0,1602.0,7.379008128,534.0,1.0,12396.694215,16.74009781756667,17.38481072169611,0,25000000,17.03438638
5.0,6.0,1800.0,7.495541944,360.0,1.2,28276.77977,17.52449479365033,17.38481072169611,0,110000000,18.51599092
6.0,7.0,4500.0,8.411832676,750.0,1.166666667,61111.11111,18.00816093799353,17.38481072169611,0,280000000,19.45030016
5.0,6.0,5445.0,8.602453035,1089.0,1.2,17171.71717,18.00816093799353,17.48107115846154,0,77500000,18.16578849
3.0,3.0,1701.0,7.438971592,567.0,1.0,15873.01587,16.74009781756667,17.38481072169611,0,27000000,17.11134742
3.0,4.0,1361.25,7.216158674,453.75,1.333333333,15861.09024,17.52449479365033,17.48107115846154,0,26500000,17.09265529
3.0,3.0,1400.0,7.244227516,466.6666667,1.0,22000.0,17.30156670857143,17.38481072169611,1,17900000,16.70031127
8.0,7.0,2994.75,8.004616035,374.34375,0.875,14954.74223,17.52449479365033,17.2241481738,0,33000000,17.31201812
6.0,6.0,2722.5,7.909305855,453.75,1.0,17060.55773,17.52449479365033,17.63082525563043,1,55000000,17.82284374
3.0,4.0,1998.0,7.599901959,666.0,1.333333333,27527.52753,18.00816093799353,17.38481072169611,0,55000000,17.82284374
4.0,5.0,1905.75,7.552630911,476.4375,1.25,12511.47842,17.52449479365033,17.0930370689899,0,23500000,16.97251098
4.0,4.0,762.3,6.636340179,190.575,1.0,14954.74223,17.52449479365033,17.2241481738,0,10000000,16.11809565
4.0,4.0,1089.0,6.993015123,272.25,1.0,19283.74656,17.52449479365033,17.63082525563043,0,28000000,17.14771507
5.0,6.0,5445.0,8.602453035,1089.0,1.2,61111.11111,18.00816093799353,17.48107115846154,0,70000000,18.0640058
5.0,6.0,5445.0,8.602453035,1089.0,1.2,24334.251605,18.00816093799353,17.48107115846154,0,420000000,19.85576527
3.0,3.0,816.75,6.70533305,272.25,1.0,13468.01347,17.52449479365033,17.48107115846154,0,11000000,16.21340583
2.0,2.0,980.1,6.887654607,490.05,1.0,18496.65486,16.74009781756667,17.63082525563043,0,6200000,15.64005985
2.0,2.0,900.0,6.802394763,450.0,1.0,15861.09024,17.30156670857143,17.48107115846154,1,14000000,16.45456789
3.0,4.0,1361.25,7.216158674,453.75,1.333333333,15861.09024,17.52449479365033,17.48107115846154,1,21000000,16.860033
6.0,6.0,1905.75,7.552630911,317.625,1.0,14954.74223,17.52449479365033,17.2241481738,0,55000000,17.82284374
4.0,4.0,1013.0,6.920671504,253.25,1.0,15865.299925,17.52449479365033,17.48107115846154,1,18500000,16.73328129
0.0,0.0,5445.0,8.602453035,5445.0,0.0,5876.9513315,16.89827182589474,17.48107115846154,1,34000000,17.34187108
4.0,4.0,1497.375,7.311468854,374.34375,1.0,17447.19927,17.52449479365033,17.30474131619205,0,18500000,16.73328129
5.0,5.0,1905.75,7.552630911,381.15,1.0,20348.94399,17.52449479365033,17.30474131619205,0,36000000,17.3990295
9.0,7.0,7078.5,8.8648173,786.5,0.777777778,56509.14742,17.52449479365033,17.63082525563043,0,400000000,19.80697511
3.0,4.0,1633.5,7.398480231,544.5,1.333333333,11202.938475,17.52449479365033,17.0930370689899,0,23500000,16.97251098
2.0,2.0,999.0,6.906754779,499.5,1.0,32362.45955,17.30156670857143,17.38481072169611,0,22500000,16.92902587
0.0,0.0,1361.25,7.216158674,1361.25,0.0,15861.09024,16.89827182589474,17.48107115846154,1,12000000,16.30041721
5.0,6.0,3267.0,8.091627412,653.4,1.2,13957.75941,17.52449479365033,17.2241481738,0,29000000,17.18280639
5.0,6.0,9000.0,9.104979856,1800.0,1.2,150.0,17.21200745916667,17.38481072169611,1,1200000,13.99783211
6.0,6.0,3798.0,8.242229891,633.0,1.0,27777.77778,17.52449479365033,17.38481072169611,0,165000000,18.92145603
4.0,5.0,1633.5,7.398480231,408.375,1.25,16222.834405,17.52449479365033,17.2241481738,0,29000000,17.18280639
0.0,0.0,3811.5,8.245778091,3811.5,0.0,15610.65197,16.7407250003125,17.63082525563043,1,44500000,17.61099975
6.0,6.0,5445.0,8.602453035,907.5,1.0,15861.09024,17.52449479365033,17.48107115846154,0,117500000,18.58194889
4.0,6.0,2500.0,7.824046011,625.0,1.5,22000.0,16.74009781756667,17.38481072169611,1,75000000,18.13299867
4.0,4.0,1080.0,6.98471632,270.0,1.0,22000.0,17.52449479365033,17.38481072169611,0,47500000,17.67624027
5.0,6.0,5445.0,8.602453035,1089.0,1.2,24334.251605,17.52449479365033,17.48107115846154,0,87600000,18.28829156
8.0,6.0,4950.0,8.507142856,618.75,0.75,22000.0,17.52449479365033,17.38481072169611,0,105000000,18.46947091
5.0,6.0,5445.0,8.602453035,1089.0,1.2,13957.75941,17.52449479365033,17.0930370689899,0,75000000,18.13299867
3.0,6.0,1361.25,7.216158674,453.75,2.0,19467.40129,18.00816093799353,17.48107115846154,0,25500000,17.05418901
4.0,5.0,2722.5,7.909305855,680.625,1.25,17079.88981,17.52449479365033,17.30474131619205,0,47000000,17.66565816
3.0,4.0,3267.0,8.091627412,1089.0,1.333333333,31178.59355,16.74009781756667,17.48107115846154,0,87500000,18.28714935
5.0,6.0,5445.0,8.602453035,1089.0,1.2,21120.29385,17.52449479365033,17.63082525563043,0,109000000,18.50685844
4.0,6.0,1361.25,7.216158674,340.3125,1.5,14041.756535,17.52449479365033,17.0930370689899,0,23000000,16.95100477
3.0,4.0,816.75,6.70533305,272.25,1.333333333,11753.90266,17.52449479365033,17.0930370689899,0,20000000,16.81124283
4.0,4.0,1361.25,7.216158674,340.3125,1.0,15861.09024,17.52449479365033,17.48107115846154,1,27000000,17.11134742
4.0,4.0,2178.0,7.686162303,544.5,1.0,20202.0202,17.52449479365033,17.63082525563043,0,31000000,17.24949776
3.0,4.0,1361.25,7.216158674,453.75,1.333333333,13957.75941,17.52449479365033,17.0930370689899,0,20000000,16.81124283
2.0,2.0,950.0,6.856461985,475.0,1.0,22000.0,18.00816093799353,17.38481072169611,1,10000000,16.11809565
5.0,6.0,5445.0,8.602453035,1089.0,1.2,24334.251605,18.00816093799353,17.48107115846154,0,85000000,18.25816181
4.0,5.0,1361.25,7.216158674,340.3125,1.25,14612.029385,17.52449479365033,17.0930370689899,0,21800000,16.89742053
5.0,7.0,10890.0,9.295600216,2178.0,1.4,24334.251605,18.00816093799353,17.48107115846154,0,249000000,19.33296345
4.0,4.0,1633.5,7.398480231,408.375,1.0,16528.92562,17.52449479365033,17.2241481738,0,27000000,17.11134742
4.0,5.0,1361.25,7.216158674,340.3125,1.25,16791.28952,17.30156670857143,17.0930370689899,0,23500000,16.97251098
5.0,6.0,5445.0,8.602453035,1089.0,1.2,61111.11111,18.00816093799353,17.48107115846154,0,105000000,18.46947091
3.0,3.0,10890.0,9.295600216,3630.0,1.0,12511.47842,17.52449479365033,17.0930370689899,0,65000000,17.98989783
4.0,4.0,1089.0,6.993015123,272.25,1.0,15610.651975,17.52449479365033,17.48107115846154,1,16000000,16.58809928
3.0,3.0,816.75,6.70533305,272.25,1.0,12511.47842,17.52449479365033,17.0930370689899,0,9500000,16.06680236
6.0,7.0,10890.0,9.295600216,1815.0,1.166666667,15861.09024,17.52449479365033,17.48107115846154,0,180000000,19.00846741
2.0,2.0,2041.875,7.621623782,1020.9375,1.0,19283.74656,17.30156670857143,17.63082525563043,0,31500000,17.2654981
4.0,5.0,1361.25,7.216158674,340.3125,1.25,11753.90266,17.52449479365033,17.0930370689899,0,20000000,16.81124283
5.0,6.0,5445.0,8.602453035,1089.0,1.2,13957.75941,17.52449479365033,17.0930370689899,0,71500000,18.08520801
5.0,6.0,2178.0,7.686162303,435.6,1.2,43503.21395999999,17.52449479365033,17.63082525563043,0,90000000,18.31532023
4.0,4.0,2700.0,7.901007052,675.0,1.0,62962.96296,17.52449479365033,17.38481072169611,0,110000000,18.51599092
5.0,6.0,5445.0,8.602453035,1089.0,1.2,21120.29385,17.52449479365033,17.63082525563043,0,118000000,18.58619518
5.0,5.0,5445.0,8.602453035,1089.0,1.0,15861.09024,17.52449479365033,17.48107115846154,1,59500000,17.90148687
5.0,6.0,5445.0,8.602453035,1089.0,1.2,18273.64555,17.52449479365033,17.48107115846154,0,89600000,18.31086588
4.0,6.0,2722.5,7.909305855,680.625,1.5,15861.09024,17.52449479365033,17.48107115846154,0,37500000,17.43985149
5.0,7.0,4083.75,8.314770963,816.75,1.4,8754.904416,17.52449479365033,17.2241481738,0,65000000,17.98989783
5.0,6.0,5445.0,8.602453035,1089.0,1.2,13957.75941,17.52449479365033,17.0930370689899,0,78000000,18.17221938
3.0,4.0,1854.0,7.525100746,618.0,1.333333333,13284.685915,16.74009781756667,17.38481072169611,0,24500000,17.01418368
4.0,5.0,1361.25,7.216158674,340.3125,1.25,14954.74223,17.52449479365033,17.2241481738,0,24800000,17.02635421
5.0,6.0,2722.5,7.909305855,544.5,1.2,12488.52158,17.52449479365033,17.0930370689899,0,31500000,17.2654981
1.0,1.0,653.4,6.482189499,653.4,1.0,13957.75941,17.30156670857143,17.2241481738,0,5000000,15.42494847
4.0,4.0,1089.0,6.993015123,272.25,1.0,14508.7236,17.52449479365033,17.63082525563043,1,37000000,17.42642847
6.0,7.0,6534.0,8.784774592,1089.0,1.166666667,14041.756535,17.03228004347826,17.0930370689899,0,67500000,18.02763816
5.0,6.0,4500.0,8.411832676,900.0,1.2,24334.251605,18.00816093799353,17.38481072169611,0,150000000,18.82614585
5.0,6.0,2722.5,7.909305855,544.5,1.2,11753.90266,17.52449479365033,17.0930370689899,0,32000000,17.28124646
3.0,3.0,1368.0,7.221105098,456.0,1.0,14181.28655,17.03228004347826,17.38481072169611,0,18800000,16.74936743
3.0,3.0,562.0,6.33150185,187.3333333,1.0,15861.09024,17.52449479365033,17.48107115846154,1,12500000,16.3412392
6.0,5.0,3600.0,8.188689124,600.0,0.833333333,41851.85185,17.52449479365033,17.38481072169611,1,130000000,18.68304501
5.0,5.0,2722.5,7.909305855,544.5,1.0,12488.52158,17.52449479365033,17.30474131619205,0,39000000,17.4790722
6.0,6.0,5445.0,8.602453035,907.5,1.0,19283.74656,17.52449479365033,17.63082525563043,0,115000000,18.56044269
3.0,3.0,1251.0,7.13169851,417.0,1.0,22000.0,17.30156670857143,17.38481072169611,0,22500000,16.92902587
3.0,4.0,1361.25,7.216158674,453.75,1.333333333,24334.251605,17.52449479365033,17.48107115846154,0,29500000,17.19990082
6.0,7.0,1800.0,7.495541944,300.0,1.166666667,22000.0,17.52449479365033,17.38481072169611,1,47500000,17.67624027
4.0,5.0,2450.25,7.803945339,612.5625,1.25,11325.37496,17.03228004347826,17.0930370689899,0,29000000,17.18280639
4.0,5.0,1361.25,7.216158674,340.3125,1.25,15861.09024,17.52449479365033,17.48107115846154,0,22500000,16.92902587
6.0,6.0,4628.25,8.439934106,771.375,1.0,18365.47291,17.52449479365033,17.63082525563043,0,85000000,18.25816181
4.0,5.0,1361.25,7.216158674,340.3125,1.25,9917.355372,17.52449479365033,17.0930370689899,0,16000000,16.58809928
2.0,2.0,450.0,6.109247583,225.0,1.0,24334.251605,16.74009781756667,17.38481072169611,0,13000000,16.38045992
3.0,3.0,1998.0,7.599901959,666.0,1.0,22000.0,17.03228004347826,17.38481072169611,0,25000000,17.03438638
6.0,7.0,10890.0,9.295600216,1815.0,1.166666667,24334.251605,17.52449479365033,17.48107115846154,0,250000000,19.33697148
4.0,5.0,1361.25,7.216158674,340.3125,1.25,14041.756535,17.52449479365033,17.0930370689899,0,23500000,16.97251098
5.0,5.0,1905.75,7.552630911,381.15,1.0,20202.0202,17.52449479365033,17.30474131619205,0,42500000,17.56501463
6.0,6.0,2178.0,7.686162303,363.0,1.0,14041.756535,17.52449479365033,17.0930370689899,0,31000000,17.24949776
4.0,5.0,1633.5,7.398480231,408.375,1.25,11753.90266,17.52449479365033,17.0930370689899,0,24000000,16.99356439
2.0,2.0,1000.0,6.907755279,500.0,1.0,11354.42011,16.74009781756667,17.38481072169611,1,4800000,15.38412648
0.0,0.0,4500.0,8.411832676,4500.0,0.0,22000.0,16.89827182589474,17.38481072169611,1,110000000,18.51599092
0.0,0.0,7200.0,8.881836305,7200.0,0.0,111111.1111,16.7407250003125,17.38481072169611,1,750000000,20.43558376
2.0,2.0,900.0,6.802394763,450.0,1.0,22000.0,16.74009781756667,17.38481072169611,0,20000000,16.81124283
5.0,6.0,2450.25,7.803945339,490.05,1.2,16222.834405,17.52449479365033,17.2241481738,0,39000000,17.4790722
3.0,3.0,1800.0,7.495541944,600.0,1.0,19960.07984,16.74009781756667,17.38481072169611,0,40000000,17.50439001
3.0,4.0,1361.25,7.216158674,453.75,1.333333333,18732.78237,17.52449479365033,17.48107115846154,1,21500000,16.88356349
3.0,3.0,2115.0,7.656810091,705.0,1.0,22000.0,17.03228004347826,17.38481072169611,1,17200000,16.66041994
6.0,6.0,5989.5,8.697763215,998.25,1.0,12511.47842,17.52449479365033,17.0930370689899,0,40000000,17.50439001
5.0,6.0,5445.0,8.602453035,1089.0,1.2,11478.42057,17.52449479365033,17.0930370689899,0,47000000,17.66565816
3.0,4.0,1361.25,7.216158674,453.75,1.333333333,9182.736455,17.52449479365033,17.2241481738,0,13500000,16.41820024
6.0,7.0,16335.0,9.701065324,2722.5,1.166666667,17171.71717,18.00816093799353,17.48107115846154,0,249000000,19.33296345
6.0,6.0,2722.5,7.909305855,453.75,1.0,15861.09024,17.52449479365033,17.48107115846154,1,37500000,17.43985149
5.0,6.0,5445.0,8.602453035,1089.0,1.2,14954.74223,17.52449479365033,17.2241481738,0,109500000,18.51143511
5.0,6.0,2722.5,7.909305855,544.5,1.2,13957.75941,17.52449479365033,17.0930370689899,0,35000000,17.37085862
3.0,3.0,544.5,6.299867942,181.5,1.0,17447.19927,17.52449479365033,17.30474131619205,0,8500000,15.95557672
5.0,6.0,5445.0,8.602453035,1089.0,1.2,10101.0101,17.52449479365033,17.0930370689899,0,35000000,17.37085862
4.0,4.0,2700.0,7.901007052,675.0,1.0,17447.19927,18.00816093799353,17.38481072169611,0,125000000,18.6438243
6.0,6.0,2097.0,7.648263031,349.5,1.0,22000.0,17.52449479365033,17.38481072169611,0,80000000,18.19753719
4.0,5.0,720.0,6.579251212,180.0,1.25,26388.88889,17.52449479365033,17.38481072169611,0,19500000,16.78592502
6.0,6.0,9000.0,9.104979856,1500.0,1.0,24334.251605,18.00816093799353,17.38481072169611,0,295000000,19.50248591
3.5,5.0,400.0,5.991464547,114.2857143,1.428571429,17454.54545,15.6743339095,17.48107115846154,1,5516000,15.52316352
3.0,4.0,1633.5,7.398480231,544.5,1.333333333,14845.423935,18.00816093799353,17.0930370689899,0,26000000,17.0736071
4.0,5.0,1633.5,7.398480231,408.375,1.25,16843.7623,17.52449479365033,17.30474131619205,0,24000000,16.99356439
0.0,0.0,2178.0,7.686162303,2178.0,0.0,19283.74656,18.23946870666667,17.63082525563043,1,85000000,18.25816181
6.0,6.0,1080.0,6.98471632,180.0,1.0,17592.59259,17.52449479365033,17.38481072169611,0,51500000,17.75709237
5.0,6.0,1905.75,7.552630911,381.15,1.2,16222.834405,17.52449479365033,17.2241481738,0,34000000,17.34187108
4.0,5.0,8167.5,9.007918143,2041.875,1.25,15861.09024,17.52449479365033,17.48107115846154,0,65000000,17.98989783
1.0,2.0,1334.025,7.195955967,1334.025,2.0,19283.74656,17.30156670857143,17.63082525563043,0,13000000,16.38045992
6.0,7.0,4797.0,8.475746002,799.5,1.166666667,111111.1111,18.00816093799353,17.38481072169611,1,550000000,20.12542884
0.0,0.0,1905.75,7.552630911,1905.75,0.0,15861.09024,16.7407250003125,17.48107115846154,1,2975000,14.9057546
1.0,1.0,653.4,6.482189499,653.4,1.0,8754.904416,16.74009781756667,17.2241481738,0,5500000,15.52025865
5.0,6.0,5445.0,8.602453035,1089.0,1.2,23875.11478,18.00816093799353,17.48107115846154,0,130000000,18.68304501
4.0,5.0,1361.25,7.216158674,340.3125,1.25,9917.355372,17.52449479365033,17.0930370689899,0,13500000,16.41820024
4.0,5.0,5445.0,8.602453035,1361.25,1.25,17171.71717,18.00816093799353,17.48107115846154,0,93500000,18.35347199
5.0,5.0,1361.25,7.216158674,272.25,1.0,17447.19927,17.52449479365033,17.30474131619205,0,19500000,16.78592502
2.0,4.0,1080.0,6.98471632,540.0,2.0,22000.0,17.52449479365033,17.38481072169611,1,14500000,16.48965921
6.0,7.0,3811.5,8.245778091,635.25,1.166666667,19283.74656,17.52449479365033,17.63082525563043,1,55000000,17.82284374
4.0,5.0,1800.0,7.495541944,450.0,1.25,22000.0,18.00816093799353,17.38481072169611,1,178000000,18.99729411
2.0,3.0,1167.0,7.062191632,583.5,1.5,22812.5,16.74009781756667,17.38481072169611,1,18000000,16.70588232
4.0,5.0,5445.0,8.602453035,1361.25,1.25,17171.71717,17.03228004347826,17.48107115846154,0,75000000,18.13299867
3.0,4.0,1905.75,7.552630911,635.25,1.333333333,11202.938475,17.52449479365033,17.0930370689899,0,23500000,16.97251098
4.0,6.0,1905.75,7.552630911,476.4375,1.5,20202.0202,17.52449479365033,17.30474131619205,0,35000000,17.37085862
4.0,6.0,2538.0,7.839131648,634.5,1.5,22000.0,17.30156670857143,17.38481072169611,0,149000000,18.81945686
3.0,3.0,1361.25,7.216158674,453.75,1.0,15861.09024,17.52449479365033,17.48107115846154,0,12500000,16.3412392
4.0,4.0,1361.25,7.216158674,340.3125,1.0,16843.7623,17.52449479365033,17.30474131619205,0,26000000,17.0736071
4.0,6.0,2601.0,7.863651265,650.25,1.5,22000.0,16.74009781756667,17.38481072169611,0,81000000,18.20995971
3.0,4.0,1361.25,7.216158674,453.75,1.333333333,16843.7623,17.52449479365033,17.30474131619205,0,23500000,16.97251098
5.0,6.0,5445.0,8.602453035,1089.0,1.2,21120.29385,17.52449479365033,17.63082525563043,0,110000000,18.51599092
5.0,6.0,2722.5,7.909305855,544.5,1.2,12488.52158,17.52449479365033,17.0930370689899,0,35000000,17.37085862
3.0,3.0,1361.25,7.216158674,453.75,1.0,13468.01347,17.52449479365033,17.48107115846154,1,14500000,16.48965921
6.0,6.0,5445.0,8.602453035,907.5,1.0,17447.19927,17.30156670857143,17.2241481738,0,250000000,19.33697148
4.0,5.0,1361.25,7.216158674,340.3125,1.25,12511.47842,17.30156670857143,17.0930370689899,0,13000000,16.38045992
2.0,2.0,1098.0,7.001245622,549.0,1.0,22000.0,18.00816093799353,17.38481072169611,0,8500000,15.95557672
2.0,1.0,544.5,6.299867942,272.25,0.5,15861.09024,16.74009781756667,17.48107115846154,0,21400000,16.87890148
5.0,6.0,5445.0,8.602453035,1089.0,1.2,21120.29385,17.52449479365033,17.63082525563043,0,134000000,18.71335036
4.0,4.0,720.0,6.579251212,180.0,1.0,26388.88889,17.52449479365033,17.38481072169611,0,19000000,16.75994954
2.0,2.0,1000.0,6.907755279,500.0,1.0,22000.0,16.74009781756667,17.38481072169611,1,13000000,16.38045992
3.0,4.0,1361.25,7.216158674,453.75,1.333333333,13957.75941,17.52449479365033,17.2241481738,0,22000000,16.90655301
5.0,6.0,2722.5,7.909305855,544.5,1.2,8754.904416,17.52449479365033,17.2241481738,0,43500000,17.5882715
5.0,6.0,3267.0,8.091627412,653.4,1.2,19283.74656,17.52449479365033,17.63082525563043,0,48000000,17.68671157
4.0,4.0,3267.0,8.091627412,816.75,1.0,12629.794445,16.74009781756667,17.48107115846154,0,33000000,17.31201812
6.0,6.0,3600.0,8.188689124,600.0,1.0,22000.0,17.52449479365033,17.38481072169611,0,95000000,18.36938745
5.0,6.0,5445.0,8.602453035,1089.0,1.2,24334.251605,17.52449479365033,17.48107115846154,0,100000000,18.42068074
4.0,5.0,1361.25,7.216158674,340.3125,1.25,27915.51882,17.52449479365033,17.63082525563043,0,37500000,17.43985149
5.0,6.0,2722.5,7.909305855,544.5,1.2,14954.74223,17.52449479365033,17.2241481738,0,40000000,17.50439001
9.0,6.0,2722.5,7.909305855,302.5,0.666666667,19283.74656,18.00816093799353,17.63082525563043,0,44000000,17.59970019
4.0,4.0,2700.0,7.901007052,675.0,1.0,17447.19927,18.00816093799353,17.38481072169611,0,140000000,18.75715298
2.0,2.0,735.075,6.599972535,367.5375,1.0,8866.090371,16.74009781756667,17.2241481738,0,5700000,15.55597673
2.0,2.0,1000.0,6.907755279,500.0,1.0,22000.0,16.74009781756667,17.38481072169611,1,11000000,16.21340583
5.0,7.0,5445.0,8.602453035,1089.0,1.4,23875.11478,17.52449479365033,17.30474131619205,0,130000000,18.68304501
5.0,6.0,2722.5,7.909305855,544.5,1.2,21854.91276,17.52449479365033,17.2241481738,0,62000000,17.94264494
4.0,5.0,1361.25,7.216158674,340.3125,1.25,9403.12213,17.52449479365033,17.0930370689899,0,12800000,16.36495573
5.0,6.0,1905.75,7.552630911,381.15,1.2,20202.0202,17.52449479365033,17.30474131619205,0,42500000,17.56501463
0.0,0.0,1361.25,7.216158674,1361.25,0.0,19283.74656,16.89827182589474,17.63082525563043,1,8500000,15.95557672
5.0,6.0,2722.5,7.909305855,544.5,1.2,21854.91276,17.52449479365033,17.2241481738,0,43500000,17.5882715
5.0,5.0,1361.25,7.216158674,272.25,1.0,16528.92562,17.52449479365033,17.30474131619205,0,22500000,16.92902587
1.0,1.0,843.975,6.738122873,843.975,1.0,14954.74223,17.30156670857143,17.2241481738,0,8500000,15.95557672
3.0,3.0,1900.0,7.549609165,633.3333333,1.0,10263.15789,16.74009781756667,17.38481072169611,1,19500000,16.78592502
3.0,3.0,1905.75,7.552630911,635.25,1.0,15861.09024,16.74009781756667,17.48107115846154,0,20000000,16.81124283
5.0,6.0,5445.0,8.602453035,1089.0,1.2,20202.0202,17.52449479365033,17.2241481738,0,125000000,18.6438243
1.0,1.0,598.95,6.395178122,598.95,1.0,11937.55739,18.00816093799353,17.63082525563043,0,6200000,15.64005985
5.0,6.0,1361.25,7.216158674,272.25,1.2,20348.94399,17.52449479365033,17.30474131619205,0,29000000,17.18280639
4.0,4.0,1361.25,7.216158674,340.3125,1.0,12511.47842,17.52449479365033,17.0930370689899,0,15000000,16.52356076
3.0,3.0,1300.0,7.170119543,433.3333333,1.0,22000.0,16.74009781756667,17.38481072169611,1,16000000,16.58809928
3.0,3.0,1361.25,7.216158674,453.75,1.0,10407.10132,17.52449479365033,17.0930370689899,0,12500000,16.3412392
5.0,6.0,2722.5,7.909305855,544.5,1.2,15861.09024,17.52449479365033,17.48107115846154,0,60000000,17.90985512
4.0,4.0,1306.8,7.17533668,326.7,1.0,14954.74223,17.52449479365033,17.2241481738,0,21500000,16.88356349
6.0,6.0,5445.0,8.602453035,907.5,1.0,21120.29385,18.00816093799353,17.63082525563043,0,139000000,18.74998449
5.0,6.0,2722.5,7.909305855,544.5,1.2,18181.81818,17.52449479365033,17.63082525563043,0,49500000,17.71748323
2.0,2.0,1143.45,7.041805287,571.725,1.0,19283.74656,16.74009781756667,17.63082525563043,0,18500000,16.73328129
4.0,5.0,1361.25,7.216158674,340.3125,1.25,20202.0202,17.52449479365033,17.30474131619205,0,29500000,17.19990082
4.0,5.0,1361.25,7.216158674,340.3125,1.25,14386.287115,17.52449479365033,17.2241481738,0,22000000,16.90655301
4.0,4.0,1080.0,6.98471632,270.0,1.0,22000.0,17.52449479365033,17.38481072169611,0,38000000,17.45309672
4.0,5.0,22500.0,10.02127059,5625.0,1.25,19283.74656,18.00816093799353,17.63082525563043,1,55000000,17.82284374
0.0,0.0,2722.5,7.909305855,2722.5,0.0,15861.09024,16.7407250003125,17.48107115846154,1,13200000,16.39572739
5.0,6.0,5445.0,8.602453035,1089.0,1.2,11478.42057,17.52449479365033,17.0930370689899,0,61500000,17.93454773
0.0,0.0,10890.0,9.295600216,10890.0,0.0,15861.09024,18.23946870666667,17.48107115846154,1,240000000,19.29614948
4.0,5.0,2722.5,7.909305855,680.625,1.25,12488.52158,17.52449479365033,17.0930370689899,0,35000000,17.37085862
7.0,6.0,5445.0,8.602453035,777.8571429,0.857142857,17447.19927,17.52449479365033,17.2241481738,0,80000000,18.19753719
2.0,3.0,2559.15,7.847430451,1279.575,1.5,15413.87905,16.74009781756667,17.63082525563043,0,30000000,17.21670794
6.0,7.0,5445.0,8.602453035,907.5,1.166666667,19283.74656,17.52449479365033,17.63082525563043,0,122500000,18.62362159
0.0,0.0,4500.0,8.411832676,4500.0,0.0,8611.111111,16.7407250003125,17.63082525563043,1,34500000,17.35646988
5.0,5.0,1905.75,7.552630911,381.15,1.0,23875.11478,17.52449479365033,17.30474131619205,0,45000000,17.62217305
5.0,5.0,4950.0,8.507142856,990.0,1.0,55555.55556,18.00816093799353,17.38481072169611,1,152500000,18.84267515
2.0,3.0,1800.0,7.495541944,900.0,1.5,10277.77778,17.30156670857143,17.38481072169611,1,18500000,16.73328129
3.0,3.0,950.0,6.856461985,316.6666667,1.0,22000.0,16.74009781756667,17.38481072169611,1,8500000,15.95557672
4.0,5.0,3753.0,8.230310799,938.25,1.25,22000.0,17.30156670857143,17.38481072169611,0,138500000,18.74638088
5.0,6.0,5445.0,8.602453035,1089.0,1.2,17171.71717,18.00816093799353,17.48107115846154,0,140000000,18.75715298
3.0,4.0,1361.25,7.216158674,453.75,1.333333333,15861.09024,17.52449479365033,17.48107115846154,0,15000000,16.52356076
3.0,3.0,4200.0,8.342839804,1400.0,1.0,19283.74656,16.96544453,17.63082525563043,1,55000000,17.82284374
1.0,1.0,639.0,6.459904454,639.0,1.0,5698.005698000001,16.74009781756667,17.38481072169611,0,2000000,14.50865774
1.0,1.0,490.05,6.194507427,490.05,1.0,16528.92562,16.74009781756667,17.48107115846154,0,5500000,15.52025865
0.0,0.0,2722.5,7.909305855,2722.5,0.0,20569.32966,16.7407250003125,17.63082525563043,1,10000000,16.11809565
5.0,6.0,2722.5,7.909305855,544.5,1.2,21854.91276,17.52449479365033,17.2241481738,0,65000000,17.98989783
3.0,3.0,816.75,6.70533305,272.25,1.0,15861.09024,17.52449479365033,17.48107115846154,1,5500000,15.52025865
0.0,0.0,18954.0,9.84977027,18954.0,0.0,22000.0,18.23946870666667,17.38481072169611,1,500000000,20.03011866
2.0,2.0,816.75,6.70533305,408.375,1.0,17447.19927,16.74009781756667,17.30474131619205,0,13000000,16.38045992
1.0,1.0,626.175,6.439629885,626.175,1.0,9478.95376,16.74009781756667,17.2241481738,0,5000000,15.42494847
5.0,6.0,2722.5,7.909305855,544.5,1.2,20202.0202,17.52449479365033,17.2241481738,0,55000000,17.82284374
6.0,7.0,10890.0,9.295600216,1815.0,1.166666667,12396.694215,18.00816093799353,17.48107115846154,0,220000000,19.2091381
2.0,2.0,1098.0,7.001245622,549.0,1.0,22000.0,18.00816093799353,17.38481072169611,0,8600000,15.96727276
3.0,4.0,1089.0,6.993015123,363.0,1.333333333,16843.7623,17.52449479365033,17.30474131619205,0,19500000,16.78592502
4.0,6.0,5994.0,8.698514248,1498.5,1.5,24334.251605,18.00816093799353,17.38481072169611,0,250000000,19.33697148
0.0,0.0,5445.0,8.602453035,5445.0,0.0,1414.141414,16.7407250003125,17.48107115846154,1,5150000,15.45450727
5.0,5.0,1361.25,7.216158674,272.25,1.0,20202.0202,17.52449479365033,17.30474131619205,0,27500000,17.12969656
1.0,1.0,544.5,6.299867942,544.5,1.0,13957.75941,16.74009781756667,17.2241481738,0,3000000,14.91412285
5.0,5.0,1089.0,6.993015123,217.8,1.0,20202.0202,17.52449479365033,17.30474131619205,0,22500000,16.92902587
4.0,4.0,816.75,6.70533305,204.1875,1.0,15861.09024,17.52449479365033,17.48107115846154,1,27000000,17.11134742
3.0,3.0,3600.0,8.188689124,1200.0,1.0,22000.0,17.52449479365033,17.38481072169611,1,69000000,18.04961706
3.0,4.0,1361.25,7.216158674,453.75,1.333333333,11753.90266,17.52449479365033,17.0930370689899,0,19500000,16.78592502
4.0,5.0,1633.5,7.398480231,408.375,1.25,21426.38506,17.52449479365033,17.30474131619205,0,35000000,17.37085862
6.0,6.0,8167.5,9.007918143,1361.25,1.0,17447.19927,17.03228004347826,17.2241481738,0,130000000,18.68304501
6.0,6.0,9801.0,9.1902397,1633.5,1.0,15999.58439,17.52449479365033,17.2241481738,0,165000000,18.92145603
5.0,6.0,2450.25,7.803945339,490.05,1.2,14041.756535,17.52449479365033,17.0930370689899,0,34000000,17.34187108
0.0,0.0,9000.0,9.104979856,9000.0,0.0,150.0,13.99783211,17.38481072169611,1,1200000,13.99783211
5.0,5.0,1361.25,7.216158674,272.25,1.0,17447.19927,17.52449479365033,17.30474131619205,0,16000000,16.58809928
7.0,5.0,2722.5,7.909305855,388.9285714,0.714285714,9917.355372,17.52449479365033,17.2241481738,0,37500000,17.43985149
5.0,6.0,1633.5,7.398480231,326.7,1.2,21426.38506,17.52449479365033,17.30474131619205,0,28500000,17.16541465
5.0,6.0,2749.725,7.919256186,549.945,1.2,19283.74656,17.52449479365033,17.63082525563043,0,47000000,17.66565816
5.0,7.0,32670.0,10.3942125,6534.0,1.4,19283.74656,17.52449479365033,17.63082525563043,0,400000000,19.80697511
2.0,3.0,2123.55,7.660844496,1061.775,1.5,31178.59355,16.74009781756667,17.48107115846154,0,81000000,18.20995971
3.0,3.0,1503.0,7.31521839,501.0,1.0,15873.01587,16.74009781756667,17.38481072169611,0,24500000,17.01418368
0.0,0.0,2178.0,7.686162303,2178.0,0.0,9659.4516605,16.7407250003125,17.63082525563043,1,13500000,16.41820024
3.0,4.0,1905.75,7.552630911,635.25,1.333333333,9917.355372,17.52449479365033,17.2241481738,0,19800000,16.8011925
0.0,0.0,4500.0,8.411832676,4500.0,0.0,26481.48148,16.89827182589474,17.38481072169611,1,93000000,18.34811005
0.0,0.0,5172.75,8.551159741,5172.75,0.0,15861.09024,16.89827182589474,17.48107115846154,1,20000000,16.81124283
4.0,4.0,1633.5,7.398480231,408.375,1.0,16528.92562,17.52449479365033,17.2241481738,0,26000000,17.0736071
8.0,6.0,5445.0,8.602453035,680.625,0.75,21120.29385,17.52449479365033,17.63082525563043,0,74500000,18.12630968
3.0,4.0,1361.25,7.216158674,453.75,1.333333333,13957.75941,17.52449479365033,17.0930370689899,0,20000000,16.81124283
5.0,6.0,2722.5,7.909305855,544.5,1.2,19926.53811,17.52449479365033,17.63082525563043,0,52000000,17.76675428
7.0,6.0,8712.0,9.072456665,1244.571429,0.857142857,10215.79431,17.52449479365033,17.2241481738,0,89000000,18.30414693
1.0,2.0,1143.45,7.041805287,1143.45,2.0,12855.83104,16.74009781756667,17.2241481738,0,12500000,16.3412392
2.0,2.5,544.5,6.299867942,272.25,1.25,15861.09024,18.95005811818182,17.48107115846154,1,32900000,17.30898322
3.0,2.0,108900.0,11.59818531,36300.0,0.666666667,19283.74656,17.21200745916667,17.63082525563043,0,20000000,16.81124283
5.0,6.0,5445.0,8.602453035,1089.0,1.2,24334.251605,18.00816093799353,17.48107115846154,0,125000000,18.6438243
4.0,7.0,1905.75,7.552630911,476.4375,1.75,19283.74656,17.52449479365033,17.63082525563043,1,65000000,17.98989783
4.0,5.0,2967.525,7.995483551,741.88125,1.25,19283.74656,17.52449479365033,17.63082525563043,0,89000000,18.30414693
2.0,2.0,1404.0,7.247080585,702.0,1.0,22000.0,16.74009781756667,17.38481072169611,0,17500000,16.67771144
0.0,0.0,5445.0,8.602453035,5445.0,0.0,19283.74656,16.7407250003125,17.63082525563043,1,24000000,16.99356439
3.0,5.0,1089.0,6.993015123,363.0,1.666666667,15861.09024,17.52449479365033,17.48107115846154,1,18500000,16.73328129
4.0,5.0,2722.5,7.909305855,680.625,1.25,17171.71717,17.52449479365033,17.48107115846154,0,48700000,17.70118959
4.0,5.0,1361.25,7.216158674,340.3125,1.25,15861.09024,17.52449479365033,17.48107115846154,0,26000000,17.0736071
3.0,4.0,1633.5,7.398480231,544.5,1.333333333,18732.78237,17.52449479365033,17.48107115846154,1,25000000,17.03438638
4.0,4.0,3600.0,8.188689124,900.0,1.0,28276.77977,18.00816093799353,17.38481072169611,0,55000000,17.82284374
4.0,5.0,1350.0,7.207859871,337.5,1.25,55555.55556,17.30156670857143,17.38481072169611,1,75000000,18.13299867
4.0,5.0,1361.25,7.216158674,340.3125,1.25,9917.355372,17.52449479365033,17.0930370689899,0,14900000,16.51687177
2.0,2.0,700.0,6.551080335,350.0,1.0,11517.857143,16.74009781756667,17.38481072169611,1,6500000,15.68731273
3.0,3.0,1701.0,7.438971592,567.0,1.0,29629.62963,16.74009781756667,17.38481072169611,0,41000000,17.52908262
5.0,6.0,1905.75,7.552630911,381.15,1.2,14954.74223,17.52449479365033,17.2241481738,0,26500000,17.09265529
6.0,6.0,2700.0,7.901007052,450.0,1.0,22000.0,17.52449479365033,17.38481072169611,1,65000000,17.98989783
6.0,6.0,2722.5,7.909305855,453.75,1.0,14041.756535,17.52449479365033,17.0930370689899,0,32000000,17.28124646
3.0,3.0,1800.0,7.495541944,600.0,1.0,22000.0,17.03228004347826,17.38481072169611,0,20000000,16.81124283
6.0,6.0,2178.0,7.686162303,363.0,1.0,13314.96786,17.52449479365033,17.0930370689899,0,24500000,17.01418368
6.0,5.0,5445.0,8.602453035,907.5,0.833333333,17447.19927,17.52449479365033,17.2241481738,0,250000000,19.33697148
5.0,5.0,2722.5,7.909305855,544.5,1.0,23875.11478,17.52449479365033,17.30474131619205,0,60000000,17.90985512
7.0,5.0,2722.5,7.909305855,388.9285714,0.714285714,19283.74656,17.52449479365033,17.63082525563043,0,95000000,18.36938745
0.0,0.0,2722.5,7.909305855,2722.5,0.0,14508.7236,16.7407250003125,17.63082525563043,1,39500000,17.49181123
4.0,5.0,2362.0,7.767263997,590.5,1.25,15861.09024,18.00816093799353,17.48107115846154,1,280000000,19.45030016
5.0,5.0,1361.25,7.216158674,272.25,1.0,20202.0202,17.52449479365033,17.30474131619205,0,26000000,17.0736071
6.0,6.0,5445.0,8.602453035,907.5,1.0,15861.09024,17.52449479365033,17.48107115846154,0,64000000,17.97439364
3.0,3.0,2354.0,7.763871288,784.6666667,1.0,22000.0,17.30156670857143,17.38481072169611,1,120000000,18.6030023
7.0,6.0,5445.0,8.602453035,777.8571429,0.857142857,11478.42057,17.52449479365033,17.0930370689899,0,61000000,17.92638442
6.0,6.0,5400.0,8.594154233,900.0,1.0,29444.444445,18.00816093799353,17.38481072169611,1,150000000,18.82614585
2.0,3.0,1932.975,7.566815546,966.4875,1.5,19283.74656,18.95005811818182,17.63082525563043,0,110000000,18.51599092
5.0,5.0,1361.25,7.216158674,272.25,1.0,17630.85399,17.52449479365033,17.30474131619205,0,24000000,16.99356439
5.0,6.0,2722.5,7.909305855,544.5,1.2,16528.92562,17.52449479365033,17.2241481738,0,45000000,17.62217305
0.0,0.0,816.75,6.70533305,816.75,0.0,15861.09024,16.89827182589474,17.48107115846154,1,7495000,15.82974669
0.0,0.0,1361.25,7.216158674,1361.25,0.0,5876.951331,16.89827182589474,17.48107115846154,1,8500000,15.95557672
5.0,6.0,5445.0,8.602453035,1089.0,1.2,11478.42057,17.52449479365033,17.0930370689899,0,58000000,17.87595357
7.0,7.0,4500.0,8.411832676,642.8571429,1.0,61111.11111,17.30156670857143,17.38481072169611,0,280000000,19.45030016
5.0,5.0,2700.0,7.901007052,540.0,1.0,61111.11111,17.52449479365033,17.38481072169611,0,165000000,18.92145603
4.0,4.0,2520.0,7.832014181,630.0,1.0,17592.59259,18.00816093799353,17.38481072169611,0,38000000,17.45309672
4.0,4.0,2722.5,7.909305855,680.625,1.0,17447.19927,17.52449479365033,17.30474131619205,0,49500000,17.71748323
6.0,6.0,3811.5,8.245778091,635.25,1.0,14692.37833,17.52449479365033,17.30474131619205,0,50000000,17.72753356
6.0,6.0,5445.0,8.602453035,907.5,1.0,21120.29385,17.52449479365033,17.63082525563043,0,112200000,18.53579355
3.0,3.0,1368.0,7.221105098,456.0,1.0,9955.555556,17.03228004347826,17.38481072169611,0,13500000,16.41820024
5.0,5.0,2722.5,7.909305855,544.5,1.0,15861.09024,17.52449479365033,17.48107115846154,0,40000000,17.50439001
6.0,6.0,3600.0,8.188689124,600.0,1.0,15786.890315,17.52449479365033,17.38481072169611,0,85000000,18.25816181
3.0,3.0,1089.0,6.993015123,363.0,1.0,17447.19927,17.52449479365033,17.30474131619205,0,14000000,16.45456789
0.0,0.0,5445.0,8.602453035,5445.0,0.0,19283.74656,16.7407250003125,17.63082525563043,1,18500000,16.73328129
6.0,6.0,3267.0,8.091627412,544.5,1.0,15861.09024,17.52449479365033,17.48107115846154,0,74000000,18.11957565
3.0,4.0,1361.25,7.216158674,453.75,1.333333333,13957.75941,17.52449479365033,17.0930370689899,0,20000000,16.81124283
7.0,6.0,21780.0,9.988747396,3111.428571,0.857142857,19283.74656,17.21200745916667,17.63082525563043,0,90000000,18.31532023
3.0,5.0,1361.25,7.216158674,453.75,1.666666667,19834.71074,15.6743339095,17.48107115846154,1,26000000,17.0736071
5.0,5.0,1361.25,7.216158674,272.25,1.0,17630.85399,17.52449479365033,17.30474131619205,0,24000000,16.99356439
5.0,6.0,2722.5,7.909305855,544.5,1.2,19283.74656,17.52449479365033,17.48107115846154,0,52500000,17.77632373
0.0,0.0,2722.5,7.909305855,2722.5,0.0,24977.04316,16.89827182589474,17.48107115846154,1,26000000,17.0736071
5.0,6.0,5445.0,8.602453035,1089.0,1.2,19008.26446,17.30156670857143,17.48107115846154,0,160000000,18.89068437
6.0,5.0,4846.05,8.485919219,807.675,0.833333333,19283.74656,17.52449479365033,17.63082525563043,0,450000000,19.92475814
4.0,5.0,1361.25,7.216158674,340.3125,1.25,16528.92562,17.52449479365033,17.2241481738,0,23000000,16.95100477
6.0,6.0,5445.0,8.602453035,907.5,1.0,21854.91276,17.52449479365033,17.2241481738,0,162500000,18.90618856
2.0,3.0,1080.0,6.98471632,540.0,1.5,10277.77778,17.30156670857143,17.38481072169611,1,9200000,16.03471404
2.0,3.0,1800.0,7.495541944,900.0,1.5,10277.77778,17.30156670857143,17.38481072169611,1,19000000,16.75994954
4.0,4.0,1080.0,6.98471632,270.0,1.0,26388.88889,17.52449479365033,17.38481072169611,1,18000000,16.70588232
3.0,4.0,1361.25,7.216158674,453.75,1.333333333,12488.52158,17.52449479365033,17.30474131619205,0,18500000,16.73328129
0.0,0.0,10890.0,9.295600216,10890.0,0.0,7978.723404,16.7407250003125,17.48107115846154,1,96000000,18.37985875
4.0,5.0,2700.0,7.901007052,675.0,1.25,26481.48148,18.00816093799353,17.38481072169611,1,72000000,18.09217668
5.0,5.0,816.75,6.70533305,163.35,1.0,20202.0202,17.52449479365033,17.30474131619205,0,19000000,16.75994954
1.0,2.0,1334.025,7.195955967,1334.025,2.0,19283.74656,16.74009781756667,17.63082525563043,0,12500000,16.3412392
3.0,3.0,816.75,6.70533305,272.25,1.0,12511.47842,17.52449479365033,17.0930370689899,0,6300000,15.65606019
2.0,2.0,1742.4,7.463018752,871.2,1.0,16352.81835,17.30156670857143,17.63082525563043,0,28500000,17.16541465
6.0,6.0,1080.0,6.98471632,180.0,1.0,23495.37037,18.00816093799353,17.38481072169611,0,40000000,17.50439001
0.0,0.0,1361.25,7.216158674,1361.25,0.0,15861.09024,16.89827182589474,17.48107115846154,1,11000000,16.21340583
3.0,5.0,2994.75,8.004616035,998.25,1.666666667,17630.85399,17.52449479365033,17.30474131619205,0,47500000,17.67624027
1.0,2.0,1170.675,7.065335785,1170.675,2.0,31178.59355,17.30156670857143,17.48107115846154,0,36500000,17.41282282
3.0,3.0,1602.0,7.379008128,534.0,1.0,18726.59176,16.74009781756667,17.38481072169611,0,30000000,17.21670794
3.0,4.0,2722.5,7.909305855,907.5,1.333333333,9182.736455,17.52449479365033,17.2241481738,0,25000000,17.03438638
6.0,6.0,5445.0,8.602453035,907.5,1.0,21120.29385,18.00816093799353,17.63082525563043,0,137500000,18.73913448
0.0,0.0,2178.0,7.686162303,2178.0,0.0,19283.74656,16.7407250003125,17.63082525563043,1,16500000,16.61887094
0.0,0.0,4698.0,8.454892165,4698.0,0.0,22000.0,16.7407250003125,17.38481072169611,1,18500000,16.73328129
3.0,5.0,1361.25,7.216158674,453.75,1.666666667,17630.85399,17.52449479365033,17.30474131619205,0,22000000,16.90655301
0.0,0.0,2722.5,7.909305855,2722.5,0.0,15861.09024,16.89827182589474,17.48107115846154,1,11000000,16.21340583
5.0,5.0,816.75,6.70533305,163.35,1.0,14919.760375,17.52449479365033,17.30474131619205,0,9000000,16.01273514
5.0,6.0,1905.75,7.552630911,381.15,1.2,11753.90266,17.52449479365033,17.0930370689899,0,27000000,17.11134742
4.0,4.0,816.75,6.70533305,204.1875,1.0,15861.09024,17.52449479365033,17.48107115846154,0,15000000,16.52356076
2.0,2.0,1600.0,7.377758908,800.0,1.0,19283.74656,16.74009781756667,17.63082525563043,1,35000000,17.37085862
2.0,1.0,1361.25,7.216158674,680.625,0.5,14954.74223,17.52449479365033,17.2241481738,0,10500000,16.16688582
4.0,5.0,1633.5,7.398480231,408.375,1.25,16843.7623,17.52449479365033,17.30474131619205,0,24500000,17.01418368
2.0,2.0,1503.0,7.31521839,751.5,1.0,31481.48148,16.74009781756667,17.38481072169611,0,52500000,17.77632373
6.0,7.0,5445.0,8.602453035,907.5,1.166666667,15861.09024,17.52449479365033,17.48107115846154,1,150000000,18.82614585
4.0,5.0,2178.0,7.686162303,544.5,1.25,16446.280995,17.03228004347826,17.48107115846154,1,35000000,17.37085862
3.5,5.0,387.0,5.958424693,110.5714286,1.428571429,17454.54545,15.6743339095,17.48107115846154,1,15400000,16.54987807
1.0,2.0,1089.0,6.993015123,1089.0,2.0,22038.56749,17.30156670857143,17.48107115846154,1,39000000,17.4790722
4.0,5.0,1361.25,7.216158674,340.3125,1.25,17814.508725,17.52449479365033,17.2241481738,0,23500000,16.97251098
0.0,0.0,4500.0,8.411832676,4500.0,0.0,22000.0,16.7407250003125,17.38481072169611,1,16500000,16.61887094
2.0,3.0,789.525,6.671431499,394.7625,1.5,19283.74656,17.30156670857143,17.63082525563043,0,11000000,16.21340583
5.0,5.0,2722.5,7.909305855,544.5,1.0,17447.19927,17.52449479365033,17.30474131619205,0,38500000,17.4661688
6.0,6.0,2722.5,7.909305855,453.75,1.0,12488.52158,17.03228004347826,17.0930370689899,0,32000000,17.28124646
5.0,6.0,5445.0,8.602453035,1089.0,1.2,21120.29385,17.52449479365033,17.63082525563043,0,125000000,18.6438243
5.0,6.0,5445.0,8.602453035,1089.0,1.2,21120.29385,17.52449479365033,17.63082525563043,0,109000000,18.50685844
6.0,6.0,1080.0,6.98471632,180.0,1.0,32407.40741,18.00816093799353,17.38481072169611,1,35000000,17.37085862
7.0,7.0,6534.0,8.784774592,933.4285714,1.0,19283.74656,17.52449479365033,17.63082525563043,0,115000000,18.56044269
3.0,4.0,1089.0,6.993015123,363.0,1.333333333,20202.0202,17.52449479365033,17.30474131619205,0,21500000,16.88356349
5.0,5.0,4628.25,8.439934106,925.65,1.0,23767.08259,17.52449479365033,17.48107115846154,0,110000000,18.51599092
5.0,5.0,3600.0,8.188689124,720.0,1.0,22000.0,17.52449479365033,17.38481072169611,1,115000000,18.56044269
8.0,6.0,2790.0,7.933796875,348.75,0.75,22000.0,18.00816093799353,17.38481072169611,0,57500000,17.86729551
3.0,4.0,1361.25,7.216158674,453.75,1.333333333,13957.75941,17.52449479365033,17.2241481738,0,24000000,16.99356439
6.0,7.0,4500.0,8.411832676,750.0,1.166666667,18726.59176,17.52449479365033,17.38481072169611,0,155000000,18.85893567
5.0,6.0,2722.5,7.909305855,544.5,1.2,13957.75941,17.52449479365033,17.2241481738,0,55000000,17.82284374
1.0,1.0,1524.6,7.32948736,1524.6,1.0,15413.87905,16.74009781756667,17.63082525563043,0,26000000,17.0736071
5.0,5.0,2250.0,7.718685495,450.0,1.0,22000.0,17.03228004347826,17.38481072169611,0,35000000,17.37085862
8.0,6.0,7200.0,8.881836305,900.0,0.75,23875.11478,18.00816093799353,17.38481072169611,0,260000000,19.37619219
1.0,1.0,1225.125,7.110798159,1225.125,1.0,12855.83104,16.74009781756667,17.2241481738,0,20000000,16.81124283
1.0,2.0,1034.55,6.941721829,1034.55,2.0,42381.86056,16.74009781756667,17.63082525563043,0,57500000,17.86729551
4.0,5.0,720.0,6.579251212,180.0,1.25,26388.88889,17.52449479365033,17.38481072169611,0,19000000,16.75994954
6.0,6.0,4500.0,8.411832676,750.0,1.0,24334.251605,17.30156670857143,17.38481072169611,0,185000000,19.03586638
1.0,2.0,1050.0,6.956545443,1050.0,2.0,9659.4516605,16.74009781756667,17.63082525563043,1,11800000,16.28361009
4.0,5.0,2994.75,8.004616035,748.6875,1.25,18365.47291,17.52449479365033,17.30474131619205,0,38500000,17.4661688
2.0,3.0,1715.175,7.447270395,857.5875,1.5,16324.86481,17.52449479365033,17.63082525563043,0,16000000,16.58809928
5.0,6.0,4356.0,8.379309484,871.2,1.2,14612.029385,17.52449479365033,17.0930370689899,0,60000000,17.90985512
5.0,6.0,6534.0,8.784774592,1306.8,1.2,15999.58439,17.52449479365033,17.2241481738,0,96500000,18.38505357
0.0,0.0,3600.0,8.188689124,3600.0,0.0,22000.0,16.7407250003125,17.38481072169611,1,7000000,15.76142071
5.0,6.0,5445.0,8.602453035,1089.0,1.2,17447.19927,17.52449479365033,17.48107115846154,0,95000000,18.36938745
4.0,4.0,1800.0,7.495541944,450.0,1.0,22000.0,16.74009781756667,17.38481072169611,0,23000000,16.95100477
6.0,6.0,2160.0,7.677863501,360.0,1.0,37037.03704,17.52449479365033,17.38481072169611,1,80000000,18.19753719
3.0,4.0,1361.25,7.216158674,453.75,1.333333333,14325.06887,17.52449479365033,17.0930370689899,0,19500000,16.78592502
7.0,6.0,5445.0,8.602453035,777.8571429,0.857142857,25252.525255,17.52449479365033,17.63082525563043,0,122500000,18.62362159
6.0,7.0,2994.75,8.004616035,499.125,1.166666667,20202.0202,17.30156670857143,17.30474131619205,0,70000000,18.0640058
4.0,5.0,2722.5,7.909305855,680.625,1.25,16324.86481,17.52449479365033,17.63082525563043,0,46000000,17.64415195
5.0,6.0,10890.0,9.295600216,2178.0,1.2,12396.694215,18.00816093799353,17.48107115846154,0,140000000,18.75715298
3.0,3.0,1602.0,7.379008128,534.0,1.0,22000.0,16.74009781756667,17.38481072169611,0,32000000,17.28124646
3.0,4.0,23400.0,10.0604913,7800.0,1.333333333,4722.222222,16.74009781756667,17.38481072169611,1,21000000,16.860033
6.0,6.0,2160.0,7.677863501,360.0,1.0,23842.59259,17.52449479365033,17.38481072169611,1,48000000,17.68671157
0.0,0.0,5445.0,8.602453035,5445.0,0.0,16161.61616,16.7407250003125,17.63082525563043,1,24000000,16.99356439
3.0,4.0,2601.0,7.863651265,867.0,1.333333333,31481.48148,16.74009781756667,17.38481072169611,0,115000000,18.56044269
5.0,6.0,5445.0,8.602453035,1089.0,1.2,15861.09024,17.52449479365033,17.48107115846154,0,83500000,18.24035719
4.0,4.0,1361.25,7.216158674,340.3125,1.0,15977.96143,17.52449479365033,17.48107115846154,0,21500000,16.88356349
5.0,6.0,5445.0,8.602453035,1089.0,1.2,23875.11478,18.00816093799353,17.48107115846154,0,85000000,18.25816181
5.0,6.0,2178.0,7.686162303,435.6,1.2,19513.31497,17.52449479365033,17.63082525563043,0,42500000,17.56501463
5.0,6.0,5445.0,8.602453035,1089.0,1.2,21120.29385,17.52449479365033,17.63082525563043,0,105000000,18.46947091
4.0,5.0,1361.25,7.216158674,340.3125,1.25,18181.81818,17.52449479365033,17.63082525563043,0,23500000,16.97251098
5.0,6.0,2722.5,7.909305855,544.5,1.2,14954.74223,17.52449479365033,17.2241481738,0,46000000,17.64415195
7.0,5.0,7078.5,8.8648173,1011.214286,0.714285714,13223.1405,17.52449479365033,17.2241481738,0,89500000,18.30974918
5.0,6.0,5445.0,8.602453035,1089.0,1.2,18273.64555,17.52449479365033,17.48107115846154,0,145000000,18.7922443
4.0,5.0,2722.5,7.909305855,680.625,1.25,17447.19927,17.52449479365033,17.30474131619205,0,47500000,17.67624027
3.0,4.0,2722.5,7.909305855,907.5,1.333333333,15861.09024,17.52449479365033,17.48107115846154,1,34000000,17.34187108
0.0,0.0,1361.25,7.216158674,1361.25,0.0,19283.74656,14.8229620675,17.63082525563043,1,1200000,13.99783211
3.0,5.0,1361.25,7.216158674,453.75,1.666666667,15861.09024,17.52449479365033,17.48107115846154,1,21500000,16.88356349
5.0,6.0,1905.75,7.552630911,381.15,1.2,18496.65486,17.52449479365033,17.63082525563043,0,35000000,17.37085862
5.0,7.0,2722.5,7.909305855,544.5,1.4,21120.29385,17.52449479365033,17.63082525563043,0,75000000,18.13299867
5.0,7.0,5400.0,8.594154233,1080.0,1.4,22000.0,17.52449479365033,17.38481072169611,0,145000000,18.7922443
5.0,7.0,5445.0,8.602453035,1089.0,1.4,23875.11478,17.52449479365033,17.30474131619205,0,130000000,18.68304501
0.0,0.0,2722.5,7.909305855,2722.5,0.0,15861.09024,16.89827182589474,17.48107115846154,1,13000000,16.38045992
1.0,1.0,1500.0,7.313220387,1500.0,1.0,22000.0,16.74009781756667,17.38481072169611,1,40000000,17.50439001
0.0,0.0,5445.0,8.602453035,5445.0,0.0,15861.09024,17.82284374,17.48107115846154,1,55000000,17.82284374
4.0,4.0,1361.25,7.216158674,340.3125,1.0,12511.47842,17.52449479365033,17.0930370689899,0,21000000,16.860033
5.0,6.0,2722.5,7.909305855,544.5,1.2,14954.74223,17.52449479365033,17.2241481738,0,41000000,17.52908262
2.0,2.0,1890.0,7.544332108,945.0,1.0,54920.63492,18.00816093799353,17.38481072169611,0,103800000,18.45797653
4.0,4.0,1361.25,7.216158674,340.3125,1.0,15861.09024,17.52449479365033,17.48107115846154,0,22500000,16.92902587
5.0,6.0,2450.25,7.803945339,490.05,1.2,19283.74656,17.52449479365033,17.63082525563043,0,48000000,17.68671157
4.0,4.0,1361.25,7.216158674,340.3125,1.0,12511.47842,17.52449479365033,17.0930370689899,0,9500000,16.06680236
3.0,3.0,3267.0,8.091627412,1089.0,1.0,11019.28375,17.52449479365033,17.30474131619205,0,30000000,17.21670794
5.0,6.0,2722.5,7.909305855,544.5,1.2,19283.74656,17.52449479365033,17.63082525563043,0,52000000,17.76675428
7.0,6.0,21780.0,9.988747396,3111.428571,0.857142857,56509.14742,17.52449479365033,17.63082525563043,0,1750000000,21.28288162
3.0,4.0,1361.25,7.216158674,453.75,1.333333333,13957.75941,17.52449479365033,17.2241481738,0,24600000,17.018257
1.0,1.0,450.0,6.109247583,450.0,1.0,15861.09024,16.74009781756667,17.48107115846154,1,7900000,15.88237332
4.0,4.0,2722.5,7.909305855,680.625,1.0,11753.90266,17.52449479365033,17.0930370689899,0,20000000,16.81124283
5.0,6.0,2722.5,7.909305855,544.5,1.2,19926.53811,17.52449479365033,17.63082525563043,0,57000000,17.85856183
6.0,6.0,4500.0,8.411832676,750.0,1.0,22000.0,18.00816093799353,17.38481072169611,1,260000000,19.37619219
6.0,6.0,9000.0,9.104979856,1500.0,1.0,57777.77778,18.00816093799353,17.38481072169611,0,440000000,19.90228528
4.0,5.0,3267.0,8.091627412,816.75,1.25,15861.09024,17.52449479365033,17.48107115846154,1,59500000,17.90148687
6.0,6.0,5445.0,8.602453035,907.5,1.0,15861.09024,17.52449479365033,17.48107115846154,1,62500000,17.95067711
6.0,6.0,10890.0,9.295600216,1815.0,1.0,15861.09024,17.52449479365033,17.48107115846154,0,99000000,18.41063041
5.0,6.0,4500.0,8.411832676,900.0,1.2,57777.77778,18.00816093799353,17.38481072169611,0,140000000,18.75715298
6.0,6.0,5445.0,8.602453035,907.5,1.0,17630.85399,17.52449479365033,17.48107115846154,0,88000000,18.29284737
3.0,3.0,1089.0,6.993015123,363.0,1.0,19283.74656,17.52449479365033,17.63082525563043,1,40900000,17.52664062
5.0,5.0,1800.0,7.495541944,360.0,1.0,32362.45955,17.52449479365033,17.38481072169611,0,100000000,18.42068074
6.0,6.0,5445.0,8.602453035,907.5,1.0,18732.78237,17.52449479365033,17.48107115846154,1,92500000,18.3427192
2.0,2.0,1089.0,6.993015123,544.5,1.0,19283.74656,17.30156670857143,17.63082525563043,0,13000000,16.38045992
5.0,6.0,2994.75,8.004616035,598.95,1.2,20202.0202,17.52449479365033,17.30474131619205,0,57500000,17.86729551
5.0,6.0,2722.5,7.909305855,544.5,1.2,13957.75941,17.52449479365033,17.0930370689899,0,35000000,17.37085862
4.0,4.0,720.0,6.579251212,180.0,1.0,26388.88889,17.52449479365033,17.38481072169611,0,19000000,16.75994954
3.0,4.0,1361.25,7.216158674,453.75,1.333333333,17630.85399,18.00816093799353,17.30474131619205,0,25000000,17.03438638
0.0,0.0,5445.0,8.602453035,5445.0,0.0,19283.74656,16.7407250003125,17.63082525563043,1,16000000,16.58809928
2.0,3.0,69151.5,11.14405503,34575.75,1.5,15861.09024,17.52449479365033,17.48107115846154,0,130000000,18.68304501
4.0,5.0,1524.6,7.32948736,381.15,1.25,41978.2238,17.52449479365033,17.63082525563043,0,64000000,17.97439364
5.0,5.0,2722.5,7.909305855,544.5,1.0,17447.19927,18.00816093799353,17.2241481738,0,54000000,17.8044946
3.0,4.0,1361.25,7.216158674,453.75,1.333333333,19834.71074,18.00816093799353,17.48107115846154,1,19300000,16.77561565
5.0,6.0,5445.0,8.602453035,1089.0,1.2,17171.71717,17.52449479365033,17.48107115846154,0,75000000,18.13299867
3.0,3.0,3267.0,8.091627412,1089.0,1.0,11019.28375,17.52449479365033,17.30474131619205,0,30000000,17.21670794
2.0,2.0,1188.0,7.0800265,594.0,1.0,11354.42011,16.74009781756667,17.38481072169611,0,14500000,16.48965921
3.0,3.0,1125.0,7.025538315,375.0,1.0,22000.0,17.03228004347826,17.38481072169611,1,18000000,16.70588232
0.0,0.0,2178.0,7.686162303,2178.0,0.0,19283.74656,16.7407250003125,17.63082525563043,1,12500000,16.3412392
6.0,6.0,5445.0,8.602453035,907.5,1.0,21854.91276,17.52449479365033,17.2241481738,0,162500000,18.90618856
4.0,4.0,1080.0,6.98471632,270.0,1.0,22000.0,17.52449479365033,17.38481072169611,0,35000000,17.37085862
4.0,5.0,1361.25,7.216158674,340.3125,1.25,19283.74656,18.00816093799353,17.63082525563043,1,3800000,15.15051162
4.0,4.0,1905.75,7.552630911,476.4375,1.0,16843.7623,17.52449479365033,17.30474131619205,0,33000000,17.31201812
4.0,5.0,2178.0,7.686162303,544.5,1.25,14919.760375,17.52449479365033,17.30474131619205,0,30000000,17.21670794
4.0,5.0,1497.375,7.311468854,374.34375,1.25,12511.47842,17.52449479365033,17.0930370689899,0,20500000,16.83593544
4.0,5.0,1361.25,7.216158674,340.3125,1.25,19467.40129,17.52449479365033,17.48107115846154,0,27500000,17.12969656
4.0,4.0,1905.75,7.552630911,476.4375,1.0,19283.74656,17.52449479365033,17.63082525563043,1,48000000,17.68671157
3.0,3.0,816.75,6.70533305,272.25,1.0,11386.5932,17.52449479365033,17.0930370689899,0,9000000,16.01273514
3.0,4.0,1089.0,6.993015123,363.0,1.333333333,19283.74656,17.52449479365033,17.63082525563043,0,53000000,17.78580247
0.0,0.0,1361.25,7.216158674,1361.25,0.0,19283.74656,18.23946870666667,17.63082525563043,1,25000000,17.03438638
3.0,4.0,1361.25,7.216158674,453.75,1.333333333,18732.78237,17.52449479365033,17.48107115846154,0,27000000,17.11134742
2.0,2.0,2178.0,7.686162303,1089.0,1.0,16299.357205,16.74009781756667,17.2241481738,0,27000000,17.11134742
6.0,7.0,5445.0,8.602453035,907.5,1.166666667,19283.74656,17.52449479365033,17.63082525563043,0,105000000,18.46947091
3.0,4.0,1827.0,7.510430556,609.0,1.333333333,22000.0,18.00816093799353,17.38481072169611,0,20000000,16.81124283
3.0,3.0,1350.0,7.207859871,450.0,1.0,19960.07984,16.74009781756667,17.38481072169611,0,13500000,16.41820024
3.0,3.0,544.5,6.299867942,181.5,1.0,15861.09024,17.52449479365033,17.48107115846154,0,7000000,15.76142071
4.0,4.0,1361.25,7.216158674,340.3125,1.0,15861.09024,17.52449479365033,17.48107115846154,0,20000000,16.81124283
4.0,5.0,2178.0,7.686162303,544.5,1.25,15861.09024,18.00816093799353,17.48107115846154,1,380000000,19.75568181
3.5,5.0,600.0,6.396929655,171.4285714,1.428571429,18425.925925,15.6743339095,17.38481072169611,1,11000000,16.21340583
5.0,6.0,2722.5,7.909305855,544.5,1.2,19467.401285,17.52449479365033,17.63082525563043,0,51000000,17.74733619
0.0,0.0,10890.0,9.295600216,10890.0,0.0,19283.74656,16.7407250003125,17.63082525563043,1,107000000,18.48833939
8.0,6.0,1936.0,7.568379268,242.0,0.75,19283.74656,17.544675218,17.63082525563043,1,260000000,19.37619219
3.0,4.0,816.75,6.70533305,272.25,1.333333333,13468.01347,17.52449479365033,17.48107115846154,1,11400000,16.24912391
6.0,6.0,17968.5,9.796375504,2994.75,1.0,19283.74656,17.52449479365033,17.63082525563043,0,610000000,20.22896952
2.0,2.0,700.0,6.551080335,350.0,1.0,17454.54545,16.74009781756667,17.48107115846154,1,12100000,16.30871601
3.0,4.0,1089.0,6.993015123,363.0,1.333333333,12511.47842,17.52449479365033,17.0930370689899,0,13500000,16.41820024
5.0,6.0,2722.5,7.909305855,544.5,1.2,17447.19927,17.52449479365033,17.2241481738,0,49000000,17.70733086
4.0,4.0,871.2,6.769871572,217.8,1.0,15861.09024,18.00816093799353,17.48107115846154,0,17000000,16.6487239
0.0,0.0,5445.0,8.602453035,5445.0,0.0,19283.74656,16.7407250003125,17.63082525563043,1,5000000,15.42494847
4.0,4.0,2700.0,7.901007052,675.0,1.0,24334.251605,18.00816093799353,17.38481072169611,0,100000000,18.42068074
6.0,6.0,4500.0,8.411832676,750.0,1.0,57777.77778,18.00816093799353,17.38481072169611,0,260000000,19.37619219
3.5,5.0,180.0,5.192956851,51.42857143,1.428571429,22000.0,15.6743339095,17.38481072169611,1,12000000,16.30041721
0.0,0.0,5400.0,8.594154233,5400.0,0.0,111111.1111,16.7407250003125,17.38481072169611,1,520000000,20.06933937
3.0,3.0,1361.25,7.216158674,453.75,1.0,17447.19927,17.52449479365033,17.30474131619205,0,17500000,16.67771144
5.0,6.0,2722.5,7.909305855,544.5,1.2,21120.29385,17.52449479365033,17.63082525563043,0,71500000,18.08520801
0.0,0.0,5445.0,8.602453035,5445.0,0.0,7070.707071,16.7407250003125,17.48107115846154,1,38500000,17.4661688
5.0,6.0,2722.5,7.909305855,544.5,1.2,19283.74656,17.52449479365033,17.63082525563043,0,48500000,17.69707436
5.0,6.0,2722.5,7.909305855,544.5,1.2,19283.74656,17.52449479365033,17.48107115846154,0,51500000,17.75709237
3.0,4.0,1361.25,7.216158674,453.75,1.333333333,13865.932045,17.52449479365033,17.0930370689899,0,20000000,16.81124283
5.0,5.0,1089.0,6.993015123,217.8,1.0,16843.7623,17.52449479365033,17.30474131619205,0,16000000,16.58809928
3.0,4.0,1361.25,7.216158674,453.75,1.333333333,18732.78237,17.52449479365033,17.48107115846154,1,20000000,16.81124283
0.0,0.0,10890.0,9.295600216,10890.0,0.0,19283.74656,16.89827182589474,17.63082525563043,1,20000000,16.81124283
0.0,0.0,5445.0,8.602453035,5445.0,0.0,9458.2185485,16.89827182589474,17.48107115846154,1,55000000,17.82284374
5.0,5.0,2722.5,7.909305855,544.5,1.0,12396.694215,17.52449479365033,17.0930370689899,0,28800000,17.17588595
6.0,7.0,21780.0,9.988747396,3630.0,1.166666667,23875.11478,18.00816093799353,17.30474131619205,0,450000000,19.92475814
3.0,3.0,1388.475,7.235961302,462.825,1.0,21120.29385,17.30156670857143,17.63082525563043,0,16500000,16.61887094
2.0,2.0,954.0,6.860663671,477.0,1.0,24334.251605,16.74009781756667,17.38481072169611,0,17000000,16.6487239
6.0,6.0,5445.0,8.602453035,907.5,1.0,19283.74656,17.52449479365033,17.63082525563043,0,180000000,19.00846741
3.5,5.0,220.0,5.393627546,62.85714286,1.428571429,19283.74656,15.6743339095,17.63082525563043,1,5500000,15.52025865
2.0,2.0,1400.0,7.244227516,700.0,1.0,22000.0,16.74009781756667,17.38481072169611,1,3300000,15.00943303
3.0,3.0,1098.0,7.001245622,366.0,1.0,24334.251605,16.74009781756667,17.38481072169611,0,34500000,17.35646988
3.5,5.0,800.0,6.684611728,228.5714286,1.428571429,11517.857143,15.6743339095,17.38481072169611,1,11000000,16.21340583
5.0,6.0,1905.75,7.552630911,381.15,1.2,13957.75941,17.52449479365033,17.2241481738,0,32000000,17.28124646
2.0,2.0,21780.0,9.988747396,10890.0,1.0,306.0912152,17.21200745916667,17.2241481738,0,12000000,16.30041721
6.0,6.0,6534.0,8.784774592,1089.0,1.0,32713.498625,17.52449479365033,17.2241481738,0,200000000,19.11382792
6.0,6.0,720.0,6.579251212,120.0,1.0,22000.0,17.52449479365033,17.38481072169611,1,14000000,16.45456789
4.0,5.0,1361.25,7.216158674,340.3125,1.25,20202.0202,17.52449479365033,17.30474131619205,0,28500000,17.16541465
0.0,0.0,4500.0,8.411832676,4500.0,0.0,8611.111111,16.7407250003125,17.63082525563043,1,35500000,17.38504325
3.0,4.0,1361.25,7.216158674,453.75,1.333333333,16639.11846,17.52449479365033,17.2241481738,0,19800000,16.8011925
0.0,0.0,1361.25,7.216158674,1361.25,0.0,2984.389348,16.89827182589474,17.63082525563043,1,4500000,15.31958795
4.0,5.0,1361.25,7.216158674,340.3125,1.25,14325.06887,17.52449479365033,17.30474131619205,0,18500000,16.73328129
4.0,5.0,2722.5,7.909305855,680.625,1.25,19467.40129,17.52449479365033,17.48107115846154,0,52500000,17.77632373
5.0,5.0,1361.25,7.216158674,272.25,1.0,17936.94521,17.52449479365033,17.30474131619205,0,25900000,17.06975353
3.0,2.0,2014.65,7.608200762,671.55,0.666666667,14843.32742,16.74009781756667,17.63082525563043,0,21000000,16.860033
4.0,5.0,4500.0,8.411832676,1125.0,1.25,19283.74656,18.00816093799353,17.63082525563043,1,13500000,16.41820024
3.0,3.0,2178.0,7.686162303,726.0,1.0,19283.74656,17.52449479365033,17.63082525563043,0,18700000,16.74403408
5.0,6.0,2722.5,7.909305855,544.5,1.2,11753.90266,17.52449479365033,17.0930370689899,0,25000000,17.03438638
6.0,6.0,2178.0,7.686162303,363.0,1.0,11019.28375,17.30156670857143,17.0930370689899,0,24000000,16.99356439
5.0,6.0,2722.5,7.909305855,544.5,1.2,14041.756535,17.52449479365033,17.0930370689899,0,43500000,17.5882715
5.0,6.0,5445.0,8.602453035,1089.0,1.2,17447.19927,17.52449479365033,17.48107115846154,0,97500000,18.39536294
5.0,5.0,2178.0,7.686162303,435.6,1.0,31595.36928,17.52449479365033,17.63082525563043,1,90000000,18.31532023
3.5,5.0,277.0,5.624017506,79.14285714,1.428571429,15861.09024,15.6743339095,17.48107115846154,1,25000000,17.03438638
5.0,5.0,5445.0,8.602453035,1089.0,1.0,17171.71717,18.00816093799353,17.48107115846154,0,97500000,18.39536294
3.0,4.0,1361.25,7.216158674,453.75,1.333333333,19467.40129,17.52449479365033,17.48107115846154,0,27500000,17.12969656
7.0,6.0,5445.0,8.602453035,777.8571429,0.857142857,18365.47291,17.52449479365033,17.2241481738,0,110000000,18.51599092
5.0,6.0,2722.5,7.909305855,544.5,1.2,21854.91276,17.52449479365033,17.2241481738,0,60000000,17.90985512
3.0,4.0,1361.25,7.216158674,453.75,1.333333333,16843.7623,17.52449479365033,17.30474131619205,0,25000000,17.03438638
4.0,4.0,1125.0,7.025538315,281.25,1.0,22000.0,17.52449479365033,17.38481072169611,0,15000000,16.52356076
5.0,5.0,6300.0,8.748304912,1260.0,1.0,22000.0,17.52449479365033,17.38481072169611,0,130000000,18.68304501
4.0,7.0,1361.25,7.216158674,340.3125,1.75,14692.37833,17.52449479365033,17.30474131619205,0,20000000,16.81124283
5.0,7.0,2722.5,7.909305855,544.5,1.4,12488.52158,17.52449479365033,17.0930370689899,0,35000000,17.37085862
5.0,5.0,2450.25,7.803945339,490.05,1.0,14041.756535,17.52449479365033,17.0930370689899,0,35000000,17.37085862
3.0,4.0,2223.0,7.706612914,741.0,1.333333333,22000.0,16.74009781756667,17.38481072169611,0,62000000,17.94264494
1.0,1.0,843.975,6.738122873,843.975,1.0,9478.95376,17.30156670857143,17.2241481738,0,5500000,15.52025865
0.0,0.0,5445.0,8.602453035,5445.0,0.0,10468.31956,16.89827182589474,17.48107115846154,1,57000000,17.85856183
4.0,4.0,1361.25,7.216158674,340.3125,1.0,12488.52158,17.52449479365033,17.30474131619205,0,13000000,16.38045992
4.0,5.0,1361.25,7.216158674,340.3125,1.25,14041.756535,17.52449479365033,17.0930370689899,0,23000000,16.95100477
2.0,2.0,1065.0,6.970730078,532.5,1.0,21126.76056,16.74009781756667,17.63082525563043,1,22500000,16.92902587
5.0,5.0,2448.0,7.803026644,489.6,1.0,22000.0,17.03228004347826,17.38481072169611,0,38500000,17.4661688
0.0,0.0,2722.5,7.909305855,2722.5,0.0,6060.606061,16.89827182589474,17.48107115846154,1,16500000,16.61887094
5.0,5.0,2722.5,7.909305855,544.5,1.0,21854.91276,17.52449479365033,17.2241481738,0,59500000,17.90148687
5.0,6.0,2722.5,7.909305855,544.5,1.2,14041.756535,17.52449479365033,17.0930370689899,0,37000000,17.42642847
6.0,6.0,3811.5,8.245778091,635.25,1.0,32795.48734,17.52449479365033,17.63082525563043,0,117500000,18.58194889
0.0,0.0,4500.0,8.411832676,4500.0,0.0,8611.111111,16.7407250003125,17.63082525563043,1,33000000,17.31201812
4.0,5.0,2259.0,7.722677516,564.75,1.25,21701.38889,18.00816093799353,17.38481072169611,0,42500000,17.56501463
2.0,1.0,816.75,6.70533305,408.375,0.5,15861.09024,16.74009781756667,17.48107115846154,1,6500000,15.68731273
6.0,7.0,1800.0,7.495541944,300.0,1.166666667,22000.0,17.52449479365033,17.38481072169611,1,32500000,17.29675065
3.0,4.0,1361.25,7.216158674,453.75,1.333333333,20202.0202,17.30156670857143,17.30474131619205,0,25000000,17.03438638
5.0,6.0,2722.5,7.909305855,544.5,1.2,16528.92562,17.52449479365033,17.48107115846154,0,45000000,17.62217305
4.0,5.0,1361.25,7.216158674,340.3125,1.25,17630.85399,17.52449479365033,17.30474131619205,0,26000000,17.0736071
5.0,6.0,5989.5,8.697763215,1197.9,1.2,21854.91276,17.52449479365033,17.2241481738,0,105000000,18.46947091
4.0,5.0,1361.25,7.216158674,340.3125,1.25,14041.756535,17.52449479365033,17.0930370689899,0,22500000,16.92902587
6.0,6.0,5445.0,8.602453035,907.5,1.0,13314.96786,17.52449479365033,17.0930370689899,0,110000000,18.51599092
1.0,1.0,490.0,6.194405391,490.0,1.0,17454.54545,16.74009781756667,17.48107115846154,1,8200000,15.91964471
5.0,5.0,2722.5,7.909305855,544.5,1.0,17447.19927,17.52449479365033,17.30474131619205,0,50000000,17.72753356
2.0,2.0,900.0,6.802394763,450.0,1.0,22000.0,17.30156670857143,17.38481072169611,0,32500000,17.29675065
3.0,3.0,2722.5,7.909305855,907.5,1.0,13590.44995,17.52449479365033,17.48107115846154,1,24500000,17.01418368
3.0,3.0,1250.0,7.13089883,416.6666667,1.0,22000.0,16.74009781756667,17.38481072169611,1,14000000,16.45456789
8.0,6.0,429.0,6.061456919,53.625,0.75,19283.74656,17.544675218,17.63082525563043,1,13000000,16.38045992
3.0,3.0,680.625,6.523011494,226.875,1.0,12331.10324,17.52449479365033,17.0930370689899,0,8000000,15.8949521
4.0,4.0,3150.0,8.055157732,787.5,1.0,6587.3015875,17.03228004347826,17.38481072169611,0,20000000,16.81124283
4.0,5.0,2722.5,7.909305855,680.625,1.25,17447.19927,17.52449479365033,17.30474131619205,0,47500000,17.67624027
6.0,7.0,3947.625,8.280869411,657.9375,1.166666667,11602.817245,17.52449479365033,17.30474131619205,0,45000000,17.62217305
5.0,6.0,5445.0,8.602453035,1089.0,1.2,24334.251605,18.00816093799353,17.48107115846154,0,125000000,18.6438243
3.0,4.0,1633.5,7.398480231,544.5,1.333333333,17447.19927,17.52449479365033,17.30474131619205,0,17500000,16.67771144
3.0,4.0,1633.5,7.398480231,544.5,1.333333333,12511.47842,17.03228004347826,17.0930370689899,0,22500000,16.92902587
2.0,2.0,871.2,6.769871572,435.6,1.0,9478.95376,16.74009781756667,17.2241481738,0,8000000,15.8949521
5.0,7.0,2722.5,7.909305855,544.5,1.4,15861.09024,17.52449479365033,17.48107115846154,1,35000000,17.37085862
4.0,5.0,1633.5,7.398480231,408.375,1.25,19283.74656,18.00816093799353,17.63082525563043,1,235000000,19.27509607
6.0,6.0,6300.0,8.748304912,1050.0,1.0,22000.0,17.52449479365033,17.38481072169611,1,120000000,18.6030023
7.0,6.0,9000.0,9.104979856,1285.714286,0.857142857,24334.251605,17.30156670857143,17.38481072169611,0,345000000,19.65905497
5.0,6.0,2722.5,7.909305855,544.5,1.2,12488.52158,17.52449479365033,17.30474131619205,0,65000000,17.98989783
4.0,4.0,2722.5,7.909305855,680.625,1.0,15861.09024,17.52449479365033,17.48107115846154,1,42500000,17.56501463
3.0,4.0,5445.0,8.602453035,1815.0,1.333333333,15861.09024,17.52449479365033,17.48107115846154,0,61500000,17.93454773
5.0,6.0,4628.25,8.439934106,925.65,1.2,11343.38033,17.52449479365033,17.2241481738,0,52500000,17.77632373
6.0,7.0,6210.0,8.733916175,1035.0,1.166666667,23875.11478,18.00816093799353,17.38481072169611,0,440000000,19.90228528
4.0,5.0,1361.25,7.216158674,340.3125,1.25,9917.355372,17.52449479365033,17.0930370689899,0,13500000,16.41820024
3.0,4.0,1800.0,7.495541944,600.0,1.333333333,22000.0,16.74009781756667,17.38481072169611,1,26500000,17.09265529
6.0,6.0,9256.5,9.133081286,1542.75,1.0,12511.47842,17.52449479365033,17.0930370689899,0,58000000,17.87595357
5.0,6.0,5445.0,8.602453035,1089.0,1.2,23875.11478,18.00816093799353,17.48107115846154,0,115000000,18.56044269
0.0,0.0,5445.0,8.602453035,5445.0,0.0,11000.91827,16.7407250003125,17.48107115846154,1,61000000,17.92638442
6.0,7.0,10890.0,9.295600216,1815.0,1.166666667,17171.71717,18.00816093799353,17.48107115846154,0,242500000,19.30651227
8.0,6.0,27225.0,10.21189095,3403.125,0.75,11478.42057,17.21200745916667,17.63082525563043,0,350000000,19.67344371
6.0,7.0,4500.0,8.411832676,750.0,1.166666667,17171.71717,18.00816093799353,17.38481072169611,0,230000000,19.25358987
6.0,7.0,10890.0,9.295600216,1815.0,1.166666667,23875.11478,17.52449479365033,17.48107115846154,0,259900000,19.3758075
1.0,1.0,653.4,6.482189499,653.4,1.0,15861.09024,16.74009781756667,17.48107115846154,0,7000000,15.76142071
2.0,2.0,1089.0,6.993015123,544.5,1.0,6336.088154,17.30156670857143,17.63082525563043,0,6900000,15.74703197
0.0,0.0,5445.0,8.602453035,5445.0,0.0,15861.09024,16.89827182589474,17.48107115846154,1,31000000,17.24949776
6.0,6.0,5445.0,8.602453035,907.5,1.0,21854.91276,17.52449479365033,17.2241481738,0,90000000,18.31532023
3.0,3.0,816.75,6.70533305,272.25,1.0,17447.19927,17.52449479365033,17.30474131619205,0,13000000,16.38045992
8.0,7.0,7078.5,8.8648173,884.8125,0.875,17447.19927,17.52449479365033,17.30474131619205,0,150000000,18.82614585
6.0,7.0,9000.0,9.104979856,1500.0,1.166666667,19283.74656,17.52449479365033,17.63082525563043,1,250000000,19.33697148
5.0,5.0,1361.25,7.216158674,272.25,1.0,20348.94399,17.52449479365033,17.30474131619205,0,27700000,17.13694297
4.0,5.0,1125.0,7.025538315,281.25,1.25,19283.74656,18.00816093799353,17.63082525563043,1,3800000,15.15051162
1.0,1.0,952.875,6.85948373,952.875,1.0,9478.95376,16.74009781756667,17.2241481738,0,9500000,16.06680236
3.0,4.0,1361.25,7.216158674,453.75,1.333333333,17447.19927,17.52449479365033,17.30474131619205,0,17000000,16.6487239
0.0,0.0,816.75,6.70533305,816.75,0.0,15861.09024,16.89827182589474,17.48107115846154,1,2500000,14.73180129
4.0,5.0,2722.5,7.909305855,680.625,1.25,18365.47291,17.52449479365033,17.30474131619205,0,51500000,17.75709237
4.0,5.0,1089.0,6.993015123,272.25,1.25,19283.74656,17.52449479365033,17.63082525563043,0,43000000,17.57671067
1.0,1.0,680.625,6.523011494,680.625,1.0,17447.19927,16.74009781756667,17.30474131619205,0,13200000,16.39572739
1.0,1.0,500.0,6.214608098,500.0,1.0,17454.54545,16.74009781756667,17.48107115846154,1,7200000,15.78959158
3.0,4.0,1152.0,7.049254841,384.0,1.333333333,22000.0,17.30156670857143,17.38481072169611,0,39000000,17.4790722
6.0,7.0,13068.0,9.477921773,2178.0,1.166666667,15861.09024,18.00816093799353,17.48107115846154,0,155000000,18.85893567
3.0,4.0,1361.25,7.216158674,453.75,1.333333333,12511.47842,17.52449479365033,17.0930370689899,0,15000000,16.52356076
6.0,7.0,9000.0,9.104979856,1500.0,1.166666667,24334.251605,17.30156670857143,17.38481072169611,0,400000000,19.80697511
4.0,4.0,1361.25,7.216158674,340.3125,1.0,17447.19927,17.52449479365033,17.30474131619205,0,8200000,15.91964471
1.0,1.0,653.4,6.482189499,653.4,1.0,8754.904416,17.30156670857143,17.2241481738,0,5550000,15.52930849
3.0,3.0,1500.0,7.313220387,500.0,1.0,19283.74656,17.52449479365033,17.63082525563043,1,52000000,17.76675428
0.0,0.0,1361.25,7.216158674,1361.25,0.0,15861.09024,16.7407250003125,17.48107115846154,1,6500000,15.68731273
5.0,5.0,1361.25,7.216158674,272.25,1.0,20202.0202,17.52449479365033,17.30474131619205,0,27500000,17.12969656
5.0,5.0,5445.0,8.602453035,1089.0,1.0,23875.11478,17.52449479365033,17.30474131619205,0,140000000,18.75715298
5.0,3.0,217800.0,12.29133249,43560.0,0.6,306.0912152,17.21200745916667,17.2241481738,0,40000000,17.50439001
0.0,0.0,1361.25,7.216158674,1361.25,0.0,19283.74656,16.7407250003125,17.63082525563043,1,4200000,15.25059508
3.0,4.0,1089.0,6.993015123,363.0,1.333333333,17447.19927,17.52449479365033,17.30474131619205,0,16000000,16.58809928
5.0,5.0,2722.5,7.909305855,544.5,1.0,13957.75941,17.52449479365033,17.0930370689899,0,36000000,17.3990295
2.0,2.0,1080.0,6.98471632,540.0,1.0,23495.37037,18.00816093799353,17.38481072169611,0,13500000,16.41820024
2.0,2.0,954.0,6.860663671,477.0,1.0,29874.21384,16.74009781756667,17.38481072169611,0,28500000,17.16541465
5.0,6.0,6534.0,8.784774592,1306.8,1.2,32713.498625,17.52449479365033,17.2241481738,0,162500000,18.90618856
5.0,6.0,5445.0,8.602453035,1089.0,1.2,15861.09024,17.52449479365033,17.48107115846154,0,72500000,18.09909712
4.0,4.0,1080.0,6.98471632,270.0,1.0,22000.0,17.52449479365033,17.38481072169611,0,43500000,17.5882715
6.0,6.0,2069.1,7.634869009,344.85,1.0,14954.74223,17.52449479365033,17.2241481738,0,62500000,17.95067711
4.0,5.0,2994.75,8.004616035,748.6875,1.25,14954.74223,17.52449479365033,17.2241481738,0,46500000,17.65496287
7.0,6.0,10764.0,9.283962512,1537.714286,0.857142857,16988.06244,18.00816093799353,17.38481072169611,0,240000000,19.29614948
5.0,6.0,1905.75,7.552630911,381.15,1.2,17814.508725,17.52449479365033,17.2241481738,0,35000000,17.37085862
5.0,5.0,816.75,6.70533305,163.35,1.0,17447.19927,17.52449479365033,17.30474131619205,0,13000000,16.38045992
2.0,2.0,1089.0,6.993015123,544.5,1.0,6336.088154,16.74009781756667,17.63082525563043,0,6900000,15.74703197
5.0,5.0,9000.0,9.104979856,1800.0,1.0,150.0,17.52449479365033,17.38481072169611,1,1500000,14.22097567
4.0,5.0,900.0,6.802394763,225.0,1.25,66666.66667,17.30156670857143,17.38481072169611,1,60000000,17.90985512
5.0,5.0,1905.75,7.552630911,381.15,1.0,16791.28952,17.52449479365033,17.2241481738,0,32000000,17.28124646
4.0,4.0,1089.0,6.993015123,272.25,1.0,14954.74223,17.03228004347826,17.2241481738,0,17000000,16.6487239
6.0,6.0,5445.0,8.602453035,907.5,1.0,17447.19927,18.00816093799353,17.2241481738,0,110000000,18.51599092
4.0,5.0,2722.5,7.909305855,680.625,1.25,15861.09024,17.52449479365033,17.48107115846154,1,56000000,17.84086225
3.0,4.0,1361.25,7.216158674,453.75,1.333333333,16843.7623,17.52449479365033,17.30474131619205,0,23000000,16.95100477
4.0,4.0,1361.25,7.216158674,340.3125,1.0,13957.75941,17.52449479365033,17.0930370689899,0,20000000,16.81124283
5.0,6.0,1633.5,7.398480231,326.7,1.2,20202.0202,17.52449479365033,17.30474131619205,0,36000000,17.3990295
3.0,4.0,816.75,6.70533305,272.25,1.333333333,17447.19927,17.52449479365033,17.30474131619205,0,15500000,16.55635058
2.0,2.0,1252.35,7.132777065,626.175,1.0,8866.090371,16.74009781756667,17.2241481738,0,12000000,16.30041721
0.0,0.0,1361.25,7.216158674,1361.25,0.0,8611.111111,18.23946870666667,17.63082525563043,1,105000000,18.46947091
6.0,7.0,3200.0,8.070906089,533.3333333,1.166666667,32795.48734,17.52449479365033,17.63082525563043,1,125000000,18.6438243
3.0,3.0,544.5,6.299867942,181.5,1.0,17447.19927,17.52449479365033,17.30474131619205,0,9500000,16.06680236
1.0,2.0,490.05,6.194507427,490.05,2.0,19283.74656,16.74009781756667,17.63082525563043,0,6000000,15.60727003
2.0,1.0,381.15,5.943192998,190.575,0.5,11937.55739,16.74009781756667,17.63082525563043,0,5500000,15.52025865
5.0,3.0,720.0,6.579251212,144.0,0.6,10658.670032,18.00816093799353,17.38481072169611,1,10500000,16.16688582
5.0,6.0,4083.75,8.314770963,816.75,1.2,26936.02694,17.52449479365033,17.30474131619205,0,110000000,18.51599092
0.0,0.0,720.0,6.579251212,720.0,0.0,6148.148148,16.7407250003125,17.38481072169611,1,5500000,15.52025865
6.0,1.0,810.0,6.697034248,135.0,0.166666667,22000.0,18.95005811818182,17.38481072169611,1,40000000,17.50439001
0.0,0.0,1125.0,7.025538315,1125.0,0.0,22000.0,16.7407250003125,17.38481072169611,1,3400000,15.03928599
3.0,4.0,1361.25,7.216158674,453.75,1.333333333,12488.52158,17.52449479365033,17.30474131619205,0,17000000,16.6487239
5.0,4.0,1905.75,7.552630911,381.15,0.8,17447.19927,17.52449479365033,17.30474131619205,0,40000000,17.50439001
5.0,6.0,1905.75,7.552630911,381.15,1.2,15217.10613,17.52449479365033,17.2241481738,0,29000000,17.18280639
0.0,0.0,2722.5,7.909305855,2722.5,0.0,15861.09024,16.89827182589474,17.48107115846154,1,12000000,16.30041721
4.0,4.0,1089.0,6.993015123,272.25,1.0,19283.74656,17.52449479365033,17.63082525563043,0,35000000,17.37085862
4.0,4.0,900.0,6.802394763,225.0,1.0,62962.96296,18.00816093799353,17.38481072169611,0,65000000,17.98989783
5.0,5.0,1361.25,7.216158674,272.25,1.0,16843.7623,17.52449479365033,17.30474131619205,0,24500000,17.01418368
6.0,6.0,2160.0,7.677863501,360.0,1.0,23842.59259,17.52449479365033,17.38481072169611,1,55000000,17.82284374
4.0,5.0,3744.0,8.227909838,936.0,1.25,19283.74656,18.00816093799353,17.63082525563043,1,280000000,19.45030016
3.0,3.0,5445.0,8.602453035,1815.0,1.0,15865.299925,17.52449479365033,17.48107115846154,1,42500000,17.56501463
4.0,4.0,1361.25,7.216158674,340.3125,1.0,18365.47291,17.52449479365033,17.30474131619205,0,25000000,17.03438638
1.0,1.0,435.6,6.076724391,435.6,1.0,12511.47842,17.30156670857143,17.0930370689899,0,7912000,15.88389115
5.0,6.0,5445.0,8.602453035,1089.0,1.2,24334.251605,17.52449479365033,17.48107115846154,0,105000000,18.46947091
4.0,5.0,1089.0,6.993015123,272.25,1.25,19283.74656,17.52449479365033,17.63082525563043,0,48000000,17.68671157
5.0,5.0,4500.0,8.411832676,900.0,1.0,22000.0,17.52449479365033,17.38481072169611,0,45000000,17.62217305
3.5,5.0,750.0,6.620073207,214.2857143,1.428571429,22000.0,15.6743339095,17.38481072169611,1,35000000,17.37085862
4.0,5.0,1905.75,7.552630911,476.4375,1.25,19283.74656,17.52449479365033,17.63082525563043,0,27000000,17.11134742
4.0,5.0,1361.25,7.216158674,340.3125,1.25,14954.74223,17.52449479365033,17.2241481738,0,27000000,17.11134742
0.0,0.0,5445.0,8.602453035,5445.0,0.0,19283.74656,16.7407250003125,17.63082525563043,1,28000000,17.14771507
5.0,5.0,1905.75,7.552630911,381.15,1.0,14488.31752,17.52449479365033,17.0930370689899,0,28500000,17.16541465
1.0,1.0,925.65,6.830496193,925.65,1.0,19283.74656,16.74009781756667,17.63082525563043,0,20000000,16.81124283
4.0,4.0,680.625,6.523011494,170.15625,1.0,15865.299925,17.52449479365033,17.48107115846154,0,14500000,16.48965921
3.0,3.0,1701.0,7.438971592,567.0,1.0,29629.62963,16.74009781756667,17.38481072169611,0,31000000,17.24949776
3.5,5.0,60.0,4.094344562,17.14285714,1.428571429,6148.148148,15.6743339095,17.38481072169611,1,720000,13.48700649
7.0,7.0,5445.0,8.602453035,777.8571429,1.0,21120.29385,17.52449479365033,17.63082525563043,0,129500000,18.67919144
2.0,2.0,1197.0,7.087573706,598.5,1.0,29629.62963,16.74009781756667,17.38481072169611,0,40000000,17.50439001
6.0,6.0,2160.0,7.677863501,360.0,1.0,22000.0,18.00816093799353,17.38481072169611,1,45000000,17.62217305
0.0,0.0,1361.25,7.216158674,1361.25,0.0,19283.74656,16.7407250003125,17.63082525563043,1,6500000,15.68731273
3.0,3.0,1497.375,7.311468854,499.125,1.0,19283.74656,16.74009781756667,17.63082525563043,0,18500000,16.73328129
2.0,3.0,950.0,6.856461985,475.0,1.5,24090.90909,17.30156670857143,17.38481072169611,1,27000000,17.11134742
5.0,2.0,2994.75,8.004616035,598.95,0.4,14954.74223,17.52449479365033,17.2241481738,0,5900000,15.59046291
0.0,0.0,4500.0,8.411832676,4500.0,0.0,26481.48148,16.89827182589474,17.38481072169611,1,99000000,18.41063041
4.0,4.0,1361.25,7.216158674,340.3125,1.0,27915.51882,17.52449479365033,17.63082525563043,0,39500000,17.49181123
5.0,5.0,1361.25,7.216158674,272.25,1.0,16843.7623,17.52449479365033,17.30474131619205,0,26000000,17.0736071
6.0,6.0,1800.0,7.495541944,300.0,1.0,22000.0,18.00816093799353,17.38481072169611,1,60000000,17.90985512
3.0,4.0,1633.5,7.398480231,544.5,1.333333333,11325.37496,17.03228004347826,17.0930370689899,0,17500000,16.67771144
2.0,2.0,1400.0,7.244227516,700.0,1.0,22000.0,16.74009781756667,17.38481072169611,1,10500000,16.16688582
3.0,4.0,1361.25,7.216158674,453.75,1.333333333,14041.756535,17.52449479365033,17.0930370689899,0,16300000,16.60667567
5.0,5.0,2722.5,7.909305855,544.5,1.0,19283.74656,17.52449479365033,17.63082525563043,0,63000000,17.95864528
4.0,5.0,1905.75,7.552630911,476.4375,1.25,24050.02405,17.52449479365033,17.30474131619205,0,42500000,17.56501463
3.0,4.0,1089.0,6.993015123,363.0,1.333333333,18732.78237,17.52449479365033,17.48107115846154,1,21000000,16.860033
3.0,5.0,2187.0,7.690286021,729.0,1.666666667,22000.0,16.74009781756667,17.38481072169611,0,102500000,18.44537336
3.5,5.0,560.0,6.327936784,160.0,1.428571429,19283.74656,15.6743339095,17.63082525563043,1,6000000,15.60727003
5.0,6.0,2178.0,7.686162303,435.6,1.2,19513.31497,17.52449479365033,17.63082525563043,0,39500000,17.49181123
5.0,5.0,5445.0,8.602453035,1089.0,1.0,17447.19927,17.52449479365033,17.30474131619205,0,110000000,18.51599092
5.0,6.0,1361.25,7.216158674,272.25,1.2,19283.74656,17.52449479365033,17.48107115846154,0,36000000,17.3990295
5.0,6.0,2722.5,7.909305855,544.5,1.2,13957.75941,17.52449479365033,17.0930370689899,0,37000000,17.42642847
5.0,6.0,2722.5,7.909305855,544.5,1.2,12511.47842,18.00816093799353,17.0930370689899,0,36500000,17.41282282
0.0,0.0,2722.5,7.909305855,2722.5,0.0,15861.09024,16.89827182589474,17.48107115846154,1,28900000,17.17935215
5.0,6.0,4356.0,8.379309484,871.2,1.2,17630.85399,17.52449479365033,17.30474131619205,0,85000000,18.25816181
3.0,3.0,1503.0,7.31521839,501.0,1.0,29874.21384,17.30156670857143,17.38481072169611,0,42500000,17.56501463
4.0,5.0,1361.25,7.216158674,340.3125,1.25,15861.09024,17.52449479365033,17.48107115846154,1,25000000,17.03438638
2.0,2.0,1296.0,7.167037877,648.0,1.0,15786.890315,16.74009781756667,17.38481072169611,0,16200000,16.6005218
3.0,5.0,680.625,6.523011494,226.875,1.666666667,15916.74319,17.52449479365033,17.30474131619205,0,11500000,16.25785759
7.0,6.0,2700.0,7.901007052,385.7142857,0.857142857,22000.0,17.52449479365033,17.38481072169611,0,57000000,17.85856183
2.0,2.0,1700.0,7.43838353,850.0,1.0,22000.0,17.30156670857143,17.38481072169611,1,75000000,18.13299867
4.0,4.0,1905.75,7.552630911,476.4375,1.0,17447.19927,17.52449479365033,17.30474131619205,0,42500000,17.56501463
4.0,6.0,1361.25,7.216158674,340.3125,1.5,14954.74223,17.52449479365033,17.2241481738,0,24800000,17.02635421
5.0,5.0,3947.625,8.280869411,789.525,1.0,18365.47291,17.52449479365033,17.30474131619205,0,55000000,17.82284374
2.0,2.0,900.0,6.802394763,450.0,1.0,22000.0,16.74009781756667,17.38481072169611,1,13500000,16.41820024
5.0,6.0,5445.0,8.602453035,1089.0,1.2,7162.534435,17.52449479365033,17.0930370689899,0,38000000,17.45309672
1.0,1.0,843.975,6.738122873,843.975,1.0,9478.95376,17.30156670857143,17.2241481738,0,8000000,15.8949521
1.0,2.0,1007.325,6.915053581,1007.325,2.0,13836.1502,17.30156670857143,17.2241481738,0,14000000,16.45456789
4.0,5.0,1089.0,6.993015123,272.25,1.25,15861.09024,18.00816093799353,17.48107115846154,1,11000000,16.21340583
4.0,5.0,2722.5,7.909305855,680.625,1.25,20202.0202,17.52449479365033,17.48107115846154,0,50500000,17.73748389
5.0,5.0,1905.75,7.552630911,381.15,1.0,11753.90266,17.52449479365033,17.0930370689899,0,17500000,16.67771144
6.0,6.0,3375.9,8.124417234,562.65,1.0,14954.74223,17.52449479365033,17.2241481738,0,65000000,17.98989783
3.0,3.0,1701.0,7.438971592,567.0,1.0,22000.0,16.74009781756667,17.38481072169611,0,38000000,17.45309672
2.0,3.0,1152.0,7.049254841,576.0,1.5,21701.38889,18.00816093799353,17.38481072169611,0,25000000,17.03438638
0.0,0.0,2650.0,7.882314919,2650.0,0.0,15861.09024,16.7407250003125,17.48107115846154,1,27500000,17.12969656
1.0,1.0,1034.55,6.941721829,1034.55,1.0,17060.55773,16.74009781756667,17.63082525563043,0,14400000,16.48273876
5.0,5.0,1361.25,7.216158674,272.25,1.0,15861.09024,17.52449479365033,17.48107115846154,1,8500000,15.95557672
5.0,5.0,1905.75,7.552630911,381.15,1.0,18496.65486,17.52449479365033,17.63082525563043,0,35500000,17.38504325
5.0,6.0,5445.0,8.602453035,1089.0,1.2,21120.29385,17.52449479365033,17.63082525563043,0,109000000,18.50685844
5.0,7.0,5445.0,8.602453035,1089.0,1.4,21120.29385,17.52449479365033,17.63082525563043,0,116000000,18.56910075
5.0,6.0,5445.0,8.602453035,1089.0,1.2,24334.251605,18.00816093799353,17.48107115846154,0,81500000,18.21611358
6.0,6.0,1080.0,6.98471632,180.0,1.0,32407.40741,18.00816093799353,17.38481072169611,1,27000000,17.11134742
2.0,2.5,2722.5,7.909305855,1361.25,1.25,15861.09024,18.95005811818182,17.48107115846154,1,470000000,19.96824325
6.0,7.0,5445.0,8.602453035,907.5,1.166666667,21120.29385,17.52449479365033,17.63082525563043,0,98500000,18.40556711
5.0,6.0,2722.5,7.909305855,544.5,1.2,16345.27089,17.52449479365033,17.2241481738,0,51000000,17.74733619
3.0,3.0,1800.0,7.495541944,600.0,1.0,22000.0,16.74009781756667,17.38481072169611,0,31000000,17.24949776
4.0,5.0,3185.325,8.066309604,796.33125,1.25,42381.86056,16.74009781756667,17.63082525563043,0,135000000,18.72078534
0.0,0.0,1361.25,7.216158674,1361.25,0.0,15861.09024,16.89827182589474,17.48107115846154,1,11900000,16.29204896
5.0,6.0,2722.5,7.909305855,544.5,1.2,19283.74656,17.52449479365033,17.63082525563043,0,60000000,17.90985512
4.0,4.0,1089.0,6.993015123,272.25,1.0,12511.47842,17.52449479365033,17.0930370689899,0,9800000,16.09789294
5.0,5.0,5445.0,8.602453035,1089.0,1.0,15861.09024,17.52449479365033,17.48107115846154,0,155000000,18.85893567
5.0,6.0,5445.0,8.602453035,1089.0,1.2,18273.64555,18.00816093799353,17.48107115846154,0,99500000,18.4156682
8.0,6.0,6534.0,8.784774592,816.75,0.75,17447.19927,18.00816093799353,17.30474131619205,0,180000000,19.00846741
4.0,4.0,1125.0,7.025538315,281.25,1.0,22000.0,17.52449479365033,17.38481072169611,1,16500000,16.61887094
1.0,1.0,550.0,6.309918278,550.0,1.0,15861.09024,16.74009781756667,17.48107115846154,1,8500000,15.95557672
6.0,7.0,4500.0,8.411832676,750.0,1.166666667,22000.0,18.00816093799353,17.38481072169611,0,225000000,19.23161096
4.0,4.0,544.5,6.299867942,136.125,1.0,11019.28375,17.52449479365033,17.30474131619205,0,15000000,16.52356076
5.0,6.0,6534.0,8.784774592,1306.8,1.2,32713.498625,17.52449479365033,17.2241481738,0,227500000,19.2426608
0.0,0.0,1800.0,7.495541944,1800.0,0.0,4722.222222,16.89827182589474,17.38481072169611,1,8500000,15.95557672
5.0,5.0,3811.5,8.245778091,762.3,1.0,41978.2238,17.52449479365033,17.63082525563043,0,160000000,18.89068437
3.0,4.0,1361.25,7.216158674,453.75,1.333333333,16843.7623,17.52449479365033,17.30474131619205,0,24500000,17.01418368
6.0,6.0,5445.0,8.602453035,907.5,1.0,7162.534435,17.52449479365033,17.0930370689899,0,40000000,17.50439001
0.0,0.0,5445.0,8.602453035,5445.0,0.0,15861.09024,16.89827182589474,17.48107115846154,1,41500000,17.54120399
5.0,6.0,5445.0,8.602453035,1089.0,1.2,17171.71717,17.52449479365033,17.48107115846154,0,80000000,18.19753719
5.0,4.0,1633.5,7.398480231,326.7,0.8,19283.74656,17.52449479365033,17.63082525563043,0,55000000,17.82284374
0.0,0.0,1361.25,7.216158674,1361.25,0.0,15861.09024,16.7407250003125,17.48107115846154,1,27500000,17.12969656
5.0,5.0,2722.5,7.909305855,544.5,1.0,21854.91276,17.52449479365033,17.2241481738,0,62500000,17.95067711
0.0,0.0,1361.25,7.216158674,1361.25,0.0,19283.74656,16.89827182589474,17.63082525563043,1,8500000,15.95557672
6.0,7.0,8712.0,9.072456665,1452.0,1.166666667,10215.79431,17.30156670857143,17.2241481738,0,86500000,18.27565497
6.0,6.0,5445.0,8.602453035,907.5,1.0,13957.75941,17.52449479365033,17.0930370689899,0,78500000,18.17860918
4.0,3.0,1334.025,7.195955967,333.50625,0.75,14954.74223,17.52449479365033,17.2241481738,0,11000000,16.21340583
2.0,2.0,1065.0,6.970730078,532.5,1.0,21126.76056,16.74009781756667,17.63082525563043,1,22500000,16.92902587
0.0,0.0,1125.0,7.025538315,1125.0,0.0,4722.222222,16.89827182589474,17.38481072169611,1,5400000,15.50190951
6.0,6.0,5400.0,8.594154233,900.0,1.0,111111.1111,18.00816093799353,17.38481072169611,1,600000000,20.21244021
5.0,5.0,3457.575,8.148322755,691.515,1.0,14041.756535,17.52449479365033,17.0930370689899,0,65000000,17.98989783
6.0,7.0,5445.0,8.602453035,907.5,1.166666667,24334.251605,18.00816093799353,17.48107115846154,0,237500000,19.28567818
5.0,5.0,2722.5,7.909305855,544.5,1.0,13865.932045,17.52449479365033,17.0930370689899,0,38500000,17.4661688
5.0,6.0,1361.25,7.216158674,272.25,1.2,15861.09024,17.52449479365033,17.48107115846154,1,19500000,16.78592502
3.0,3.0,1125.0,7.025538315,375.0,1.0,22000.0,17.03228004347826,17.38481072169611,0,14000000,16.45456789
3.0,3.0,2722.5,7.909305855,907.5,1.0,14992.904245,16.74009781756667,17.48107115846154,1,43000000,17.57671067
6.0,6.0,5445.0,8.602453035,907.5,1.0,17447.19927,17.52449479365033,17.2241481738,0,250000000,19.33697148
6.0,6.0,2722.5,7.909305855,453.75,1.0,14041.756535,17.52449479365033,17.0930370689899,0,34000000,17.34187108
5.0,5.0,240.0,5.480638923,48.0,1.0,18425.925925,17.52449479365033,17.38481072169611,1,33000000,17.31201812
1.0,1.0,735.075,6.599972535,735.075,1.0,13865.932045,16.74009781756667,17.0930370689899,0,9000000,16.01273514
3.0,3.0,2700.0,7.901007052,900.0,1.0,22000.0,16.74009781756667,17.38481072169611,0,31500000,17.2654981
6.0,6.0,5445.0,8.602453035,907.5,1.0,23875.11478,17.52449479365033,17.30474131619205,0,150000000,18.82614585
3.0,3.0,1600.0,7.377758908,533.3333333,1.0,22000.0,16.74009781756667,17.38481072169611,1,21000000,16.860033
5.0,6.0,2722.5,7.909305855,544.5,1.2,14954.74223,17.52449479365033,17.2241481738,0,52000000,17.76675428
5.0,5.0,2722.5,7.909305855,544.5,1.0,12488.52158,17.52449479365033,17.0930370689899,0,31000000,17.24949776
5.0,5.0,4500.0,8.411832676,900.0,1.0,22000.0,17.52449479365033,17.38481072169611,0,50000000,17.72753356
2.0,2.0,1650.0,7.408530567,825.0,1.0,19283.74656,16.74009781756667,17.63082525563043,1,12500000,16.3412392
2.0,2.0,875.0,6.774223886,437.5,1.0,4722.222222,16.74009781756667,17.38481072169611,1,7100000,15.77560534
1.0,1.0,400.0,5.991464547,400.0,1.0,19283.74656,17.52449479365033,17.63082525563043,1,3500000,15.06827353
4.0,5.0,3267.0,8.091627412,816.75,1.25,12473.21702,16.74009781756667,17.48107115846154,0,43000000,17.57671067
5.0,5.0,1361.25,7.216158674,272.25,1.0,20202.0202,17.52449479365033,17.30474131619205,0,27500000,17.12969656
8.0,7.0,27225.0,10.21189095,3403.125,0.875,51067.863385,18.00816093799353,17.63082525563043,0,2100000000,21.46520318
3.0,4.0,1800.0,7.495541944,600.0,1.333333333,4722.222222,16.74009781756667,17.38481072169611,1,8500000,15.95557672
3.0,3.0,816.75,6.70533305,272.25,1.0,12488.52158,17.52449479365033,17.0930370689899,0,8000000,15.8949521
0.0,0.0,1361.25,7.216158674,1361.25,0.0,15861.09024,16.7407250003125,17.48107115846154,1,2500000,14.73180129
6.0,6.0,5445.0,8.602453035,907.5,1.0,21120.29385,17.52449479365033,17.63082525563043,0,92500000,18.3427192
3.0,4.0,1998.0,7.599901959,666.0,1.333333333,29629.62963,16.74009781756667,17.38481072169611,0,63000000,17.95864528
0.0,0.0,1080.0,6.98471632,1080.0,0.0,22000.0,16.89827182589474,17.38481072169611,1,4500000,15.31958795
3.0,3.0,1602.0,7.379008128,534.0,1.0,11093.905055,16.74009781756667,17.38481072169611,0,19000000,16.75994954
0.0,0.0,2722.5,7.909305855,2722.5,0.0,6060.606061,16.89827182589474,17.48107115846154,1,17000000,16.6487239
5.0,6.0,5445.0,8.602453035,1089.0,1.2,17447.19927,18.00816093799353,17.48107115846154,0,82500000,18.22830885
6.0,6.0,4500.0,8.411832676,750.0,1.0,61111.11111,18.00816093799353,17.38481072169611,0,270000000,19.41393252
4.0,5.0,1633.5,7.398480231,408.375,1.25,14386.287115,17.52449479365033,17.2241481738,0,26000000,17.0736071
0.0,0.0,1361.25,7.216158674,1361.25,0.0,15861.09024,14.8229620675,17.48107115846154,1,12500000,16.3412392
1.0,1.0,735.075,6.599972535,735.075,1.0,19283.74656,17.30156670857143,17.63082525563043,0,7600000,15.84365881
3.0,3.0,1361.25,7.216158674,453.75,1.0,9917.355372,17.52449479365033,17.2241481738,0,13500000,16.41820024
3.0,3.0,2722.5,7.909305855,907.5,1.0,14992.904245,16.74009781756667,17.48107115846154,1,33500000,17.327056
6.0,6.0,1080.0,6.98471632,180.0,1.0,41851.85185,17.52449479365033,17.38481072169611,1,40900000,17.52664062
4.0,4.0,2722.5,7.909305855,680.625,1.0,17447.19927,17.52449479365033,17.30474131619205,0,44000000,17.59970019
0.0,0.0,2722.5,7.909305855,2722.5,0.0,15861.09024,16.7407250003125,17.48107115846154,1,11800000,16.28361009
5.0,6.0,2178.0,7.686162303,435.6,1.2,20202.0202,17.52449479365033,17.63082525563043,0,44000000,17.59970019
3.0,4.0,871.2,6.769871572,290.4,1.333333333,20202.0202,17.52449479365033,17.30474131619205,0,18500000,16.73328129
4.0,5.0,1361.25,7.216158674,340.3125,1.25,15977.96143,17.52449479365033,17.48107115846154,0,22000000,16.90655301
0.0,1.0,428.0,6.059123196,428.0,0.0,9659.4516605,16.74009781756667,17.63082525563043,1,7000000,15.76142071
3.0,3.0,816.75,6.70533305,272.25,1.0,11753.90266,17.52449479365033,17.0930370689899,0,7500000,15.83041358
4.0,6.0,1361.25,7.216158674,340.3125,1.5,9182.736455,17.52449479365033,17.2241481738,0,25000000,17.03438638
6.0,6.0,5445.0,8.602453035,907.5,1.0,15861.09024,18.00816093799353,17.48107115846154,0,157500000,18.87493602
7.0,6.0,2722.5,7.909305855,388.9285714,0.857142857,14954.74223,18.00816093799353,17.2241481738,0,39000000,17.4790722
2.0,2.0,450.0,6.109247583,225.0,1.0,24334.251605,16.74009781756667,17.38481072169611,0,13000000,16.38045992
7.0,6.0,10890.0,9.295600216,1555.714286,0.857142857,12511.47842,17.52449479365033,17.0930370689899,0,110000000,18.51599092
5.0,5.0,1089.0,6.993015123,217.8,1.0,16843.7623,17.52449479365033,17.30474131619205,0,16000000,16.58809928
0.0,0.0,1361.25,7.216158674,1361.25,0.0,9659.4516605,16.7407250003125,17.63082525563043,1,11000000,16.21340583
5.0,6.0,5445.0,8.602453035,1089.0,1.2,21120.29385,17.52449479365033,17.63082525563043,0,109000000,18.50685844
2.0,1.0,1361.25,7.216158674,680.625,0.5,9550.045914,17.52449479365033,17.2241481738,0,13000000,16.38045992
2.0,2.0,1089.0,6.993015123,544.5,1.0,8866.090371,16.74009781756667,17.2241481738,0,8000000,15.8949521
5.0,7.0,5445.0,8.602453035,1089.0,1.4,21120.29385,17.30156670857143,17.63082525563043,0,117500000,18.58194889
