url,type,purpose,area,bedroom,bath,added,price,location,location_city,source
https://www.olx.com.pk/item/85-marla-ultra-modern-luxery-stylish-house-available-for-sale-in-architect-society-lahore-near-johertown-lahore-by-fast-property-services-iid-1117178112,House,For Sale,"1,913 SQFT",5,6,1 week ago,Rs 3.90 Crore,"Architects Engineers Housing Society, Lahore",Lahore,OLX
https://www.olx.com.pk/item/corner-plot-canal-city-ex-rail-town-near-dha-eme-iid-1118018781,Plot,For Sale,"2,650 SQFT",,,2 weeks ago,Rs 2.75 Crore,"Rail Town (Canal City), Lahore",Lahore,OLX
https://www.olx.com.pk/item/hot-location-1-kanal-plot-for-sale-in-g-block-valencia-town-lahore-iid-1117467034,Plot,For Sale,20 Marla,,,4 days ago,Rs 3.90 Crore,"Valencia Town, Lahore",Lahore,OLX
https://www.olx.com.pk/item/10-marla-house-for-sale-in-dha-phase-11-rehbar-sector-1-iid-1118459834,House,For Sale,10 Marla,4,5,1 week ago,Rs 5.60 Crore,"DHA 11 Rahbar Phase 1 - Block E, Lahore",Lahore,OLX
https://www.olx.com.pk/item/for-sale-dha-phase-9prism-block-g-closer-to-plot-no-299-located-on-60ft-road-iid-1118505617,Plot,For Sale,20 Marla,,,1 week ago,Rs 3.85 Crore,"DHA Phase 9 Prism - Block G, Lahore",Lahore,OLX
https://www.olx.com.pk/item/3-marla-residential-plot-block-a-union-town-lahore-at-prime-and-hot-location-iid-1117877069,Residential Plot,For Sale,3 Marla,,,2 weeks ago,Rs 74.95 Lacs,"Union Town - Block A, Lahore",Lahore,OLX
https://www.olx.com.pk/item/5-marla-residential-possession-plot-for-sale-in-al-kabir-phase-2-raiwind-road-lahore-iid-1118542801,Plot,For Sale,5 Marla,,,2 days ago,Rs 78 Lacs,"Al-Kabir Town - Phase 2, Lahore",Lahore,OLX
https://www.olx.com.pk/item/20-kanals-farmhouse-in-jahman-iid-1117407753,House,For Sale,20 Kanal,2,3,3 weeks ago,Rs 10 Crore,"Bedian Road, Lahore",Lahore,OLX
https://www.olx.com.pk/item/1-kanal-plot-for-sale-in-q-block-khayaban-e-amin-society-lahore-iid-1116481063,Plot,For Sale,1 Kanal,,,3 days ago,Rs 1.25 Crore,"Khayaban-e-Amin - Block Q, Lahore",Lahore,OLX
https://www.olx.com.pk/item/5-marla-residential-possession-plot-at-hot-location-in-park-view-city-lahore-for-discounted-price-and-original-pictures-download-the-app-signature-lands-iid-1118789194,Plot,For Sale,5 Marla,,,26 minutes ago,Rs 70 Lacs,"Park View City - Tulip Overseas, Lahore",Lahore,OLX
https://www.olx.com.pk/item/plot-zone3-95-on-150-feet-wide-road-commercial-plot-located-in-the-best-block-of-dha-lahore-iid-1118788996,Commercial Plot,For Sale,4 Marla,,,46 minutes ago,Rs 9 Crore,"DHA Phase 9 Prism - Commercial Zone 3, Lahore",Lahore,OLX
https://www.olx.com.pk/item/plot-zone3-43-on-80-feet-wide-road-commercial-plot-located-in-the-best-block-of-dha-lahore-iid-1118788992,Commercial Plot,For Sale,8 Marla,,,47 minutes ago,Rs 9 Crore,"DHA Phase 9 Prism - Commercial Zone 3, Lahore",Lahore,OLX
https://www.olx.com.pk/item/plot-zone1-180-commercial-plot-located-in-the-best-block-of-dha-lahore-iid-1118788991,Commercial Plot,For Sale,8 Marla,,,47 minutes ago,Rs 13 Crore,"DHA Phase 9 Prism - Commercial Zone 1, Lahore",Lahore,OLX
https://www.olx.com.pk/item/plot-r-3725-3726-pair-residential-plot-located-in-the-best-block-of-dha-lahore-iid-1118788990,Residential Plot,For Sale,10 Marla,,,47 minutes ago,Rs 2.10 Crore,"DHA Phase 9 Prism - Block R, Lahore",Lahore,OLX
https://www.olx.com.pk/item/plot-j-21817-21818-pair-residential-plot-located-in-the-best-block-of-dha-lahore-iid-1118788989,Residential Plot,For Sale,10 Marla,,,47 minutes ago,Rs 1.60 Crore,"DHA Phase 9 Prism - Block J, Lahore",Lahore,OLX
https://www.olx.com.pk/item/plot-j-2199-residential-plot-located-in-the-best-block-of-dha-lahore-iid-1118788988,Residential Plot,For Sale,5 Marla,,,47 minutes ago,Rs 75 Lacs,"DHA Phase 9 Prism - Block J, Lahore",Lahore,OLX
https://www.olx.com.pk/item/plot-j-881-residential-plot-located-in-the-best-block-of-dha-lahore-iid-1118788987,Residential Plot,For Sale,5 Marla,,,47 minutes ago,Rs 80 Lacs,"DHA Phase 9 Prism - Block J, Lahore",Lahore,OLX
https://www.olx.com.pk/item/plot-q-1012-residential-plot-located-in-the-best-block-of-dha-lahore-iid-1118788986,Residential Plot,For Sale,10 Marla,,,47 minutes ago,Rs 2.29 Crore,"DHA Phase 9 Prism - Block Q, Lahore",Lahore,OLX
https://www.olx.com.pk/item/plot-g-558-559-pair-residential-plot-located-in-the-best-block-of-dha-lahore-iid-1118788985,Residential Plot,For Sale,2 Kanal,,,47 minutes ago,Rs 7.90 Crore,"DHA Phase 9 Prism - Block G, Lahore",Lahore,OLX
https://www.olx.com.pk/item/plot-f-204-corner-paid-residential-plot-located-in-the-best-block-of-dha-lahore-iid-1118788984,Residential Plot,For Sale,1 Kanal,,,47 minutes ago,Rs 4.15 Crore,"DHA Phase 9 Prism - Block F, Lahore",Lahore,OLX
https://www.olx.com.pk/item/plot-a-449-215-marla-corner-plot-residential-plot-located-in-the-best-block-of-dha-lahore-iid-1118788980,Residential Plot,For Sale,22 Marla,,,47 minutes ago,Rs 6.15 Crore,"DHA Phase 6 - Block A, Lahore",Lahore,OLX
https://www.olx.com.pk/item/plot-w-653-residential-plot-located-in-the-best-block-of-dha-lahore-iid-1118788978,Residential Plot,For Sale,1 Kanal,,,47 minutes ago,Rs 5.70 Crore,"DHA Phase 7 - Block W, Lahore",Lahore,OLX
https://www.olx.com.pk/item/plot-w-842-residential-plot-located-in-the-best-block-of-dha-lahore-iid-1118788976,Residential Plot,For Sale,1 Kanal,,,47 minutes ago,Rs 5.70 Crore,"DHA Phase 7 - Block W, Lahore",Lahore,OLX
https://www.olx.com.pk/item/plot-y-744-residential-plot-located-in-the-best-block-of-dha-lahore-iid-1118788974,Residential Plot,For Sale,1 Kanal,,,48 minutes ago,Rs 5.50 Crore,"DHA Phase 7 - Block Y, Lahore",Lahore,OLX
https://www.olx.com.pk/item/hot-location-1-kanal-plot-for-sale-in-e1-block-valencia-town-lahore-iid-1117466192,Plot,For Sale,20 Marla,,,4 days ago,Rs 3.75 Crore,"Valencia Town, Lahore",Lahore,OLX
https://www.olx.com.pk/item/627-marla-plot-available-for-sale-in-canal-garden-near-bahria-town-lahore-iid-1117547829,Plot,For Sale,7 Marla,,,5 days ago,Rs 1.08 Crore,"Canal Garden - Block H, Lahore",Lahore,OLX
https://www.olx.com.pk/item/eithad-town-phase-2-block-c-iid-1118714614,Other,For Sale,5 Marla,,,2 days ago,Rs 65 Lacs,"Etihad Town Phase 1 - Block C, Lahore",Lahore,OLX
https://www.olx.com.pk/item/5-marla-beautiful-house-for-sale-in-bb-block-sector-d-bahria-town-lahore-iid-1118407447,House,For Sale,5 Marla,3,4,1 week ago,Rs 2.10 Crore,"Bahria Town - Block BB, Lahore",Lahore,OLX
https://www.olx.com.pk/item/punjab-cooperative-employees-cooperative-housing-society-residential-plot-sized-10-marla-iid-1117692785,Residential Plot,For Sale,10 Marla,,,2 weeks ago,Rs 1.45 Crore,"Punjab Cooperative Employees Cooperative Housing Society, Lahore",Lahore,OLX
https://www.olx.com.pk/item/beautiful-house-for-sale-iid-1118489204,House,For Sale,3 Marla,4,4,1 week ago,Rs 1.55 Crore,"Jubilee Town - Block C, Lahore",Lahore,OLX
https://www.olx.com.pk/item/5-marla-house-double-story-brand-new-house-registri-intaqal-han-madni-garden-society-main-ferozepur-road-kahna-stop-lahore-iid-1117778073,House,For Sale,5 Marla,5,5,2 days ago,Rs 85 Lacs,"Ferozepur Road, Lahore",Lahore,OLX
https://www.olx.com.pk/item/1-bedroom-luxury-apartment-for-sale-in-oyster-courtyard-gulberg-lahore-iid-1116760720,Room,For Sale,4 Marla,1,2,5 days ago,Rs 3.90 Crore,"Gulberg, Lahore",Lahore,OLX
https://www.olx.com.pk/item/12-marla-corner-luxury-house-for-salemain-80-ft-roadfacing-commercialowner-built-masterpiece-iid-1117686606,House,For Sale,12 Marla,5,6,3 weeks ago,Rs 3.80 Crore,"Bahria Orchard Phase 1, Lahore",Lahore,OLX
https://www.olx.com.pk/item/ready-to-move-1-bed-apartment-for-sale-prime-location-iid-1118788846,Apartment,For Sale,500 SQFT,1,1,1 hour ago,Rs 72 Lacs,"Bahria Town - Sector E, Lahore",Lahore,OLX
https://www.olx.com.pk/item/plot-c-917-residential-plot-located-in-the-best-block-of-dha-lahore-iid-1118788842,Residential Plot,For Sale,1 Kanal,,,1 hour ago,Rs 6.50 Crore,"DHA Phase 6 - Block C, Lahore",Lahore,OLX
https://www.olx.com.pk/item/5-marla-plot-d-12402-residential-plot-located-in-the-best-block-of-dha-lahore-iid-1118788839,Residential Plot,For Sale,5 Marla,,,1 hour ago,Rs 2.20 Crore,"DHA Phase 6 - Block D, Lahore",Lahore,OLX
https://www.olx.com.pk/item/5-marla-plot-e-1270-esidential-plot-located-in-the-best-block-of-dha-lahore-iid-1118788836,Plot,For Sale,5 Marla,,,1 hour ago,Rs 1.20 Crore,"DHA Phase 6 - Block E, Lahore",Lahore,OLX
https://www.olx.com.pk/item/6-kanal-plot-t-157515771578-residential-plot-located-in-the-best-block-of-dha-lahore-iid-1118788824,Residential Plot,For Sale,6 Kanal,,,1 hour ago,Rs 50 Crore,"DHA Phase 7 - Block T, Lahore",Lahore,OLX
https://www.olx.com.pk/item/pair-plot-y-657658-residential-plot-located-in-the-best-block-of-dha-lahore-iid-1118788819,Residential Plot,For Sale,2 Kanal,,,1 hour ago,Rs 13.50 Crore,"DHA Phase 7 - Block Y, Lahore",Lahore,OLX
https://www.olx.com.pk/item/pair-plot-y-17231724-residential-plot-located-in-the-best-block-of-dha-lahore-iid-1118788816,Residential Plot,For Sale,2 Kanal,,,1 hour ago,Rs 8.50 Crore,"DHA Phase 7 - Block Y, Lahore",Lahore,OLX
https://www.olx.com.pk/item/pair-plot-x-10641065-residential-plot-located-in-the-best-block-of-dha-lahore-iid-1118788814,Residential Plot,For Sale,2 Kanal,,,1 hour ago,Rs 10.50 Crore,"DHA Phase 7 - Block X, Lahore",Lahore,OLX
https://www.olx.com.pk/item/residential-plot-located-in-the-best-block-of-dha-lahore-iid-1118788806,Residential Plot,For Sale,1 Kanal,,,1 hour ago,Rs 5.99 Crore,"DHA Phase 7 - Block R, Lahore",Lahore,OLX
https://www.olx.com.pk/item/plot-y-2266-residential-plot-located-in-the-best-block-of-dha-lahore-iid-1118788805,Residential Plot,For Sale,1 Kanal,,,1 hour ago,Rs 5.50 Crore,"DHA Phase 7 - Block Y, Lahore",Lahore,OLX
https://www.olx.com.pk/item/plot-y-647-residential-plot-located-in-the-best-block-of-dha-lahore-iid-1118788801,Residential Plot,For Sale,1 Kanal,,,1 hour ago,Rs 5.50 Crore,"DHA Phase 7 - Block Y, Lahore",Lahore,OLX
https://www.olx.com.pk/item/corner-plot-t-1518-residential-plot-located-in-the-best-block-of-dha-lahore-iid-1118788793,Residential Plot,For Sale,10 Marla,,,1 hour ago,Rs 2.89 Crore,"DHA Phase 7 - Block T, Lahore",Lahore,OLX
https://www.olx.com.pk/item/plot-y-3708-residential-plot-located-in-the-best-block-of-dha-lahore-iid-1118788790,Residential Plot,For Sale,10 Marla,,,1 hour ago,Rs 2.40 Crore,"DHA Phase 7 - Block Y, Lahore",Lahore,OLX
https://www.olx.com.pk/item/ivy-green-plot-z6-125-residential-plot-located-in-the-best-block-of-dha-lahore-iid-1118788783,Residential Plot,For Sale,5 Marla,,,1 hour ago,Rs 1.20 Crore,"DHA Phase 8 - Block Z6, Lahore",Lahore,OLX
https://www.olx.com.pk/item/plot-q-704-residential-plot-located-in-the-best-block-of-dha-lahore-iid-1118788768,Residential Plot,For Sale,1 Kanal,,,1 hour ago,Rs 3.50 Crore,"DHA Phase 9 Prism - Block Q, Lahore",Lahore,OLX
https://www.olx.com.pk/item/special-building-11-marla-3-bed-flat-beside-mcdonald-for-sale-in-askari-11-lahore-iid-1118221744,Flat,For Sale,11 Marla,3,4,15 hours ago,Rs 4.25 Crore,"Askari 11 - Sector B Apartments, Lahore",Lahore,OLX
https://www.olx.com.pk/item/725-marla-brand-new-condition-owner-built-house-with-gas-available-for-sale-in-h-block-canal-garden-iid-1117547818,House,For Sale,7 Marla,5,5,5 days ago,Rs 2.85 Crore,"Canal Garden - Block H, Lahore",Lahore,OLX
https://www.olx.com.pk/item/pair-533-marla-pair-plot-in-m-block-iid-1118146515,Plot,For Sale,"1,199 SQFT",,,13 hours ago,Rs 1.42 Crore,"OLC 2 - Block M, Lahore",Lahore,OLX
https://www.olx.com.pk/item/10-marla-brand-new-lda-approved-house-size-3565-iid-1118083998,House,For Sale,10 Marla,5,6,23 hours ago,Rs 4.59 Crore,"Formanites Housing Scheme, Lahore",Lahore,OLX
https://www.olx.com.pk/item/vip-2-bedroom-luxury-furnished-apartment-available-for-sale-at-invester-rate-in-bahria-town-lahore-iid-1118070611,Room,For Sale,900 SQFT,2,2,1 week ago,Rs 1.40 Crore,"Bahria Town - Rafi Block, Lahore",Lahore,OLX
https://www.olx.com.pk/item/10-marla-beautiful-double-storey-oner-build-house-urgent-for-sale-vidh-10-kavi-solar-install-prime-location-in-sabzazar-iid-1118156055,House,For Sale,10 Marla,5,6,5 days ago,Rs 3.85 Crore,"Sabzazar, Lahore",Lahore,OLX
https://www.olx.com.pk/item/25-marla-flat-for-sale-at-very-prime-location-in-jubilee-town-iid-1118375243,Flat,For Sale,562 SQFT,1,1,1 week ago,Rs 80 Lacs,"Jubilee Town, Lahore",Lahore,OLX
https://www.olx.com.pk/item/5-marla-on-ground-plot-for-sale-in-g1-block-lda-city-lahore-prime-location-ready-to-build-excellent-investment-opportunity-iid-1118536632,Plot,For Sale,5 Marla,,,6 days ago,Rs 62 Lacs,"LDA City Phase 1 - Jinnah Sector, Lahore",Lahore,OLX
https://www.olx.com.pk/item/1-kanal-pair-plot-prime-corner-location-near-playground-block-m-dha-phase-9-prism-iid-1117668412,Plot,For Sale,2 Kanal,,,2 weeks ago,Rs 6.50 Crore,"DHA Phase 9 Prism - Block M, Lahore",Lahore,OLX
https://www.olx.com.pk/item/corner-plot-q-804-residential-plot-located-in-the-best-block-of-dha-lahore-iid-1118788766,Residential Plot,For Sale,1 Kanal,,,1 hour ago,Rs 4 Crore,"DHA Phase 9 Prism - Block Q, Lahore",Lahore,OLX
https://www.olx.com.pk/item/plot-r-24-residential-plot-located-in-the-best-block-of-dha-lahore-iid-1118788764,Residential Plot,For Sale,1 Kanal,,,1 hour ago,Rs 3 Crore,"DHA Phase 9 Prism - Block R, Lahore",Lahore,OLX
https://www.olx.com.pk/item/2-kanal-house-for-sale-iid-1118788758,House,For Sale,40 Marla,6,6,1 hour ago,Rs 9.90 Crore,"Nespak Scheme Phase 2, Lahore",Lahore,OLX
https://www.olx.com.pk/item/plot-m-285-residential-plot-located-in-the-best-block-of-dha-lahore-iid-1118788755,Residential Plot,For Sale,1 Kanal,,,1 hour ago,Rs 3.10 Crore,"DHA Phase 9 Prism - Block M, Lahore",Lahore,OLX
https://www.olx.com.pk/item/plot-g-742-residential-plot-located-in-the-best-block-of-dha-lahore-iid-1118788753,Residential Plot,For Sale,1 Kanal,,,1 hour ago,Rs 3.35 Crore,"DHA Phase 9 Prism - Block G, Lahore",Lahore,OLX
https://www.olx.com.pk/item/facing-park-plot-c-320-residential-plot-located-in-the-best-block-of-dha-lahore-iid-1118788747,Residential Plot,For Sale,1 Kanal,,,1 hour ago,Rs 3.40 Crore,"DHA Phase 9 Prism - Block C, Lahore",Lahore,OLX
https://www.olx.com.pk/item/plot-c-580-residential-plot-located-in-the-best-block-of-dha-lahore-iid-1118788744,Residential Plot,For Sale,1 Kanal,,,1 hour ago,Rs 3.55 Crore,"DHA Phase 9 Prism - Block C, Lahore",Lahore,OLX
https://www.olx.com.pk/item/plot-c-1123-residential-plot-located-in-the-best-block-of-dha-lahore-iid-1118788741,Residential Plot,For Sale,1 Kanal,,,1 hour ago,Rs 1.95 Crore,"DHA Phase 9 Prism - Block C, Lahore",Lahore,OLX
https://www.olx.com.pk/item/plot-l-401-residential-plot-located-in-the-best-block-of-dha-lahore-iid-1118788737,Residential Plot,For Sale,1 Kanal,,,1 hour ago,Rs 2.35 Crore,"DHA Phase 9 Prism - Block L, Lahore",Lahore,OLX
https://www.olx.com.pk/item/plot-l-1225-residential-plot-located-in-the-best-block-of-dha-lahore-iid-1118788729,Residential Plot,For Sale,10 Marla,,,1 hour ago,Rs 1.70 Crore,"DHA Phase 9 Prism - Block L, Lahore",Lahore,OLX
https://www.olx.com.pk/item/plot-l-1342-residential-plot-located-in-the-best-block-of-dha-lahore-iid-1118788723,Residential Plot,For Sale,10 Marla,,,1 hour ago,Rs 1.65 Crore,"DHA Phase 9 Prism - Block L, Lahore",Lahore,OLX
https://www.olx.com.pk/item/plot-r-2350-residential-plot-located-in-the-best-block-of-dha-lahore-iid-1118788718,Residential Plot,For Sale,5 Marla,,,1 hour ago,Rs 1.20 Crore,"DHA Phase 9 Prism - Block R, Lahore",Lahore,OLX
https://www.olx.com.pk/item/plot-r-1970-residential-plot-located-in-the-best-block-of-dha-lahore-iid-1118788715,Residential Plot,For Sale,5 Marla,,,1 hour ago,Rs 1.08 Crore,"DHA Phase 9 Prism - Block R, Lahore",Lahore,OLX
https://www.olx.com.pk/item/plot-r-1585-residential-plot-located-in-the-best-block-of-dha-lahore-iid-1118788713,Residential Plot,For Sale,5 Marla,,,1 hour ago,Rs 1.14 Crore,"DHA Phase 9 Prism - Block R, Lahore",Lahore,OLX
https://www.olx.com.pk/item/plot-k-1407-residential-plot-located-in-the-best-block-of-dha-lahore-iid-1118788709,Residential Plot,For Sale,5 Marla,,,1 hour ago,Rs 1.10 Crore,"DHA Phase 9 Prism - Block K, Lahore",Lahore,OLX
https://www.olx.com.pk/item/5-marla-park-facing-plot-for-sale-m7-c1-lake-city-lahore-iid-1118459748,Plot,For Sale,5 Marla,,,2 days ago,Rs 1.75 Crore,"Lake City - Sector M7 - Block C1, Lahore",Lahore,OLX
https://www.olx.com.pk/item/hot-location-10-marla-corner-residential-plot-for-sale-iid-1118408535,Residential Plot,For Sale,10 Marla,,,9 hours ago,Rs 1.20 Crore,"Bahria Town - Sikandar Block, Lahore",Lahore,OLX
https://www.olx.com.pk/item/pkr-12cr-10-marla-residential-plot-for-sale-in-etihad-town-phase-3-available-on-easy-installment-plan-iid-1117623556,Residential Plot,For Sale,10 Marla,,,4 weeks ago,Rs 1.02 Crore,"Soul City, Lahore",Lahore,OLX
https://www.olx.com.pk/item/48-marla-corner-plot-for-sale-prime-location-near-pine-avenue-iid-1118754255,Plot,For Sale,48 Marla,,,11 hours ago,Rs 6.50 Crore,"Khayaban-e-Amin - Block L, Lahore",Lahore,OLX
https://www.olx.com.pk/item/1-bed-luxury-apartment-for-sale-in-gulberg-iii-lahore-iid-1118424233,Apartment,For Sale,640 SQFT,1,1,1 week ago,Rs 3.03 Crore,"Gulberg 3, Lahore",Lahore,OLX
https://www.olx.com.pk/item/10-marla-house-divine-garden-soller-install-iid-1117968774,House,For Sale,10 Marla,3,4,3 weeks ago,Rs 3.40 Crore,"Divine Gardens, Lahore",Lahore,OLX
https://www.olx.com.pk/item/beautifully-constructed-commercial-plot-is-available-for-sale-in-etihad-town-phase-3-iid-1117732077,Commercial Plot,For Sale,5 Marla,,,1 day ago,Rs 2.90 Crore,"Soul City, Lahore",Lahore,OLX
https://www.olx.com.pk/item/10-marla-house-with-solid-construction-nearest-to-park-masjid-available-for-sale-in-bahria-town-lhr-iid-1118461333,House,For Sale,10 Marla,5,5,11 hours ago,Rs 3.20 Crore,"Bahria Town - Sector B, Lahore",Lahore,OLX
https://www.olx.com.pk/item/your-search-ends-right-here-with-the-beautiful-house-in-marghzar-officers-colony-at-affordable-price-of-pkr-rs-11000000-iid-1117033052,House,For Sale,3 Marla,3,3,2 weeks ago,Rs 1.10 Crore,"Marghzar Officers Colony, Lahore",Lahore,OLX
https://www.olx.com.pk/item/plot-j-1771-residential-plot-located-in-the-best-block-of-dha-lahore-iid-1118788707,Residential Plot,For Sale,5 Marla,,,1 hour ago,Rs 85 Lacs,"DHA Phase 9 Prism - Block J, Lahore",Lahore,OLX
https://www.olx.com.pk/item/possession-pair-10-marla-plot-e-600601-residential-plot-located-in-the-best-block-of-dha-lahore-iid-1118788693,Residential Plot,For Sale,10 Marla,,,1 hour ago,Rs 2 Crore,"DHA 9 Town - Block E, Lahore",Lahore,OLX
https://www.olx.com.pk/item/plot-d-2176-residential-plot-located-in-the-best-block-of-dha-lahore-iid-1118788687,Residential Plot,For Sale,5 Marla,,,1 hour ago,Rs 1.19 Crore,"DHA 9 Town - Block D, Lahore",Lahore,OLX
https://www.olx.com.pk/item/possession-plot-e-601-residential-plot-located-in-the-best-block-of-dha-lahore-iid-1118788672,Residential Plot,For Sale,5 Marla,,,1 hour ago,Rs 1 Crore,"DHA 9 Town - Block E, Lahore",Lahore,OLX
https://www.olx.com.pk/item/plot-d-448-residential-plot-located-in-the-best-block-of-dha-lahore-iid-1118788640,Residential Plot,For Sale,1 Kanal,,,1 hour ago,Rs 2.99 Crore,"DHA Phase 9 Prism - Block D, Lahore",Lahore,OLX
https://www.olx.com.pk/item/plot-y-2670-residential-plot-located-in-the-best-block-of-dha-lahore-iid-1118788636,Residential Plot,For Sale,1 Kanal,,,1 hour ago,Rs 4.40 Crore,"DHA Phase 7 - Block Y, Lahore",Lahore,OLX
https://www.olx.com.pk/item/pair-plot-r-32083209-residential-plot-located-in-the-best-block-of-dha-lahore-iid-1118788633,Residential Plot,For Sale,10 Marla,,,1 hour ago,Rs 2.29 Crore,"DHA Phase 9 Prism - Block R, Lahore",Lahore,OLX
https://www.olx.com.pk/item/ivy-green-plot-z5-557-residential-plot-located-in-the-best-block-of-dha-lahore-iid-1118788549,Residential Plot,For Sale,10 Marla,,,1 hour ago,Rs 1.70 Crore,"DHA Phase 8 - Block Z5, Lahore",Lahore,OLX
https://www.olx.com.pk/item/rana-estate-and-builders-offers-5-marla-residential-file-is-available-for-sale-in-chahar-bagh-phase-1-high-return-investment-iid-1118788523,File,For Sale,5 Marla,,,1 hour ago,Rs 30 Lacs,"Chahar Bagh, Lahore",Lahore,OLX
https://www.olx.com.pk/item/rana-estate-and-builders-offers-5-marla-commercial-file-is-available-for-sale-in-chahar-bagh-phase-1-high-return-investment-iid-1118788521,File,For Sale,5 Marla,,,1 hour ago,Rs 1.25 Crore,"Chahar Bagh, Lahore",Lahore,OLX
https://www.olx.com.pk/item/8-marla-brand-new-commercial-plaza-d-block-commercial-zone-in-valencia-town-iid-1118788519,Other,For Sale,8 Marla,,,1 hour ago,Rs 20 Crore,"Valencia - Commercial Zone D, Lahore",Lahore,OLX
https://www.olx.com.pk/item/105-marla-commercial-plaza-d-block-commercial-zone-in-valencia-town-iid-1118788517,Other,For Sale,"2,362 SQFT",,,1 hour ago,Rs 28 Crore,"Valencia - Commercial Zone D, Lahore",Lahore,OLX
https://www.olx.com.pk/item/one-call-deal-paper-in-hand-plot-r-689-build-the-life-you-have-always-envisioned-on-a-prime-fully-serviced-plot-in-dha-lahores-most-sought-after-and-amenity-rich-block-iid-1118788515,Plot,For Sale,1 Kanal,,,1 hour ago,Rs 6.10 Crore,"DHA Phase 7 - Block R, Lahore",Lahore,OLX
https://www.olx.com.pk/item/brand-new-house-block-t-phase-8-iid-1118788513,House,For Sale,1 Kanal,5,6,1 hour ago,Rs 11.50 Crore,"DHA Phase 8 - Block T, Lahore",Lahore,OLX
https://www.olx.com.pk/item/dha-raya-apartment-for-sale-iid-1118788511,Apartment,For Sale,970 SQFT,Studio,1,1 hour ago,Rs 3.40 Crore,"Defence Raya, Lahore",Lahore,OLX
https://www.olx.com.pk/item/hot-deal-invester-and-builder-location-plot-iid-1117968786,Plot,For Sale,1 Kanal,,,13 hours ago,Rs 6.25 Crore,"DHA Phase 6 - Block E, Lahore",Lahore,OLX
https://www.olx.com.pk/item/1-kanal-plot-sector-g-top-location-60-ft-road-direct-approach-to-main-near-35-kanal-park-and-mosque-iid-1118472838,Plot,For Sale,1 Kanal,,,1 week ago,Rs 3.85 Crore,"DHA Phase 9 Prism - Block G, Lahore",Lahore,OLX
https://www.olx.com.pk/item/1-kanal-plot-highly-desirable-residential-parcel-block-r-dha-phase-7-iid-1118620944,Plot,For Sale,1 Kanal,,,4 days ago,Rs 3.80 Crore,"DHA Phase 7 - Block R, Lahore",Lahore,OLX
https://www.olx.com.pk/item/10-marla-plot-in-shaheen-block-iid-1118098973,Plot,For Sale,10 Marla,,,2 weeks ago,Rs 98 Lacs,"Chinar Bagh - Shaheen Block, Lahore",Lahore,OLX
https://www.olx.com.pk/item/central-one-dha-lahore-2-kanal-is-available-for-sale-main-airport-road-dha-phase-8-lahore-iid-1118756049,Other,For Sale,40 Marla,,,16 hours ago,Rs 20 Crore,"DHA Phase 8, Lahore",Lahore,OLX
https://www.olx.com.pk/item/5-marla-beautiful-ultra-modern-house-for-sale-in-central-park-housing-society-lahore-iid-1118230285,House,For Sale,5 Marla,5,5,6 days ago,Rs 2.60 Crore,"Central Park Housing Scheme, Lahore",Lahore,OLX
https://www.olx.com.pk/item/5-marla-house-double-storey-brand-new-for-sale-iid-1118432932,House,For Sale,5 Marla,4,5,3 days ago,Rs 2.50 Crore,"Bismillah Housing Scheme, Lahore",Lahore,OLX
https://www.olx.com.pk/item/shop-available-for-sale-in-valencia-tower-paradise-floor-second-floor-iid-1118788508,Shop,For Sale,94 SQFT,,,1 hour ago,Rs 7.50 Lac,"Valencia Town, Lahore",Lahore,OLX
https://www.olx.com.pk/item/2-bed-luxury-apartment-for-sale-in-dha-phase-8-air-avenue-lahore-ideal-for-investment-rental-income-iid-1118788506,Apartment,For Sale,5 Marla,2,2,1 hour ago,Rs 1.75 Crore,"DHA Phase 8 - Ex Air Avenue, Lahore",Lahore,OLX
https://www.olx.com.pk/item/plot-r-2950-residential-plot-located-in-the-best-block-of-dha-lahore-iid-1118788349,Residential Plot,For Sale,5 Marla,,,2 hours ago,Rs 1.12 Crore,"DHA Phase 9 Prism - Block R, Lahore",Lahore,OLX
https://www.olx.com.pk/item/plot-k-1165-residential-plot-located-in-the-best-block-of-dha-lahore-iid-1118788346,Residential Plot,For Sale,5 Marla,,,2 hours ago,Rs 95 Lacs,"DHA Phase 9 Prism - Block K, Lahore",Lahore,OLX
https://www.olx.com.pk/item/plot-z2-1625-residential-plot-located-in-the-best-block-of-dha-lahore-iid-1118788343,Residential Plot,For Sale,1 Kanal,,,2 hours ago,Rs 2.35 Crore,"DHA Phase 7 - Block Z2, Lahore",Lahore,OLX
https://www.olx.com.pk/item/plot-w-567-residential-plot-located-in-the-best-block-of-dha-lahore-iid-1118788342,Residential Plot,For Sale,1 Kanal,,,2 hours ago,Rs 5.20 Crore,"DHA Phase 7 - Block W, Lahore",Lahore,OLX
https://www.olx.com.pk/item/10-marla-commercial-building-for-sale-defence-raya-fairways-location-defence-raya-fairways-dha-phase-6-lahore-iid-1118788316,Building,For Sale,10 Marla,,,2 hours ago,Rs 47 Crore,"Defence Raya, Lahore",Lahore,OLX
https://www.olx.com.pk/item/5-marla-prime-location-plot-available-for-sale-iid-1118788147,Plot,For Sale,5 Marla,,,2 hours ago,Rs 75 Lacs,"Central Park - Block E, Lahore",Lahore,OLX
https://www.olx.com.pk/item/10-marla-plot-available-for-sale-on-prime-location-iid-1118788109,Plot,For Sale,10 Marla,,,2 hours ago,Rs 1.45 Crore,"Central Park - Block G, Lahore",Lahore,OLX
https://www.olx.com.pk/item/1120-marla-corner-main-80ft-road-plot-available-for-sale-iid-1118788102,Plot,For Sale,"2,520 SQFT",,,2 hours ago,Rs 1.50 Crore,"Central Park - Block D, Lahore",Lahore,OLX
https://www.olx.com.pk/item/ideal-flat-is-available-for-sale-in-zaman-colony-iid-1118334268,Flat,For Sale,225 SQFT,1,1,2 hours ago,Rs 32 Lacs,"Zaman Colony, Lahore",Lahore,OLX
https://www.olx.com.pk/item/flats-for-sale-iid-1117848773,Flat,For Sale,1 Marla,1,1,2 hours ago,Rs 31 Lacs,"Zaman Colony, Lahore",Lahore,OLX
https://www.olx.com.pk/item/26-marla-house-for-sale-garden-town-iid-1118788064,House,For Sale,26 Marla,6,7,2 hours ago,Rs 7.50 Crore,"Garden Town - Aurangzaib Block, Lahore",Lahore,OLX
https://www.olx.com.pk/item/10-marla-house-for-sale-iid-1118788023,House,For Sale,10 Marla,5,7,2 hours ago,Rs 6 Crore,"Model Town - Block H, Lahore",Lahore,OLX
https://www.olx.com.pk/item/1-kanal-house-for-sale-gulberg-iid-1118788021,House,For Sale,1 Kanal,6,7,2 hours ago,Rs 10 Crore,"Gulberg, Lahore",Lahore,OLX
https://www.olx.com.pk/item/10-marla-residential-plot-for-sale-in-rs-13000000-only-iid-1117692862,Residential Plot,For Sale,10 Marla,,,2 weeks ago,Rs 1.30 Crore,"AWT Phase 2, Lahore",Lahore,OLX
https://www.olx.com.pk/item/brand-new-13-marla-luxury-apartment-for-sale-in-askari-12-lahore-iid-1118504546,Apartment,For Sale,13 Marla,4,4,1 week ago,Rs 4 Crore,"Askari 12, Lahore",Lahore,OLX
https://www.olx.com.pk/item/facing-park-8-marla-commercial-plot-for-sale-at-good-location-in-block-a-eden-city-dha-phase-8-airport-road-lahore-iid-1118591595,Commercial Plot,For Sale,8 Marla,,,5 days ago,Rs 3.50 Crore,"Eden City - Block A, Lahore",Lahore,OLX
https://www.olx.com.pk/item/reasonably-priced-4-marla-residential-plot-file-in-dha-phase-10-lahore-is-available-as-of-now-iid-1117333456,Residential Plot,For Sale,4 Marla,,,2 weeks ago,Rs 1.61 Crore,"DHA Phase 10, Lahore",Lahore,OLX
https://www.olx.com.pk/item/3-marla-brand-new-house-available-for-sale-iid-1118193023,House,For Sale,3 Marla,4,5,2 weeks ago,Rs 1.75 Crore,"Union Green, Lahore",Lahore,OLX
https://www.olx.com.pk/item/t-block-near-to-this-good-location-plot-for-sale-iid-1118068017,Plot,For Sale,2 Kanal,,,2 weeks ago,Rs 16 Crore,"DHA Phase 8 - Block T, Lahore",Lahore,OLX
https://www.olx.com.pk/item/10-marla-park-facing-double-storey-house-ready-to-move-fazaia-phase-1-excellent-price-iid-1118215568,House,For Sale,10 Marla,5,4,2 weeks ago,Rs 3.75 Crore,"Fazaia Housing Scheme Phase 1, Lahore",Lahore,OLX
https://www.olx.com.pk/item/plot-no-1057-block-e-ext-10-marla-plot-on-top-location-of-phase-6-dha-lahore-iid-1118176813,Plot,For Sale,10 Marla,,,16 hours ago,Rs 2.04 Crore,"DHA Phase 6 - Block E Extension, Lahore",Lahore,OLX
https://www.olx.com.pk/item/10-marla-house-for-sale-iid-1118788020,House,For Sale,10 Marla,5,5,2 hours ago,Rs 6 Crore,"Gulberg, Lahore",Lahore,OLX
https://www.olx.com.pk/item/1-kanal-double-story-factory-for-sale-iid-1118788005,Factory,For Sale,1 Kanal,,,2 hours ago,Rs 5.50 Crore,"Gajju Matah, Lahore",Lahore,OLX
https://www.olx.com.pk/item/10-marla-house-for-sale-iid-1118787967,House,For Sale,10 Marla,5,5,2 hours ago,Rs 5 Crore,"Garden Town - Sher Shah Block, Lahore",Lahore,OLX
https://www.olx.com.pk/item/5-marla-double-storey-used-house-for-sale-in-eden-boulevard-society-college-road-lahore-near-wapda-town-gated-society-premium-location-iid-1118787836,House,For Sale,5 Marla,5,6,2 hours ago,Rs 1.95 Crore,"Eden Boulevard Housing Scheme, Lahore",Lahore,OLX
https://www.olx.com.pk/item/hot-deal-325-marla-triple-storey-slightly-used-house-owner-build-foe-sale-in-eden-residencia-near-military-accounts-society-college-road-lahore-prime-location-near-wapda-town-iid-1118787829,House,For Sale,3 Marla,4,5,2 hours ago,Rs 1.75 Crore,"Eden Residencia, Lahore",Lahore,OLX
https://www.olx.com.pk/item/8-marla-residential-plot-available-for-sale-in-high-court-society-phase-2-college-road-lahore-cooperative-society-iid-1118787821,Residential Plot,For Sale,8 Marla,,,2 hours ago,Rs 65 Lacs,"High Court Phase 2 - Block A, Lahore",Lahore,OLX
https://www.olx.com.pk/item/5-marla-residential-plot-available-for-sale-in-high-court-society-phase-2-college-road-lahore-near-military-accounts-iid-1118787818,Residential Plot,For Sale,5 Marla,,,2 hours ago,Rs 45 Lacs,"High Court Phase 2 - Block D, Lahore",Lahore,OLX
https://www.olx.com.pk/item/hot-deal-3-marla-residential-plot-available-for-sale-in-union-green-phase-1-college-road-lahore-premium-location-near-wapda-town-near-nfc-society-gated-society-iid-1118787813,Residential Plot,For Sale,3 Marla,,,2 hours ago,Rs 58 Lacs,"Union Green, Lahore",Lahore,OLX
https://www.olx.com.pk/item/for-sale-house-1-kanal-double-story-tile-wood-work-floor-beautiful-house-top-location-main-college-road-near-eden-chowk-near-park-good-investment-time-iid-1117600960,House,For Sale,1 Kanal,6,6,2 hours ago,Rs 6.25 Crore,"PGECHS Phase 2, Lahore",Lahore,OLX
https://www.olx.com.pk/item/for-sale-house-4-marla-single-story-marble-wood-work-floor-beautiful-house-top-location-main-college-road-near-eden-chowk-lahore-iid-1118745474,House,For Sale,4 Marla,1,2,2 hours ago,Rs 1.30 Crore,"Military Accounts Housing Society, Lahore",Lahore,OLX
https://www.olx.com.pk/item/for-sale-house-8-marla-single-storey-tile-wood-work-floor-beautiful-house-top-location-main-college-road-near-eden-chowk-good-investment-time-iid-1118745472,House,For Sale,8 Marla,2,2,2 hours ago,Rs 2.15 Crore,"Military Accounts Housing Society, Lahore",Lahore,OLX
https://www.olx.com.pk/item/for-sale-house-10-marla-double-story-chips-floor-beautiful-house-top-location-main-college-road-near-butt-chowk-township-lahore-good-investment-time-iid-1118705603,House,For Sale,10 Marla,Studio,5,2 hours ago,Rs 3.15 Crore,"Township, Lahore",Lahore,OLX
https://www.olx.com.pk/item/for-sale-house-1-kanal-double-story-tile-wood-work-floor-beautiful-house-good-investment-time-top-location-main-college-road-near-eden-chowk-lahore-iid-1118203654,House,For Sale,1 Kanal,5,5,2 hours ago,Rs 5.95 Crore,"Punjab Govt Employees Society, Lahore",Lahore,OLX
https://www.olx.com.pk/item/for-sale-house-10-marla-single-story-till-wood-work-floor-beautiful-house-top-location-main-college-road-near-butt-chowk-township-lahore-good-investment-time-iid-1117973962,House,For Sale,10 Marla,2,3,2 hours ago,Rs 2.75 Crore,"Township, Lahore",Lahore,OLX
https://www.olx.com.pk/item/brand-new-house-5-marla-double-story-tile-wood-work-floor-beautiful-house-top-location-main-college-road-near-lajna-chowk-township-lahore-good-investment-time-iid-1117821674,House,For Sale,5 Marla,3,3,2 hours ago,Rs 2.40 Crore,"Township, Lahore",Lahore,OLX
https://www.olx.com.pk/item/2-marla-commercial-plot-in-etihad-town-phase-1-iid-1117624538,Commercial Plot,For Sale,2 Marla,,,2 weeks ago,Rs 2 Crore,"Etihad Town Phase 1, Lahore",Lahore,OLX
https://www.olx.com.pk/item/2-marla-double-story-house-in-green-town-bagarian-bank-loan-eligible-iid-1118319368,House,For Sale,2 Marla,4,2,2 weeks ago,Rs 55 Lacs,"Bagarian, Lahore",Lahore,OLX
https://www.olx.com.pk/item/cheap-land-for-agriculture-and-farmhouse-iid-1117546501,House,For Sale,1 Kanal,,,10 hours ago,Rs 30 Lacs,"Jia Baga Road, Lahore",Lahore,OLX
https://www.olx.com.pk/item/dha-9-town-block-a-prime-location-plot-in-very-resenable-price-iid-1118178522,Plot,For Sale,5 Marla,,,2 weeks ago,Rs 1.25 Crore,"DHA 9 Town, Lahore",Lahore,OLX
https://www.olx.com.pk/item/5-marla-plot-on-ideal-location-iid-1118488702,Plot,For Sale,5 Marla,,,17 hours ago,Rs 48 Lacs,"Etihad Town Phase 2, Lahore",Lahore,OLX
https://www.olx.com.pk/item/5-marla-25-story-brand-new-fully-furnished-corner-with-facing-park-house-for-sale-iid-1117912021,House,For Sale,5 Marla,3,3,11 hours ago,Rs 2.29 Crore,"SA Gardens Phase 2, Lahore",Lahore,OLX
https://www.olx.com.pk/item/1-kanal-residential-plot-block-l-at-prime-location-for-sale-in-dha-phase-8-ex-air-avenue-iid-1118485162,Residential Plot,For Sale,20 Marla,,,1 week ago,Rs 3.60 Crore,"Air Avenue - Block L, Lahore",Lahore,OLX
https://www.olx.com.pk/item/for-sale-house-10-marla-double-story-tile-wood-work-floor-beautiful-house-top-location-main-college-road-near-pcsir-stuff-society-near-military-account-society-near-nespak-society-near-eden-society-good-investment-time-iid-1117805319,House,For Sale,10 Marla,5,5,2 hours ago,Rs 4.25 Crore,"PGECHS Phase 2, Lahore",Lahore,OLX
https://www.olx.com.pk/item/for-sale-house-10-marla-double-story-marble-wood-work-floor-beautiful-house-top-location-main-college-road-near-gondal-chowk-township-lahore-good-investment-time-iid-1117804314,House,For Sale,10 Marla,6,6,2 hours ago,Rs 3.70 Crore,"Township, Lahore",Lahore,OLX
https://www.olx.com.pk/item/for-sale-house-10-marla-double-story-marble-wood-work-floor-beautiful-house-top-location-main-college-road-near-lajna-chowk-township-lahore-good-investment-time-iid-1117804310,House,For Sale,10 Marla,5,5,2 hours ago,Rs 3.75 Crore,"Township, Lahore",Lahore,OLX
https://www.olx.com.pk/item/old-house-25-years-10-marla-single-story-chips-floor-good-investment-time-top-location-near-butt-chowk-township-lahore-iid-1117804309,House,For Sale,10 Marla,3,3,2 hours ago,Rs 2.45 Crore,"Township, Lahore",Lahore,OLX
https://www.olx.com.pk/item/3-marla-brand-new-house-available-for-sale-iid-1118787388,House,For Sale,3 Marla,4,4,2 hours ago,Rs 2.70 Crore,"Allama Iqbal Town - Huma Block, Lahore",Lahore,OLX
https://www.olx.com.pk/item/for-sale-commercial-building-1-kanal-5-floor-full-basement-good-investment-time-top-location-main-college-road-near-lajna-chowk-township-lahore-iid-1118787380,Building,For Sale,1 Kanal,,,2 hours ago,Rs 20 Crore,"Township, Lahore",Lahore,OLX
https://www.olx.com.pk/item/brand-new-1-kanal-beautifull-house-available-for-sale-iid-1118168786,House,For Sale,1 Kanal,6,7,2 hours ago,Rs 15 Crore,"Allama Iqbal Town - Nargis Block, Lahore",Lahore,OLX
https://www.olx.com.pk/item/1-kanal-commercial-building-available-for-sale-iid-1117681096,Building,For Sale,1 Kanal,,,2 hours ago,Rs 50 Crore,"Allama Iqbal Main Boulevard, Lahore",Lahore,OLX
https://www.olx.com.pk/item/10-marla-plot-available-for-sale-in-lda-avenue-1-block-l-hot-location-iid-1118787114,Plot,For Sale,10 Marla,,,3 hours ago,Rs 1.02 Crore,"LDA Avenue - Block L, Lahore",Lahore,OLX
https://www.olx.com.pk/item/10-marla-plot-available-for-sale-in-lda-avenue-1-block-k-hot-location-iid-1118787089,Plot,For Sale,10 Marla,,,3 hours ago,Rs 1.18 Crore,"LDA Avenue - Block K, Lahore",Lahore,OLX
https://www.olx.com.pk/item/10-marla-double-story-beautifull-house-available-for-sale-iid-1118168736,House,For Sale,10 Marla,5,5,3 hours ago,Rs 4 Crore,"Allama Iqbal Town - Ravi Block, Lahore",Lahore,OLX
https://www.olx.com.pk/item/3-marla-commercial-flat-available-for-sale-iid-1117849733,Flat,For Sale,3 Marla,2,1,3 hours ago,Rs 65 Lacs,"Allama Iqbal Town, Lahore",Lahore,OLX
https://www.olx.com.pk/item/1-kanal-commercial-building-available-for-sale-iid-1117849731,Building,For Sale,20 Marla,,,3 hours ago,Rs 23 Crore,"Yateem Khana Chowk, Lahore",Lahore,OLX
https://www.olx.com.pk/item/10-marla-plot-available-for-sale-in-lda-avenue-1-block-m-hot-location-iid-1118787058,Plot,For Sale,10 Marla,,,3 hours ago,Rs 1.32 Crore,"LDA Avenue - Block M, Lahore",Lahore,OLX
https://www.olx.com.pk/item/5-marla-beautifull-house-available-for-sale-iid-1117722583,House,For Sale,5 Marla,4,4,3 hours ago,Rs 2.70 Crore,"Allama Iqbal Town - Nargis Block, Lahore",Lahore,OLX
https://www.olx.com.pk/item/well-constructed-brand-new-house-available-for-sale-in-marghzar-officers-colony-iid-1117033076,House,For Sale,563 SQFT,3,3,4 weeks ago,Rs 1.20 Crore,"Marghzar Officers Colony, Lahore",Lahore,OLX
https://www.olx.com.pk/item/275-marla-ghr-for-sale-in-model-town-iid-1118620510,Other,For Sale,400 SQFT,4,2,4 days ago,Rs 3.45 Crore,"Model Town - Block L, Lahore",Lahore,OLX
https://www.olx.com.pk/item/3-marla-dabal-story-ghr-for-sale-in-al-nor-park-society-near-ferozpur-road-iid-1117618985,Other,For Sale,3 Marla,3,3,2 weeks ago,Rs 55 Lacs,"Al Noor Park Housing Society, Lahore",Lahore,OLX
https://www.olx.com.pk/item/pkr-12cr-10-marla-residential-plot-for-sale-in-etihad-town-phase-3-available-on-easy-installment-plan-iid-1117624062,Residential Plot,For Sale,10 Marla,,,4 weeks ago,Rs 1.02 Crore,"Soul City, Lahore",Lahore,OLX
https://www.olx.com.pk/item/prime-2-kanal-plot-for-sale-on-150-feet-main-boulevard-nfc-society-lahore-iid-1117467561,Plot,For Sale,40 Marla,,,4 days ago,Rs 7.75 Crore,"Valencia Town, Lahore",Lahore,OLX
https://www.olx.com.pk/item/house-of-10-marla-is-available-for-sale-in-marghzar-officers-colony-iid-1117033112,House,For Sale,10 Marla,4,4,3 weeks ago,Rs 3.50 Crore,"Marghzar Officers Colony, Lahore",Lahore,OLX
https://www.olx.com.pk/item/1-kanal-plot-for-sale-in-dha-phase-9-prism-iid-1118597591,Plot,For Sale,1 Kanal,,,5 days ago,Rs 2.70 Crore,"DHA Phase 9, Lahore",Lahore,OLX
https://www.olx.com.pk/item/lahore-smart-city-exactive-east-block-plot-no-30-sector-a-st-no-2-iid-1118787021,Plot,For Sale,12 Marla,,,3 hours ago,Rs 47 Lacs,"Lahore Smart City - Executive Block, Lahore",Lahore,OLX
https://www.olx.com.pk/item/10-marla-plot-available-for-sale-in-lda-avenue-1-block-g-hot-location-iid-1118787011,Plot,For Sale,10 Marla,,,3 hours ago,Rs 1.32 Crore,"LDA Avenue - Block G, Lahore",Lahore,OLX
https://www.olx.com.pk/item/2-kanal-double-story-beautiful-house-for-sale-iid-1117849709,House,For Sale,2 Kanal,6,7,3 hours ago,Rs 18 Crore,"Allama Iqbal Town - Rachna Block, Lahore",Lahore,OLX
https://www.olx.com.pk/item/16-marla-plot-available-for-sale-in-ittehad-colony-allama-iqbal-town-iid-1117849455,Plot,For Sale,16 Marla,,,3 hours ago,Rs 5.50 Crore,"Ittehad Colony, Lahore",Lahore,OLX
https://www.olx.com.pk/item/10-marla-plot-available-for-sale-in-lda-avenue-1-block-g-hot-location-iid-1118786964,Plot,For Sale,10 Marla,,,3 hours ago,Rs 1.32 Crore,"LDA Avenue - Block G, Lahore",Lahore,OLX
https://www.olx.com.pk/item/10-marla-plot-available-for-sale-in-lda-avnue-1-block-g-hot-location-iid-1118786911,Plot,For Sale,10 Marla,,,3 hours ago,Rs 1.40 Crore,"LDA Avenue - Block G, Lahore",Lahore,OLX
https://www.olx.com.pk/item/10-marla-plot-available-for-sale-in-lda-avenu-1-block-j-no-taar-pool-iid-1118786834,Plot,For Sale,10 Marla,,,3 hours ago,Rs 1.53 Crore,"LDA Avenue - Block J, Lahore",Lahore,OLX
https://www.olx.com.pk/item/10-marla-plot-available-for-sale-in-lda-avnue-1-block-c-hot-location-iid-1118786732,Plot,For Sale,10 Marla,,,3 hours ago,Rs 1.67 Crore,"LDA Avenue - Block C, Lahore",Lahore,OLX
https://www.olx.com.pk/item/lake-city-meadows-x-state-life-society-iid-1118786603,Other,For Sale,20 Marla,,,3 hours ago,Rs 3.50 Crore,"Lake City Meadows Phase 1 - Block B, Lahore",Lahore,OLX
https://www.olx.com.pk/item/sui-gas-society-near-dha-phase-5-iid-1118786559,Other,For Sale,20 Marla,,,3 hours ago,Rs 4.50 Crore,"Sui Gas Society Phase 1 - Block B, Lahore",Lahore,OLX
https://www.olx.com.pk/item/5-marla-outclass-3bed-double-storey-house-is-for-sale-in-wapda-town-g-3-block-iid-1118265755,House,For Sale,5 Marla,3,4,3 hours ago,Rs 2.20 Crore,"Wapda Town Phase 1, Lahore",Lahore,OLX
https://www.olx.com.pk/item/a-spacious-10-marla-house-in-pak-arab-society-phase-2-block-f1-iid-1118785877,House,For Sale,10 Marla,5,6,4 hours ago,Rs 2.90 Crore,"Pak Arab Society Phase 2 - Block F1, Lahore",Lahore,OLX
https://www.olx.com.pk/item/budget-friendly-1-kanal-dream-home-iid-1118231961,Other,For Sale,1 Kanal,6,7,4 hours ago,Rs 7.80 Crore,"DHA Phase 8 - Block Y, Lahore",Lahore,OLX
https://www.olx.com.pk/item/in-zaamin-city-phase-1-block-a-5-marla-residential-plot-for-sale-iid-1118785732,Residential Plot,For Sale,5 Marla,,,4 hours ago,Rs 48 Lacs,"Zaamin City Phase 1 - Block C, Lahore",Lahore,OLX
https://www.olx.com.pk/item/5-marla-residential-plot-in-zaamin-city-iid-1118785704,Residential Plot,For Sale,5 Marla,,,4 hours ago,Rs 60 Lacs,"Zaamin City, Lahore",Lahore,OLX
https://www.olx.com.pk/item/6-marla-corner-house-for-sale-registry-intqal-kaloni-gas-available-near-new-lahore-city-2-km-ring-road-interchange-nfc-2-wala-iid-1117876424,House,For Sale,6 Marla,5,6,21 hours ago,Rs 1.85 Crore,"New Lahore City, Lahore",Lahore,OLX
https://www.olx.com.pk/item/prime-location-02-kanal-commercial-plot-for-sale-iid-1118650252,Commercial Plot,For Sale,46 Marla,,,3 days ago,Rs 13 Crore,"Doctors Housing Society, Lahore",Lahore,OLX
https://www.olx.com.pk/item/furnished-full-basement-6-bed-1-kanal-spanish-bungalow-for-sale-iid-1117070188,Other,For Sale,1 Kanal,6,7,4 days ago,Rs 13.20 Crore,"DHA Phase 5 - Block K, Lahore",Lahore,OLX
https://www.olx.com.pk/item/3-marla-used-house-for-sale-iid-1117570763,House,For Sale,3 Marla,2,3,5 days ago,Rs 1.35 Crore,"Jubilee Town - Block C, Lahore",Lahore,OLX
https://www.olx.com.pk/item/1-bed-luxury-apartment-for-sale-on-4-year-easy-installments-classic-living-sector-f-bahria-town-lahore-iid-1117513305,Apartment,For Sale,500 SQFT,1,1,2 weeks ago,Rs 92.50 Lacs,"Bahria Town - Sector F, Lahore",Lahore,OLX
https://www.olx.com.pk/item/100-confirm-plot-very-good-location-main-ki-back-one-call-deal-in-sha-allah-iid-1117729102,Plot,For Sale,20 Marla,,,4 weeks ago,Rs 3 Crore,"DHA Phase 9 Prism - Block C, Lahore",Lahore,OLX
https://www.olx.com.pk/item/prime-location-corner-plot-for-sale-in-park-view-city-possession-paid-only-iid-1118488922,Plot,For Sale,5 Marla,,,13 hours ago,Rs 55 Lacs,"Park View Villas, Lahore",Lahore,OLX
https://www.olx.com.pk/item/penta-square-open-view-studio-apartment-available-for-sale-iid-1117519903,Apartment,For Sale,500 SQFT,Studio,1,2 weeks ago,Rs 2.25 Crore,"Penta Square By DHA Lahore, Lahore",Lahore,OLX
https://www.olx.com.pk/item/hot-location-2-kanal-plot-for-sale-on-main-boulevard-100-feet-road-block-d-valencia-town-iid-1117465029,Plot,For Sale,40 Marla,,,4 days ago,Rs 9.60 Crore,"Valencia Town, Lahore",Lahore,OLX
https://www.olx.com.pk/item/shahid-town-residential-plot-sized-3-marla-for-sale-iid-1118785693,Residential Plot,For Sale,3 Marla,,,4 hours ago,Rs 65 Lacs,"Shahid Town, Lahore",Lahore,OLX
https://www.olx.com.pk/item/live-today-pay-later-134-marla-modern-apartment-immediate-possession-on-50-down-payment-iid-1118571066,Apartment,For Sale,13 Marla,3,4,4 hours ago,Rs 5.72 Crore,"Askari 11 - Sector B Apartments, Lahore",Lahore,OLX
https://www.olx.com.pk/item/4-marla-commercial-plot-for-sale-oval-complex-dha-9-town-iid-1118415342,Commercial Plot,For Sale,4 Marla,,,4 hours ago,Rs 6.85 Crore,"DHA Phase 9 Prism - Oval Complex, Lahore",Lahore,OLX
https://www.olx.com.pk/item/4-marla-park-facing-commercial-plot-dha-9-town-block-a-iid-1118415162,Commercial Plot,For Sale,4 Marla,,,4 hours ago,Rs 5 Crore,"DHA Phase 9 Prism - Block A, Lahore",Lahore,OLX
https://www.olx.com.pk/item/residential-plot-for-grabs-in-3-marla-lahore-iid-1118785562,Residential Plot,For Sale,3 Marla,,,4 hours ago,Rs 25 Lacs,"Vital Homes DD, Lahore",Lahore,OLX
https://www.olx.com.pk/item/latest-style-apartment-for-sale-askari-11-lahore-basement-parking-iid-1118183209,Apartment,For Sale,10 Marla,3,3,4 hours ago,Rs 3.35 Crore,"Askari 11 - Sector B Apartments, Lahore",Lahore,OLX
https://www.olx.com.pk/item/1-kanal-corner-pair-commercial-plots-available-for-sale-iid-1118785258,Commercial Plot,For Sale,2 Kanal,,,4 hours ago,Rs 24 Crore,"Wapda Town Phase 1 - Block E2, Lahore",Lahore,OLX
https://www.olx.com.pk/item/premium-3-bed-apartment-for-sale-in-askari-11-lahore-ground-floor-parking-secure-amp-elite-community-iid-1117984296,Apartment,For Sale,10 Marla,3,3,4 hours ago,Rs 4.30 Crore,"Askari 11 - Sector B Apartments, Lahore",Lahore,OLX
https://www.olx.com.pk/item/1-kanal-plot-in-judicial-phase-3-near-eme-iid-1118785206,Plot,For Sale,1 Kanal,,,4 hours ago,Rs 4.20 Crore,"Judicial Colony Phase 3, Lahore",Lahore,OLX
https://www.olx.com.pk/item/1-kanal-plot-available-for-sale-in-lda-avenue-1-block-l-hot-location-iid-1118785204,Plot,For Sale,1 Kanal,,,4 hours ago,Rs 1.50 Crore,"LDA Avenue - Block L, Lahore",Lahore,OLX
https://www.olx.com.pk/item/1-kanal-corner-plot-available-for-sale-in-lda-avenue-1-block-f-best-location-iid-1118785160,Plot,For Sale,1 Kanal,,,4 hours ago,Rs 2.40 Crore,"LDA Avenue - Block F, Lahore",Lahore,OLX
https://www.olx.com.pk/item/4-marla-house-for-sale-in-paragon-city-lahore-iid-1118687133,House,For Sale,4 Marla,3,4,4 hours ago,Rs 1.90 Crore,"Paragon City, Lahore",Lahore,OLX
https://www.olx.com.pk/item/1-kanal-plot-available-for-sale-in-lda-avenue-1-block-d-with-80-ft-road-best-location-iid-1118785097,Plot,For Sale,1 Kanal,,,4 hours ago,Rs 2 Crore,"LDA Avenue - Block D, Lahore",Lahore,OLX
https://www.olx.com.pk/item/1-kanla-plot-available-for-sale-in-lda-avenue-1-block-d-with-50-fit-road-best-location-iid-1118785034,Plot,For Sale,1 Kanal,,,4 hours ago,Rs 2.29 Crore,"LDA Avenue - Block D, Lahore",Lahore,OLX
https://www.olx.com.pk/item/4-marla-house-for-sale-in-paragon-city-lahore-iid-1118785007,House,For Sale,4 Marla,3,4,4 hours ago,Rs 1.64 Crore,"Paragon City, Lahore",Lahore,OLX
https://www.olx.com.pk/item/facing-jail-road-office-for-sale-in-gulberg-iid-1117653143,Office,For Sale,"1,142 SQFT",,,4 weeks ago,Rs 5 Crore,"Jail Road, Lahore",Lahore,OLX
https://www.olx.com.pk/item/10-marla-residential-plot-for-sale-open-form-no-transfer-fee-prime-location-iid-1117568560,Residential Plot,For Sale,10 Marla,,,4 weeks ago,Rs 2.60 Crore,"Etihad Town Phase 1, Lahore",Lahore,OLX
https://www.olx.com.pk/item/19-marla-residential-plot-for-sale-iid-1116984569,Residential Plot,For Sale,19 Marla,,,2 weeks ago,Rs 2 Crore,"AWT Phase 1 - Block B, Lahore",Lahore,OLX
https://www.olx.com.pk/item/565-marla-sami-furnished-house-for-sale-valencia-town-lahore-iid-1118106833,House,For Sale,54 Marla,6,7,1 week ago,Rs 17.50 Crore,"Valencia Town, Lahore",Lahore,OLX
https://www.olx.com.pk/item/tower-c-brand-new-2-beds-apartment-for-sale-in-ex-air-avenue-dha-phase-8-airport-road-lahore-iid-1118756297,Apartment,For Sale,"1,020 SQFT",2,2,15 hours ago,Rs 1.80 Crore,"DHA Phase 8 - Ex Air Avenue, Lahore",Lahore,OLX
https://www.olx.com.pk/item/ideal-investment-opportunity-in-etihad-town-phase-4-iid-1118559277,Other,For Sale,5 Marla,,,2 days ago,Rs 59 Lacs,"Soul City, Lahore",Lahore,OLX
https://www.olx.com.pk/item/one-bed-furnished-apartment-for-short-term-stay-in-bahria-town-lahore-iid-1117517555,Apartment,For Sale,550 SQFT,1,1,2 weeks ago,Rs 85 Lacs,"Bahria Town - Talha Block, Lahore",Lahore,OLX
https://www.olx.com.pk/item/10-marla-ultra-modern-designer-house-facing-park-available-for-sale-iid-1118496911,House,For Sale,10 Marla,5,7,10 hours ago,Rs 3.50 Crore,"Al Jalil Garden - Block G, Lahore",Lahore,OLX
https://www.olx.com.pk/item/brand-new-20-marla-modern-marvel-elegant-bungalow-with-full-basement-for-sale-at-super-hot-location-iid-1118372963,Other,For Sale,20 Marla,6,7,1 week ago,Rs 14 Crore,"DHA Phase 6, Lahore",Lahore,OLX
https://www.olx.com.pk/item/10-marla-house-for-sale-in-paragon-city-lahore-iid-1118784999,House,For Sale,10 Marla,5,6,4 hours ago,Rs 5.50 Crore,"Paragon City, Lahore",Lahore,OLX
https://www.olx.com.pk/item/10-marla-house-with-basement-for-sale-in-paragon-city-lahore-iid-1118784995,House,For Sale,10 Marla,6,7,4 hours ago,Rs 6 Crore,"Paragon City, Lahore",Lahore,OLX
https://www.olx.com.pk/item/4-marla-house-for-sale-in-paragon-city-lahore-iid-1118784992,House,For Sale,4 Marla,3,4,4 hours ago,Rs 2.10 Crore,"Paragon City, Lahore",Lahore,OLX
https://www.olx.com.pk/item/1-kanal-house-for-sale-in-paragon-city-lahore-iid-1118784909,House,For Sale,1 Kanal,6,6,4 hours ago,Rs 9.25 Crore,"Paragon City, Lahore",Lahore,OLX
https://www.olx.com.pk/item/4-marla-house-for-sale-in-paragon-city-lahore-iid-1118784903,House,For Sale,4 Marla,3,4,4 hours ago,Rs 2.10 Crore,"Paragon City, Lahore",Lahore,OLX
https://www.olx.com.pk/item/5-marla-house-for-sale-in-paragon-city-lahore-iid-1118701918,House,For Sale,5 Marla,3,4,4 hours ago,Rs 2.65 Crore,"Paragon City - Orchard 1 Block, Lahore",Lahore,OLX
https://www.olx.com.pk/item/1-kanla-plot-available-for-sal-in-lda-avenu-1-block-d-hot-location-iid-1118784876,Plot,For Sale,1 Kanal,,,4 hours ago,Rs 4.70 Crore,"LDA Avenue - Block D, Lahore",Lahore,OLX
https://www.olx.com.pk/item/4-marla-double-storey-corner-luxury-house-for-sale-main-canal-road-iid-1118784835,House,For Sale,4 Marla,4,4,4 hours ago,Rs 1.90 Crore,"Canal Bank Housing Scheme, Lahore",Lahore,OLX
https://www.olx.com.pk/item/5-marla-coner-double-story-new-luxury-house-for-sale-iid-1118784831,House,For Sale,5 Marla,4,5,4 hours ago,Rs 2.60 Crore,"Taj Bagh, Lahore",Lahore,OLX
https://www.olx.com.pk/item/dha-phase-11-sector-4-s-block-plot-for-sale-iid-1118784433,Plot,For Sale,5 Marla,,,4 hours ago,Rs 70 Lacs,"DHA 11 Rahbar Phase 4 - Block S, Lahore",Lahore,OLX
https://www.olx.com.pk/item/dha-rahbar-sector-4-plot-for-sale-iid-1118784127,Plot,For Sale,5 Marla,,,4 hours ago,Rs 1.05 Crore,"DHA 11 Rahbar Phase 4 - Block R, Lahore",Lahore,OLX
https://www.olx.com.pk/item/pone-4-marla-double-story-house-for-sale-with-basment-iid-1118783828,House,For Sale,4 Marla,4,4,5 hours ago,Rs 1.60 Crore,"Canal Bank Housing Scheme, Lahore",Lahore,OLX
https://www.olx.com.pk/item/35-marla-half-double-storey-house-for-sale-iid-1118783653,House,For Sale,778 SQFT,2,3,5 hours ago,Rs 1.10 Crore,"Canal Bank Housing Scheme, Lahore",Lahore,OLX
https://www.olx.com.pk/item/3-marla-double-story-furnshied-house-for-sale-iid-1118783640,House,For Sale,3 Marla,3,3,5 hours ago,Rs 1.55 Crore,"Taj Bagh, Lahore",Lahore,OLX
https://www.olx.com.pk/item/7-marla-double-storey-house-for-sale-iid-1118783618,House,For Sale,7 Marla,4,5,5 hours ago,Rs 3 Crore,"Taj Bagh Phase 3, Lahore",Lahore,OLX
https://www.olx.com.pk/item/facing-park-5-marla-residential-on-ground-plot-available-on-easy-installment-plan-in-union-town-main-pine-avenue-road-lahore-iid-1118506255,Plot,For Sale,5 Marla,,,12 hours ago,Rs 74.50 Lacs,"Union Town, Lahore",Lahore,OLX
https://www.olx.com.pk/item/5-marla-triple-storey-brand-new-house-for-sale-in-etihad-town-phase-1-lahore-iid-1117109524,House,For Sale,5 Marla,5,5,2 weeks ago,Rs 3.40 Crore,"Etihad Town Phase 1, Lahore",Lahore,OLX
https://www.olx.com.pk/item/premium-location-for-hight-rise-building-appartments-iid-1118730795,Building,For Sale,120 Marla,,,1 day ago,Rs 600 Crore,"Commercial Broadway Block B, Lahore",Lahore,OLX
https://www.olx.com.pk/item/your-dream-1013-square-feet-house-is-available-in-marghzar-officers-colony-iid-1117033140,House,For Sale,"1,013 SQFT",4,4,3 weeks ago,Rs 1.85 Crore,"Marghzar Officers Colony, Lahore",Lahore,OLX
https://www.olx.com.pk/item/r-block-near-to-this-good-location-plot-for-sale-iid-1118066409,Plot,For Sale,2 Kanal,,,2 weeks ago,Rs 11.50 Crore,"DHA Phase 2 - Block R, Lahore",Lahore,OLX
https://www.olx.com.pk/item/5-marla-double-storey-furnshied-house-for-sale-iid-1118783609,House,For Sale,5 Marla,4,5,5 hours ago,Rs 2.43 Crore,"Taj Bagh, Lahore",Lahore,OLX
https://www.olx.com.pk/item/3-marla-double-storey-furnshied-house-for-sale-iid-1118783598,House,For Sale,3 Marla,3,3,5 hours ago,Rs 1.35 Crore,"Canal Bank Housing Scheme, Lahore",Lahore,OLX
https://www.olx.com.pk/item/8-marla-coner-triple-story-house-for-buy-iid-1118783592,House,For Sale,8 Marla,6,7,5 hours ago,Rs 3.15 Crore,"Taj Bagh, Lahore",Lahore,OLX
https://www.olx.com.pk/item/25-marla-double-story-brand-new-luxury-house-for-sale-iid-1118783577,House,For Sale,562 SQFT,3,3,5 hours ago,Rs 1.25 Crore,"Jora Pull, Lahore",Lahore,OLX
https://www.olx.com.pk/item/7-marla-double-story-house-for-sale-iid-1118783554,House,For Sale,7 Marla,5,6,5 hours ago,Rs 2.54 Crore,"Canal Bank Housing Scheme, Lahore",Lahore,OLX
https://www.olx.com.pk/item/5-marla-half-triple-storey-furnshied-house-for-sale-iid-1118783517,House,For Sale,5 Marla,5,6,5 hours ago,Rs 2.29 Crore,"Taj Bagh, Lahore",Lahore,OLX
https://www.olx.com.pk/item/3-marla-double-storey-house-for-sale-iid-1118783508,House,For Sale,3 Marla,3,3,5 hours ago,Rs 1.25 Crore,"Canal Bank Housing Scheme, Lahore",Lahore,OLX
https://www.olx.com.pk/item/8-marla-double-storey-luxury-villa-for-sale-iid-1118783485,Villa,For Sale,8 Marla,4,5,5 hours ago,Rs 3.50 Crore,"Taj Bagh, Lahore",Lahore,OLX
https://www.olx.com.pk/item/35-marla-double-storey-coner-house-for-sale-iid-1118783456,House,For Sale,778 SQFT,3,3,5 hours ago,Rs 1.10 Crore,"Harbanspura, Lahore",Lahore,OLX
https://www.olx.com.pk/item/10-marla-house-for-sale-in-paragon-city-lahore-iid-1118720852,House,For Sale,10 Marla,5,6,5 hours ago,Rs 4.84 Crore,"Paragon City, Lahore",Lahore,OLX
https://www.olx.com.pk/item/5-marla-house-for-sale-in-paragon-city-lahore-iid-1118783083,House,For Sale,5 Marla,3,4,5 hours ago,Rs 2.15 Crore,"Paragon City, Lahore",Lahore,OLX
https://www.olx.com.pk/item/10-marla-house-for-sale-in-paragon-city-lahore-iid-1118777808,House,For Sale,10 Marla,5,6,5 hours ago,Rs 5.20 Crore,"Paragon City, Lahore",Lahore,OLX
https://www.olx.com.pk/item/1-kanal-house-for-sale-in-paragon-city-lahore-iid-1118676733,House,For Sale,1 Kanal,6,7,5 hours ago,Rs 10 Crore,"Paragon City, Lahore",Lahore,OLX
https://www.olx.com.pk/item/5-marla-house-for-sale-in-paragon-city-lahore-iid-1118693913,House,For Sale,5 Marla,3,4,5 hours ago,Rs 2 Crore,"Paragon City, Lahore",Lahore,OLX
https://www.olx.com.pk/item/5-marla-house-for-sale-in-paragon-city-iid-1118701913,House,For Sale,5 Marla,3,4,5 hours ago,Rs 2.70 Crore,"Paragon City, Lahore",Lahore,OLX
https://www.olx.com.pk/item/5-marla-spanish-house-on-good-location-for-sale-in-new-lahore-city-near-to-2-km-ring-raod-iid-1118153480,House,For Sale,5 Marla,3,3,4 days ago,Rs 1.45 Crore,"New Lahore City, Lahore",Lahore,OLX
https://www.olx.com.pk/item/3-marla-brand-new-house-for-sale-iid-1117391063,House,For Sale,3 Marla,4,5,1 week ago,Rs 1.65 Crore,"Union Green, Lahore",Lahore,OLX
https://www.olx.com.pk/item/5-marla-plot-for-sale-iid-1117794962,Plot,For Sale,5 Marla,,,3 days ago,Rs 65 Lacs,"Bismillah Housing Scheme, Lahore",Lahore,OLX
https://www.olx.com.pk/item/investor-option-plot-available-for-sale-iid-1118611271,Plot,For Sale,3 Marla,,,4 days ago,Rs 38 Lacs,"Al-Kabir Town Phase 2 - Abu Bakar Block, Lahore",Lahore,OLX
https://www.olx.com.pk/item/green-park-5-marla-house-for-sale-kb-colony-airport-road-lahore-iid-1117338038,House,For Sale,5 Marla,3,5,2 weeks ago,Rs 2.15 Crore,"Khuda Buksh Colony, Lahore",Lahore,OLX
https://www.olx.com.pk/item/6-marla-house-for-sale-in-paragon-city-lahore-iid-1118676705,House,For Sale,6 Marla,3,4,5 hours ago,Rs 2.50 Crore,"Paragon City, Lahore",Lahore,OLX
https://www.olx.com.pk/item/5-marla-house-for-sale-in-paragon-city-lahore-iid-1118676698,House,For Sale,5 Marla,3,4,5 hours ago,Rs 2.40 Crore,"Paragon City, Lahore",Lahore,OLX
https://www.olx.com.pk/item/4-marla-house-for-sale-in-paragon-city-lahore-iid-1118676696,House,For Sale,4 Marla,3,4,5 hours ago,Rs 2.10 Crore,"Paragon City, Lahore",Lahore,OLX
https://www.olx.com.pk/item/14-marla-house-for-sale-in-paragon-city-lahore-iid-1118669813,House,For Sale,14 Marla,6,7,5 hours ago,Rs 6.90 Crore,"Paragon City, Lahore",Lahore,OLX
https://www.olx.com.pk/item/10-marla-house-for-sale-in-paragon-city-lahore-iid-1118669774,House,For Sale,10 Marla,5,6,5 hours ago,Rs 5.20 Crore,"Paragon City, Lahore",Lahore,OLX
https://www.olx.com.pk/item/10-marla-house-for-sale-in-paragon-city-lahore-iid-1118669747,House,For Sale,10 Marla,5,6,5 hours ago,Rs 4.50 Crore,"Paragon City, Lahore",Lahore,OLX
https://www.olx.com.pk/item/5-marla-house-sale-f-iid-1118781559,House,For Sale,5 Marla,4,6,6 hours ago,Rs 1.75 Crore,"Al Rehman Garden Phase 2, Lahore",Lahore,OLX
https://www.olx.com.pk/item/5-marla-plot-near-park-prime-location-in-block-m-8-lake-city-lahore-iid-1118781544,Plot,For Sale,5 Marla,,,6 hours ago,Rs 1.50 Crore,"Lake City - Sector M-8, Lahore",Lahore,OLX
https://www.olx.com.pk/item/exceptional-4-kanal-plot-for-sale-e-block-dha-phase-6-lahore-expandable-opportunity-iid-1118781359,Plot,For Sale,4 Kanal,,,6 hours ago,Rs 30.50 Crore,"DHA Phase 6 - Block E, Lahore",Lahore,OLX
https://www.olx.com.pk/item/10-marla-residential-plot-for-sale-in-sector-m-6-lake-city-lahore-a-perfect-investment-opportunity-iid-1118781281,Residential Plot,For Sale,10 Marla,,,6 hours ago,Rs 2.99 Crore,"Lake City - Sector M-6, Lahore",Lahore,OLX
https://www.olx.com.pk/item/4-marla-brand-new-house-block-i-for-sale-iid-1118781212,House,For Sale,4 Marla,3,5,6 hours ago,Rs 1.85 Crore,"Al Rehman Garden Phase 2, Lahore",Lahore,OLX
https://www.olx.com.pk/item/dha-rahber-iid-1118780962,Other,For Sale,5 Marla,,,6 hours ago,Rs 1.25 Crore,"DHA 11 Rahbar, Lahore",Lahore,OLX
https://www.olx.com.pk/item/5-marla-possession-plot-ready-for-construction-residential-plot-located-in-the-best-block-of-dha-lahore-iid-1118780960,Residential Plot,For Sale,5 Marla,,,6 hours ago,Rs 85 Lacs,"DHA Phase 9 Prism - Block J, Lahore",Lahore,OLX
https://www.olx.com.pk/item/1-kanal-plot-s-751-residential-plot-located-in-the-best-block-of-dha-lahore-iid-1118780831,Residential Plot,For Sale,1 Kanal,,,6 hours ago,Rs 4.50 Crore,"DHA Phase 8 - Block S, Lahore",Lahore,OLX
https://www.olx.com.pk/item/1-kanal-near-to-hot-location-plot-d-417-residential-plot-located-in-the-best-block-of-dha-lahore-iid-1118780790,Residential Plot,For Sale,1 Kanal,,,6 hours ago,Rs 4.34 Crore,"DHA Phase 5 - Block D, Lahore",Lahore,OLX
https://www.olx.com.pk/item/plot-no-4138-block-y-10-marla-plot-on-top-location-of-phase-7-dha-lahore-iid-1117957763,Plot,For Sale,10 Marla,,,1 day ago,Rs 2.29 Crore,"DHA Phase 7 - Block Y, Lahore",Lahore,OLX
https://www.olx.com.pk/item/5-marla-2-story-house-available-4-sale-in-shoaib-block-sa-garden-phase-2-kala-shah-kaku-iid-1117911992,House,For Sale,5 Marla,4,3,11 hours ago,Rs 2.10 Crore,"SA Gardens Phase 2, Lahore",Lahore,OLX
https://www.olx.com.pk/item/10-marla-beautiful-house-for-sale-in-central-park-housing-society-lahore-iid-1117885208,House,For Sale,10 Marla,6,6,6 days ago,Rs 3.75 Crore,"Central Park Housing Scheme, Lahore",Lahore,OLX
https://www.olx.com.pk/item/corner-8-kanal-farm-house-for-sale-in-spring-meadows-lahore-in-only-rs-180000000-iid-1118775446,Farm House,For Sale,8 Kanal,5,6,4 hours ago,Rs 18 Crore,"Spring Meadows, Lahore",Lahore,OLX
https://www.olx.com.pk/item/10-marla-double-storey-house-for-urgent-sale-in-garden-town-iid-1118610895,House,For Sale,10 Marla,4,4,2 days ago,Rs 4.25 Crore,"New Garden Town, Lahore",Lahore,OLX
https://www.olx.com.pk/item/100-original-property-5-marla-corner-victorian-design-house-7-kv-solar-installed-available-for-sale-at-top-location-dha-9-town-must-be-see-iid-1118008093,House,For Sale,5 Marla,3,4,1 day ago,Rs 2.89 Crore,"DHA 9 Town, Lahore",Lahore,OLX
https://www.olx.com.pk/item/5-marla-house-for-sale-in-ferozepur-road-ferozepur-road-iid-1118046618,House,For Sale,5 Marla,5,5,2 days ago,Rs 80 Lacs,"Ferozepur Road, Lahore",Lahore,OLX
https://www.olx.com.pk/item/a-well-designed-house-is-up-for-sale-in-an-ideal-location-in-lahore-iid-1118555146,House,For Sale,10 Marla,5,5,6 days ago,Rs 5.75 Crore,"Askari 11, Lahore",Lahore,OLX
https://www.olx.com.pk/item/luxury-furnished-studio-apartment-3-years-installments-iid-1118780305,Apartment,For Sale,275 SQFT,Studio,1,6 hours ago,Rs 48 Lacs,"Bahria Town - Sector E, Lahore",Lahore,OLX
https://www.olx.com.pk/item/5-marla-ground-floor-hall-for-sale-in-sector-c-commercial-bahria-town-lahore-iid-1118780292,Other,For Sale,"1,125 SQFT",,,6 hours ago,Rs 2.40 Crore,"Bahria Town - Sector C, Lahore",Lahore,OLX
https://www.olx.com.pk/item/281-sqft-brand-new-studio-apartment-on-1-year-instalments-in-bahria-town-lahore-iid-1118780289,Apartment,For Sale,281 SQFT,Studio,1,6 hours ago,Rs 56 Lacs,"Bahria Town - Umar Block, Lahore",Lahore,OLX
https://www.olx.com.pk/item/ready-to-move-1-bed-apartment-for-sale-in-bahria-town-lahore-40-downpayment-1-year-installments-iid-1118780285,Apartment,For Sale,450 SQFT,1,1,6 hours ago,Rs 79 Lacs,"Bahria Town - Sector B, Lahore",Lahore,OLX
https://www.olx.com.pk/item/400sqft-low-cost-shop-on-instalments-in-bahria-town-lhr-iid-1118780275,Shop,For Sale,400 SQFT,,,6 hours ago,Rs 55.16 Lacs,"Bahria Town - Sector E, Lahore",Lahore,OLX
https://www.olx.com.pk/item/brand-new-1-bed-apartment-ready-for-possession-in-bahria-town-lahore-iid-1118780272,Apartment,For Sale,490 SQFT,1,1,6 hours ago,Rs 82 Lacs,"Bahria Town - Sector E, Lahore",Lahore,OLX
https://www.olx.com.pk/item/387sqft-ground-floor-shop-on-instalments-in-bahria-town-lahore-iid-1118780268,Shop,For Sale,387 SQFT,,,6 hours ago,Rs 1.54 Crore,"Bahria Town - Sector E, Lahore",Lahore,OLX
https://www.olx.com.pk/item/325sqft-studio-apartment-on-instalments-in-bahria-town-lhr-iid-1118780251,Apartment,For Sale,325 SQFT,Studio,1,6 hours ago,Rs 56.70 Lacs,"Bahria Town - Sector E, Lahore",Lahore,OLX
https://www.olx.com.pk/item/low-cost-1-bed-apartment-on-instalments-in-bahria-town-lhr-iid-1118780250,Apartment,For Sale,438 SQFT,1,1,6 hours ago,Rs 76.65 Lacs,"Bahria Town - Sector E, Lahore",Lahore,OLX
https://www.olx.com.pk/item/700sqft-2-bed-apartment-on-instalments-in-bahria-town-lahore-iid-1118780243,Apartment,For Sale,700 SQFT,2,2,6 hours ago,Rs 1.21 Crore,"Bahria Town - Sector E, Lahore",Lahore,OLX
https://www.olx.com.pk/item/fully-possession-plot-overseas-prime-sector-b-rapidly-developing-iid-1118780228,Plot,For Sale,5 Marla,,,6 hours ago,Rs 44 Lacs,"Lahore Smart City - Overseas Prime Block, Lahore",Lahore,OLX
https://www.olx.com.pk/item/ground-floor-shop-on-instalments-in-bahria-town-lahore-iid-1118780220,Shop,For Sale,190 SQFT,,,6 hours ago,Rs 57 Lacs,"Bahria Town - Sector E, Lahore",Lahore,OLX
https://www.olx.com.pk/item/2-bed-apartment-on-instalments-in-bahria-town-lahore-iid-1118780213,Apartment,For Sale,700 SQFT,2,2,6 hours ago,Rs 1.21 Crore,"Bahria Town - Sector E, Lahore",Lahore,OLX
https://www.olx.com.pk/item/438-sqft-1-bed-apartment-in-bahria-town-lhr-on-instalments-iid-1118780204,Apartment,For Sale,438 SQFT,1,1,6 hours ago,Rs 76.65 Lacs,"Bahria Town - Sector E, Lahore",Lahore,OLX
https://www.olx.com.pk/item/main-boulevard-brand-new-commercial-shop-available-bahria-town-lahore-iid-1118780201,Shop,For Sale,148 SQFT,,,6 hours ago,Rs 25 Lacs,"Bahria Town Main Boulevard, Lahore",Lahore,OLX
https://www.olx.com.pk/item/1-kanal-brand-new-house-with-private-home-theater-5-bed-double-height-lobby-80-ft-road-wapda-town-iid-1117470941,House,For Sale,20 Marla,5,7,4 days ago,Rs 8.90 Crore,"Wapda Town Phase 1, Lahore",Lahore,OLX
https://www.olx.com.pk/item/05-marla-builder-location-corner-plots-and-general-location-plots-available-in-all-categories-phase-2-and-phase-3-all-dues-paid-iid-1118493948,Plot,For Sale,5 Marla,,,1 week ago,Rs 58 Lacs,"New Lahore City - Phase 2, Lahore",Lahore,OLX
https://www.olx.com.pk/item/single-storey-1-kanal-house-available-in-marghzar-officers-colony-for-sale-iid-1117032992,House,For Sale,1 Kanal,3,3,4 weeks ago,Rs 4.25 Crore,"Marghzar Officers Colony, Lahore",Lahore,OLX
https://www.olx.com.pk/item/5-marla-brand-new-condition-owner-built-house-with-net-metering-and-gas-available-for-sale-in-e-block-canal-garden-iid-1117547826,House,For Sale,5 Marla,4,5,5 days ago,Rs 2.18 Crore,"Canal Garden - Block E, Lahore",Lahore,OLX
https://www.olx.com.pk/item/2-kanal-residential-plot-block-e-at-ideal-location-for-sale-in-ex-park-view-dha-phase-8-iid-1118592969,Residential Plot,For Sale,40 Marla,,,5 days ago,Rs 9 Crore,"Park View - Block E, Lahore",Lahore,OLX
https://www.olx.com.pk/item/a-great-choice-for-a-5-marla-residential-plot-available-in-etihad-town-phase-2-iid-1117732074,Residential Plot,For Sale,5 Marla,,,1 day ago,Rs 48 Lacs,"Etihad Town Phase 2, Lahore",Lahore,OLX
https://www.olx.com.pk/item/change-your-address-to-etihad-town-phase-3-lahore-for-a-reasonable-price-of-rs-10200000-iid-1117732069,Other,For Sale,10 Marla,,,1 day ago,Rs 1.02 Crore,"Soul City, Lahore",Lahore,OLX
https://www.olx.com.pk/item/owner-built-double-story-grey-structure-complete-dha-phase-9-town-a-block-facing-8-marla-iid-1117631131,Other,For Sale,5 Marla,3,4,11 hours ago,Rs 1.93 Crore,"DHA 9 Town, Lahore",Lahore,OLX
https://www.olx.com.pk/item/studio-apartment-on-instalments-in-bahria-town-lhr-iid-1118780198,Apartment,For Sale,275 SQFT,Studio,1,6 hours ago,Rs 48 Lacs,"Bahria Town - Sector E, Lahore",Lahore,OLX
https://www.olx.com.pk/item/brand-new-1-bed-apartment-ready-for-possession-in-bahria-town-lahore-iid-1118780197,Apartment,For Sale,490 SQFT,1,1,6 hours ago,Rs 82 Lacs,"Bahria Town - Sector E, Lahore",Lahore,OLX
https://www.olx.com.pk/item/low-cost-shop-on-instalments-in-bahria-town-lahore-iid-1118780192,Shop,For Sale,126 SQFT,,,6 hours ago,Rs 17.64 Lacs,"Bahria Town - Sector E, Lahore",Lahore,OLX
https://www.olx.com.pk/item/easy-instalments-brand-new-luxury-apartment-for-sale-in-askari-lahore-iid-1118779970,Apartment,For Sale,"2,562 SQFT",3,4,6 hours ago,Rs 4.70 Crore,"Pearl Tower, Lahore",Lahore,OLX
https://www.olx.com.pk/item/easy-instalments-brand-new-luxury-apartment-for-sale-in-askari-lahore-iid-1118779967,Apartment,For Sale,"2,562 SQFT",3,4,6 hours ago,Rs 4.70 Crore,"Defence Raya, Lahore",Lahore,OLX
https://www.olx.com.pk/item/easy-instalments-brand-new-luxury-8-marla-plaza-for-sale-in-one-central-dha-lahore-iid-1118779935,Other,For Sale,8 Marla,,,6 hours ago,Rs 38 Crore,"One Central, Lahore",Lahore,OLX
https://www.olx.com.pk/item/easy-instalments-brand-new-luxury-8-marla-plaza-for-sale-in-one-central-dha-lahore-iid-1118779924,Other,For Sale,8 Marla,,,6 hours ago,Rs 38 Crore,"One Central, Lahore",Lahore,OLX
https://www.olx.com.pk/item/5-marla-brand-new-unique-amp-stylish-house-for-sale-in-dha-9-town-lahore-iid-1118779918,House,For Sale,5 Marla,3,5,6 hours ago,Rs 2.60 Crore,"DHA 9 Town, Lahore",Lahore,OLX
https://www.olx.com.pk/item/a-beautifully-designed-bungalow-with-100-ft-wide-approach-in-an-excellent-location-close-to-airport-shopping-mall-metro-cash-carry-masjid-park-iid-1118779908,Shop,For Sale,5 Marla,3,5,6 hours ago,Rs 2.60 Crore,"DHA 9 Town, Lahore",Lahore,OLX
https://www.olx.com.pk/item/a-beautifully-designed-bungalow-with-100-ft-wide-approach-in-an-excellent-location-close-to-airport-shopping-mall-metro-cash-carry-masjid-park-iid-1118779903,Shop,For Sale,5 Marla,4,5,6 hours ago,Rs 2.70 Crore,"DHA 9 Town, Lahore",Lahore,OLX
https://www.olx.com.pk/item/proudly-offers-elegant-most-beautiful-architectural-designer-house-available-for-sale-at-prime-location-of-lahore-dha-iid-1118779895,House,For Sale,5 Marla,4,5,6 hours ago,Rs 2.80 Crore,"DHA 9 Town, Lahore",Lahore,OLX
https://www.olx.com.pk/item/presenting-a-beautifully-designed-5-marla-modern-house-in-the-well-developed-and-secure-9-town-lahore-iid-1118779877,House,For Sale,5 Marla,4,5,6 hours ago,Rs 2.70 Crore,"DHA 9 Town, Lahore",Lahore,OLX
https://www.olx.com.pk/item/plot-no-1690-5-marla-residential-plot-in-dha-phase6-block-e-extension-available-iid-1118779869,Residential Plot,For Sale,5 Marla,,,6 hours ago,Rs 1.14 Crore,"DHA Phase 6 - Block E Extension, Lahore",Lahore,OLX
https://www.olx.com.pk/item/10-marla-house-for-sale-in-rs-74500000-only-iid-1118779795,House,For Sale,10 Marla,4,5,6 hours ago,Rs 7.45 Crore,"DHA Phase 5 - Block D, Lahore",Lahore,OLX
https://www.olx.com.pk/item/prime-location-plot-in-reasonable-price-for-sale-iid-1118779778,Plot,For Sale,2 Kanal,,,6 hours ago,Rs 1.20 Crore,"AlCazar Farms, Lahore",Lahore,OLX
https://www.olx.com.pk/item/property-for-sale-iid-1117722635,Other,For Sale,369 SQFT,,,2 weeks ago,Rs 1.95 Crore,"Shalamar Square, Lahore",Lahore,OLX
https://www.olx.com.pk/item/lake-city-lahore-downtown-premiere-1400-sq-ft-commercial-building-2-year-easy-payment-plan-iid-1118281513,Building,For Sale,"1,400 SQFT",,,2 weeks ago,Rs 49.90 Crore,"Lake City, Lahore",Lahore,OLX
https://www.olx.com.pk/item/230-sq-feet-studio-town-house-on-35-years-instalment-in-al-kabir-town-phase-2-iid-1117086337,House,For Sale,230 SQFT,Studio,1,5 days ago,Rs 39 Lacs,"Al-Kabir Town - Phase 2, Lahore",Lahore,OLX
https://www.olx.com.pk/item/533-marla-commercial-possession-near-to-tim-hortons-plot-available-for-sale-in-block-h-iid-1118188536,Plot,For Sale,5 Marla,,,2 weeks ago,Rs 2.75 Crore,"Central Park Housing Scheme - Block H, Lahore",Lahore,OLX
https://www.olx.com.pk/item/running-shops-for-sale-iid-1117971179,Shop,For Sale,277 SQFT,,,2 weeks ago,Rs 2.50 Crore,"Mochipura Morr, Lahore",Lahore,OLX
https://www.olx.com.pk/item/5-marla-onground-plot-ready-for-construction-wall-to-wall-connected-with-bahria-town-available-for-sale-iid-1118525878,Plot,For Sale,5 Marla,,,11 hours ago,Rs 25 Lacs,"New Lahore City - Phase 3, Lahore",Lahore,OLX
https://www.olx.com.pk/item/15-kv-solar-12-marla-corner-luxury-house-for-sale-near-club-park-commercial-iid-1117818246,House,For Sale,12 Marla,4,5,3 days ago,Rs 5.95 Crore,"DHA Phase 5 - Block K, Lahore",Lahore,OLX
https://www.olx.com.pk/item/1-kanal-plot-for-sale-iid-1117999752,Plot,For Sale,1 Kanal,,,3 weeks ago,Rs 6.45 Crore,"DHA Phase 6 - Block C, Lahore",Lahore,OLX
https://www.olx.com.pk/item/3-marla-dabal-story-frensh-house-for-sale-and-bank-loan-available-iid-1117490471,House,For Sale,3 Marla,3,3,4 weeks ago,Rs 55 Lacs,"Al Noor Park Housing Society, Lahore",Lahore,OLX
https://www.olx.com.pk/item/2-marla-building-2-side-open-4-floor-solid-beside-dha-phase-4-ring-road-interchange-iid-1118779769,Building,For Sale,2 Marla,,,6 hours ago,Rs 3.29 Crore,"Bankers Co-operative Housing Society, Lahore",Lahore,OLX
https://www.olx.com.pk/item/2-kanal-prime-location-plot-available-in-alcazar-farms-with-ready-possession-iid-1118779768,Plot,For Sale,2 Kanal,,,6 hours ago,Rs 1.20 Crore,"AlCazar Farms, Lahore",Lahore,OLX
https://www.olx.com.pk/item/7-marla-plot-for-sale-premium-location-in-lsc-overseas-central-sector-h-iid-1118779684,Plot,For Sale,7 Marla,,,6 hours ago,Rs 29.75 Lacs,"Lahore Smart City - Overseas Central Block, Lahore",Lahore,OLX
https://www.olx.com.pk/item/3-marla-luxury-house-for-sale-easy-instalment-in-new-lahore-city-iid-1118779455,House,For Sale,3 Marla,3,4,7 hours ago,Rs 1.14 Crore,"New Lahore City, Lahore",Lahore,OLX
https://www.olx.com.pk/item/future-location-investment-price-dp-pole-clear-road-level-nearest-theme-park-plot-for-sale-iid-1118779435,Plot,For Sale,5 Marla,,,7 hours ago,Rs 1.07 Crore,"DHA 9 Town - Block D, Lahore",Lahore,OLX
https://www.olx.com.pk/item/confirm-deal-kanal-plot-booking-55-76-paid-direct-approach-from-eastern-bypass-1st-residential-area-sector-b-iid-1118779431,Plot,For Sale,20 Marla,,,7 hours ago,Rs 51.50 Lacs,"Lahore Smart City - Overseas Block, Lahore",Lahore,OLX
https://www.olx.com.pk/item/possession-premium-location-prime-potential-sector-a-overseas-prime-lsc-iid-1118779393,Other,For Sale,4 Marla,,,7 hours ago,Rs 1.10 Crore,"Lahore Smart City, Lahore",Lahore,OLX
https://www.olx.com.pk/item/residential-plot-sized-10-marla-is-available-for-sale-in-central-park-block-a1-iid-1118049696,Residential Plot,For Sale,10 Marla,,,7 hours ago,Rs 1.10 Crore,"Central Park - Block A1, Lahore",Lahore,OLX
https://www.olx.com.pk/item/residential-plot-10-marla-for-sale-in-central-park-block-c-iid-1118049649,Residential Plot,For Sale,10 Marla,,,7 hours ago,Rs 95 Lacs,"Central Park - Block C, Lahore",Lahore,OLX
https://www.olx.com.pk/item/get-a-5-marla-residential-plot-for-sale-in-central-park-housing-scheme-block-h-iid-1118049604,Residential Plot,For Sale,5 Marla,,,7 hours ago,Rs 47 Lacs,"Central Park Housing Scheme - Block H, Lahore",Lahore,OLX
https://www.olx.com.pk/item/this-is-your-chance-to-buy-residential-plot-in-lahore-iid-1118049584,Residential Plot,For Sale,10 Marla,,,7 hours ago,Rs 1.20 Crore,"Central Park - Block G, Lahore",Lahore,OLX
https://www.olx.com.pk/item/ready-to-construct-possession-surrounded-by-plaza-houses-direct-access-from-underpass-gt-road-iid-1118779197,House,For Sale,4 Marla,,,7 hours ago,Rs 94.50 Lacs,"Lahore Smart City - Overseas Block, Lahore",Lahore,OLX
https://www.olx.com.pk/item/10-marla-plot-hot-location-overseas-central-thunder-location-initial-booking-cost-of-land-direct-access-from-eastern-by-pass-iid-1118779192,Plot,For Sale,10 Marla,,,7 hours ago,Rs 38.50 Lacs,"Lahore Smart City - Overseas Block, Lahore",Lahore,OLX
https://www.olx.com.pk/item/10-marla-double-story-house-for-sale-in-model-town-extension-lahore-ideal-location-iid-1118779085,House,For Sale,10 Marla,4,4,7 hours ago,Rs 4.50 Crore,"Model Town Extension, Lahore",Lahore,OLX
https://www.olx.com.pk/item/1-kanal-plot-khyber-block-iid-1118778998,Plot,For Sale,1 Kanal,,,7 hours ago,Rs 1.65 Crore,"Chinar Bagh - Khyber Block, Lahore",Lahore,OLX
https://www.olx.com.pk/item/ali-block-125-sqy-villa-iid-1118582076,Villa,For Sale,125 SQYD,3,4,5 days ago,Rs 1.63 Crore,"Bahria Town - Ali Block, Karachi",Karachi,OLX
https://www.olx.com.pk/item/120-square-yard-residential-plots-for-sale-pak-arabian-view-society-no-bank-loan-iid-1117694429,Residential Plot,For Sale,120 SQYD,,,2 weeks ago,Rs 85 Lacs,"Murad Memon Goth, Karachi",Karachi,OLX
https://www.olx.com.pk/item/bank-loan-applicable-2-bed-dd-corner-west-open-flat-for-sale-in-sector-11i-iid-1118545835,Flat,For Sale,950 SQFT,2,2,6 days ago,Rs 70 Lacs,"North Karachi, Karachi",Karachi,OLX
https://www.olx.com.pk/item/1250-sqft-3-bed-dd-flat-for-sale-in-gulshan-e-iqbal-13-d2-iid-1117543180,Flat,For Sale,"1,250 SQFT",3,3,3 days ago,Rs 1.60 Crore,"Gulshan-e-Iqbal - Block 13/D-2, Karachi",Karachi,OLX
https://www.olx.com.pk/item/corner-200-sqy-plot-block-a-40-feet-road-garden-city-iid-1118005981,Plot,For Sale,200 SQYD,,,1 week ago,Rs 1.35 Crore,"Garden City - Block A, Karachi",Karachi,OLX
https://www.olx.com.pk/item/chapal-courtyard-3-new-booking-in-karachi-iid-1117417470,Other,For Sale,"1,256 SQFT",2,2,3 days ago,Rs 1.75 Crore,"Scheme 33, Karachi",Karachi,OLX
https://www.olx.com.pk/item/park-facing-brigadier-house-300-sq-yd-iid-1117109595,House,For Sale,300 SQYD,5,6,2 weeks ago,Rs 7.75 Crore,"Askari 6, Karachi",Karachi,OLX
https://www.olx.com.pk/item/apartment-for-sale-2-bed-drawing-dining-950-sq-feet-sehar-commercial-dha-phase-7-karachi-iid-1117611201,Apartment,For Sale,950 SQFT,2,2,2 weeks ago,Rs 2.25 Crore,"Sehar Commercial Area, Karachi",Karachi,OLX
https://www.olx.com.pk/item/200sq-yard-commercial-plot-available-for-sale-in-falaknaz-dreams-iid-1118368734,Commercial Plot,For Sale,200 SQYD,,,1 week ago,Rs 2.20 Crore,"Falaknaz Dreams, Karachi",Karachi,OLX
https://www.olx.com.pk/item/brand-new-park-facing-g2-house-for-sale-in-fb-area-iid-1118588276,House,For Sale,120 SQYD,6,7,3 minutes ago,Rs 4.80 Crore,"Federal B Area - Block 16, Karachi",Karachi,OLX
https://www.olx.com.pk/item/g1-family-house-for-sale-in-fb-area-block-16-karachi-near-meraj-sweets-iid-1117731571,House,For Sale,120 SQYD,4,4,3 minutes ago,Rs 3.45 Crore,"Federal B Area - Block 16, Karachi",Karachi,OLX
https://www.olx.com.pk/item/brand-new-g2-house-for-sale-in-fb-area-block-12-karachi-high-rental-income-property-iid-1117731565,House,For Sale,200 SQYD,6,7,3 minutes ago,Rs 7.50 Crore,"Federal B Area - Block 12, Karachi",Karachi,OLX
https://www.olx.com.pk/item/prime-location-300-square-yards-house-in-central-gulistan-e-jauhar-block-7-for-sale-iid-1118789096,House,For Sale,300 SQYD,6,6,38 minutes ago,Rs 6.50 Crore,"Gulistan-e-Jauhar Block 7, Karachi",Karachi,OLX
https://www.olx.com.pk/item/reserve-a-centrally-located-prime-location-residential-plot-of-120-square-yards-in-gulshan-e-mehran-iid-1118789079,Residential Plot,For Sale,150 SQYD,,,40 minutes ago,Rs 75 Lacs,"Gulshan-e-Mehran, Karachi",Karachi,OLX
https://www.olx.com.pk/item/norrh-karachi-sector-5h-commercial-corner-polat-244-gaz-iid-1118789066,Other,For Sale,244 SQYD,,,41 minutes ago,Rs 3.32 Crore,"North Karachi, Karachi",Karachi,OLX
https://www.olx.com.pk/item/get-an-attractive-prime-location-house-in-gulistan-e-jauhar-under-rs-50000000-iid-1118789060,House,For Sale,400 SQYD,6,4,42 minutes ago,Rs 5.25 Crore,"Gulistan-e-Jauhar, Karachi",Karachi,OLX
https://www.olx.com.pk/item/surjani-ist-devliped-sector-l1-84-gaz-g1-house-compani-candetion-pericast-iid-1118788907,House,For Sale,84 SQYD,4,3,55 minutes ago,Rs 66.50 Lacs,"Surjani Town - Sector L1, Karachi",Karachi,OLX
https://www.olx.com.pk/item/well-maintained-240-sq-yard-house-sale-gulshan-e-iqbal-karachi-sindh-iid-1118705872,House,For Sale,240 SQYD,6,7,54 minutes ago,Rs 6.65 Crore,"Gulshan-e-Iqbal - Block 13/D-1, Karachi",Karachi,OLX
https://www.olx.com.pk/item/new-karachi-sector-5e-128-gaz-g1-kda-lees-house-iid-1118788829,House,For Sale,128 SQYD,4,3,1 hour ago,Rs 1.40 Crore,"New Karachi - Sector 5-E, Karachi",Karachi,OLX
https://www.olx.com.pk/item/300-square-yards-house-for-sale-one-unit-ground-plus-2-iid-1118515104,House,For Sale,300 SQYD,6,6,1 hour ago,Rs 5.70 Crore,"Gulistan-e-Jauhar Block 1, Karachi",Karachi,OLX
https://www.olx.com.pk/item/flat-for-sale-2-bedroom-drawing-and-lounge-vip-block-2-iid-1117932816,Room,For Sale,900 SQFT,2,2,1 hour ago,Rs 1.10 Crore,"Gulistan-e-Jauhar Block 2, Karachi",Karachi,OLX
https://www.olx.com.pk/item/this-is-your-chance-to-buy-prime-location-flat-in-university-road-iid-1118788414,Flat,For Sale,"1,250 SQFT",3,3,1 hour ago,Rs 1.40 Crore,"University Road, Karachi",Karachi,OLX
https://www.olx.com.pk/item/prime-location-university-road-1000-square-feet-flat-up-for-sale-iid-1118788402,Flat,For Sale,"1,000 SQFT",2,2,2 hours ago,Rs 1.30 Crore,"University Road, Karachi",Karachi,OLX
https://www.olx.com.pk/item/flat-for-sale-2-bed-dd-block-block-3a-iid-1118515092,Flat,For Sale,900 SQFT,2,2,2 hours ago,Rs 1.40 Crore,"Gulistan-e-Jauhar, Karachi",Karachi,OLX
https://www.olx.com.pk/item/2-bed-dd-flat-for-sale-gulzar-e-hijri-near-fariya-chowk-bank-loan-applicable-iid-1118454694,Flat,For Sale,950 SQFT,3,3,1 week ago,Rs 85 Lacs,"Gulzar-E-Hijri, Karachi",Karachi,OLX
https://www.olx.com.pk/item/house-for-sal-5-rom-4-washroom-iid-1117359424,Room,For Sale,120 SQYD,5,4,3 hours ago,Rs 1.14 Crore,"Gulistan-e-Jauhar Block 10, Karachi",Karachi,OLX
https://www.olx.com.pk/item/shop-for-sale-in-falaknaz-dreams-iid-1118368715,Shop,For Sale,280 SQFT,,,1 week ago,Rs 65 Lacs,"Falaknaz Dreams, Karachi",Karachi,OLX
https://www.olx.com.pk/item/gold-regular-block-plot-available-iid-1117634947,Plot,For Sale,80 SQYD,,,1 week ago,Rs 55 Lacs,"North Town Residency, Karachi",Karachi,OLX
https://www.olx.com.pk/item/120-sqyrds-residential-plot-available-best-opportunity-for-investment-iid-1117003371,Residential Plot,For Sale,120 SQYD,,,1 week ago,Rs 1 Crore,"Rok Cooperative Housing Society, Karachi",Karachi,OLX
https://www.olx.com.pk/item/120-yard-single-storey-house-for-sale-iid-1117772920,House,For Sale,120 SQYD,2,2,2 weeks ago,Rs 2.10 Crore,"Gohar Green City, Karachi",Karachi,OLX
https://www.olx.com.pk/item/with-lift-2-bed-dd-apartment-for-sale-iid-1117772669,Apartment,For Sale,90 SQYD,2,2,2 weeks ago,Rs 65 Lacs,"Rafi Pride 2, Karachi",Karachi,OLX
https://www.olx.com.pk/item/cattle-farm-land-iid-1118576367,Land,For Sale,"1,000 SQYD",,,1 day ago,Rs 12 Lacs,"Gadap Town, Karachi",Karachi,OLX
https://www.olx.com.pk/item/brand-new-luxurious-apartment-available-for-sale-internationally-architecture-design-state-of-art-amenities-iid-1117078345,Apartment,For Sale,"1,850 SQFT",3,4,3 weeks ago,Rs 3 Crore,"Metropolis Residency, Karachi",Karachi,OLX
https://www.olx.com.pk/item/high-yield-investment-200-sq-yd-prime-aar-paar-residential-plot-for-sale-in-dha-city-karachi-dck-sector-3-b-iid-1118649466,Residential Plot,For Sale,200 SQYD,,,2 hours ago,Rs 80 Lacs,"DHA City - Sector 3B, Karachi",Karachi,OLX
https://www.olx.com.pk/item/high-yield-investment-125-sq-yd-prime-residential-plot-for-sale-in-dha-city-karachi-dck-sector-9-e-iid-1118649464,Residential Plot,For Sale,125 SQYD,,,2 hours ago,Rs 35 Lacs,"DHA City - Sector 9E, Karachi",Karachi,OLX
https://www.olx.com.pk/item/high-yield-investment-125-sq-yd-prime-residential-plot-for-sale-in-dha-city-karachi-dck-sector-3e-iid-1118649453,Residential Plot,For Sale,125 SQYD,,,2 hours ago,Rs 54 Lacs,"DHA City - Sector 3E, Karachi",Karachi,OLX
https://www.olx.com.pk/item/high-yield-investment-200-sq-yd-prime-residential-plot-for-sale-in-dha-city-karachi-dck-sector-3-e-iid-1118649449,Residential Plot,For Sale,200 SQYD,,,2 hours ago,Rs 85 Lacs,"DHA City - Sector 3E, Karachi",Karachi,OLX
https://www.olx.com.pk/item/chance-deal-500-yards-bungalow-sale-in-khayaban-e-tariq-dha-phase-6-karachi-iid-1118648915,Other,For Sale,500 SQYD,6,6,2 hours ago,Rs 17 Crore,"DHA Phase 6, Karachi",Karachi,OLX
https://www.olx.com.pk/item/ultraluxe-signature-living-500-sq-yd-2-unit-residential-bungalow-for-sale-on-zulfiqar-street-4-dha-phase-8-zone-a-iid-1118648908,Other,For Sale,500 SQYD,4,5,2 hours ago,Rs 16 Crore,"DHA Phase 8 - Zone A, Karachi",Karachi,OLX
https://www.olx.com.pk/item/3-bedroom-apartment-on-installment-in-emaar-park-edge-iid-1118649627,Room,For Sale,"2,354 SQFT",3,3,2 hours ago,Rs 12 Crore,"Emaar Park Edge, Karachi",Karachi,OLX
https://www.olx.com.pk/item/1500-square-feet-flat-for-sale-in-beautiful-hmr-waterfront-iid-1118649618,Flat,For Sale,"1,500 SQFT",1,1,2 hours ago,Rs 4 Crore,"HMR Waterfront, Karachi",Karachi,OLX
https://www.olx.com.pk/item/ultra-luxury-waterfront-living-exquisite-2-bedroom-apartment-for-sale-iid-1118649602,Room,For Sale,"1,700 SQFT",2,2,2 hours ago,Rs 10 Crore,"Emaar Panorama, Karachi",Karachi,OLX
https://www.olx.com.pk/item/100-sq-yards-plot-for-sale-in-tariq-commercial-dha-phase-7-extension-chance-deal-iid-1118648904,Plot,For Sale,100 SQYD,,,2 hours ago,Rs 3.80 Crore,"Tariq Commercial Area, Karachi",Karachi,OLX
https://www.olx.com.pk/item/ultra-luxury-coastal-living-exquisite-2-bedroom-apartment-for-sale-in-aa-beachfront-dha-phase-8-karachi-iid-1118649598,Room,For Sale,"1,625 SQFT",2,2,2 hours ago,Rs 6.85 Crore,"HMR Waterfront, Karachi",Karachi,OLX
https://www.olx.com.pk/item/premium-residential-living-like-new-2-bedroom-executive-apartment-for-sale-in-bukhari-commercial-dha-phase-6-karachi-iid-1118649322,Room,For Sale,900 SQFT,2,3,2 hours ago,Rs 2.10 Crore,"Bukhari Commercial Area, Karachi",Karachi,OLX
https://www.olx.com.pk/item/ultra-luxury-living-brand-new-3-bedroom-executive-apartment-for-sale-in-al-murtaza-commercial-dha-phase-8-karachi-iid-1118649316,Room,For Sale,"1,750 SQFT",3,4,2 hours ago,Rs 5.50 Crore,"Al-Murtaza Commercial Area, Karachi",Karachi,OLX
https://www.olx.com.pk/item/for-sale-top-class-1100-sq-ft-3-bedroom-apartment-prime-bungalow-facing-iid-1118649668,Room,For Sale,"1,100 SQFT",3,3,2 hours ago,Rs 2.65 Crore,"Bukhari Commercial Area, Karachi",Karachi,OLX
https://www.olx.com.pk/item/for-sale-prime-1000-sq-ft-commercial-office-floor-chhota-shahbaz-commercial-dha-phase-6-karachi-iid-1118649370,Office,For Sale,"1,000 SQFT",,,2 hours ago,Rs 2.75 Crore,"DHA Phase 6, Karachi",Karachi,OLX
https://www.olx.com.pk/item/125-yard-corner-plot-for-sale-in-dha-city-sector-6h-iid-1118649980,Plot,For Sale,125 SQYD,,,2 hours ago,Rs 34 Lacs,"DHA City - Sector 6H, Karachi",Karachi,OLX
https://www.olx.com.pk/item/house-for-sale-alize-garden-society-iid-1118278316,House,For Sale,120 SQYD,2,4,2 weeks ago,Rs 1.45 Crore,"Alize Garden, Karachi",Karachi,OLX
https://www.olx.com.pk/item/120-sq-yard-25-storey-house-for-sale-gulshan-e-iqbal-karachi-sindh-iid-1118419192,House,For Sale,120 SQYD,6,7,4 days ago,Rs 4.95 Crore,"Gulshan-e-Iqbal - Block 13/D-1, Karachi",Karachi,OLX
https://www.olx.com.pk/item/sector-5i-bank-loan-applicable-02-bed-d-d-abdullah-complex-north-karachi-iid-1117696146,Other,For Sale,"1,050 SQFT",2,1,2 weeks ago,Rs 38 Lacs,"New Karachi - Sector 5-I, Karachi",Karachi,OLX
https://www.olx.com.pk/item/1000-sq-yard-just-rs-15-lac-limited-time-discount-offer-iid-1117616969,Other,For Sale,"1,000 SQYD",,,5 days ago,Rs 15 Lacs,"Gadap Town, Karachi",Karachi,OLX
https://www.olx.com.pk/item/luxury-building-ground-4-gulshan-e-muhammadi-society-iid-1117942305,Building,For Sale,80 SQYD,2,3,3 weeks ago,Rs 2.50 Crore,"Gulshan-e-Ahmad, Karachi",Karachi,OLX
https://www.olx.com.pk/item/120-yards-house-ground1-150-feet-road-facing-extra-land-sector-10-north-karachi-iid-1118638456,House,For Sale,120 SQYD,4,5,4 days ago,Rs 3.92 Crore,"North Karachi - Sector 10, Karachi",Karachi,OLX
https://www.olx.com.pk/item/hakeem-villas-mean-jinnah-avenue-scheme-33-c-b-m-area-iid-1117755878,Villa,For Sale,120 SQYD,2,2,14 hours ago,Rs 1.65 Crore,"Hakeem Villas, Karachi",Karachi,OLX
https://www.olx.com.pk/item/prime-3-bedroom-bungalow-facing-apartment-for-sale-in-bukhari-commercial-dha-phase-6-karachi-iid-1118649286,Room,For Sale,"1,150 SQFT",3,3,2 hours ago,Rs 2.65 Crore,"Bukhari Commercial Area, Karachi",Karachi,OLX
https://www.olx.com.pk/item/architectural-masterpiece-4-bedroom-luxury-house-for-sale-iid-1118649205,Room,For Sale,100 SQYD,4,5,2 hours ago,Rs 7.50 Crore,"DHA Phase 7 Extension, Karachi",Karachi,OLX
https://www.olx.com.pk/item/for-sale-400-400-sq-yd-jori-duplex-bungalow-prime-location-dha-karachi-iid-1118649394,Other,For Sale,800 SQYD,6,6,2 hours ago,Rs 26 Crore,"DHA Phase 5, Karachi",Karachi,OLX
https://www.olx.com.pk/item/150-sq-yard-4-bedroom-well-maintained-bungalow-for-sale-in-dha-karachi-iid-1118649387,Room,For Sale,150 SQYD,4,5,2 hours ago,Rs 7.50 Crore,"DHA Phase 7, Karachi",Karachi,OLX
https://www.olx.com.pk/item/for-sale-beautifully-maintained-300-sq-yd-duplex-house-dha-phase-6-karachi-iid-1118649381,House,For Sale,300 SQYD,5,6,2 hours ago,Rs 10.50 Crore,"DHA Phase 6, Karachi",Karachi,OLX
https://www.olx.com.pk/item/for-sale-500-sq-yd-5-bedroom-bungalow-main-zulfiqar-avenue-dha-phase-8-zone-a-karachi-iid-1118649364,Room,For Sale,500 SQYD,5,6,2 hours ago,Rs 16 Crore,"DHA Phase 8, Karachi",Karachi,OLX
https://www.olx.com.pk/item/for-sale-spacious-1000-sq-yd-two-unit-bungalow-dha-phase-6-karachi-iid-1118649361,Other,For Sale,"1,000 SQYD",6,6,2 hours ago,Rs 28 Crore,"DHA Phase 6, Karachi",Karachi,OLX
https://www.olx.com.pk/item/emaar-panorama-tower-2-bedrooms-crescentllllldha-phase-8-karachi-iid-1117993244,Room,For Sale,"1,700 SQFT",2,2,2 hours ago,Rs 7.50 Crore,"Emaar Panorama, Karachi",Karachi,OLX
https://www.olx.com.pk/item/for-sale-brand-new-apartment-with-lift-nishat-commercial-dha-phase-6-karachi-iid-1118649659,Apartment,For Sale,500 SQFT,1,2,2 hours ago,Rs 95 Lacs,"Nishat Commercial Area, Karachi",Karachi,OLX
https://www.olx.com.pk/item/for-sale-well-maintained-100-sq-yd-bungalow-prime-location-near-korangi-road-karachi-iid-1118649399,Other,For Sale,100 SQYD,3,4,2 hours ago,Rs 5.30 Crore,"DHA Phase 2, Karachi",Karachi,OLX
https://www.olx.com.pk/item/for-sale-well-maintained-2-bed-dd-apartment-lane-1-bukhari-commercial-dha-phase-6-karachi-iid-1118649284,Apartment,For Sale,950 SQFT,2,2,2 hours ago,Rs 2 Crore,"Bukhari Commercial Area, Karachi",Karachi,OLX
https://www.olx.com.pk/item/500-yard-plot-for-sale-in-dha-city-sector-10b-iid-1118649987,Plot,For Sale,500 SQYD,,,2 hours ago,Rs 1.10 Crore,"DHA City - Sector 10B, Karachi",Karachi,OLX
https://www.olx.com.pk/item/200-yard-plot-for-sale-in-dha-city-sector-3c-iid-1118649983,Plot,For Sale,200 SQYD,,,2 hours ago,Rs 75 Lacs,"DHA City - Sector 3C, Karachi",Karachi,OLX
https://www.olx.com.pk/item/exclusive-hot-deal-500-sq-yd-6-bedroom-dual-unit-corner-bungalow-for-sale-in-dha-phase-7-extension-iid-1118649925,Room,For Sale,500 SQYD,6,7,2 hours ago,Rs 15.50 Crore,"DHA Phase 7 Extension, Karachi",Karachi,OLX
https://www.olx.com.pk/item/hot-deal-600sq-yd-bungalow-for-sale-on-rahat-side-dha-phase-6-main-shujaat-iid-1118649919,Other,For Sale,600 SQYD,6,6,2 hours ago,Rs 15 Crore,"DHA Phase 6, Karachi",Karachi,OLX
https://www.olx.com.pk/item/3-bed-lounge-2-bed-dd-flat-peace-apartment-iid-1116815961,Flat,For Sale,"1,280 SQFT",2,3,3 weeks ago,Rs 2.15 Crore,"Naya Nazimabad, Karachi",Karachi,OLX
https://www.olx.com.pk/item/200-square-yard-plot-for-sale-in-gulshan-e-roomi-iid-1118452882,Room,For Sale,200 SQYD,,,11 hours ago,Rs 1.85 Crore,"Gulshan-e-Roomi, Karachi",Karachi,OLX
https://www.olx.com.pk/item/banglow-available-for-sale-in-gulshan-e-maymar-iid-1118460286,Other,For Sale,400 SQFT,6,7,2 days ago,Rs 7.50 Crore,"Gulshan-e-Maymar - Sector W, Karachi",Karachi,OLX
https://www.olx.com.pk/item/150-road-shop-big-size-sitting-area-n-bigg-parking-chance-deal-best-investment-aportunitee-apposit-sector-w-maymar-ib-so-ro-road-iid-1118039930,Shop,For Sale,250 SQFT,,,4 days ago,Rs 77 Lacs,"Wasi Country Park, Karachi",Karachi,OLX
https://www.olx.com.pk/item/cattle-farm-dairy-farm-rejected-rejected-iid-1118576408,Other,For Sale,"1,000 SQYD",Studio,1,18 hours ago,Rs 15 Lacs,"Gadap Town, Karachi",Karachi,OLX
https://www.olx.com.pk/item/handsome-expected-rental-commercial-house-for-sale-gulshan-e-iqbal-block-3-kda-market-opposite-j-junaid-jamshed-iid-1117393526,House,For Sale,240 SQYD,,,2 weeks ago,Rs 18 Crore,"Gulshan-E-Iqbal Block 3, Karachi",Karachi,OLX
https://www.olx.com.pk/item/shop-available-for-sale-in-surjani-sector-5-d-iid-1118625017,Shop,For Sale,200 SQFT,,,2 days ago,Rs 43 Lacs,"Surjani Town - Sector 5D, Karachi",Karachi,OLX
https://www.olx.com.pk/item/272-sq-yards-modren-house-for-sale-precinct-06-bahria-town-karachi-iid-1118601449,House,For Sale,250 SQYD,5,5,5 days ago,Rs 3.95 Crore,"Bahria Town - Precinct 6, Karachi",Karachi,OLX
https://www.olx.com.pk/item/125-yard-plot-for-sale-1st-belt-dha-city-sector-3e-iid-1118649975,Plot,For Sale,123 SQYD,,,2 hours ago,Rs 40 Lacs,"DHA City - Sector 3E, Karachi",Karachi,OLX
https://www.olx.com.pk/item/well-maintained-100-sq-yd-bungalow-for-sale-iid-1118649945,Other,For Sale,100 SQYD,4,4,2 hours ago,Rs 6 Crore,"DHA Phase 7 Extension, Karachi",Karachi,OLX
https://www.olx.com.pk/item/rare-commercial-investment-opportunity-300-sq-yd-bungalow-for-sale-iid-1118649941,Other,For Sale,300 SQYD,4,6,2 hours ago,Rs 12.50 Crore,"DHA Phase 4, Karachi",Karachi,OLX
https://www.olx.com.pk/item/high-yield-investment-500-sq-yd-gola-d-cutting-residential-plot-for-sale-in-dha-phase-8-zone-c-iid-1118334113,Residential Plot,For Sale,500 SQYD,,,2 hours ago,Rs 11 Crore,"DHA Phase 8 - Zone C, Karachi",Karachi,OLX
https://www.olx.com.pk/item/high-growth-investment-500-sq-yd-residential-plot-for-sale-in-dha-phase-8-extension-iid-1118334107,Residential Plot,For Sale,500 SQYD,,,2 hours ago,Rs 9.90 Crore,"DHA Phase 8 Extension, Karachi",Karachi,OLX
https://www.olx.com.pk/item/high-growth-investment-300-sq-yard-residential-plot-for-sale-in-dha-phase-8-extension-iid-1118334102,Residential Plot,For Sale,300 SQYD,,,2 hours ago,Rs 6.95 Crore,"DHA Phase 8 Extension, Karachi",Karachi,OLX
https://www.olx.com.pk/item/west-open-for-sale-iid-1118787479,Other,For Sale,"1,600 SQFT",3,3,2 hours ago,Rs 4.50 Crore,"Sharfabad, Karachi",Karachi,OLX
https://www.olx.com.pk/item/al-murtaza-lane-2-near-zulfiqar-avenue-best-for-builder-investor-iid-1118650084,Other,For Sale,200 SQYD,,,2 hours ago,Rs 31 Crore,"Al-Murtaza Commercial Area, Karachi",Karachi,OLX
https://www.olx.com.pk/item/best-options-for-residential-plot-is-available-for-sale-in-dha-phase-8-extension-iid-1118650005,Residential Plot,For Sale,500 SQYD,,,2 hours ago,Rs 9.30 Crore,"DHA Phase 8 Extension, Karachi",Karachi,OLX
https://www.olx.com.pk/item/ultraluxe-signature-living-massive-550-sq-yd-23-planning-bungalow-with-study-for-sale-iid-1118649858,Other,For Sale,550 SQYD,5,5,2 hours ago,Rs 15.25 Crore,"DHA Phase 7, Karachi",Karachi,OLX
https://www.olx.com.pk/item/premium-real-estate-investment-strategic-100-sq-yd-commercial-plot-for-sale-in-dha-phase-8-extension-karachi-iid-1118334118,Commercial Plot,For Sale,100 SQYD,,,2 hours ago,Rs 9 Crore,"DHA Phase 8 Extension, Karachi",Karachi,OLX
https://www.olx.com.pk/item/chance-deal-near-parkmasjidschool-best-for-home-maker-end-user-plot-for-sale-iid-1118650081,Plot,For Sale,500 SQYD,,,2 hours ago,Rs 11.50 Crore,"DHA Phase 8 - Zone E, Karachi",Karachi,OLX
https://www.olx.com.pk/item/near-park-beach-avenue-clock-tower-best-for-home-maker-with-meeting-documents-in-hand-iid-1118650076,Other,For Sale,300 SQYD,,,2 hours ago,Rs 7.20 Crore,"DHA Phase 8 Extension, Karachi",Karachi,OLX
https://www.olx.com.pk/item/brand-new-100-sq-yd-luxury-bungalow-with-full-basement-for-sale-in-dha-phase-8-karachi-iid-1118649900,Other,For Sale,100 SQYD,4,5,2 hours ago,Rs 8.50 Crore,"DHA Phase 8, Karachi",Karachi,OLX
https://www.olx.com.pk/item/attractive-investment-deal-300-sq-yd-residential-plot-for-sale-in-dha-phase-7-extension-karachi-iid-1118649897,Residential Plot,For Sale,300 SQYD,,,2 hours ago,Rs 6.75 Crore,"DHA Phase 7 Extension, Karachi",Karachi,OLX
https://www.olx.com.pk/item/get-in-touch-now-to-buy-a-flat-in-karachi-iid-1118000441,Flat,For Sale,"2,200 SQFT",3,3,4 days ago,Rs 4 Crore,"Clifton - Block 5, Karachi",Karachi,OLX
https://www.olx.com.pk/item/brand-new-house-for-sale-iid-1117195683,House,For Sale,240 SQYD,6,6,1 week ago,Rs 6.50 Crore,"Capital Cooperative Housing Society, Karachi",Karachi,OLX
https://www.olx.com.pk/item/chance-deal-rufi-global-city-plot-for-sale-iid-1117923254,Plot,For Sale,80 SQYD,,,2 weeks ago,Rs 29.50 Lacs,"Rufi Global City, Karachi",Karachi,OLX
https://www.olx.com.pk/item/bank-loan-applicable-g2-house-for-sale-in-sector-5m-iid-1117942085,House,For Sale,80 SQYD,6,5,2 weeks ago,Rs 1.25 Crore,"North Karachi - Sector 5M, Karachi",Karachi,OLX
https://www.olx.com.pk/item/prime-farms-premium-phase-plot-for-farmhouse-dairy-cattle-farm-in-just-15-lakh-iid-1118636234,House,For Sale,"1,000 SQYD",,,13 hours ago,Rs 15 Lacs,"Gadap Town, Karachi",Karachi,OLX
https://www.olx.com.pk/item/main-mangopir-road-210666-square-yards-commercial-plot-best-for-bank-and-high-rise-project-iid-1118755183,Commercial Plot,For Sale,"2,106 SQYD",,,15 hours ago,Rs 50 Crore,"Qasba Colony, Karachi",Karachi,OLX
https://www.olx.com.pk/item/160-square-yards-for-sale-block-l-portion-2nd-floor-3-bed-drawing-lounge-with-great-ventilation-no-issue-of-sweet-water-north-nazambad-block-l-demand-162-lacs-iid-1117171463,Other,For Sale,160 SQYD,3,3,1 day ago,Rs 1.55 Crore,"North Nazimabad - Block L, Karachi",Karachi,OLX
https://www.olx.com.pk/item/excellent-investment-deal-100120-sq-yd-bungalow-with-full-basement-for-sale-on-iqbal-lane-13-dha-phase-8-karachi-iid-1118649875,Other,For Sale,120 SQYD,4,5,2 hours ago,Rs 9 Crore,"DHA Phase 8, Karachi",Karachi,OLX
https://www.olx.com.pk/item/prime-500-sq-yd-5-bedroom-bungalow-for-sale-prime-locations-23-street-mujhaid-iid-1118649870,Room,For Sale,500 SQYD,5,6,2 hours ago,Rs 15 Crore,"DHA Phase 5, Karachi",Karachi,OLX
https://www.olx.com.pk/item/prime-100-sq-yd-4-bedroom-bungalow-for-sale-on-main-aziz-bhatti-street-dha-phase-7-extension-karachi-iid-1118649865,Room,For Sale,100 SQYD,4,5,2 hours ago,Rs 6 Crore,"DHA Phase 7 Extension, Karachi",Karachi,OLX
https://www.olx.com.pk/item/plot-for-sale-iid-1118649837,Plot,For Sale,300 SQYD,,,2 hours ago,Rs 7.10 Crore,"DHA Phase 8 Extension, Karachi",Karachi,OLX
https://www.olx.com.pk/item/sahil-street-12-best-for-investment-home-maker-with-meeting-iid-1118650064,Other,For Sale,300 SQYD,,,2 hours ago,Rs 7.35 Crore,"DHA Phase 8 Extension, Karachi",Karachi,OLX
https://www.olx.com.pk/item/sahil-street-8-near-central-avenue-best-for-investor-home-maker-with-meeting-iid-1118650058,Other,For Sale,300 SQYD,,,2 hours ago,Rs 7.50 Crore,"DHA Phase 8 Extension, Karachi",Karachi,OLX
https://www.olx.com.pk/item/investment-opportunity-200-sq-yd-commercial-building-for-sale-on-khayaban-e-tanzeem-tauheed-commercial-dha-phase-5-karachi-iid-1118650031,Building,For Sale,200 SQYD,,,2 hours ago,Rs 26 Crore,"DHA Phase 5, Karachi",Karachi,OLX
https://www.olx.com.pk/item/brand-new-3beddd-for-sale-in-rimjhim-tower-guleshen-e-usman-scheme-33-iid-1118787307,Other,For Sale,"1,600 SQYD",3,3,3 hours ago,Rs 1.05 Crore,"Gulshan-e-Usman, Karachi",Karachi,OLX
https://www.olx.com.pk/item/sahil-street-13-best-for-low-budget-clint-with-meeting-iid-1118650051,Other,For Sale,300 SQYD,,,2 hours ago,Rs 7.15 Crore,"DHA Phase 8 Extension, Karachi",Karachi,OLX
https://www.olx.com.pk/item/near-park-with-meeting-street-21-d-cutting-iid-1118650047,Other,For Sale,500 SQYD,,,2 hours ago,Rs 11 Crore,"DHA Phase 8 - Zone C, Karachi",Karachi,OLX
https://www.olx.com.pk/item/bellow-market-chance-deal-with-meeting-iid-1118650041,Other,For Sale,200 SQYD,,,2 hours ago,Rs 17.80 Crore,"Peninsula Commercial Area, Karachi",Karachi,OLX
https://www.olx.com.pk/item/133-yards-2-units-4-beds-renovated-dha-phase-2-prime-location-near-khe-ittehad-ideal-for-2-families-flexible-payment-time-iid-1118787214,Other,For Sale,133 SQYD,4,4,3 hours ago,Rs 7 Crore,"DHA Phase 7, Karachi",Karachi,OLX
https://www.olx.com.pk/item/for-sale-premium-2-bedroom-designer-apartment-with-double-balconies-big-bukhari-commercial-dha-phase-6-karachi-iid-1118649776,Room,For Sale,950 SQFT,2,3,3 hours ago,Rs 2.70 Crore,"Bukhari Commercial Area, Karachi",Karachi,OLX
https://www.olx.com.pk/item/for-sale-spacious-500-sq-yd-23-bedroom-bungalow-dha-phase-8-karachi-iid-1118649760,Room,For Sale,500 SQYD,5,6,3 hours ago,Rs 15 Crore,"DHA Phase 8 - Zone A, Karachi",Karachi,OLX
https://www.olx.com.pk/item/for-sale-brand-new-ultra-luxury-500-sq-yd-6-bedroom-bungalow-with-basement-cinema-khayaban-e-zulfiqar-dha-phase-8-zone-a-karachi-iid-1118649743,Room,For Sale,500 SQYD,6,6,3 hours ago,Rs 28 Crore,"DHA Phase 8 - Zone A, Karachi",Karachi,OLX
https://www.olx.com.pk/item/change-your-address-to-prime-location-surjani-town-sector-5d-karachi-for-a-reasonable-price-of-rs-10500000-iid-1117980075,Other,For Sale,80 SQYD,5,3,2 weeks ago,Rs 1.05 Crore,"Surjani Town - Sector 5D, Karachi",Karachi,OLX
https://www.olx.com.pk/item/brand-new-flat-available-for-sale-3-bed-dd-full-floor-flat-floor-availability-1st-2nd-4th-with-roof-or-with-out-roof-also-lift-available-gulistan-e-johar-block-14-iid-1118004403,Flat,For Sale,"1,450 SQFT",3,3,1 week ago,Rs 1.85 Crore,"Gulistan-e-Jauhar, Karachi",Karachi,OLX
https://www.olx.com.pk/item/zubaida-queens-valley-2-bed-d-d-flat-for-sale-iid-1118297765,Flat,For Sale,900 SQFT,2,2,2 weeks ago,Rs 1.35 Crore,"North Nazimabad - Block H, Karachi",Karachi,OLX
https://www.olx.com.pk/item/2-bed-l-gold-block-ext-iid-1118139710,Other,For Sale,550 SQFT,2,2,2 weeks ago,Rs 33 Lacs,"North Town Residency, Karachi",Karachi,OLX
https://www.olx.com.pk/item/ground-plus-2-west-open-corner-house-available-for-sale-at-prime-location-of-north-nazimabad-iid-1117465699,House,For Sale,200 SQYD,6,7,1 week ago,Rs 4.75 Crore,"North Nazimabad - Block J, Karachi",Karachi,OLX
https://www.olx.com.pk/item/luxury-flat-for-sale-750-sqr-ft-2-bed-lounge-iid-1107363663,Flat,For Sale,750 SQFT,2,2,4 weeks ago,Rs 90 Lacs,"Gwalior Cooperative Housing Society, Karachi",Karachi,OLX
https://www.olx.com.pk/item/farm-house-plot-iid-1117626064,Farm House,For Sale,"1,000 SQYD",,,2 days ago,Rs 12 Lacs,"Gadap Town, Karachi",Karachi,OLX
https://www.olx.com.pk/item/5-rooms-apartment-with-lift-on-installment-for-sale-iid-1117206251,Room,For Sale,"1,400 SQFT",3,3,4 days ago,Rs 1.79 Crore,"Central Information Cooperative Housing Society, Karachi",Karachi,OLX
https://www.olx.com.pk/item/brand-new-ultra-luxury-bungalow-for-sale-street-7-khayaban-e-zulfiqar-dha-phase-8-zone-a-karachi-iid-1118649737,Other,For Sale,500 SQYD,6,6,3 hours ago,Rs 26 Crore,"DHA Phase 8 - Zone A, Karachi",Karachi,OLX
https://www.olx.com.pk/item/for-sale-premium-slightly-used-33-bedroom-bungalow-dha-phase-6-karachi-iid-1118649725,Room,For Sale,500 SQYD,6,6,3 hours ago,Rs 17.50 Crore,"DHA Phase 6, Karachi",Karachi,OLX
https://www.olx.com.pk/item/1000-sq-yard-plot-for-sale-iid-1118609529,Plot,For Sale,"1,000 SQYD",,,3 hours ago,Rs 20.75 Crore,"DHA Phase 8 - Zone E, Karachi",Karachi,OLX
https://www.olx.com.pk/item/brand-new-4-bed-drawing-dining-room-2-kitchen-g1-house-for-sale-in-block-3-saadi-garden-iid-1118708413,Room,For Sale,120 SQYD,4,4,3 hours ago,Rs 2.35 Crore,"Saadi Garden - Block 3, Karachi",Karachi,OLX
https://www.olx.com.pk/item/for-sale-ultra-luxury-4-bedroom-full-sea-front-apartment-emaar-pearl-tower-1-dha-phase-8-karachi-iid-1118650128,Room,For Sale,"2,542 SQFT",4,6,3 hours ago,Rs 16 Crore,"Emaar Pearl Towers, Karachi",Karachi,OLX
https://www.olx.com.pk/item/good-deal-2-beddrawingdining-room-for-sale-in-wasi-country-park-next-to-diamond-citymaymar-iid-1117921355,Room,For Sale,120 SQYD,2,2,3 hours ago,Rs 58 Lacs,"Wasi Country Park, Karachi",Karachi,OLX
https://www.olx.com.pk/item/brand-new-3bed-villa-near-entrance-available-in-precinct-31-iid-1118786891,Villa,For Sale,235 SQYD,3,3,3 hours ago,Rs 1.72 Crore,"Bahria Town - Precinct 31, Karachi",Karachi,OLX
https://www.olx.com.pk/item/500-sy-street-20-west-l-open-iid-1118650126,Other,For Sale,666 SQYD,,,3 hours ago,Rs 15 Crore,"DHA Phase 8 - Zone E, Karachi",Karachi,OLX
https://www.olx.com.pk/item/rimjhim-villas-iid-1118785747,Villa,For Sale,120 SQYD,2,2,4 hours ago,Rs 1.20 Crore,"Rimjhim VIllas, Karachi",Karachi,OLX
https://www.olx.com.pk/item/bank-loan-applicable-2-bed-dl-apartment-iid-1118785369,Apartment,For Sale,"1,000 SQFT",2,2,4 hours ago,Rs 48 Lacs,"Scheme 33, Karachi",Karachi,OLX
https://www.olx.com.pk/item/bank-loan-applicable-3-bed-dd-well-maintained-apartment-iid-1118653955,Apartment,For Sale,"1,400 SQFT",3,3,4 hours ago,Rs 1.40 Crore,"Gulshan-E-Iqbal Block 11, Karachi",Karachi,OLX
https://www.olx.com.pk/item/bank-loan-applicable-2-bed-dd-well-maintained-apartment-iid-1118302679,Apartment,For Sale,"1,050 SQFT",2,1,4 hours ago,Rs 1.10 Crore,"Federal B Area, Karachi",Karachi,OLX
https://www.olx.com.pk/item/2-bed-flat-for-sale-in-rufi-green-city-block-18-johar-iid-1118785231,Flat,For Sale,"1,000 SQFT",2,2,4 hours ago,Rs 1.10 Crore,"Gulistan-e-Jauhar Block 18, Karachi",Karachi,OLX
https://www.olx.com.pk/item/pir-gul-hassan-town-iid-1118785212,Other,For Sale,240 SQYD,,,4 hours ago,Rs 50 Lacs,"Pir Gul Hassan Town, Karachi",Karachi,OLX
https://www.olx.com.pk/item/2-bed-dd-larib-garden-block-4-3rd-floor-demand-1-caror-code16903-iid-1118784651,Other,For Sale,950 SQFT,2,2,4 hours ago,Rs 1 Crore,"Gulshan-E-Iqbal Block 1, Karachi",Karachi,OLX
https://www.olx.com.pk/item/200-sq-yd-single-storey-benglow-for-sale-iid-1118432920,Other,For Sale,200 SQYD,3,3,1 week ago,Rs 2.35 Crore,"Gulshan-e-Maymar, Karachi",Karachi,OLX
https://www.olx.com.pk/item/2-bed-dd-apartment-in-teacher-co-operative-housing-society-16-a-iid-1118650420,Apartment,For Sale,"1,000 SQFT",2,2,3 days ago,Rs 1.40 Crore,"Government Teacher Housing Society - Sector 16-A, Karachi",Karachi,OLX
https://www.olx.com.pk/item/120-sq-yard-west-open-leased-map-paas-plot-for-sale-in-saadi-garden-block-1-iid-1118316300,Plot,For Sale,120 SQYD,,,6 days ago,Rs 1.09 Crore,"Saadi Garden - Block 1, Karachi",Karachi,OLX
https://www.olx.com.pk/item/block-j-staff-bank-loan-applicable-taqi-centrer-apartment-beautiful-second-floor-north-nazimabad-iid-1118355356,Apartment,For Sale,650 SQFT,2,2,4 days ago,Rs 49 Lacs,"North Nazimabad - Block J, Karachi",Karachi,OLX
https://www.olx.com.pk/item/2-bed-dd-west-open-with-roof-flat-for-sale-gulzar-e-hijri-near-fariya-chowk-bank-loan-applicable-iid-1118454719,Flat,For Sale,950 SQFT,3,3,1 week ago,Rs 90 Lacs,"Gulzar-E-Hijri, Karachi",Karachi,OLX
https://www.olx.com.pk/item/3rd-laraib-corner-2-bed-loung-58lac-code16736-iid-1118784610,Other,For Sale,650 SQFT,2,2,4 hours ago,Rs 60 Lacs,"Gulshan-E-Iqbal Block 1, Karachi",Karachi,OLX
https://www.olx.com.pk/item/3-side-corner-3rd-floor-noman-plaza-boundary-wall-247-pani-lightgas-no-issue-no-parking-issue-banglow-facing-lease-flat-1100-square-feet-1-common-bath-demand-1-caror-60-lac-code16820-iid-1118784590,Flat,For Sale,"1,300 SQFT",3,3,4 hours ago,Rs 1.60 Crore,"Gulshan-E-Iqbal Block 11, Karachi",Karachi,OLX
https://www.olx.com.pk/item/sector-l1-west-open-12-mtr-road-ground-floor-surjani-town-iid-1118784209,Other,For Sale,84 SQFT,2,2,4 hours ago,Rs 1.14 Crore,"Surjani Town - Sector L1, Karachi",Karachi,OLX
https://www.olx.com.pk/item/defence-dha-phase-5-badar-commercial-brand-new-studio-flat-available-for-sale-iid-1118784200,Flat,For Sale,500 SQFT,2,2,4 hours ago,Rs 60 Lacs,"DHA Defence, Karachi",Karachi,OLX
https://www.olx.com.pk/item/sector-4a-brand-new-house-surjani-town-iid-1118783769,House,For Sale,84 SQYD,Studio,1,5 hours ago,Rs 83 Lacs,"Surjani Town - Sector 4A, Karachi",Karachi,OLX
https://www.olx.com.pk/item/precinct-2-iqbal-villa-private-construction-designer-villa-available-for-sale-iid-1118783291,Villa,For Sale,154 SQYD,4,5,5 hours ago,Rs 2.54 Crore,"Bahria Homes - Iqbal Villas, Karachi",Karachi,OLX
https://www.olx.com.pk/item/sector-11b-beautiful-02-bed-d-d-hanif-centre-north-karachi-iid-1118783134,Other,For Sale,900 SQFT,2,3,5 hours ago,Rs 65 Lacs,"North Karachi - Sector 11B, Karachi",Karachi,OLX
https://www.olx.com.pk/item/defence-dha-phase-6-rahat-commercial-meeznine-office-floor-available-for-sale-iid-1118466681,Office,For Sale,650 SQFT,,,5 hours ago,Rs 75 Lacs,"DHA Defence, Karachi",Karachi,OLX
https://www.olx.com.pk/item/karachi-defence-dha-near-akhter-colony-90-yards-brand-new-building-for-sale-iid-1118466692,Building,For Sale,90 SQYD,6,1,5 hours ago,Rs 4 Crore,"Akhtar Colony, Karachi",Karachi,OLX
https://www.olx.com.pk/item/defence-dha-phase-5-badar-commercial-brand-new-apartment-3-bed-d-d-direct-1rst-floor-corner-building-west-open-available-for-sale-iid-1117985557,Apartment,For Sale,"1,150 SQFT",3,3,5 hours ago,Rs 1.82 Crore,"DHA Phase 5, Karachi",Karachi,OLX
https://www.olx.com.pk/item/two-bed-apartment-vip-location-paragon-tower-ready-to-move-cash-instalment-iid-1118782986,Apartment,For Sale,"1,400 SQFT",2,2,5 hours ago,Rs 1.05 Crore,"Bahria Town - Precinct 17, Karachi",Karachi,OLX
https://www.olx.com.pk/item/350-square-yards-sport-city-villa-for-sale-in-bahria-town-karachi-iid-1118782956,Villa,For Sale,350 SQYD,4,4,5 hours ago,Rs 2.10 Crore,"Bahria Sports City, Karachi",Karachi,OLX
https://www.olx.com.pk/item/smart-village-on-booking-is-an-exceptional-residential-villas-project-located-in-the-heart-of-precinct-15-iid-1118629118,Villa,For Sale,125 SQYD,3,3,5 hours ago,Rs 1.80 Crore,"Bahria Town - Precinct 15, Karachi",Karachi,OLX
https://www.olx.com.pk/item/luxury-2-bed-apartment-etihad-residency-for-sale-at-bahria-town-karachi-iid-1118524093,Apartment,For Sale,875 SQFT,2,2,5 hours ago,Rs 71 Lacs,"Bahria Town - Precinct 19, Karachi",Karachi,OLX
https://www.olx.com.pk/item/buy-your-ideal-1400-square-feet-flat-in-a-prime-location-of-karachi-iid-1118782934,Flat,For Sale,"1,400 SQFT",2,2,5 hours ago,Rs 33 Lacs,"Bahria Town - Precinct 17, Karachi",Karachi,OLX
https://www.olx.com.pk/item/house-for-sale-in-gulistan-e-jauhar-block-11-iid-1118053283,House,For Sale,110 SQFT,3,3,6 days ago,Rs 2.50 Crore,"Gulistan-e-Jauhar Block 11, Karachi",Karachi,OLX
https://www.olx.com.pk/item/apartment-for-sale-iid-1117748903,Apartment,For Sale,"1,600 SQFT",3,3,4 weeks ago,Rs 3.65 Crore,"Callachi Cooperative Housing Society, Karachi",Karachi,OLX
https://www.olx.com.pk/item/1st-floor-108-sqyd-portion-available-for-sale-iid-1118624605,Other,For Sale,108 SQYD,3,3,4 days ago,Rs 1.35 Crore,"Nazimabad 3 - Block A, Karachi",Karachi,OLX
https://www.olx.com.pk/item/500sq-yard-villa-available-for-sale-at-good-location-bahria-paradise-bahria-town-karachi-iid-1118601491,Villa,For Sale,500 SQYD,5,5,5 days ago,Rs 4.70 Crore,"Bahria Paradise - Precinct 51, Karachi",Karachi,OLX
https://www.olx.com.pk/item/pha-apartment-for-sale-like-new-iid-1118046211,Apartment,For Sale,"1,350 SQFT",3,2,3 weeks ago,Rs 1.62 Crore,"Gulistan-e-Jauhar, Karachi",Karachi,OLX
https://www.olx.com.pk/item/ideally-located-house-for-sale-in-dha-phase-6-available-iid-1118077776,House,For Sale,"1,000 SQYD",6,6,4 days ago,Rs 42 Crore,"DHA Phase 6, Karachi",Karachi,OLX
https://www.olx.com.pk/item/125-square-yards-plots-available-for-sale-in-precinct-12-bahria-town-karachi-iid-1118523942,Plot,For Sale,125 SQYD,,,5 hours ago,Rs 50 Lacs,"Bahria Town - Precinct 12, Karachi",Karachi,OLX
https://www.olx.com.pk/item/gray-luxury-apartment-2-bed-for-sale-malir-cantt-karachi-iid-1118209729,Apartment,For Sale,850 SQFT,2,2,5 hours ago,Rs 59 Lacs,"Malir Cantonment, Karachi",Karachi,OLX
https://www.olx.com.pk/item/125-square-yards-plots-available-for-sale-in-precinct-12-bahria-town-karachi-iid-1118025899,Plot,For Sale,125 SQYD,,,5 hours ago,Rs 1.60 Crore,"Bahria Town - Precinct 12, Karachi",Karachi,OLX
https://www.olx.com.pk/item/235-sq-yd-villa-for-sale-precinct-31-bahria-town-karachi-near-sports-city-villas-3-bedrooms-drawing-dining-closed-italian-kitchen-tv-lounge-amenities-nearby-15-min-drive-from-main-gate-iid-1118629018,Room,For Sale,235 SQYD,Studio,1,5 hours ago,Rs 1.65 Crore,"Bahria Town - Precinct 31, Karachi",Karachi,OLX
https://www.olx.com.pk/item/villa-for-sale-precinct-11a-btk-3-bedrooms-close-to-parks-mosques-shopping-gallery-iid-1118523857,Room,For Sale,160 SQYD,3,3,5 hours ago,Rs 1.82 Crore,"Bahria Town - Precinct 11-A, Karachi",Karachi,OLX
https://www.olx.com.pk/item/3-bed-dd-lounge-152-square-yard-bahria-construction-villa-available-for-sale-at-minimum-price-of-the-market-iid-1118310545,Villa,For Sale,152 SQYD,3,3,5 hours ago,Rs 1.61 Crore,"Bahria Town - Precinct 10-B, Karachi",Karachi,OLX
https://www.olx.com.pk/item/3-bed-luxurious-apartment-available-for-sale-in-bahria-town-karachi-iid-1118026075,Apartment,For Sale,"1,800 SQFT",3,4,5 hours ago,Rs 85 Lacs,"Bahria Town - Precinct 19, Karachi",Karachi,OLX
https://www.olx.com.pk/item/80-sq-yards-single-story-house-sector-za-gulshan-e-maymar-iid-1118780408,House,For Sale,80 SQYD,2,2,6 hours ago,Rs 85 Lacs,"Gulshan-e-Maymar - Sector ZA, Karachi",Karachi,OLX
https://www.olx.com.pk/item/sub-leased-portion-with-roof-road-facing-iid-1118780205,Other,For Sale,120 SQYD,4,3,6 hours ago,Rs 1.28 Crore,"Federal B Area - Block 14, Karachi",Karachi,OLX
https://www.olx.com.pk/item/ground-1-house-for-sale-in-gulshan-e-iqbal-13d-2-iid-1118779652,House,For Sale,120 SQYD,4,6,7 hours ago,Rs 4 Crore,"Gulshan-e-Iqbal - Block 13/D-2, Karachi",Karachi,OLX
https://www.olx.com.pk/item/brand-new-bungalow-for-sale-in-gulshan-e-iqbal-13d1-iid-1118779533,Other,For Sale,120 SQYD,6,6,7 hours ago,Rs 6.25 Crore,"Gulshan-e-Iqbal - Block 13/D-1, Karachi",Karachi,OLX
https://www.olx.com.pk/item/houes-for-sale-iid-1118778442,Other,For Sale,120 SQYD,6,6,7 hours ago,Rs 7.50 Crore,"Federal B Area - Block 15, Karachi",Karachi,OLX
https://www.olx.com.pk/item/ground-plus-one-plus-second-floor-house-for-sale-iid-1118778437,House,For Sale,200 SQYD,6,6,7 hours ago,Rs 4.50 Crore,"Federal B Area - Block 16, Karachi",Karachi,OLX
https://www.olx.com.pk/item/g2-house-available-for-sale-iid-1118778423,House,For Sale,200 SQYD,6,7,7 hours ago,Rs 6.75 Crore,"Federal B Area - Block 16, Karachi",Karachi,OLX
https://www.olx.com.pk/item/g2-house-available-for-sale-iid-1118778409,House,For Sale,120 SQYD,Studio,1,7 hours ago,Rs 5.50 Crore,"Federal B Area - Block 16, Karachi",Karachi,OLX
https://www.olx.com.pk/item/phase-6-park-facing-vip-lavish-3-bedroom-apartment-for-sale-bank-loun-available-iid-1118393686,Room,For Sale,"1,250 SQFT",3,3,1 week ago,Rs 3.30 Crore,"DHA Phase 6, Karachi",Karachi,OLX
https://www.olx.com.pk/item/executive-block-plot-for-sale-iid-1117634969,Plot,For Sale,120 SQYD,,,1 week ago,Rs 68 Lacs,"North Town Residency, Karachi",Karachi,OLX
https://www.olx.com.pk/item/shahjahan-heights-phase-1-flat-for-sale-in-falaknaz-dreams-iid-1118133949,Flat,For Sale,638 SQFT,2,2,1 week ago,Rs 55 Lacs,"Falaknaz Dreams, Karachi",Karachi,OLX
https://www.olx.com.pk/item/r-1849-120-sq-yard-gold-block-iid-1118706636,Other,For Sale,120 SQYD,,,2 days ago,Rs 55 Lacs,"North Town Residency, Karachi",Karachi,OLX
https://www.olx.com.pk/item/120-sqyrds-residential-plot-available-best-opportunity-for-investment-iid-1117726920,Residential Plot,For Sale,120 SQYD,,,1 week ago,Rs 35 Lacs,"All Pakistan Newspapers Society, Karachi",Karachi,OLX
https://www.olx.com.pk/item/precinct-2-iqbal-villa-154sq-y-fully-furnished-with-solar-available-for-sale-03135549217-iid-1118220662,Villa,For Sale,154 SQYD,4,5,9 hours ago,Rs 2.60 Crore,"Bahria Town - Precinct 2, Karachi",Karachi,OLX
https://www.olx.com.pk/item/200-square-yards-house-for-sale-in-federal-b-area-iid-1118778384,House,For Sale,200 SQYD,6,6,7 hours ago,Rs 5.60 Crore,"Federal B Area, Karachi",Karachi,OLX
https://www.olx.com.pk/item/houes-for-sale-iid-1118778370,Other,For Sale,120 SQYD,6,6,7 hours ago,Rs 4.65 Crore,"Federal B Area - Block 14, Karachi",Karachi,OLX
https://www.olx.com.pk/item/houes-for-sale-iid-1118778353,Other,For Sale,120 SQYD,3,2,7 hours ago,Rs 6.25 Crore,"Federal B Area - Block 15, Karachi",Karachi,OLX
https://www.olx.com.pk/item/houes-for-sale-iid-1118778346,Other,For Sale,120 SQYD,6,7,7 hours ago,Rs 4.80 Crore,"Federal B Area - Block 16, Karachi",Karachi,OLX
https://www.olx.com.pk/item/houes-for-sale-iid-1118778289,Other,For Sale,120 SQYD,6,7,7 hours ago,Rs 4.34 Crore,"Federal B Area - Block 16, Karachi",Karachi,OLX
https://www.olx.com.pk/item/houes-for-sale-iid-1118778255,Other,For Sale,120 SQYD,6,6,7 hours ago,Rs 2.70 Crore,"Federal B Area - Block 16, Karachi",Karachi,OLX
https://www.olx.com.pk/item/precinct-11b-street-17-plot-allotment-iid-1118778204,Plot,For Sale,125 SQYD,,,7 hours ago,Rs 45 Lacs,"Bahria Town - Precinct 11-B, Karachi",Karachi,OLX
https://www.olx.com.pk/item/houes-for-sale-iid-1118778097,Other,For Sale,120 SQYD,6,6,7 hours ago,Rs 3.50 Crore,"Federal B Area - Block 16, Karachi",Karachi,OLX
https://www.olx.com.pk/item/house-for-sale-iid-1118778079,House,For Sale,120 SQYD,6,4,7 hours ago,Rs 2.90 Crore,"Federal B Area - Block 9, Karachi",Karachi,OLX
https://www.olx.com.pk/item/houes-for-sale-iid-1118778067,Other,For Sale,200 SQYD,6,7,7 hours ago,Rs 7.50 Crore,"Gulshan-E-Iqbal Block 3, Karachi",Karachi,OLX
https://www.olx.com.pk/item/houes-for-sale-iid-1118778055,Other,For Sale,200 SQYD,6,4,7 hours ago,Rs 6.50 Crore,"Gulshan-E-Iqbal Block 2, Karachi",Karachi,OLX
https://www.olx.com.pk/item/houes-for-sale-iid-1118778019,Other,For Sale,200 SQYD,6,6,7 hours ago,Rs 6 Crore,"Gulshan-E-Iqbal Block 1, Karachi",Karachi,OLX
https://www.olx.com.pk/item/houes-for-sale-iid-1118778008,Other,For Sale,120 SQYD,6,6,7 hours ago,Rs 6 Crore,"Federal B Area - Block 14, Karachi",Karachi,OLX
https://www.olx.com.pk/item/precinct-4-dead-end-corner-plot-for-sale-no-transfer-fee-no-tax-iid-1118777968,Plot,For Sale,500 SQYD,,,7 hours ago,Rs 1.65 Crore,"Bahria Town - Precinct 4, Karachi",Karachi,OLX
https://www.olx.com.pk/item/prime-location-portion-for-sale-chance-deal-iid-1118777473,Other,For Sale,200 SQYD,3,3,7 hours ago,Rs 3.25 Crore,"Pechs II, Karachi",Karachi,OLX
https://www.olx.com.pk/item/125-sq-yards-house-for-sale-ali-block-precinct-12-bahria-town-karachi-iid-1118602306,House,For Sale,125 SQYD,4,4,5 days ago,Rs 1.65 Crore,"Bahria Town - Ali Block, Karachi",Karachi,OLX
https://www.olx.com.pk/item/reserve-a-prime-location-flat-now-in-emaar-the-views-iid-1117755020,Flat,For Sale,"2,700 SQFT",3,3,4 weeks ago,Rs 11.80 Crore,"Emaar The Views, Karachi",Karachi,OLX
https://www.olx.com.pk/item/apartment-for-sale-iid-1116539369,Apartment,For Sale,"1,167 SQFT",2,3,4 weeks ago,Rs 1.80 Crore,"Callachi Cooperative Housing Society, Karachi",Karachi,OLX
https://www.olx.com.pk/item/2-bed-rooms-brand-new-pant-house-iid-1117734680,Room,For Sale,800 SQFT,2,2,4 weeks ago,Rs 55 Lacs,"Akhtar Colony, Karachi",Karachi,OLX
https://www.olx.com.pk/item/80-square-yards-house-ground1-vip-location-builder-file-for-sale-iid-1118173140,House,For Sale,80 SQYD,6,7,2 weeks ago,Rs 1.14 Crore,"Pak Kausar Town, Karachi",Karachi,OLX
https://www.olx.com.pk/item/portion-for-sale-144-sq-yards-shah-faisal-colony-block-3-iid-1116590411,Other,For Sale,144 SQYD,3,3,3 weeks ago,Rs 73 Lacs,"Shah Faisal Town - Block 3, Karachi",Karachi,OLX
https://www.olx.com.pk/item/prime-farms-premium-phase-iid-1117617357,Other,For Sale,"1,000 SQYD",,,5 days ago,Rs 15 Lacs,"Gulshan-e-Maymar, Karachi",Karachi,OLX
https://www.olx.com.pk/item/prime-location-120-square-yards-spacious-house-is-available-in-north-karachi-sector-8-for-sale-iid-1118777465,House,For Sale,120 SQYD,6,6,7 hours ago,Rs 2.60 Crore,"North Karachi - Sector 8, Karachi",Karachi,OLX
https://www.olx.com.pk/item/prime-location-north-nazimabad-block-d-house-for-sale-sized-600-square-yards-iid-1118777458,House,For Sale,600 SQYD,5,5,7 hours ago,Rs 12 Crore,"North Nazimabad - Block D, Karachi",Karachi,OLX
https://www.olx.com.pk/item/prime-location-80-square-yards-house-situated-in-north-karachi-sector-5-c1-for-sale-iid-1118777450,House,For Sale,80 SQYD,4,4,7 hours ago,Rs 1.30 Crore,"North Karachi - Sector 5-C/1, Karachi",Karachi,OLX
https://www.olx.com.pk/item/240sq-yard-house-available-for-sale-iid-1118777440,House,For Sale,240 SQYD,6,6,7 hours ago,Rs 4.80 Crore,"North Karachi - Sector 11B, Karachi",Karachi,OLX
https://www.olx.com.pk/item/perfect-prime-location-120-square-yards-house-in-north-karachi-sector-9-for-sale-iid-1118777427,House,For Sale,120 SQYD,4,4,7 hours ago,Rs 3.50 Crore,"North Karachi - Sector 9, Karachi",Karachi,OLX
https://www.olx.com.pk/item/buying-a-prime-location-house-in-karachi-iid-1118777412,House,For Sale,80 SQYD,4,4,7 hours ago,Rs 1.50 Crore,"North Karachi - Sector 5-C/3, Karachi",Karachi,OLX
https://www.olx.com.pk/item/prime-location-ground-floor-shop-for-sale-iid-1118644813,Shop,For Sale,750 SQFT,,,7 hours ago,Rs 3.50 Crore,"Shahra-e-Liaquat, Karachi",Karachi,OLX
https://www.olx.com.pk/item/godown-godam-available-for-sale-iid-1118644545,Other,For Sale,200 SQFT,,,7 hours ago,Rs 35 Lacs,"New Chali, Karachi",Karachi,OLX
https://www.olx.com.pk/item/prime-location-portion-for-sale-iid-1118644500,Other,For Sale,200 SQYD,3,3,7 hours ago,Rs 3.50 Crore,"Tariq Road, Karachi",Karachi,OLX
https://www.olx.com.pk/item/portion-1800-sq-ft-for-sale-at-secure-location-iid-1117945414,Other,For Sale,"1,800 SQFT",3,3,7 hours ago,Rs 3.20 Crore,"Pechs II, Karachi",Karachi,OLX
https://www.olx.com.pk/item/godown-godam-available-for-sale-iid-1117945380,Other,For Sale,150 SQFT,,,7 hours ago,Rs 33 Lacs,"New Chali, Karachi",Karachi,OLX
https://www.olx.com.pk/item/reasonably-priced-prime-location-240-square-yards-house-in-north-karachi-sector-11a-karachi-is-available-as-of-now-iid-1118777373,House,For Sale,240 SQYD,3,3,7 hours ago,Rs 4 Crore,"North Karachi - Sector 11A, Karachi",Karachi,OLX
https://www.olx.com.pk/item/brand-new-240-sq-yard-house-available-for-sale-iid-1118777340,House,For Sale,240 SQYD,6,6,7 hours ago,Rs 5.50 Crore,"North Karachi - Sector 11B, Karachi",Karachi,OLX
https://www.olx.com.pk/item/highly-coveted-prime-location-240-square-yards-house-is-available-in-north-karachi-sector-11b-for-sale-iid-1118777328,House,For Sale,240 SQYD,6,6,7 hours ago,Rs 5.50 Crore,"North Karachi - Sector 11B, Karachi",Karachi,OLX
https://www.olx.com.pk/item/prime-location-260-square-yards-house-in-north-karachi-for-sale-at-good-location-iid-1118777312,House,For Sale,260 SQYD,6,6,7 hours ago,Rs 5.50 Crore,"North Karachi - Sector 11A, Karachi",Karachi,OLX
https://www.olx.com.pk/item/saima-greens-chance-deal-1800-square-feet-flat-up-for-vm-sale-iid-1117024415,Flat,For Sale,"1,800 SQFT",3,4,2 weeks ago,Rs 2.65 Crore,"Airport, Karachi",Karachi,OLX
https://www.olx.com.pk/item/120-sqtda-house-on-200-feet-road-iid-1117744885,House,For Sale,120 SQFT,3,4,4 days ago,Rs 3 Crore,"North Karachi - Sector 2, Karachi",Karachi,OLX
https://www.olx.com.pk/item/shop-for-sale-in-gohar-shopping-mall-iid-1118369055,Shop,For Sale,180 SQFT,,,1 week ago,Rs 1.20 Crore,"Model Colony - Malir, Karachi",Karachi,OLX
https://www.olx.com.pk/item/200-sq-yards-plot-for-sale-in-falaknaz-dreams-iid-1118724333,Plot,For Sale,200 SQYD,,,9 hours ago,Rs 76 Lacs,"Falaknaz Dreams, Karachi",Karachi,OLX
https://www.olx.com.pk/item/ground-floor-portion-for-sale-iid-1118130968,Other,For Sale,120 SQFT,2,2,6 days ago,Rs 60 Lacs,"Gulistan-e-Jauhar Block 10, Karachi",Karachi,OLX
https://www.olx.com.pk/item/dont-miss-gulshan-block-8-corner-600-yards-double-storey-bungalow-for-sale-iid-1118755200,Other,For Sale,600 SQYD,6,6,15 hours ago,Rs 16.50 Crore,"Gulshan-E-Iqbal Block 8, Karachi",Karachi,OLX
https://www.olx.com.pk/item/falaknaz-dreams-plot-for-sale-iid-1118369021,Plot,For Sale,120 SQYD,,,1 week ago,Rs 50 Lacs,"Malir, Karachi",Karachi,OLX
https://www.olx.com.pk/item/a-prime-location-house-of-233-square-yards-in-karachi-iid-1118777307,House,For Sale,233 SQYD,6,6,7 hours ago,Rs 7 Crore,"North Nazimabad - Block N, Karachi",Karachi,OLX
https://www.olx.com.pk/item/get-a-prime-location-120-square-yards-house-for-sale-in-north-karachi-sector-9-iid-1118777301,House,For Sale,120 SQYD,4,4,7 hours ago,Rs 1.80 Crore,"North Karachi - Sector 9, Karachi",Karachi,OLX
https://www.olx.com.pk/item/prime-location-north-karachi-sector-9-house-for-sale-sized-120-square-yards-iid-1118777290,House,For Sale,120 SQYD,4,4,7 hours ago,Rs 2.85 Crore,"North Karachi - Sector 9, Karachi",Karachi,OLX
https://www.olx.com.pk/item/reserve-a-centrally-located-prime-location-residential-plot-of-200-square-yards-in-surjani-town-sector-6b-iid-1118777286,Residential Plot,For Sale,200 SQYD,,,7 hours ago,Rs 80 Lacs,"Surjani Town - Sector 6B, Karachi",Karachi,OLX
https://www.olx.com.pk/item/book-prime-location-house-today-in-north-karachi-sector-5-c2-iid-1118777229,House,For Sale,80 SQYD,6,6,7 hours ago,Rs 1.40 Crore,"North Karachi - Sector 5-C/2, Karachi",Karachi,OLX
https://www.olx.com.pk/item/ready-to-buy-a-prime-location-house-577-square-yards-in-karachi-iid-1118777207,House,For Sale,577 SQYD,4,4,7 hours ago,Rs 12 Crore,"North Nazimabad - Block D, Karachi",Karachi,OLX
https://www.olx.com.pk/item/brand-new-house-for-sale-gulistan-e-johar-block-14-iid-1118776972,House,For Sale,700 SQYD,6,6,8 hours ago,Rs 12 Crore,"Gulistan-e-Jauhar Block 14, Karachi",Karachi,OLX
https://www.olx.com.pk/item/plot-for-sale-dha-phase-8-location-sahil-street-33-iid-1118776726,Plot,For Sale,300 SQYD,,,8 hours ago,Rs 6.75 Crore,"DHA Phase 8, Karachi",Karachi,OLX
https://www.olx.com.pk/item/bungalow-for-sale-dha-phase-2-location-near-abu-bakr-masjid-main-road-iid-1118776700,Other,For Sale,"1,000 SQYD",6,7,8 hours ago,Rs 40 Crore,"DHA Phase 2, Karachi",Karachi,OLX
https://www.olx.com.pk/item/240-sqyd-spacious-bungalow-for-sale-in-saadi-town-40-feet-wide-road-prime-location-iid-1118775556,Other,For Sale,240 SQYD,6,6,8 hours ago,Rs 4.50 Crore,"Saadi Town, Karachi",Karachi,OLX
https://www.olx.com.pk/item/240-sqyd-bungalow-for-sale-in-saadi-town-35-feet-road-prime-location-iid-1118775552,Other,For Sale,240 SQYD,6,6,8 hours ago,Rs 4.25 Crore,"Saadi Town, Karachi",Karachi,OLX
https://www.olx.com.pk/item/gfs-seven-wonders-city-phase-1-iid-1114338640,Other,For Sale,80 SQFT,,,9 hours ago,Rs 12.50 Lacs,"Zaman Town, Karachi",Karachi,OLX
https://www.olx.com.pk/item/stunning-house-is-available-for-sale-in-gulistan-e-jauhar-block-13-iid-1118773633,House,For Sale,400 SQYD,3,3,9 hours ago,Rs 6.90 Crore,"Gulistan-e-Jauhar Block 13, Karachi",Karachi,OLX
https://www.olx.com.pk/item/bungalow-is-available-for-sale-iid-1118773121,Other,For Sale,800 SQYD,6,6,9 hours ago,Rs 90 Crore,"National Stadium Colony, Karachi",Karachi,OLX
https://www.olx.com.pk/item/bungalow-for-sale-prime-location-iid-1118773035,Other,For Sale,600 SQYD,6,6,9 hours ago,Rs 60 Crore,"KDA Officers Society, Karachi",Karachi,OLX
https://www.olx.com.pk/item/prime-location-120-square-yards-residential-corner-plot-for-sale-in-sachal-sarmast-town-scheme-33-iid-1118429697,Plot,For Sale,120 SQYD,,,1 day ago,Rs 50 Lacs,"Sachal Sarmast Society, Karachi",Karachi,OLX
https://www.olx.com.pk/item/north-town-phase-2-project-iid-1118702770,Other,For Sale,720 SQFT,,,1 day ago,Rs 23.50 Lacs,"North Town Residency - Phase 2, Karachi",Karachi,OLX
https://www.olx.com.pk/item/prime-location-2700-square-feet-flat-is-available-for-sale-in-emaar-the-views-iid-1117754992,Flat,For Sale,"2,700 SQFT",3,3,4 weeks ago,Rs 11.50 Crore,"Emaar The Views, Karachi",Karachi,OLX
https://www.olx.com.pk/item/sector-11a-first-floor-corner-two-bed-lounge-al-ghafoor-atrium-north-karachi-iid-1118355354,Other,For Sale,650 SQFT,2,2,4 days ago,Rs 55 Lacs,"North Karachi - Sector 11A, Karachi",Karachi,OLX
https://www.olx.com.pk/item/bungalow-for-sale-prime-location-iid-1118773009,Other,For Sale,600 SQYD,6,6,9 hours ago,Rs 60 Crore,"National Stadium Colony, Karachi",Karachi,OLX
https://www.olx.com.pk/item/precinct-1-300sq-y-corner-gray-structure-very-near-roots-school-villa-available-for-sale-03135549217-iid-1118742644,Villa,For Sale,300 SQYD,6,7,9 hours ago,Rs 3.50 Crore,"Bahria Town - Precinct 1, Karachi",Karachi,OLX
https://www.olx.com.pk/item/precinct-9-hill-500sq-y-brand-new-villa-available-for-sale-03135549217-iid-1118742250,Villa,For Sale,500 SQYD,5,7,9 hours ago,Rs 5.80 Crore,"Bahria Town - Precinct 9, Karachi",Karachi,OLX
https://www.olx.com.pk/item/precinct-4-500sq-y-brand-new-designer-villa-available-for-sale-03135549217-iid-1118741904,Villa,For Sale,500 SQYD,6,7,9 hours ago,Rs 6.50 Crore,"Bahria Town - Precinct 4, Karachi",Karachi,OLX
https://www.olx.com.pk/item/bahria-tower-6-apartment-2600sqft-west-open-available-for-sale-iid-1118657045,Apartment,For Sale,"2,600 SQYD",3,4,9 hours ago,Rs 2.10 Crore,"Bahria Town - Precinct 19, Karachi",Karachi,OLX
https://www.olx.com.pk/item/residential-plot-for-sale-iid-1118468124,Residential Plot,For Sale,640 SQYD,,,9 hours ago,Rs 56 Crore,"National Stadium Colony, Karachi",Karachi,OLX
https://www.olx.com.pk/item/residential-plot-for-sale-iid-1118097074,Residential Plot,For Sale,600 SQYD,,,9 hours ago,Rs 15 Crore,"Callachi Cooperative Housing Society, Karachi",Karachi,OLX
https://www.olx.com.pk/item/plot-for-prime-location-of-karachi-iid-1118097030,Plot,For Sale,600 SQYD,,,9 hours ago,Rs 52 Crore,"National Stadium Colony, Karachi",Karachi,OLX
https://www.olx.com.pk/item/600-square-yards-residential-plot-for-sale-in-beautiful-national-stadium-colony-iid-1117784556,Residential Plot,For Sale,600 SQYD,,,9 hours ago,Rs 52 Crore,"National Stadium Colony, Karachi",Karachi,OLX
https://www.olx.com.pk/item/bungalow-for-sale-prime-location-iid-1118772890,Other,For Sale,400 SQYD,6,6,9 hours ago,Rs 40 Crore,"KDA Officers Society, Karachi",Karachi,OLX
https://www.olx.com.pk/item/bungalow-for-sale-prime-location-iid-1118772884,Other,For Sale,240 SQYD,5,5,9 hours ago,Rs 17 Crore,"KDA Officers Society, Karachi",Karachi,OLX
https://www.olx.com.pk/item/plot-for-prime-location-of-karachi-iid-1118496293,Plot,For Sale,800 SQYD,,,9 hours ago,Rs 75 Crore,"National Stadium Colony, Karachi",Karachi,OLX
https://www.olx.com.pk/item/bungalow-is-available-for-sale-iid-1118468047,Other,For Sale,600 SQYD,6,5,9 hours ago,Rs 60 Crore,"National Stadium Colony, Karachi",Karachi,OLX
https://www.olx.com.pk/item/house-is-available-for-sale-iid-1118467802,House,For Sale,400 SQYD,6,5,9 hours ago,Rs 13 Crore,"Gulshan-e-Iqbal - Block 13/D-1, Karachi",Karachi,OLX
https://www.olx.com.pk/item/bungalow-for-sale-prime-location-iid-1117784328,Other,For Sale,400 SQYD,5,5,9 hours ago,Rs 35 Crore,"KDA Officers Society, Karachi",Karachi,OLX
https://www.olx.com.pk/item/bank-loan-applicable-2-bed-lounge-flat-1st-floor-for-sale-sec-5d-surjani-near-kda-stop-iid-1118695156,Flat,For Sale,66 SQYD,2,2,2 days ago,Rs 40 Lacs,"Surjani Town - Sector 5D, Karachi",Karachi,OLX
https://www.olx.com.pk/item/pir-ahmed-zaman-town-block-3-240-40ft-road-west-open-iid-1118217745,Other,For Sale,240 SQYD,,,1 day ago,Rs 1.17 Crore,"Pir Ahmed Zaman Town, Karachi",Karachi,OLX
https://www.olx.com.pk/item/brand-new-stylish-and-modern-design-bunglow-for-sale-in-prime-sector-iid-1118252025,Other,For Sale,240 SQYD,6,7,4 days ago,Rs 4.84 Crore,"Gulshan-e-Maymar - Sector T, Karachi",Karachi,OLX
https://www.olx.com.pk/item/prime-location-shop-sized-60-square-feet-in-north-town-residency-iid-1117151298,Shop,For Sale,60 SQFT,,,3 weeks ago,Rs 7.20 Lac,"North Town Residency, Karachi",Karachi,OLX
https://www.olx.com.pk/item/200-sq-yards-commercial-plot-available-prime-location-iid-1118465952,Commercial Plot,For Sale,200 SQYD,Studio,1,4 days ago,Rs 3.70 Crore,"Orangi Town, Karachi",Karachi,OLX
https://www.olx.com.pk/item/with-lift-brand-new-2-bed-dd-flat-for-sale-iid-1117772685,Flat,For Sale,100 SQYD,2,2,2 weeks ago,Rs 80 Lacs,"Anwar-e-Ibrahim, Karachi",Karachi,OLX
https://www.olx.com.pk/item/ready-to-buy-a-flat-in-gulshan-e-iqbal-block-14-karachi-iid-1118096833,Flat,For Sale,"2,500 SQFT",4,6,9 hours ago,Rs 7.50 Crore,"Gulshan-e-Iqbal - Block 14, Karachi",Karachi,OLX
https://www.olx.com.pk/item/residential-plot-for-sale-iid-1118096813,Residential Plot,For Sale,400 SQYD,,,9 hours ago,Rs 40 Crore,"National Stadium Colony, Karachi",Karachi,OLX
https://www.olx.com.pk/item/bungalow-for-sale-iid-1118096787,Other,For Sale,533 SQYD,6,7,9 hours ago,Rs 55 Crore,"National Stadium Colony, Karachi",Karachi,OLX
https://www.olx.com.pk/item/bungalow-for-sale-prime-location-iid-1117784303,Other,For Sale,600 SQYD,5,5,9 hours ago,Rs 60 Crore,"KDA Officers Society, Karachi",Karachi,OLX
https://www.olx.com.pk/item/bungalow-for-sale-prime-location-iid-1117784284,Other,For Sale,240 SQYD,6,6,9 hours ago,Rs 25 Crore,"KDA Officers Society, Karachi",Karachi,OLX
https://www.olx.com.pk/item/bungalow-for-sale-iid-1118098609,Other,For Sale,240 SQYD,6,6,9 hours ago,Rs 19 Crore,"KDA Officers Society, Karachi",Karachi,OLX
https://www.olx.com.pk/item/2-bed-dd-flat-for-sale-in-gulshan-e-iqbal-13d3-iid-1118772387,Flat,For Sale,900 SQFT,2,2,9 hours ago,Rs 90 Lacs,"Gulshan-e-Iqbal - Block 13/D-3, Karachi",Karachi,OLX
https://www.olx.com.pk/item/solaira-luxury-apartments-iid-1117774007,Apartment,For Sale,350 SQFT,1,1,10 hours ago,Rs 40 Lacs,"Gulistan-e-Jauhar Block 13, Karachi",Karachi,OLX
https://www.olx.com.pk/item/triple-storey-120squre-yards-house-available-for-sale-iid-1118771676,House,For Sale,120 SQYD,6,6,10 hours ago,Rs 4.09 Crore,"Gulshan-e-Iqbal - Block 13/D-1, Karachi",Karachi,OLX
https://www.olx.com.pk/item/demolished-corner-single-story-400squre-yards-house-available-for-sale-iid-1118771644,House,For Sale,400 SQYD,3,3,10 hours ago,Rs 7.60 Crore,"Gulshan-E-Iqbal Block 3, Karachi",Karachi,OLX
https://www.olx.com.pk/item/bhayani-hights-2bed-dd-2nd-floor-available-for-sale-iid-1118771638,Other,For Sale,"1,000 SQFT",2,2,10 hours ago,Rs 1.28 Crore,"Gulshan-e-Iqbal, Karachi",Karachi,OLX
https://www.olx.com.pk/item/brand-new-portion-3bed-dd-1st-floor-on-240-squre-yards-near-to-kda-market-iid-1118771557,Other,For Sale,240 SQYD,3,3,10 hours ago,Rs 3.60 Crore,"Gulshan-E-Iqbal Block 3, Karachi",Karachi,OLX
https://www.olx.com.pk/item/3-bed-dd-apartment-for-sale-on-main-bahadurabad-sharfabad-high-rise-building-upper-floor-iid-1118771494,Apartment,For Sale,"1,700 SQFT",3,3,10 hours ago,Rs 4.50 Crore,"Bahadurabad, Karachi",Karachi,OLX
https://www.olx.com.pk/item/luxury-3-bed-apartment-for-sale-prime-location-of-sir-syed-road-khalid-bin-waleed-road-iid-1118771465,Apartment,For Sale,"1,700 SQFT",3,4,10 hours ago,Rs 5 Crore,"Khalid Bin Walid Road, Karachi",Karachi,OLX
https://www.olx.com.pk/item/well-maintain-triple-story-house-available-for-sale-iid-1118771247,House,For Sale,240 SQYD,6,6,10 hours ago,Rs 8 Crore,"Gulshan-E-Iqbal Block 3, Karachi",Karachi,OLX
https://www.olx.com.pk/item/family-farm-house-iid-1117626243,Farm House,For Sale,"1,000 SQYD",,,2 days ago,Rs 12 Lacs,"Gadap Town, Karachi",Karachi,OLX
https://www.olx.com.pk/item/brand-new-ultra-modern-120-sq-yard-house-sale-gulshan-e-iqbal-karachi-sindh-iid-1117258308,House,For Sale,120 SQYD,6,7,1 week ago,Rs 6.30 Crore,"Gulshan-e-Iqbal - Block 13/D-1, Karachi",Karachi,OLX
https://www.olx.com.pk/item/new-booking-chapal-courtyard-3-scheme-33-karachi-iid-1117410408,Other,For Sale,943 SQFT,2,2,4 days ago,Rs 1.30 Crore,"Chapal Courtyard, Karachi",Karachi,OLX
https://www.olx.com.pk/item/336sq-yards-town-house-fully-renovated-prme-location-chance-deal-iid-1118167913,House,For Sale,336 SQYD,4,6,2 weeks ago,Rs 5.95 Crore,"PECHS Block 6, Karachi",Karachi,OLX
https://www.olx.com.pk/item/change-your-address-to-saadi-garden-block-3-karachi-for-a-reasonable-price-iid-1118173560,Other,For Sale,120 SQYD,4,5,5 days ago,Rs 1.90 Crore,"Saadi Garden - Block 3, Karachi",Karachi,OLX
https://www.olx.com.pk/item/one-bed-lounge-flat-for-sale-iid-1107946013,Flat,For Sale,60 SQYD,1,1,3 weeks ago,Rs 20 Lacs,"Surjani Town - Sector 5D, Karachi",Karachi,OLX
https://www.olx.com.pk/item/office-available-for-sale-in-commercial-building-iid-1117691561,Office,For Sale,"1,950 SQFT",,,4 days ago,Rs 3.85 Crore,"Baloch Colony, Karachi",Karachi,OLX
https://www.olx.com.pk/item/80-sqyards-plot-north-town-residency-phase-1-iid-1118770694,Plot,For Sale,80 SQYD,,,10 hours ago,Rs 40 Lacs,"North Town Residency, Karachi",Karachi,OLX
https://www.olx.com.pk/item/hot-deal-120-sqyards-t-shape-plot-superior-block-north-town-residency-phase-1-iid-1118770241,Plot,For Sale,120 SQYD,,,10 hours ago,Rs 80 Lacs,"North Town Residency, Karachi",Karachi,OLX
https://www.olx.com.pk/item/corner-house-ground-plus-2-160-feet-main-road-facing-with-3-shops-iid-1118769893,House,For Sale,200 SQYD,6,7,10 hours ago,Rs 3.25 Crore,"North Karachi - Sector 8, Karachi",Karachi,OLX
https://www.olx.com.pk/item/house-ground-plus-2-park-facing-west-open-24-hours-sweet-water-and-electricity-kda-lease-excellent-condition-north-karachi-sector-8-iid-1118769834,House,For Sale,120 SQYD,6,6,10 hours ago,Rs 2.45 Crore,"North Karachi, Karachi",Karachi,OLX
https://www.olx.com.pk/item/commercial-house-ground-plus-2-excellent-new-condition-main-baara-market-business-street-best-for-commercial-use-living-iid-1118769764,House,For Sale,120 SQYD,6,6,11 hours ago,Rs 3.90 Crore,"North Karachi - Sector 5-C/3, Karachi",Karachi,OLX
https://www.olx.com.pk/item/shop-double-shutter-3-side-corner-with-attached-bath-extra-land-lease-200-feet-road-facing-vip-location-north-karachi-sector-11a-iid-1118567121,Shop,For Sale,800 SQFT,,,11 hours ago,Rs 1.30 Crore,"North Karachi - Sector 11A, Karachi",Karachi,OLX
https://www.olx.com.pk/item/shop-corner-double-shutter-200-feet-main-road-facing-extra-land-north-karachi-iid-1118478026,Shop,For Sale,600 SQFT,,,11 hours ago,Rs 1.10 Crore,"North Karachi - Sector 11A, Karachi",Karachi,OLX
https://www.olx.com.pk/item/shop-for-sale-with-attached-bath-corner-double-shutter-200-feet-main-road-facing-extra-land-ideal-location-iid-1118769641,Shop,For Sale,700 SQFT,,,11 hours ago,Rs 1.20 Crore,"North Karachi - Sector 11A, Karachi",Karachi,OLX
https://www.olx.com.pk/item/tower-170-structure-is-ready-10th-floor-possession-in-18-months-and-payment-schedule-30-months-available-for-sale-iid-1118769593,Other,For Sale,"2,486 SQFT",3,3,11 hours ago,Rs 7.25 Crore,"Askari iv, Karachi",Karachi,OLX
https://www.olx.com.pk/item/shop-corner-double-shutter-200-feet-main-road-facing-extra-land-north-karachi-sector-11-a-iid-1118477918,Shop,For Sale,800 SQFT,,,11 hours ago,Rs 1.10 Crore,"North Karachi, Karachi",Karachi,OLX
https://www.olx.com.pk/item/120-square-yards-plot-for-sale-in-gulshan-e-shiraz-iid-1118727944,Plot,For Sale,120 SQYD,,,11 hours ago,Rs 60 Lacs,"Surjani Town, Karachi",Karachi,OLX
https://www.olx.com.pk/item/1900-square-feet-flat-for-sale-in-gulistan-e-jauhar-block-10-iid-1117810431,Flat,For Sale,"1,900 SQFT",3,3,11 hours ago,Rs 1.95 Crore,"Gulistan-e-Jauhar Block 10, Karachi",Karachi,OLX
https://www.olx.com.pk/item/flat-for-sale-in-karachi-iid-1117810427,Flat,For Sale,"1,600 SQFT",3,3,11 hours ago,Rs 2.10 Crore,"Gulistan-e-Jauhar Block 16, Karachi",Karachi,OLX
https://www.olx.com.pk/item/sale-a-house-in-karachi-prime-location-iid-1117810425,House,For Sale,400 SQYD,5,5,11 hours ago,Rs 11.50 Crore,"Latifi Cooperative Housing Society, Karachi",Karachi,OLX
https://www.olx.com.pk/item/looking-for-a-flat-in-gulistan-e-jauhar-block-10-iid-1117810424,Flat,For Sale,"2,700 SQFT",4,4,11 hours ago,Rs 2.40 Crore,"Gulistan-e-Jauhar Block 10, Karachi",Karachi,OLX
https://www.olx.com.pk/item/shop-45-block-c-gfs-jodia-bazar-north-town-residency-phase-01-iid-1060070299,Shop,For Sale,96 SQFT,,,4 years ago,Rs 4 Lac,"North Town Residency, Karachi",Karachi,OLX
https://www.olx.com.pk/item/240-square-yards-residential-plot-ideally-situated-in-gulshan-e-azeem-iid-1117923241,Residential Plot,For Sale,240 SQYD,,,2 weeks ago,Rs 2.10 Crore,"Gulshan-e-Azeem, Karachi",Karachi,OLX
https://www.olx.com.pk/item/sector-5-a1-ground-plus-two-house-best-for-rental-income-west-open-north-karachi-iid-1118218646,House,For Sale,80 SQYD,6,4,4 days ago,Rs 98 Lacs,"New Karachi - Sector 5-A/1, Karachi",Karachi,OLX
https://www.olx.com.pk/item/2-bed-dd-flat-for-sale-in-punjabi-suadagaran-phase-1-iid-1118370901,Flat,For Sale,700 SQFT,2,2,4 days ago,Rs 80 Lacs,"Punjabi Saudagaran Phase 1, Karachi",Karachi,OLX
https://www.olx.com.pk/item/prime-residential-on-main-200-feet-shahrah-e-noor-jehan-best-location-iid-1117572556,Other,For Sale,600 SQFT,,,4 days ago,Rs 3.50 Crore,"North Karachi - Sector 11-C/3, Karachi",Karachi,OLX
https://www.olx.com.pk/item/400-sq-yards-plot-available-for-sale-iid-1117544428,Plot,For Sale,400 SQYD,,,1 week ago,Rs 5.09 Crore,"New Rizvia Cooperative Housing Society, Karachi",Karachi,OLX
https://www.olx.com.pk/item/sector-11a-ground-plus-one-house-north-karachi-iid-1118355306,House,For Sale,240 SQFT,5,5,4 days ago,Rs 3.30 Crore,"North Karachi - Sector 11A, Karachi",Karachi,OLX
https://www.olx.com.pk/item/slightly-used-2000-square-feet-flat-is-available-for-sale-iid-1116630710,Flat,For Sale,"2,000 SQFT",4,5,2 weeks ago,Rs 2.54 Crore,"P & T Colony, Karachi",Karachi,OLX
https://www.olx.com.pk/item/direct-owner-240-yards-ground-plus-two-house-iid-1117492725,House,For Sale,240 SQYD,6,6,2 weeks ago,Rs 4.96 Crore,"Abul Hassan Isphani Road, Karachi",Karachi,OLX
https://www.olx.com.pk/item/buy-a-centrally-located-240-square-yards-house-in-gulistan-e-jauhar-block-2-iid-1117810422,House,For Sale,240 SQYD,6,6,11 hours ago,Rs 6.75 Crore,"Gulistan-e-Jauhar Block 2, Karachi",Karachi,OLX
https://www.olx.com.pk/item/centrally-located-flat-for-sale-in-gulistan-e-jauhar-block-18-available-iid-1117810421,Flat,For Sale,"1,935 SQFT",3,3,11 hours ago,Rs 1.55 Crore,"Gulistan-e-Jauhar Block 18, Karachi",Karachi,OLX
https://www.olx.com.pk/item/residential-plot-for-sale-situated-in-gulistan-e-jauhar-block-1-iid-1117810419,Residential Plot,For Sale,"1,200 SQYD",,,11 hours ago,Rs 11 Crore,"Gulistan-e-Jauhar Block 1, Karachi",Karachi,OLX
https://www.olx.com.pk/item/a-residential-plot-of-120-square-yards-iid-1117810417,Residential Plot,For Sale,120 SQYD,,,11 hours ago,Rs 85 Lacs,"AG Sindh Cooperative Housing Society, Karachi",Karachi,OLX
https://www.olx.com.pk/item/reasonably-priced-300-square-yards-upper-portion-in-gulistan-e-jauhar-block-14-karachi-is-available-as-of-now-iid-1117810414,Upper Portion,For Sale,300 SQYD,3,3,11 hours ago,Rs 2.80 Crore,"Gulistan-e-Jauhar Block 14, Karachi",Karachi,OLX
https://www.olx.com.pk/item/reasonably-priced-900-square-feet-flat-in-gulistan-e-jauhar-block-13-karachi-is-available-as-of-now-iid-1117810370,Flat,For Sale,900 SQFT,2,2,11 hours ago,Rs 75 Lacs,"Gulistan-e-Jauhar Block 13, Karachi",Karachi,OLX
https://www.olx.com.pk/item/first-floor-apartment-for-sale-in-north-karachi-iid-1118767542,Apartment,For Sale,700 SQFT,2,2,11 hours ago,Rs 65 Lacs,"North Karachi, Karachi",Karachi,OLX
https://www.olx.com.pk/item/200-sq-commercial-plot-for-sale-in-gulshan-e-roomi-iid-1118446167,Room,For Sale,200 SQYD,,,11 hours ago,Rs 1.90 Crore,"Gulshan-e-Roomi, Karachi",Karachi,OLX
https://www.olx.com.pk/item/120-square-yards-residential-plot-for-sale-in-gulshan-e-roomi-iid-1118446044,Room,For Sale,120 SQYD,,,11 hours ago,Rs 92 Lacs,"Gulshan-e-Roomi, Karachi",Karachi,OLX
https://www.olx.com.pk/item/fully-furnished-multi-unit-apartment-building-clifton-karachi-iid-1118767103,Apartment,For Sale,600 SQYD,,,11 hours ago,Rs 35 Crore,"Clifton - Block 2, Karachi",Karachi,OLX
https://www.olx.com.pk/item/522-sq-plot-for-sale-in-sachal-sarmast-town-iid-1118446148,Plot,For Sale,522 SQYD,,,11 hours ago,Rs 1.85 Crore,"Sachal Sarmast Society, Karachi",Karachi,OLX
https://www.olx.com.pk/item/200-commercial-plot-for-sale-gulishan-e-roomi-scheme-33-iid-1118445889,Room,For Sale,200 SQYD,,,11 hours ago,Rs 1.87 Crore,"Gulshan-e-Roomi, Karachi",Karachi,OLX
https://www.olx.com.pk/item/400-sq-plot-for-sale-gulishan-e-mahran-scheme-33-iid-1118445878,Plot,For Sale,400 SQYD,,,11 hours ago,Rs 70 Lacs,"Gulshan-e-Mehran, Karachi",Karachi,OLX
https://www.olx.com.pk/item/west-open-120-square-yards-residential-plot-for-sale-iid-1118766363,Residential Plot,For Sale,120 SQYD,,,12 hours ago,Rs 45 Lacs,"Sachal Sarmast Society, Karachi",Karachi,OLX
https://www.olx.com.pk/item/get-in-touch-now-to-buy-a-120-square-yards-residential-plot-in-gulshan-e-roomi-karachi-iid-1118766282,Room,For Sale,120 SQYD,,,12 hours ago,Rs 90 Lacs,"Gulshan-e-Roomi, Karachi",Karachi,OLX
https://www.olx.com.pk/item/8-marla-plot-for-sale-in-faisal-town-block-c-iid-1117677585,Plot,For Sale,8 Marla,,,2 weeks ago,Rs 1.65 Crore,"Faisal Town Phase 1 - Block C, Islamabad",Islamabad,OLX
https://www.olx.com.pk/item/unit-is-available-for-sale-iid-1117726510,Other,For Sale,"2,100 SQFT",,,22 hours ago,Rs 26 Crore,"Blue Area, Islamabad",Islamabad,OLX
https://www.olx.com.pk/item/1-kanal-plot-for-sale-in-d-124-islamabad-prime-location-iid-1118615784,Plot,For Sale,1 Kanal,,,4 days ago,Rs 14 Crore,"D-12/4, Islamabad",Islamabad,OLX
https://www.olx.com.pk/item/1-kanal-vip-lop-approved-house-for-sale-in-jannah-garden-islamabad-iid-1118264166,House,For Sale,1 Kanal,6,7,2 weeks ago,Rs 7.95 Crore,"Jinnah Gardens Phase 1, Islamabad",Islamabad,OLX
https://www.olx.com.pk/item/5-marla-brand-new-house-available-for-sale-in-faisal-town-phase-1-of-block-c-islamabad-pakistan-iid-1116992096,House,For Sale,5 Marla,4,5,4 days ago,Rs 2.95 Crore,"Faisal Town Phase 1 - Block C, Islamabad",Islamabad,OLX
https://www.olx.com.pk/item/5-kanal-farm-house-land-in-gulberg-greens-is-available-iid-1117570208,Farm House,For Sale,5 Kanal,,,2 weeks ago,Rs 13.95 Crore,"Gulberg Greens, Islamabad",Islamabad,OLX
https://www.olx.com.pk/item/investor-rate-solid-sun-face-plot-185-cr-in-fmcb17-islamabad-iid-1118163726,Plot,For Sale,20 Marla,,,2 weeks ago,Rs 1.90 Crore,"B-17, Islamabad",Islamabad,OLX
https://www.olx.com.pk/item/plaza-for-sale-in-soan-garden-block-a-at-investor-price-iid-1118099411,Other,For Sale,4 Marla,,,3 days ago,Rs 2.48 Crore,"Soan Garden - Block A, Islamabad",Islamabad,OLX
https://www.olx.com.pk/item/spacious-400-square-yards-house-available-for-sale-in-g-102-iid-1117472838,House,For Sale,400 SQYD,5,6,3 days ago,Rs 13.50 Crore,"G-10/2, Islamabad",Islamabad,OLX
https://www.olx.com.pk/item/two-bedroom-apartment-available-for-sale-in-capital-residencia-iid-1118787692,Room,For Sale,900 SQFT,2,2,2 hours ago,Rs 1.50 Crore,"Capital Residencia, Islamabad",Islamabad,OLX
https://www.olx.com.pk/item/5-marla-15-story-house-for-sale-iid-1118786981,House,For Sale,5 Marla,3,4,3 hours ago,Rs 1.60 Crore,"Ghauri Town Phase 4A, Islamabad",Islamabad,OLX
https://www.olx.com.pk/item/2-kanal-corner-plot-for-sale-sector-k-dha-phase-5-islamabad-iid-1118786567,Plot,For Sale,2 Kanal,,,3 hours ago,Rs 10.70 Crore,"DHA Phase 5 - Sector K, Islamabad",Islamabad,OLX
https://www.olx.com.pk/item/premium-3-bed-apartment-for-sale-in-askari-tower-1-dha-phase-2-islamabad-iid-1118627085,Apartment,For Sale,10 Marla,3,3,4 hours ago,Rs 3.85 Crore,"Askari Tower 1, Islamabad",Islamabad,OLX
https://www.olx.com.pk/item/428-square-feet-flat-in-bahria-enclave-is-available-iid-1118785603,Flat,For Sale,428 SQFT,Studio,1,4 hours ago,Rs 70 Lacs,"Bahria Enclave, Islamabad",Islamabad,OLX
https://www.olx.com.pk/item/a-perfect-residential-plot-awaits-you-in-i-154-islamabad-iid-1118785600,Residential Plot,For Sale,5 Marla,,,4 hours ago,Rs 85 Lacs,"I-15/4, Islamabad",Islamabad,OLX
https://www.olx.com.pk/item/reserve-a-house-of-2-kanal-now-in-bahria-enclave-iid-1118785598,House,For Sale,2 Kanal,5,5,4 hours ago,Rs 29.50 Crore,"Bahria Enclave, Islamabad",Islamabad,OLX
https://www.olx.com.pk/item/to-sale-you-can-find-spacious-residential-plot-in-top-city-1-block-g-iid-1118785596,Residential Plot,For Sale,5 Marla,,,4 hours ago,Rs 59 Lacs,"Top City 1 - Block G, Islamabad",Islamabad,OLX
https://www.olx.com.pk/item/1088-square-feet-flat-ideally-situated-in-margalla-view-housing-society-iid-1118785066,Flat,For Sale,"1,088 SQFT",2,2,4 hours ago,Rs 1.65 Crore,"Margalla View Housing Society, Islamabad",Islamabad,OLX
https://www.olx.com.pk/item/avail-yourself-a-great-10-marla-residential-plot-in-awt-block-c-iid-1118785064,Residential Plot,For Sale,10 Marla,,,4 hours ago,Rs 58 Lacs,"AWT - Block C, Islamabad",Islamabad,OLX
https://www.olx.com.pk/item/g-11-size-3060-brand-new-house-for-sale-iid-1118784448,House,For Sale,8 Marla,5,5,4 hours ago,Rs 9 Crore,"G-11, Islamabad",Islamabad,OLX
https://www.olx.com.pk/item/g-11-6-marla-doubel-storey-house-available-for-sale-iid-1118784346,House,For Sale,6 Marla,4,4,4 hours ago,Rs 5.50 Crore,"G-11/1, Islamabad",Islamabad,OLX
https://www.olx.com.pk/item/g11-4marla-pindi-face-tarippal-story-house-for-sale-iid-1118784340,House,For Sale,4 Marla,3,3,4 hours ago,Rs 4.09 Crore,"G-11/3, Islamabad",Islamabad,OLX
https://www.olx.com.pk/item/g11-markaz-margala-face-429sq-office-available-for-sale-iid-1118784336,Office,For Sale,429 SQFT,,,4 hours ago,Rs 1.30 Crore,"G-11 Markaz, Islamabad",Islamabad,OLX
https://www.olx.com.pk/item/spacious-house-is-available-in-margalla-view-housing-society-for-sale-iid-1118784293,House,For Sale,"3,200 SQFT",Studio,1,4 hours ago,Rs 3.50 Crore,"Margalla View Housing Society, Islamabad",Islamabad,OLX
https://www.olx.com.pk/item/5-marla-double-storey-for-sale-block-c-iid-1117479488,Other,For Sale,5 Marla,4,4,5 days ago,Rs 2.60 Crore,"Faisal Town Phase 1, Islamabad",Islamabad,OLX
https://www.olx.com.pk/item/triple-storey-house-for-sale-in-i-82-islamabad-orignal-picture-attached-iid-1117377062,House,For Sale,"2,800 SQFT",6,7,3 weeks ago,Rs 13 Crore,"I-8/2, Islamabad",Islamabad,OLX
https://www.olx.com.pk/item/ideal-corner-commercial-plot-available-for-sale-at-f-10-markaz-iid-1118264034,Commercial Plot,For Sale,"11,216 SQYD",,,1 week ago,Rs 900 Crore,"F-10 Markaz, Islamabad",Islamabad,OLX
https://www.olx.com.pk/item/commercial-plot-for-sale-naval-anchorage-commercial-2-iid-1117770678,Commercial Plot,For Sale,200 SQYD,,,4 days ago,Rs 6 Crore,"Naval Anchorage, Islamabad",Islamabad,OLX
https://www.olx.com.pk/item/double-bed-flat-for-sale-in-soan-garden-isb-at-investor-price-iid-1117732535,Flat,For Sale,4 Marla,2,2,3 days ago,Rs 55 Lacs,"Soan Garden - Block H, Islamabad",Islamabad,OLX
https://www.olx.com.pk/item/600-square-yards-house-in-central-d-121-for-sale-iid-1118193422,House,For Sale,600 SQYD,6,6,5 days ago,Rs 20 Crore,"D-12/1, Islamabad",Islamabad,OLX
https://www.olx.com.pk/item/sector-f1-8-marla-road-4-plot-13-for-sale-iid-1118395936,Plot,For Sale,8 Marla,,,1 week ago,Rs 1.14 Crore,"Bahria Enclave - Sector F1, Islamabad",Islamabad,OLX
https://www.olx.com.pk/item/2347-seqfet-flat-for-sale-ground-floor-g154-block-a-islamabad-iid-1117420210,Flat,For Sale,"2,339 SQFT",4,4,5 days ago,Rs 1.60 Crore,"G-15/4, Islamabad",Islamabad,OLX
https://www.olx.com.pk/item/corner-10-marla-double-unit-house-550-cr-block-c1-sector-b17-islamabad-iid-1118163264,House,For Sale,10 Marla,6,6,2 weeks ago,Rs 5.50 Crore,"B-17, Islamabad",Islamabad,OLX
https://www.olx.com.pk/item/1-kanal-develop-possession-plot-in-a-b-c-j-block-at-prime-location-in-gulberg-green-islamabad-iid-1118783528,Plot,For Sale,1 Kanal,,,5 hours ago,Rs 2.80 Crore,"Gulberg Residencia - Block A, Islamabad",Islamabad,OLX
https://www.olx.com.pk/item/1-kanal-develop-possession-plot-in-p-q-n-s-block-at-prime-location-in-gulberg-green-islamabad-iid-1118783520,Plot,For Sale,1 Kanal,,,5 hours ago,Rs 2.40 Crore,"Gulberg Residencia - Block P, Islamabad",Islamabad,OLX
https://www.olx.com.pk/item/g-114-pha-c-type-3rd-floor-flat-for-sale-full-renovated-iid-1118783515,Flat,For Sale,"1,065 SQFT",2,2,5 hours ago,Rs 2.25 Crore,"G-11/4, Islamabad",Islamabad,OLX
https://www.olx.com.pk/item/g-114-pha-c-type-3rd-floor-flat-for-sale-full-renovated-iid-1118783513,Flat,For Sale,"1,065 SQFT",2,2,5 hours ago,Rs 2.25 Crore,"G-11/4, Islamabad",Islamabad,OLX
https://www.olx.com.pk/item/g-114-pha-c-type-3rd-floor-flat-for-sale-fully-renovated-iid-1118783510,Flat,For Sale,"1,065 SQFT",2,2,5 hours ago,Rs 2.25 Crore,"G-11/4, Islamabad",Islamabad,OLX
https://www.olx.com.pk/item/10-marla-develop-possession-plot-in-a-bc-i-f-j-block-at-prime-location-in-gulberg-green-islamabad-iid-1118783509,Plot,For Sale,10 Marla,,,5 hours ago,Rs 1.65 Crore,"Gulberg Residencia - Block A, Islamabad",Islamabad,OLX
https://www.olx.com.pk/item/g-114-pha-c-type-3rd-floor-flat-for-sale-renovated-iid-1118783507,Flat,For Sale,"1,065 SQFT",2,2,5 hours ago,Rs 2.25 Crore,"G-11/4, Islamabad",Islamabad,OLX
https://www.olx.com.pk/item/10-marla-develop-possession-plot-in-q-p-l-v-t-block-at-prime-location-in-gulberg-green-islamabad-iid-1118783492,Plot,For Sale,10 Marla,,,5 hours ago,Rs 1.50 Crore,"Gulberg Residencia - Block Q, Islamabad",Islamabad,OLX
https://www.olx.com.pk/item/two-bedroom-luxurious-furnished-apartment-available-for-sale-iid-1118783479,Room,For Sale,900 SQFT,2,2,5 hours ago,Rs 1.30 Crore,"Smama Star Mall & Residency, Islamabad",Islamabad,OLX
https://www.olx.com.pk/item/g-114-fgeha-e-type-fully-renovated-ground-floor-flat-for-sale-iid-1118783474,Flat,For Sale,700 SQFT,2,2,5 hours ago,Rs 2.27 Crore,"G-11, Islamabad",Islamabad,OLX
https://www.olx.com.pk/item/g-114-fgeha-e-type-fully-renovated-3rd-floor-flat-for-sale-iid-1118783466,Flat,For Sale,700 SQFT,2,2,5 hours ago,Rs 2.27 Crore,"G-11, Islamabad",Islamabad,OLX
https://www.olx.com.pk/item/g-113-capital-heights-brand-new-apartment-flat-for-sale-iid-1118783442,Flat,For Sale,"1,600 SQFT",2,2,5 hours ago,Rs 3.50 Crore,"G-11/3, Islamabad",Islamabad,OLX
https://www.olx.com.pk/item/g-113-capital-heights-brand-new-apartment-flat-for-sale-iid-1118783432,Flat,For Sale,"2,150 SQFT",3,3,5 hours ago,Rs 4.50 Crore,"G-11, Islamabad",Islamabad,OLX
https://www.olx.com.pk/item/double-storey-new-real-picture-urgent-sale-iid-1118359863,Other,For Sale,7 Marla,5,6,5 hours ago,Rs 3.55 Crore,"G-15, Islamabad",Islamabad,OLX
https://www.olx.com.pk/item/double-story-real-picture-urgent-sale-iid-1117567390,Other,For Sale,12 Marla,6,6,5 hours ago,Rs 6 Crore,"G-15/1, Islamabad",Islamabad,OLX
https://www.olx.com.pk/item/1500-square-feet-house-up-for-sale-in-g-104-iid-1118096337,House,For Sale,"1,500 SQFT",3,3,9 hours ago,Rs 5.20 Crore,"G-10/4, Islamabad",Islamabad,OLX
https://www.olx.com.pk/item/building-of-3200-square-feet-is-available-in-contemporary-neighborhood-of-g-9-iid-1118320638,Building,For Sale,"3,200 SQFT",,,1 week ago,Rs 60 Crore,"G-9/4, Islamabad",Islamabad,OLX
https://www.olx.com.pk/item/already-rented-shop-available-for-sale-on-main-road-iid-1117980936,Shop,For Sale,200 SQFT,,,6 days ago,Rs 50 Lacs,"GT Road, Islamabad",Islamabad,OLX
https://www.olx.com.pk/item/commercial-plot-available-for-sale-in-dha-phase-5-iid-1118716475,Commercial Plot,For Sale,8 Marla,,,2 days ago,Rs 8.50 Crore,"DHA Defence Phase 5, Islamabad",Islamabad,OLX
https://www.olx.com.pk/item/lavish-3-bedrooms-penthouse-available-for-sale-in-capital-residencia-iid-1118042991,Penthouse,For Sale,"4,500 SQFT",4,3,55 minutes ago,Rs 5.70 Crore,"Capital Residencia, Islamabad",Islamabad,OLX
https://www.olx.com.pk/item/brand-new-penthouse-available-for-sale-in-capital-residencia-iid-1118391413,Penthouse,For Sale,"4,200 SQFT",3,3,1 week ago,Rs 5.50 Crore,"Capital Residencia, Islamabad",Islamabad,OLX
https://www.olx.com.pk/item/1st-floor-500-sqft-beautiful-office-in-j-7-mall-39-k-rent-coming-iid-1117801001,Office,For Sale,500 SQFT,1,1,5 days ago,Rs 75 Lacs,"D-17, Islamabad",Islamabad,OLX
https://www.olx.com.pk/item/1-prime-lower-ground-shop-for-sale-urban-square-mumtaz-city-iid-1117622981,Shop,For Sale,164 SQFT,,,2 weeks ago,Rs 93.59 Lacs,"Mumtaz City - Chanab Block, Islamabad",Islamabad,OLX
https://www.olx.com.pk/item/double-story-new-real-picture-urgent-sale-iid-1118359754,Other,For Sale,7 Marla,5,6,5 hours ago,Rs 3.25 Crore,"G-15, Islamabad",Islamabad,OLX
https://www.olx.com.pk/item/double-storey-new-with-solar-15-kv-iid-1118359736,Other,For Sale,12 Marla,6,6,5 hours ago,Rs 5.55 Crore,"G-15/1, Islamabad",Islamabad,OLX
https://www.olx.com.pk/item/5-marla-8-marla-open-transferable-files-residential-plots-available-dha-phase-7-islamabad-iid-1118781265,Residential Plot,For Sale,5 Marla,,,6 hours ago,Rs 12 Lacs,"DHA Defence Phase 7, Islamabad",Islamabad,OLX
https://www.olx.com.pk/item/5-8-marla-residential-plots-for-sale-in-dha-phase-7-islamabad-bluebell-rose-magnolia-oleander-lilly-iid-1118781260,Residential Plot,For Sale,5 Marla,,,6 hours ago,Rs 45 Lacs,"DHA Defence Phase 7, Islamabad",Islamabad,OLX
https://www.olx.com.pk/item/10-marla-house-for-sale-sector-a-bahria-enclave-islamabad-iid-1117857865,House,For Sale,10 Marla,5,6,6 hours ago,Rs 5.35 Crore,"Bahria Enclave - Sector A, Islamabad",Islamabad,OLX
https://www.olx.com.pk/item/property-for-sale-in-bahria-enclave-sector-a-islamabad-is-available-under-rs-53500000-iid-1117704868,Other,For Sale,10 Marla,5,5,6 hours ago,Rs 5.35 Crore,"Bahria Enclave - Sector A, Islamabad",Islamabad,OLX
https://www.olx.com.pk/item/14-marla-house-for-sale-in-pwd-block-a-islamabad-iid-1118779252,House,For Sale,14 Marla,6,7,7 hours ago,Rs 5.50 Crore,"PWD Housing Society - Block A, Islamabad",Islamabad,OLX
https://www.olx.com.pk/item/05-marla-open-file-for-sale-lavender-block-in-dha-phase-7-valley-islamabad-iid-1118778798,File,For Sale,5 Marla,,,7 hours ago,Rs 12.50 Lacs,"DHA Valley - Lavander Sector, Islamabad",Islamabad,OLX
https://www.olx.com.pk/item/08-marla-open-file-for-sale-lotus-block-in-dha-phase-7-valley-islamabad-iid-1118778621,File,For Sale,8 Marla,,,7 hours ago,Rs 16 Lacs,"DHA Valley - Lotus Sector, Islamabad",Islamabad,OLX
https://www.olx.com.pk/item/05-marla-open-file-for-sale-iris-block-in-dha-phase-7-valley-islamabad-iid-1118778534,File,For Sale,5 Marla,,,7 hours ago,Rs 12 Lacs,"DHA Valley - Iris Sector, Islamabad",Islamabad,OLX
https://www.olx.com.pk/item/08-marla-brand-new-butifull-and-good-location-3-bedroom-house-available-for-sale-in-dha-valley-phase-7-islamabad-iid-1118778368,Room,For Sale,8 Marla,3,3,7 hours ago,Rs 2.20 Crore,"DHA Valley - Oleander Sector, Islamabad",Islamabad,OLX
https://www.olx.com.pk/item/5-marla-2-bedroom-brand-new-beautiful-and-good-location-available-for-sale-in-lilly-e-block-dha-valley-phase-7-islamabad-iid-1118778187,Room,For Sale,5 Marla,2,2,7 hours ago,Rs 1.10 Crore,"DHA Valley - Lilly Sector, Islamabad",Islamabad,OLX
https://www.olx.com.pk/item/plot-for-sale-in-sector-n-corner-possession-utility-paid-best-location-for-living-bahria-enclave-islamabad-iid-1118777906,Plot,For Sale,8 Marla,,,7 hours ago,Rs 1.70 Crore,"Bahria Enclave - Sector N, Islamabad",Islamabad,OLX
https://www.olx.com.pk/item/plot-for-sale-in-sector-f-1-dead-end-possession-utility-paid-best-location-for-living-bahria-enclave-islamabad-iid-1118777454,Plot,For Sale,8 Marla,,,7 hours ago,Rs 1.25 Crore,"Bahria Enclave - Sector F1, Islamabad",Islamabad,OLX
https://www.olx.com.pk/item/8-marla-plot-for-sale-dha-valley-islamabad-phase-7-sector-bougainvillea-iid-1118775792,Plot,For Sale,8 Marla,,,8 hours ago,Rs 55 Lacs,"DHA Valley - Bogenvelia Sector, Islamabad",Islamabad,OLX
https://www.olx.com.pk/item/ideal-investment-opportunity-560-sq-ft-lower-ground-shop-in-npf-o-9-islamabad-iid-1117366534,Shop,For Sale,560 SQFT,,,2 weeks ago,Rs 60 Lacs,"National Police Foundation O-9 - Block F, Islamabad",Islamabad,OLX
https://www.olx.com.pk/item/margalla-hils-four-bedrooms-apartment-available-for-sale-iid-1118335507,Room,For Sale,"2,700 SQFT",4,5,3 days ago,Rs 4.30 Crore,"E-11/1, Islamabad",Islamabad,OLX
https://www.olx.com.pk/item/2-bedroom-margalla-view-apartment-for-sale-tower-1-cube-apartments-bahria-enclave-islamabad-iid-1117709953,Room,For Sale,"1,052 SQFT",2,2,2 weeks ago,Rs 1.05 Crore,"Bahria Enclave - Sector C1, Islamabad",Islamabad,OLX
https://www.olx.com.pk/item/flat-available-for-sale-block-c-g153-islamabad-iid-1117086303,Flat,For Sale,"1,400 SQFT",2,2,5 days ago,Rs 1.10 Crore,"G-15/3, Islamabad",Islamabad,OLX
https://www.olx.com.pk/item/sector-n-street-19-a-sami-develop-corner-plot-direct-deal-with-owner-iid-1116458885,Plot,For Sale,5 Marla,,,4 days ago,Rs 65 Lacs,"Bahria Enclave - Sector N, Islamabad",Islamabad,OLX
https://www.olx.com.pk/item/3rd-floor-office-available-for-sale-iid-1118220766,Office,For Sale,"1,936 SQFT",,,2 weeks ago,Rs 26 Crore,"New Blue Area, Islamabad",Islamabad,OLX
https://www.olx.com.pk/item/f-10-silver-oaks-fully-furnished-7600sqft-4-bed-room-with-attach-bath-penthouse-available-for-sale-with-modern-living-standard-amenities-iid-1117472405,Penthouse,For Sale,"7,600 SQFT",4,5,3 days ago,Rs 35 Crore,"Silver Oaks Apartments, Islamabad",Islamabad,OLX
https://www.olx.com.pk/item/residential-plot-for-sale-zamar-valley-islamabad-iid-1118134900,Residential Plot,For Sale,6 Marla,,,2 days ago,Rs 62 Lacs,"Zamar Valley, Islamabad",Islamabad,OLX
https://www.olx.com.pk/item/house-for-sale-iid-1118773616,House,For Sale,14 Marla,5,5,8 hours ago,Rs 10.25 Crore,"G-9/1, Islamabad",Islamabad,OLX
https://www.olx.com.pk/item/best-for-investors-prime-commercial-plaza-in-b-17-islamabad-16-shops-12-apartments-pkr-11m-monthly-iid-1118774738,Apartment,For Sale,"18,000 SQFT",,,9 hours ago,Rs 24 Crore,"B-17, Islamabad",Islamabad,OLX
https://www.olx.com.pk/item/plot-for-sale-in-sector-n-possession-utility-paid-reasonable-price-best-location-for-living-bahria-enclave-islamabad-iid-1118773869,Plot,For Sale,5 Marla,,,9 hours ago,Rs 1.20 Crore,"Bahria Enclave - Sector N, Islamabad",Islamabad,OLX
https://www.olx.com.pk/item/commercial-unit-for-sale-f-10-markaz-islamabad-iid-1118773047,Other,For Sale,416 SQYD,,,9 hours ago,Rs 28 Crore,"F-10 Markaz, Islamabad",Islamabad,OLX
https://www.olx.com.pk/item/10-marla-residential-plot-for-sale-iid-1118740240,Residential Plot,For Sale,10 Marla,,,9 hours ago,Rs 1.70 Crore,"Gulberg Residencia - Block Q, Islamabad",Islamabad,OLX
https://www.olx.com.pk/item/ideal-corner-797-square-yards-residential-plot-available-in-g-154-islamabad-iid-1118454306,Residential Plot,For Sale,797 SQYD,,,10 hours ago,Rs 6 Crore,"G-15/4, Islamabad",Islamabad,OLX
https://www.olx.com.pk/item/get-your-hands-on-flat-in-islamabad-best-area-for-sale-iid-1118324063,Flat,For Sale,"2,340 SQFT",Studio,1,10 hours ago,Rs 1.55 Crore,"G-15/4, Islamabad",Islamabad,OLX
https://www.olx.com.pk/item/buying-a-residential-plot-in-faisal-town-phase-2-islamabad-iid-1118321370,Residential Plot,For Sale,1 Kanal,,,10 hours ago,Rs 80 Lacs,"Faisal Town Phase 2, Islamabad",Islamabad,OLX
https://www.olx.com.pk/item/20-kanal-residential-plot-for-sale-in-rs-250000000-only-iid-1118321369,Residential Plot,For Sale,20 Kanal,,,10 hours ago,Rs 25 Crore,"Khayaban-e-Kashmir Zone 4, Islamabad",Islamabad,OLX
https://www.olx.com.pk/item/perfect-1650-square-feet-flat-in-g-154-for-sale-iid-1118321367,Flat,For Sale,"1,650 SQFT",2,2,10 hours ago,Rs 1.25 Crore,"G-15/4, Islamabad",Islamabad,OLX
https://www.olx.com.pk/item/1800-square-feet-residential-plot-in-g-15-for-sale-at-good-location-iid-1118321365,Residential Plot,For Sale,"1,800 SQFT",,,10 hours ago,Rs 1.70 Crore,"G-15/1, Islamabad",Islamabad,OLX
https://www.olx.com.pk/item/own-a-residential-plot-in-5-marla-islamabad-iid-1118321358,Residential Plot,For Sale,5 Marla,,,10 hours ago,Rs 28 Lacs,"Faisal Town Phase 2, Islamabad",Islamabad,OLX
https://www.olx.com.pk/item/residential-plot-of-2800-square-feet-for-sale-in-g-164-iid-1118317255,Residential Plot,For Sale,"2,800 SQFT",,,10 hours ago,Rs 2.15 Crore,"G-16/4, Islamabad",Islamabad,OLX
https://www.olx.com.pk/item/plot-for-sale-iid-1118769943,Plot,For Sale,5 Marla,,,10 hours ago,Rs 42 Lacs,"Parliamentarians Enclave, Islamabad",Islamabad,OLX
https://www.olx.com.pk/item/sec-c1-10m-marla-sun-face-prime-location-plot-available-for-sale-iid-1118769382,Plot,For Sale,10 Marla,,,11 hours ago,Rs 2.35 Crore,"Bahria Enclave - Sector C1, Islamabad",Islamabad,OLX
https://www.olx.com.pk/item/4-bedroom-apartment-for-sale-in-margalla-hills-building-sector-e-111-islamabad-iid-1118160456,Room,For Sale,"2,800 SQFT",4,5,1 week ago,Rs 4.40 Crore,"E-11/1, Islamabad",Islamabad,OLX
https://www.olx.com.pk/item/d-171-extension-8-marla-plot-available-for-sale-iid-1117786496,Plot,For Sale,200 SQYD,,,1 week ago,Rs 1.18 Crore,"D-17, Islamabad",Islamabad,OLX
https://www.olx.com.pk/item/5-marla-luxury-house-for-sale-in-faisal-margalla-city-fmc-b-17-islamabad-iid-1118082208,House,For Sale,5 Marla,5,6,2 weeks ago,Rs 2.80 Crore,"Faisal Margalla City, Islamabad",Islamabad,OLX
https://www.olx.com.pk/item/residential-plots-and-commercial-plots-iid-1117608090,Residential Plot,For Sale,5 Marla,,,3 weeks ago,Rs 85 Lacs,"Chatha Bakhtawar, Islamabad",Islamabad,OLX
https://www.olx.com.pk/item/brand-new-luxury-apartment-2076-square-feet-3-bedrooms-apartment-for-sale-in-eighteen-islamabad-iid-1117939289,Room,For Sale,"2,076 SQFT",3,4,4 days ago,Rs 6.80 Crore,"Eighteen, Islamabad",Islamabad,OLX
https://www.olx.com.pk/item/house-for-sale-15-marla-single-story-gangal-east-near-highway-islamabad-iid-1117627371,House,For Sale,400 SQFT,1,1,3 days ago,Rs 35 Lacs,"Koral Chowk, Islamabad",Islamabad,OLX
https://www.olx.com.pk/item/luxury-fully-furnished-1-bed-apartment-for-sale-pavilion-7-eighteen-islamabad-1000-sq-ft-iid-1118443096,Apartment,For Sale,"1,000 SQFT",1,1,2 days ago,Rs 3 Crore,"Eighteen, Islamabad",Islamabad,OLX
https://www.olx.com.pk/item/5-marla-corner-ready-to-construct-plot-iid-1117600760,Plot,For Sale,5 Marla,,,3 weeks ago,Rs 85 Lacs,"Gulberg Residencia - Block V, Islamabad",Islamabad,OLX
https://www.olx.com.pk/item/60x100-666-yards-proper-corner-sun-face-plot-for-sale-g-144-iid-1118769140,Plot,For Sale,666 SQYD,,,11 hours ago,Rs 10.50 Crore,"G-14/4, Islamabad",Islamabad,OLX
https://www.olx.com.pk/item/sec-f-10-marla-solid-land-hills-facing-lop-approved-plot-for-sale-iid-1118769134,Plot,For Sale,10 Marla,,,11 hours ago,Rs 1.90 Crore,"Bahria Enclave - Sector F, Islamabad",Islamabad,OLX
https://www.olx.com.pk/item/25x40-4-marla-brand-new-house-for-sale-g-142-iid-1118769028,House,For Sale,4 Marla,4,4,11 hours ago,Rs 3.70 Crore,"G-14/2, Islamabad",Islamabad,OLX
https://www.olx.com.pk/item/35x70-10-marla-street-88-plot-for-sale-g-142-iid-1118769011,Plot,For Sale,10 Marla,,,11 hours ago,Rs 3.95 Crore,"G-14/2, Islamabad",Islamabad,OLX
https://www.olx.com.pk/item/35x70-10-marla-street-68-70-ft-road-plot-for-sale-g-142-iid-1118769008,Plot,For Sale,10 Marla,,,11 hours ago,Rs 3.87 Crore,"G-14/2, Islamabad",Islamabad,OLX
https://www.olx.com.pk/item/park-view-city-islamabad-iid-1118768990,Other,For Sale,"1,125 SQFT",,,11 hours ago,Rs 38 Lacs,"Park View City Phase 2, Islamabad",Islamabad,OLX
https://www.olx.com.pk/item/dha-transfer-no-fake-rentals-dha-phase-4-islamabad-iid-1118768905,Other,For Sale,160 SQFT,,,11 hours ago,Rs 65 Lacs,"DHA Defence Phase 1, Islamabad",Islamabad,OLX
https://www.olx.com.pk/item/b-17-block-g-1-kanal-first-owner-iid-1118362888,Other,For Sale,500 SQYD,,,11 hours ago,Rs 1.35 Crore,"MPCHS - Block G, Islamabad",Islamabad,OLX
https://www.olx.com.pk/item/250-sq-yd-plot-for-sale-block-e-iid-1117902194,Plot,For Sale,250 SQYD,,,11 hours ago,Rs 2.50 Crore,"Margalla Orchard, Islamabad",Islamabad,OLX
https://www.olx.com.pk/item/500-sq-yd-plot-for-sale-block-a-iid-1117902122,Plot,For Sale,500 SQYD,,,11 hours ago,Rs 4.20 Crore,"Margalla Orchard, Islamabad",Islamabad,OLX
https://www.olx.com.pk/item/500-sq-yd-plot-for-sale-block-a-iid-1117902077,Plot,For Sale,500 SQYD,,,11 hours ago,Rs 3.30 Crore,"Margalla Orchard, Islamabad",Islamabad,OLX
https://www.olx.com.pk/item/500-sq-yd-plot-for-sale-block-h-iid-1117902023,Plot,For Sale,500 SQYD,,,11 hours ago,Rs 3.10 Crore,"Margalla Orchard, Islamabad",Islamabad,OLX
https://www.olx.com.pk/item/500-sq-yd-plot-for-sale-block-d-iid-1117901988,Plot,For Sale,500 SQYD,,,11 hours ago,Rs 3.45 Crore,"Margalla Orchard, Islamabad",Islamabad,OLX
https://www.olx.com.pk/item/500-sq-yd-plot-for-sale-margalla-orchard-block-b-iid-1117901931,Plot,For Sale,500 SQYD,,,11 hours ago,Rs 3.55 Crore,"Margalla Orchard, Islamabad",Islamabad,OLX
https://www.olx.com.pk/item/500-sq-yd-pair-plots-for-sale-margalla-orchard-iid-1117901843,Plot,For Sale,500 SQYD,,,11 hours ago,Rs 7.60 Crore,"Margalla Orchard, Islamabad",Islamabad,OLX
https://www.olx.com.pk/item/level-possession-plot-sector-d-extra-land-iid-1118138955,Plot,For Sale,"2,500 SQYD",,,3 days ago,Rs 5.50 Crore,"Naval Farms Housing Scheme, Islamabad",Islamabad,OLX
https://www.olx.com.pk/item/margalla-orchard-corner-commercial-plot-with-extra-land-profit-dem-3-crore-save-3-crore-best-for-investment-iid-1117657582,Commercial Plot,For Sale,5 Marla,,,4 days ago,Rs 10.50 Crore,"Margalla Orchard, Islamabad",Islamabad,OLX
https://www.olx.com.pk/item/5-marla-luxury-house-for-sale-faisal-margalla-city-fmc-b-17-islamabad-iid-1118082100,House,For Sale,5 Marla,5,6,2 weeks ago,Rs 2.80 Crore,"Faisal Margalla City, Islamabad",Islamabad,OLX
https://www.olx.com.pk/item/5-marla-level-near-to-doubal-road-for-sale-iid-1118379154,Other,For Sale,5 Marla,,,4 days ago,Rs 78 Lacs,"I-16/1, Islamabad",Islamabad,OLX
https://www.olx.com.pk/item/1-kanal-residential-plot-available-for-sale-in-multi-gardens-mpchs-b-17-block-f-islamabad-iid-1117280869,Residential Plot,For Sale,1 Kanal,,,6 days ago,Rs 2.25 Crore,"MPCHS - Block F, Islamabad",Islamabad,OLX
https://www.olx.com.pk/item/1000-sq-yd-pair-house-for-sale-500-sq-yd-each-iid-1118768289,House,For Sale,"1,000 SQYD",6,7,11 hours ago,Rs 25 Crore,"Bahria Enclave - Sector C2, Islamabad",Islamabad,OLX
https://www.olx.com.pk/item/river-view-north-block-b-5-marla-plot-dha-4-rawalpindi-iid-1118768106,Plot,For Sale,5 Marla,,,11 hours ago,Rs 65 Lacs,"DHA Defence Phase 4, Islamabad",Islamabad,OLX
https://www.olx.com.pk/item/stunning-4-marla-commercial-plot-in-dha-defence-phase-5-available-iid-1118767837,Commercial Plot,For Sale,4 Marla,,,11 hours ago,Rs 6.25 Crore,"DHA Defence Phase 5, Islamabad",Islamabad,OLX
https://www.olx.com.pk/item/1-kanal-ready-to-construct-plot-at-very-reasonable-price-iid-1118767628,Plot,For Sale,20 Marla,,,11 hours ago,Rs 1.60 Crore,"Gulberg Residencia, Islamabad",Islamabad,OLX
https://www.olx.com.pk/item/best-location-1-kanal-plot-for-sale-at-reasonable-price-in-naval-anchorage-islamabad-iid-1117639716,Plot,For Sale,1 Kanal,,,11 hours ago,Rs 2.40 Crore,"Naval Anchorage, Islamabad",Islamabad,OLX
https://www.olx.com.pk/item/5-marla-1th-ballot-daffodils-block-boulevard-for-sale-in-dha-valley-phase-7-islmabad-iid-1118766365,Other,For Sale,5 Marla,,,12 hours ago,Rs 38 Lacs,"DHA Valley - Daffodils Sector, Islamabad",Islamabad,OLX
https://www.olx.com.pk/item/islamabad-g153-plote-for-sale-iid-1118765851,Plot,For Sale,5 Marla,,,12 hours ago,Rs 1.35 Crore,"G-15/3, Islamabad",Islamabad,OLX
https://www.olx.com.pk/item/proper-corner-commercial-plot-for-sale-in-g-92-bazar-no-08-in-front-of-new-blue-area-islamabad-iid-1118766027,Commercial Plot,For Sale,5 Marla,,,12 hours ago,Rs 18.50 Crore,"G-9/2, Islamabad",Islamabad,OLX
https://www.olx.com.pk/item/corner-plaza-for-sale-in-g-10-islamabad-iid-1118766021,Other,For Sale,6 Marla,,,12 hours ago,Rs 23.50 Crore,"G-10, Islamabad",Islamabad,OLX
https://www.olx.com.pk/item/house-for-sale-in-g-13-islamabad-iid-1118766010,House,For Sale,7 Marla,5,6,12 hours ago,Rs 5.35 Crore,"G-13, Islamabad",Islamabad,OLX
https://www.olx.com.pk/item/35x70-plot-for-sale-in-f-144-islamabad-iid-1118765998,Plot,For Sale,10 Marla,,,12 hours ago,Rs 1.14 Crore,"F-14, Islamabad",Islamabad,OLX
https://www.olx.com.pk/item/1-kanal-plot-for-sale-in-f-142-islamabad-iid-1118765990,Plot,For Sale,1 Kanal,,,12 hours ago,Rs 1.85 Crore,"F-14, Islamabad",Islamabad,OLX
https://www.olx.com.pk/item/brand-new-1-kanal-house-for-sale-in-g-13-islamabad-iid-1118765982,House,For Sale,1 Kanal,6,7,12 hours ago,Rs 14.50 Crore,"G-13, Islamabad",Islamabad,OLX
https://www.olx.com.pk/item/brand-new-4-marla-house-for-sale-in-g-14-islamabad-iid-1118765975,House,For Sale,4 Marla,5,5,12 hours ago,Rs 3.39 Crore,"G-14, Islamabad",Islamabad,OLX
https://www.olx.com.pk/item/corner-house-40x80-14-marla-for-sale-in-g-13-islamabad-iid-1118765967,House,For Sale,14 Marla,6,6,12 hours ago,Rs 12.50 Crore,"G-13, Islamabad",Islamabad,OLX
https://www.olx.com.pk/item/house-for-sale-constructed-1-year-ago-iid-1118511152,House,For Sale,7 Marla,4,7,3 days ago,Rs 6.50 Crore,"Margalla Town Phase 2, Islamabad",Islamabad,OLX
https://www.olx.com.pk/item/07-marla-30x60-brand-new-designer-house-for-sale-in-g-132-islamabad-iid-1118708062,House,For Sale,7 Marla,4,6,1 day ago,Rs 6.90 Crore,"G-13/2, Islamabad",Islamabad,OLX
https://www.olx.com.pk/item/brand-new-14-marla-house-available-for-sale-in-g-13-iid-1118502025,House,For Sale,"3,200 SQFT",6,7,2 days ago,Rs 12.50 Crore,"G-13, Islamabad",Islamabad,OLX
https://www.olx.com.pk/item/rented-corporate-office-for-sale-high-rental-return-iid-1117663537,Office,For Sale,"4,258 SQFT",,,1 week ago,Rs 21 Crore,"Gulberg Greens, Islamabad",Islamabad,OLX
https://www.olx.com.pk/item/a-60ft-road-sun-facing-beautiful-brand-new-double-storey-house-available-for-sale-lop-approved-iid-1118061432,House,For Sale,7 Marla,5,7,2 weeks ago,Rs 4.09 Crore,"Jinnah Gardens Phase 1, Islamabad",Islamabad,OLX
https://www.olx.com.pk/item/house-for-sale-5-marla-iid-1118757906,House,For Sale,5 Marla,2,3,12 hours ago,Rs 1.07 Crore,"Anaya Heights, Islamabad",Islamabad,OLX
https://www.olx.com.pk/item/1-kanal-house-for-sale-in-g-13-islamabad-iid-1118765956,House,For Sale,1 Kanal,6,6,12 hours ago,Rs 10 Crore,"G-13, Islamabad",Islamabad,OLX
https://www.olx.com.pk/item/6-marla-commercial-plot-for-sale-in-mumtaz-city-chenab-block-islamabad-iid-1118765941,Commercial Plot,For Sale,6 Marla,,,12 hours ago,Rs 3 Crore,"Mumtaz City - Chanab Block, Islamabad",Islamabad,OLX
https://www.olx.com.pk/item/proper-corner-plot-for-sale-in-g-132-islamabad-iid-1118765925,Plot,For Sale,16 Marla,,,12 hours ago,Rs 32 Crore,"G-13/2, Islamabad",Islamabad,OLX
https://www.olx.com.pk/item/5-marla-house-for-sale-in-g-153-fgeha-islamabad-iid-1118765905,House,For Sale,5 Marla,5,5,12 hours ago,Rs 3.50 Crore,"G-15/3, Islamabad",Islamabad,OLX
https://www.olx.com.pk/item/1-kanal-plot-for-sale-in-g-14-islamabad-iid-1118765889,Plot,For Sale,1 Kanal,,,12 hours ago,Rs 4 Crore,"G-14, Islamabad",Islamabad,OLX
https://www.olx.com.pk/item/14-marla-plot-for-sale-in-g-143-islamabad-iid-1118765886,Plot,For Sale,14 Marla,,,12 hours ago,Rs 4.45 Crore,"G-14/3, Islamabad",Islamabad,OLX
https://www.olx.com.pk/item/1-kanal-plot-for-sale-in-dha-phase-2-islamabad-iid-1118765882,Plot,For Sale,1 Kanal,,,12 hours ago,Rs 5.25 Crore,"DHA Defence Phase 2, Islamabad",Islamabad,OLX
https://www.olx.com.pk/item/10-marla-plot-for-sale-in-one-of-the-finest-project-by-faisal-town-group-iid-1118765800,Plot,For Sale,10 Marla,,,12 hours ago,Rs 1 Crore,"Faisal Margalla City, Islamabad",Islamabad,OLX
https://www.olx.com.pk/item/8marla-1th-ballot-position-and-construction-latter-plot-for-sale-in-dha-valley-phase-7-islmabad-iid-1118765746,Plot,For Sale,8 Marla,,,12 hours ago,Rs 70 Lacs,"DHA Valley - Bluebell Sector, Islamabad",Islamabad,OLX
https://www.olx.com.pk/item/8-marla-ballot-plot-for-sale-in-boganvila-block-dha-valley-phase-7-islamabad-iid-1118765371,Plot,For Sale,8 Marla,,,12 hours ago,Rs 52 Lacs,"DHA Valley - Bogenvelia Sector, Islamabad",Islamabad,OLX
https://www.olx.com.pk/item/3570-double-storey-corner-house-for-sale-in-g-9-iid-1118727443,House,For Sale,10 Marla,4,4,12 hours ago,Rs 8.50 Crore,"G-9, Islamabad",Islamabad,OLX
https://www.olx.com.pk/item/2550-double-house-for-sale-in-i-101-iid-1118727418,House,For Sale,5 Marla,3,3,12 hours ago,Rs 3.30 Crore,"I-10, Islamabad",Islamabad,OLX
https://www.olx.com.pk/item/8marla-ballot-plot-for-sale-in-rose-block-dha-valley-phase-7-islamabad-iid-1118765204,Plot,For Sale,8 Marla,,,12 hours ago,Rs 42 Lacs,"DHA Valley - Rose Sector, Islamabad",Islamabad,OLX
https://www.olx.com.pk/item/flat-for-sale-near-to-expressway-iid-1118765057,Flat,For Sale,800 SQFT,2,2,12 hours ago,Rs 80 Lacs,"Ghauri Town, Islamabad",Islamabad,OLX
https://www.olx.com.pk/item/8-marla-plots-for-sale-in-dha-phase-7-old-dha-valley-iid-1117906013,Plot,For Sale,8 Marla,,,2 days ago,Rs 65 Lacs,"DHA Defence Phase 7, Islamabad",Islamabad,OLX
https://www.olx.com.pk/item/2-kanal-75120-in-block-g-in-street-3-margalla-face-full-heighted-level-plot-near-to-boulevard-residential-plot-available-for-sale-army-welfare-trust-awt-d-18-in-block-g-islamabad-iid-1117978108,Residential Plot,For Sale,2 Kanal,,,2 days ago,Rs 2 Crore,"AWT - Block G, Islamabad",Islamabad,OLX
https://www.olx.com.pk/item/brand-new-ultra-luxurious-4-marla-house-for-sale-in-i-11-iid-1117476859,House,For Sale,4 Marla,5,5,4 weeks ago,Rs 3 Crore,"I-11/2, Islamabad",Islamabad,OLX
https://www.olx.com.pk/item/karakoram-3-bed-apartment-available-for-sale-rental-value-2-lac-60k-prime-location-iid-1117020437,Apartment,For Sale,"3,350 SQFT",3,3,3 weeks ago,Rs 5.95 Crore,"Karakoram Greens, Islamabad",Islamabad,OLX
https://www.olx.com.pk/item/flat-available-for-sale-iid-1118636791,Flat,For Sale,"1,650 SQFT",2,2,3 days ago,Rs 1.25 Crore,"Islamabad Heights, Islamabad",Islamabad,OLX
https://www.olx.com.pk/item/possession-farm-good-view-sector-b-facing-water-stream-iid-1118139009,Other,For Sale,"2,500 SQYD",,,2 weeks ago,Rs 5.50 Crore,"Naval Farms Housing Scheme Sector B, Islamabad",Islamabad,OLX
https://www.olx.com.pk/item/3-kanal-farm-house-plot-with-dam-view-and-all-facilities-iid-1117649734,Farm House,For Sale,3 Kanal,,,2 weeks ago,Rs 4.50 Crore,"D-17, Islamabad",Islamabad,OLX
https://www.olx.com.pk/item/5-marla-single-storey-structure-house-for-sale-in-abu-bakar-block-iid-1118765009,House,For Sale,5 Marla,2,2,12 hours ago,Rs 65 Lacs,"Ghauri Town Phase 7, Islamabad",Islamabad,OLX
https://www.olx.com.pk/item/3-marla-double-storey-house-for-sale-iid-1118764985,House,For Sale,3 Marla,5,5,12 hours ago,Rs 75 Lacs,"Ghauri Town Phase 4A, Islamabad",Islamabad,OLX
https://www.olx.com.pk/item/plots-for-sale-at-g-153-iid-1118764955,Plot,For Sale,5 Marla,,,12 hours ago,Rs 1.90 Crore,"G-15/3, Islamabad",Islamabad,OLX
https://www.olx.com.pk/item/6-marla-single-storey-structure-ghauri-garden-iid-1118764940,Other,For Sale,6 Marla,2,3,12 hours ago,Rs 1.10 Crore,"Ghauri Town Phase 5B, Islamabad",Islamabad,OLX
https://www.olx.com.pk/item/flat-for-sale-at-main-kalma-chowk-iid-1118764925,Flat,For Sale,850 SQFT,2,2,12 hours ago,Rs 55 Lacs,"Ghauri Town Phase 4A, Islamabad",Islamabad,OLX
https://www.olx.com.pk/item/6-marla-plot-for-sale-in-ghauri-gardan-iid-1118764917,Plot,For Sale,6 Marla,,,12 hours ago,Rs 70 Lacs,"Ghauri Garden, Islamabad",Islamabad,OLX
https://www.olx.com.pk/item/pair-plots-for-sale-iid-1118764892,Plot,For Sale,945 SQFT,,,12 hours ago,Rs 53 Lacs,"Ghauri Town Phase 4 C2, Islamabad",Islamabad,OLX
https://www.olx.com.pk/item/5-marla-25-storey-house-for-sale-iid-1118764873,House,For Sale,5 Marla,5,6,12 hours ago,Rs 1.90 Crore,"Ghauri Town, Islamabad",Islamabad,OLX
https://www.olx.com.pk/item/8marla-2nd-to-4th-ballot-plot-for-sale-in-rose-block-dha-valley-phase7-islamabad-iid-1118764870,Plot,For Sale,8 SQFT,,,12 hours ago,Rs 42 Lacs,"DHA Valley - Rose Sector, Islamabad",Islamabad,OLX
https://www.olx.com.pk/item/5-marla-commercial-plot-for-sale-in-ghauri-gardan-iid-1118764860,Commercial Plot,For Sale,5 Marla,,,12 hours ago,Rs 2.50 Crore,"Ghauri Garden, Islamabad",Islamabad,OLX
https://www.olx.com.pk/item/10-marla-double-storey-for-sale-in-phase-4-a-electricity-water-gas-available-iid-1118764850,Other,For Sale,10 Marla,6,6,12 hours ago,Rs 3.50 Crore,"Ghauri Town Phase 4A, Islamabad",Islamabad,OLX
https://www.olx.com.pk/item/ready-to-buy-a-shop-220-square-feet-in-g-15-markaz-iid-1118764847,Shop,For Sale,220 SQFT,,,12 hours ago,Rs 55 Lacs,"G-15 Markaz, Islamabad",Islamabad,OLX
https://www.olx.com.pk/item/7-marla-dable-story-new-house-for-sale-in-gulberg-iid-1118764826,House,For Sale,7 Marla,4,4,12 hours ago,Rs 4.80 Crore,"Gulberg Residencia - Block F, Islamabad",Islamabad,OLX
https://www.olx.com.pk/item/plots-for-sale-at-g-153-iid-1118764779,Plot,For Sale,5 Marla,,,12 hours ago,Rs 1.30 Crore,"G-15/3, Islamabad",Islamabad,OLX
https://www.olx.com.pk/item/2-marla-pair-structure-for-sale-iid-1118764749,Other,For Sale,2 Marla,2,2,12 hours ago,Rs 35 Lacs,"Ghauri Town Phase 4 C2, Islamabad",Islamabad,OLX
https://www.olx.com.pk/item/dha-phase-9-gandhara-plot-for-sale-iid-1117601648,Plot,For Sale,20 Marla,,,4 weeks ago,Rs 50 Lacs,"DHA Defence Phase 9, Islamabad",Islamabad,OLX
https://www.olx.com.pk/item/g-134-st-no-121-plot-25x40-for-sale-iid-1116607331,Plot,For Sale,111 SQYD,,,6 days ago,Rs 2.75 Crore,"G-13/4, Islamabad",Islamabad,OLX
https://www.olx.com.pk/item/brand-new-5-marla-double-storey-house-in-park-view-city-islamabad-iid-1117620943,House,For Sale,5 Marla,4,4,3 days ago,Rs 2.85 Crore,"Park View - Block J, Islamabad",Islamabad,OLX
https://www.olx.com.pk/item/plot-for-sale-sector-i-152-iid-1118279502,Plot,For Sale,5 Marla,,,4 days ago,Rs 65 Lacs,"I-15/2, Islamabad",Islamabad,OLX
https://www.olx.com.pk/item/8-marla-luxury-house-for-sale-in-faisal-town-block-a-iid-1117612982,House,For Sale,8 Marla,5,6,2 weeks ago,Rs 3.70 Crore,"Faisal Town - F-18, Islamabad",Islamabad,OLX
https://www.olx.com.pk/item/single-storey-house-is-available-for-sale-in-mpchs-block-f-iid-1117701782,House,For Sale,8 Marla,2,2,4 days ago,Rs 1.90 Crore,"MPCHS - Block F, Islamabad",Islamabad,OLX
https://www.olx.com.pk/item/5-marla-brand-new-house-for-sale-in-g-14-iid-1118320132,House,For Sale,5 Marla,4,5,12 hours ago,Rs 5.30 Crore,"G-14, Islamabad",Islamabad,OLX
https://www.olx.com.pk/item/brand-new-10-marla-house-for-sale-in-g-143-iid-1118320129,House,For Sale,10 Marla,5,6,12 hours ago,Rs 7.80 Crore,"G-14/3, Islamabad",Islamabad,OLX
https://www.olx.com.pk/item/5-marla-plot-for-in-bahria-enclave-islamabad-iid-1118320121,Plot,For Sale,5 Marla,,,12 hours ago,Rs 1.10 Crore,"Bahria Enclave, Islamabad",Islamabad,OLX
https://www.olx.com.pk/item/10-marla-plot-for-sale-in-bahria-enclave-islamabad-iid-1118320120,Plot,For Sale,10 Marla,,,12 hours ago,Rs 2.50 Crore,"Bahria Enclave - Sector C1, Islamabad",Islamabad,OLX
https://www.olx.com.pk/item/10-marla-plot-for-sale-in-g-143-back-open-iid-1118320063,Plot,For Sale,10 Marla,,,12 hours ago,Rs 4.25 Crore,"G-14/3, Islamabad",Islamabad,OLX
https://www.olx.com.pk/item/1-kanal-plot-for-sale-in-g-143-iid-1118320062,Plot,For Sale,1 Kanal,,,12 hours ago,Rs 6 Crore,"G-14/3, Islamabad",Islamabad,OLX
https://www.olx.com.pk/item/8-marla-plot-for-sale-sector-n-bahria-enclave-islamabad-iid-1118684884,Plot,For Sale,8 Marla,,,12 hours ago,Rs 1.35 Crore,"Bahria Enclave, Islamabad",Islamabad,OLX
https://www.olx.com.pk/item/5-marla-plot-for-sale-park-view-islamabad-block-b-iid-1118684774,Plot,For Sale,5 Marla,,,12 hours ago,Rs 1.25 Crore,"Park View - Block B, Islamabad",Islamabad,OLX
https://www.olx.com.pk/item/5-marla-plot-for-sale-park-view-islamabad-block-b-iid-1118684652,Plot,For Sale,5 Marla,,,12 hours ago,Rs 1.30 Crore,"Park View City, Islamabad",Islamabad,OLX
https://www.olx.com.pk/item/prime-5-marla-plot-available-in-block-j-park-view-islamabad-iid-1118682197,Plot,For Sale,5 Marla,,,12 hours ago,Rs 1 Crore,"Park View - Block J, Islamabad",Islamabad,OLX
https://www.olx.com.pk/item/1-bed-cube-apartment-for-sale-bahria-enclave-islamabad-iid-1118681239,Apartment,For Sale,"1,050 SQFT",1,2,12 hours ago,Rs 1.18 Crore,"Bahria Enclave, Islamabad",Islamabad,OLX
https://www.olx.com.pk/item/1-kanal-plot-for-sale-sector-m-bahria-enclave-islamabad-iid-1118679806,Plot,For Sale,1 Kanal,,,12 hours ago,Rs 2.80 Crore,"Bahria Enclave, Islamabad",Islamabad,OLX
https://www.olx.com.pk/item/8-marla-plot-for-sale-sector-n-bahria-enclave-islamabad-iid-1118679354,Plot,For Sale,8 Marla,,,12 hours ago,Rs 1.40 Crore,"Bahria Enclave, Islamabad",Islamabad,OLX
https://www.olx.com.pk/item/plot-for-sale-in-g-141-islamabad-iid-1118764549,Plot,For Sale,4 Marla,,,12 hours ago,Rs 90 Lacs,"G-14/1, Islamabad",Islamabad,OLX
https://www.olx.com.pk/item/8-marla-ballot-plot-for-sale-boganvila-block-dha-valley-phase-7-islamabad-valley-iid-1118763680,Plot,For Sale,8 Marla,,,13 hours ago,Rs 62 Lacs,"DHA Valley - Bogenvelia Sector, Islamabad",Islamabad,OLX
https://www.olx.com.pk/item/me2-sami-develop-street-9-severage-work-complete-possession-available-iid-1116458875,Other,For Sale,20 Marla,,,4 weeks ago,Rs 6.50 Crore,"Margalla Enclave, Islamabad",Islamabad,OLX
https://www.olx.com.pk/item/executive-apartment-on-instalments-available-for-sale-at-prime-location-of-isb-iid-1118426133,Apartment,For Sale,800 SQFT,1,1,6 days ago,Rs 1.29 Crore,"DHA Defence Phase 2, Islamabad",Islamabad,OLX
https://www.olx.com.pk/item/10-marla-brand-new-house-available-for-sale-in-faisal-town-phase-1-of-block-b-islamabad-pakistan-iid-1118273704,House,For Sale,10 Marla,6,6,4 days ago,Rs 5.50 Crore,"Faisal Town Phase 1 - Block B, Islamabad",Islamabad,OLX
https://www.olx.com.pk/item/5-marla-almost-level-plot-for-sale-of-good-location-iid-1118363057,Plot,For Sale,5 Marla,,,4 days ago,Rs 90 Lacs,"I-16/2, Islamabad",Islamabad,OLX
https://www.olx.com.pk/item/8-marla-corner-plot-liue-home-lilly-block-for-sale-in-dha-valley-phase-7-islamabad-iid-1118763534,Plot,For Sale,8 Marla,,,13 hours ago,Rs 52 Lacs,"DHA Valley - Lilly Sector, Islamabad",Islamabad,OLX
https://www.olx.com.pk/item/1-kanal-plot-for-sale-at-cheapest-rate-in-faisal-town-phase-2-block-education-city-2-one-of-the-most-important-location-of-the-islamabad-price-40-lakh-iid-1118763379,Plot,For Sale,1 Kanal,,,13 hours ago,Rs 40 Lacs,"Faisal Town Phase 2, Islamabad",Islamabad,OLX
https://www.olx.com.pk/item/warehouse-and-farmhouse-iid-1118759167,House,For Sale,65 Marla,,,13 hours ago,Rs 7.20 Crore,"G-11/4, Islamabad",Islamabad,OLX
https://www.olx.com.pk/item/one-bed-lounge-flat-for-sale-on-main-road-iid-1118761544,Flat,For Sale,380 SQFT,1,1,13 hours ago,Rs 32.50 Lacs,"Soan Garden, Islamabad",Islamabad,OLX
https://www.olx.com.pk/item/3-bed-flat-for-sale-in-family-building-iid-1118761448,Flat,For Sale,980 SQFT,3,3,14 hours ago,Rs 1.09 Crore,"River Garden, Islamabad",Islamabad,OLX
https://www.olx.com.pk/item/8-marla-lop-house-brand-new-for-sale-on-investor-price-iid-1118761443,House,For Sale,8 Marla,5,6,14 hours ago,Rs 3.58 Crore,"Jinnah Gardens Phase 1, Islamabad",Islamabad,OLX
https://www.olx.com.pk/item/8-marla-house-for-sale-on-reasonable-rpice-iid-1118761429,House,For Sale,8 Marla,5,5,14 hours ago,Rs 3.40 Crore,"CBR Town Phase 1 - Block C, Islamabad",Islamabad,OLX
https://www.olx.com.pk/item/3-bed-flat-in-lift-building-available-for-sale-iid-1118761423,Flat,For Sale,950 SQFT,3,3,14 hours ago,Rs 65 Lacs,"Soan Garden, Islamabad",Islamabad,OLX
https://www.olx.com.pk/item/studio-flat-available-for-sale-on-investor-price-iid-1118761414,Flat,For Sale,270 SQFT,Studio,1,14 hours ago,Rs 24.95 Lacs,"PWD Housing Scheme, Islamabad",Islamabad,OLX
https://www.olx.com.pk/item/studio-flat-for-sale-on-reasinonable-iid-1118761225,Flat,For Sale,270 SQFT,Studio,1,14 hours ago,Rs 27 Lacs,"Soan Garden, Islamabad",Islamabad,OLX
https://www.olx.com.pk/item/furnished-studio-flat-for-sale-on-investor-price-iid-1118761220,Flat,For Sale,265 SQFT,Studio,1,14 hours ago,Rs 26.95 Lacs,"Soan Garden, Islamabad",Islamabad,OLX
https://www.olx.com.pk/item/5090-20-marla-plot-for-sale-in-f-144-islamabad-iid-1118761030,Plot,For Sale,20 Marla,,,14 hours ago,Rs 2.25 Crore,"F-14/4, Islamabad",Islamabad,OLX
https://www.olx.com.pk/item/5090-20-marla-plot-for-sale-in-f-14-4-islamabad-iid-1118760994,Plot,For Sale,20 Marla,,,14 hours ago,Rs 2.25 Crore,"F-14/4, Islamabad",Islamabad,OLX
https://www.olx.com.pk/item/5090-20-marla-plot-for-sale-in-f-144-islamabad-iid-1118760957,Plot,For Sale,20 Marla,,,14 hours ago,Rs 2.25 Crore,"F-14/4, Islamabad",Islamabad,OLX
https://www.olx.com.pk/item/1-bed-furnishd-flat-for-sale-f-17-islamabad-all-facility-available-cda-pproved-sector-iid-1118760899,Flat,For Sale,400 SQFT,1,1,14 hours ago,Rs 45 Lacs,"Tele Garden (T&T ECHS), Islamabad",Islamabad,OLX
https://www.olx.com.pk/item/3-bed-apartment-for-sale-in-royal-apartments-building-c-2nd-floor-3-baths-open-kitchen-iid-1118499728,Apartment,For Sale,"1,180 SQFT",3,3,4 days ago,Rs 1.12 Crore,"E-11/2, Islamabad",Islamabad,OLX
https://www.olx.com.pk/item/25x40-tiles-flooring-use-house-for-sale-in-g-131-islamabad-iid-1117784068,House,For Sale,"1,000 SQFT",4,5,1 day ago,Rs 3.60 Crore,"G-13/1, Islamabad",Islamabad,OLX
https://www.olx.com.pk/item/new-brand-corner-house-for-sale-iid-1117751862,House,For Sale,5 Marla,5,6,2 weeks ago,Rs 2.75 Crore,"I-14, Islamabad",Islamabad,OLX
https://www.olx.com.pk/item/unit-for-sale-iid-1117850166,Other,For Sale,700 SQFT,,,22 hours ago,Rs 1.75 Crore,"I-10, Islamabad",Islamabad,OLX
https://www.olx.com.pk/item/2-bed-new-flat-for-sale-f-17-islamabad-all-facility-available-iid-1118760889,Flat,For Sale,800 SQFT,2,2,14 hours ago,Rs 60 Lacs,"F-17, Islamabad",Islamabad,OLX
https://www.olx.com.pk/item/8-marla-house-for-sale-multi-f-17-islamabad-all-facility-available-cda-pproved-sector-mpchs-iid-1118760884,House,For Sale,8 Marla,5,6,14 hours ago,Rs 2.78 Crore,"F-17, Islamabad",Islamabad,OLX
https://www.olx.com.pk/item/11-marla-corner-commercial-plot-for-sale-f-17-islamabad-all-facility-available-cda-pproved-sector-iid-1118760875,Commercial Plot,For Sale,11 Marla,,,14 hours ago,Rs 3.60 Crore,"Tele Garden (T&T ECHS), Islamabad",Islamabad,OLX
https://www.olx.com.pk/item/3-bed-flat-for-sale-multi-f-17-islamabad-all-facility-available-cda-pproved-sector-mpchs-iid-1118760869,Flat,For Sale,"1,220 SQFT",3,3,14 hours ago,Rs 77 Lacs,"F-17, Islamabad",Islamabad,OLX
https://www.olx.com.pk/item/10-marla-main-markaz-commercial-plot-for-sale-f-17-islamabad-all-facility-available-cda-pproved-sector-iid-1118760859,Commercial Plot,For Sale,10 Marla,,,14 hours ago,Rs 3.48 Crore,"F-17, Islamabad",Islamabad,OLX
https://www.olx.com.pk/item/10-marla-new-house-for-sale-f-17-islamabad-all-facility-available-cda-pproved-sector-iid-1118760855,House,For Sale,10 Marla,6,6,14 hours ago,Rs 3.45 Crore,"F-17, Islamabad",Islamabad,OLX
https://www.olx.com.pk/item/2-bed-flat-for-sale-zam-zam-heights-f-17-islamabad-all-facility-available-cda-approved-sector-iid-1118760853,Flat,For Sale,825 SQFT,2,2,14 hours ago,Rs 46 Lacs,"Tele Garden (T&T ECHS), Islamabad",Islamabad,OLX
https://www.olx.com.pk/item/2-bed-flat-for-sale-f-17-islamabad-all-facility-available-cda-pproved-sector-iid-1118760844,Flat,For Sale,825 SQFT,2,2,14 hours ago,Rs 46 Lacs,"F-17, Islamabad",Islamabad,OLX
https://www.olx.com.pk/item/14-marla-new-house-for-sale-f-17-islamabad-all-facility-available-cda-pproved-iid-1118760824,House,For Sale,14 Marla,6,6,14 hours ago,Rs 4.49 Crore,"F-17, Islamabad",Islamabad,OLX
https://www.olx.com.pk/item/8-marla-luxury-brand-new-house-for-sale-f-17-islamabad-all-facility-available-cda-pproved-iid-1118760819,House,For Sale,8 Marla,5,6,14 hours ago,Rs 3.08 Crore,"F-17, Islamabad",Islamabad,OLX
https://www.olx.com.pk/item/8-marla-brand-new-house-for-sale-multi-f-17-islamabad-all-facility-available-cda-pproved-iid-1118760813,House,For Sale,8 Marla,5,6,14 hours ago,Rs 2.84 Crore,"F-17, Islamabad",Islamabad,OLX
https://www.olx.com.pk/item/8-marla-house-for-sale-f-17-islamabad-all-facility-available-cda-approved-sector-iid-1118760809,House,For Sale,8 Marla,5,6,14 hours ago,Rs 2.98 Crore,"F-17, Islamabad",Islamabad,OLX
https://www.olx.com.pk/item/8-marla-plot-for-sale-f-17-islamabad-all-facility-available-cda-pproved-sector-iid-1118760806,Plot,For Sale,8 Marla,,,14 hours ago,Rs 78 Lacs,"F-17, Islamabad",Islamabad,OLX
https://www.olx.com.pk/item/1-bed-studio-flat-for-sale-f-17-islamabad-all-facility-available-cda-pproved-sector-iid-1118760778,Flat,For Sale,400 SQFT,Studio,1,14 hours ago,Rs 32 Lacs,"F-17, Islamabad",Islamabad,OLX
https://www.olx.com.pk/item/8-marla-plot-urgent-for-sale-f-17-islamabad-for-investment-good-option-iid-1118760773,Plot,For Sale,8 Marla,,,14 hours ago,Rs 31 Lacs,"Tele Garden (T&T ECHS), Islamabad",Islamabad,OLX
https://www.olx.com.pk/item/g-8-markaz-pair-shops-on-ground-1400sqft-with-good-rental-income-available-for-sale-at-very-reasonable-price-iid-1118330584,Shop,For Sale,"1,400 SQFT",,,3 days ago,Rs 17 Crore,"G-8 Markaz, Islamabad",Islamabad,OLX
https://www.olx.com.pk/item/fully-furnished-3-bed-luxury-corner-apartment-with-double-parking-galleria-bahria-enclave-iid-1118567919,Apartment,For Sale,"2,531 SQFT",3,3,4 days ago,Rs 2.80 Crore,"Bahria Enclave - Sector H, Islamabad",Islamabad,OLX
https://www.olx.com.pk/item/proper-corner-01-kanal-50x90-brand-new-luxury-designer-house-for-sale-in-g-13-islamabad-iid-1117642120,House,For Sale,20 Marla,6,6,5 days ago,Rs 18 Crore,"G-13, Islamabad",Islamabad,OLX
https://www.olx.com.pk/item/beautiful-house-iid-1116739883,House,For Sale,1 Kanal,5,6,4 weeks ago,Rs 11.50 Crore,"DHA Defence Phase 2, Islamabad",Islamabad,OLX
https://www.olx.com.pk/item/e-114-national-police-foundation-society-5090-5bed-room-triple-storey-house-for-sale-at-very-reasonable-price-iid-1118330602,Room,For Sale,500 SQYD,5,6,3 days ago,Rs 13.50 Crore,"E-11/4, Islamabad",Islamabad,OLX
https://www.olx.com.pk/item/10-marla-corner-sun-facing-plot-for-sale-in-f-153-near-srinagar-highway-islamabad-international-airport-iid-1117914745,Plot,For Sale,10 Marla,,,3 weeks ago,Rs 1.60 Crore,"F-15/3, Islamabad",Islamabad,OLX
https://www.olx.com.pk/item/direct-owener-here-ground-floor-flat-urgent-for-sale-iid-1118609640,Flat,For Sale,600 SQFT,1,1,3 days ago,Rs 54 Lacs,"E-11, Islamabad",Islamabad,OLX
https://www.olx.com.pk/item/8-marla-beautiful-location-plot-in-d-block-near-all-amenities-iid-1117688445,Plot,For Sale,8 Marla,,,3 days ago,Rs 1.70 Crore,"MPCHS - Block D, Islamabad",Islamabad,OLX
https://www.olx.com.pk/item/1-kanal-plot-for-sale-f-17-islamabad-all-facility-available-cda-pproved-sector-iid-1118760752,Plot,For Sale,1 Kanal,,,14 hours ago,Rs 1.26 Crore,"Tele Garden (T&T ECHS), Islamabad",Islamabad,OLX
https://www.olx.com.pk/item/9-marla-plot-for-sale-f-17-islamabad-all-facility-available-iid-1118760738,Plot,For Sale,9 Marla,,,14 hours ago,Rs 63 Lacs,"Tele Garden (T&T ECHS), Islamabad",Islamabad,OLX
https://www.olx.com.pk/item/10-marla-corner-house-with-10-marla-plot-total-1-kanal-for-sale-in-multi-f-17-islamabad-all-facility-available-cda-pproved-sector-mpchs-iid-1118760732,House,For Sale,20 Marla,5,6,14 hours ago,Rs 5.50 Crore,"F-17, Islamabad",Islamabad,OLX
https://www.olx.com.pk/item/1-kanal-single-storey-house-for-sale-in-multi-f-17-islamabad-all-facility-available-cda-pproved-sector-iid-1118760726,House,For Sale,1 Kanal,3,4,14 hours ago,Rs 3.75 Crore,"F-17, Islamabad",Islamabad,OLX
https://www.olx.com.pk/item/14-marla-house-for-sale-in-multi-f-173-islamabad-all-facility-available-cda-pproved-sector-mpchs-iid-1118760724,House,For Sale,14 Marla,6,6,14 hours ago,Rs 5 Crore,"F-17, Islamabad",Islamabad,OLX
https://www.olx.com.pk/item/8-marla-corner-single-storey-house-for-sale-multi-f-17-islamabad-all-facility-available-iid-1118760719,House,For Sale,8 Marla,2,3,14 hours ago,Rs 2.20 Crore,"F-17, Islamabad",Islamabad,OLX
https://www.olx.com.pk/item/8-marla-luxury-brand-new-house-for-sale-in-multi-f-17-islamabad-all-facility-available-cda-pproved-sector-mpchs-iid-1118760716,House,For Sale,8 Marla,5,6,14 hours ago,Rs 3.10 Crore,"F-17, Islamabad",Islamabad,OLX
https://www.olx.com.pk/item/10-marla-short-corner-plot-for-sale-tt-f-17-islamabad-all-facility-available-cda-pproved-sector-mpchs-iid-1118760704,Plot,For Sale,10 Marla,,,14 hours ago,Rs 1.12 Crore,"F-17, Islamabad",Islamabad,OLX
https://www.olx.com.pk/item/3-bed-ready-to-move-flat-for-sale-in-multi-f-17-islamabad-all-facility-available-cda-pproved-sector-mpchs-iid-1118760700,Flat,For Sale,"1,219 SQFT",3,3,14 hours ago,Rs 50 Lacs,"F-17, Islamabad",Islamabad,OLX
https://www.olx.com.pk/item/1-kanal-plot-for-sale-in-multi-f-173-islamabad-all-facility-available-cda-pproved-sector-mpchs-iid-1118760694,Plot,For Sale,1 Kanal,,,14 hours ago,Rs 1.45 Crore,"F-17/3, Islamabad",Islamabad,OLX
https://www.olx.com.pk/item/8-marla-possession-plot-for-sale-f-17-islamabad-all-facility-available-iid-1118760691,Plot,For Sale,8 Marla,,,14 hours ago,Rs 61 Lacs,"F-17/2, Islamabad",Islamabad,OLX
https://www.olx.com.pk/item/1-kanal-plot-for-sale-in-multi-f-173-islamabad-all-facility-available-cda-pproved-sector-mpchs-iid-1118760665,Plot,For Sale,1 Kanal,,,14 hours ago,Rs 1.43 Crore,"F-17, Islamabad",Islamabad,OLX
https://www.olx.com.pk/item/8-marla-plot-for-sale-multi-f-17-islamabad-all-facility-available-cda-pproved-sector-mpchs-iid-1118760648,Plot,For Sale,8 Marla,,,14 hours ago,Rs 1.25 Crore,"F-17, Islamabad",Islamabad,OLX
https://www.olx.com.pk/item/10-marla-luxury-brand-new-house-for-sale-iid-1118760639,House,For Sale,10 Marla,6,6,14 hours ago,Rs 4 Crore,"F-17, Islamabad",Islamabad,OLX
https://www.olx.com.pk/item/2-bed-flat-for-sale-f-17-islamabad-bank-loan-possible-all-facility-available-cda-pproved-sector-hai-iid-1118760631,Flat,For Sale,800 SQFT,2,2,14 hours ago,Rs 76 Lacs,"F-17, Islamabad",Islamabad,OLX
https://www.olx.com.pk/item/12-marla-lop-plot-available-for-sale-iid-1117663111,Plot,For Sale,12 Marla,,,2 weeks ago,Rs 2.29 Crore,"Pakistan Town - Phase 2, Islamabad",Islamabad,OLX
https://www.olx.com.pk/item/f-141-35x70-10-marla-plot-for-sale-iid-1117775960,Plot,For Sale,"2,450 SQFT",,,3 weeks ago,Rs 1.35 Crore,"F-14/1, Islamabad",Islamabad,OLX
https://www.olx.com.pk/item/unit-for-sale-in-blue-area-islamabad-iid-1117726507,Other,For Sale,"2,000 SQFT",,,22 hours ago,Rs 13 Crore,"Blue Area, Islamabad",Islamabad,OLX
https://www.olx.com.pk/item/f-144-st-plot-14-marla-for-sale-iid-1116530765,Plot,For Sale,356 SQYD,,,6 days ago,Rs 1.45 Crore,"F-14, Islamabad",Islamabad,OLX
https://www.olx.com.pk/item/10-marla-3075-in-block-f-sun-face-plot-level-plot-no-electricity-wires-and-pools-residential-plot-available-for-sale-army-welfare-trust-awt-d-18-in-block-f-islamabad-iid-1117978177,Residential Plot,For Sale,10 Marla,,,2 days ago,Rs 58 Lacs,"AWT - Block F, Islamabad",Islamabad,OLX
https://www.olx.com.pk/item/on-excellent-location-1-kanal-house-available-for-sale-in-dha-phase-1-sector-a-islamabad-iid-1118450939,House,For Sale,1 Kanal,6,1,5 days ago,Rs 9.75 Crore,"DHA Phase 1 - Sector A, Islamabad",Islamabad,OLX
https://www.olx.com.pk/item/2-bed-ready-to-move-flat-for-sale-multi-f-17-islamabad-all-facility-available-cda-pproved-sector-mpchs-iid-1118760628,Flat,For Sale,900 SQFT,2,2,14 hours ago,Rs 69 Lacs,"F-17, Islamabad",Islamabad,OLX
https://www.olx.com.pk/item/1-kanal-corner-house-for-sale-in-multi-f-17-islamabad-all-facility-available-cda-pproved-sector-mpchs-iid-1118760623,House,For Sale,1 Kanal,6,6,14 hours ago,Rs 6.95 Crore,"F-17, Islamabad",Islamabad,OLX
https://www.olx.com.pk/item/9-marla-plot-for-sale-ttechs-f-17-islamabad-all-facility-available-iid-1118760619,Plot,For Sale,9 Marla,,,14 hours ago,Rs 63 Lacs,"F-17, Islamabad",Islamabad,OLX
https://www.olx.com.pk/item/5-marla-triple-storey-structure-house-for-sale-in-chattha-bakhtawar-iid-1118760348,House,For Sale,5 Marla,6,6,14 hours ago,Rs 2 Crore,"Chatha Bakhtawar, Islamabad",Islamabad,OLX
https://www.olx.com.pk/item/5-marla-plot-for-sale-new-chattha-bakhtawar-model-village-cda-isb-iid-1118760313,Villa,For Sale,5 Marla,,,14 hours ago,Rs 75 Lacs,"Chatha Bakhtawar, Islamabad",Islamabad,OLX
https://www.olx.com.pk/item/7-marla-corner-plot-for-sale-in-new-airport-town-isb-iid-1118760268,Plot,For Sale,7 Marla,,,14 hours ago,Rs 42 Lacs,"New Airport Town, Islamabad",Islamabad,OLX
https://www.olx.com.pk/item/5-marla-house-for-sale-in-g-6-iid-1118760256,House,For Sale,5 Marla,3,2,14 hours ago,Rs 4.50 Crore,"G-6/1, Islamabad",Islamabad,OLX
https://www.olx.com.pk/item/beautiful-brand-new-house-for-sale-in-g-62-iid-1118760242,House,For Sale,10 Marla,6,7,14 hours ago,Rs 13.50 Crore,"G-6/2, Islamabad",Islamabad,OLX
https://www.olx.com.pk/item/10-marla-old-house-for-sale-in-g-62-iid-1118760226,House,For Sale,10 Marla,4,3,14 hours ago,Rs 9.30 Crore,"G-6/2, Islamabad",Islamabad,OLX
https://www.olx.com.pk/item/4-marla-plot-for-sale-in-banigala-yar-muhammad-socity-iid-1118282266,Plot,For Sale,4 Marla,,,14 hours ago,Rs 28 Lacs,"Bani Gala, Islamabad",Islamabad,OLX
https://www.olx.com.pk/item/house-for-sale-in-g-6-iid-1118134007,House,For Sale,8 Marla,5,5,14 hours ago,Rs 7.25 Crore,"G-6/1, Islamabad",Islamabad,OLX
https://www.olx.com.pk/item/farm-house-is-available-for-sale-best-of-animals-business-iid-1117910004,Farm House,For Sale,22 Marla,1,1,14 hours ago,Rs 60 Lacs,"Rawat, Islamabad",Islamabad,OLX
https://www.olx.com.pk/item/g-132-st-34-double-story-used-house-30x60-for-sale-iid-1118759449,House,For Sale,200 SQYD,4,5,14 hours ago,Rs 5.50 Crore,"G-13, Islamabad",Islamabad,OLX
https://www.olx.com.pk/item/60x90-beautiful-level-plot-for-sale-in-echs-d18-islamabad-iid-1118759148,Plot,For Sale,1 Kanal,,,14 hours ago,Rs 1.65 Crore,"D-18, Islamabad",Islamabad,OLX
https://www.olx.com.pk/item/4-bedroom-duplex-apartment-for-sale-in-zarkon-heights-islamabad-iid-1118758913,Room,For Sale,"3,731 SQFT",4,6,15 hours ago,Rs 3.75 Crore,"Zarkon Heights, Islamabad",Islamabad,OLX
https://www.olx.com.pk/item/hot-deal-luxury-designer-house-for-sale-in-dha-phase-5-sector-f-prime-location-iid-1117571084,House,For Sale,10 Marla,5,6,4 weeks ago,Rs 6.60 Crore,"DHA Phase 5 - Sector F, Islamabad",Islamabad,OLX
https://www.olx.com.pk/item/beautiful-stunning-designer-brand-new-house-available-for-sale-iid-1118604780,House,For Sale,8 Marla,4,4,4 days ago,Rs 3.90 Crore,"B-17, Islamabad",Islamabad,OLX
https://www.olx.com.pk/item/best-income-rental-building-for-sale-20x30-mini-commercial-main-commercial-hub-iid-1116992222,Building,For Sale,470 SQFT,,,5 days ago,Rs 1.90 Crore,"Soan Garden, Islamabad",Islamabad,OLX
https://www.olx.com.pk/item/own-a-modern-cube-one-bed-apartment-at-a-reasonable-price-in-the-prime-location-of-bahria-enclave-islamabad-iid-1117902704,Apartment,For Sale,"1,080 SQFT",1,2,4 days ago,Rs 1.05 Crore,"Cube Apartments, Islamabad",Islamabad,OLX
https://www.olx.com.pk/item/corner-plots-for-sale-sector-i-164-plot-no-273-iid-1117803485,Plot,For Sale,"1,575 SQFT",,,4 days ago,Rs 1.25 Crore,"I-16/4, Islamabad",Islamabad,OLX
https://www.olx.com.pk/item/new-5-marla-double-story-house-demand-190-tahir-khan-visit-any-time-iid-1117709812,House,For Sale,5 Marla,6,6,3 weeks ago,Rs 1.89 Crore,"Ghauri Town Phase 4 C2, Islamabad",Islamabad,OLX
https://www.olx.com.pk/item/25x50-5-marla-plot-available-for-sale-in-g-153-islamabad-iid-1117775501,Plot,For Sale,"1,250 SQFT",,,3 weeks ago,Rs 1.40 Crore,"G-15/3, Islamabad",Islamabad,OLX
https://www.olx.com.pk/item/brand-new-luxury-apartment-1744-square-feet-2-bedrooms-apartment-for-sale-in-eighteen-islamabad-iid-1117915742,Room,For Sale,"1,744 SQFT",2,3,4 days ago,Rs 5.20 Crore,"Eighteen, Islamabad",Islamabad,OLX
https://www.olx.com.pk/item/a-great-choice-for-a-5-marla-house-available-in-burma-town-iid-1118130159,House,For Sale,5 Marla,Studio,1,5 days ago,Rs 1.70 Crore,"Burma Town, Islamabad",Islamabad,OLX
https://www.olx.com.pk/item/5-marla-level-plot-for-sale-in-cda-sector-i-15-prime-location-demand-85-lac-iid-1118758840,Plot,For Sale,5 Marla,,,15 hours ago,Rs 85 Lacs,"I-15, Islamabad",Islamabad,OLX
https://www.olx.com.pk/item/5-marla-house-for-sale-cda-sector-i-142-islambad-03488030330-demond-265-crore-iid-1118758809,House,For Sale,5 Marla,4,6,15 hours ago,Rs 2.65 Crore,"I-14, Islamabad",Islamabad,OLX
https://www.olx.com.pk/item/a-5-marla-house-located-in-national-police-foundation-o-9-is-available-for-sale-iid-1118277335,House,For Sale,5 Marla,4,4,15 hours ago,Rs 2 Crore,"National Police Foundation O-9, Islamabad",Islamabad,OLX
https://www.olx.com.pk/item/buy-a-115-marla-residential-plot-for-sale-in-cbr-town-phase-1-block-c-iid-1118277328,Residential Plot,For Sale,"2,587 SQFT",,,15 hours ago,Rs 2.54 Crore,"CBR Town Phase 1 - Block C, Islamabad",Islamabad,OLX
https://www.olx.com.pk/item/your-search-ends-right-here-with-the-beautiful-house-in-soan-garden-at-affordable-price-of-pkr-rs-50000000-iid-1118277326,House,For Sale,1 Kanal,6,6,15 hours ago,Rs 6 Crore,"Soan Garden, Islamabad",Islamabad,OLX
https://www.olx.com.pk/item/10-marla-house-in-pwd-housing-scheme-for-sale-iid-1118277324,House,For Sale,10 Marla,6,6,15 hours ago,Rs 3.50 Crore,"PWD Housing Scheme, Islamabad",Islamabad,OLX
https://www.olx.com.pk/item/house-of-7-marla-in-jinnah-gardens-is-available-iid-1118277316,House,For Sale,7 Marla,5,5,15 hours ago,Rs 3.50 Crore,"Jinnah Gardens, Islamabad",Islamabad,OLX
https://www.olx.com.pk/item/50x90-plot-for-sale-in-police-foundation-demand-190-crore-iid-1118277062,Plot,For Sale,"4,500 SQFT",,,15 hours ago,Rs 1.90 Crore,"National Police Foundation O-9, Islamabad",Islamabad,OLX
https://www.olx.com.pk/item/building-of-1050-square-feet-for-sale-in-pakistan-town-phase-1-iid-1118277035,Building,For Sale,"1,050 SQFT",,,15 hours ago,Rs 7.50 Crore,"Pakistan Town - Phase 1, Islamabad",Islamabad,OLX
https://www.olx.com.pk/item/3-side-corner-plaza-for-sale-pwd-commercial-markaz-iid-1118277024,Other,For Sale,5 Marla,,,15 hours ago,Rs 4.80 Crore,"PWD Road, Islamabad",Islamabad,OLX
https://www.olx.com.pk/item/5-marla-plot-for-sale-on-main-pwd-road-ideal-location-for-commercial-use-secure-your-future-with-a-profitable-investment-opportunity-iid-1118277018,Plot,For Sale,5 Marla,,,15 hours ago,Rs 5.50 Crore,"PWD Road, Islamabad",Islamabad,OLX
https://www.olx.com.pk/item/dha-phase-3-new-pindi-sector-k-street-43-plot-for-sale-iid-1118758605,Plot,For Sale,7 Marla,,,15 hours ago,Rs 1.30 Crore,"New Pindi Cooperative Housing Society, Islamabad",Islamabad,OLX
https://www.olx.com.pk/item/i-8-beautiful-dubal-storey-almost-new-house-in-rizinable-price-iid-1118758355,House,For Sale,10 Marla,6,6,15 hours ago,Rs 13 Crore,"I-8, Islamabad",Islamabad,OLX
https://www.olx.com.pk/item/solid-land-plot-for-sale-in-dha-5-islamabad-iid-1118758271,Plot,For Sale,20 Marla,,,15 hours ago,Rs 3.35 Crore,"DHA Defence Phase 5, Islamabad",Islamabad,OLX
https://www.olx.com.pk/item/owner-built-used-house-for-sale-in-g131-islamabad-with-solar-and-gas-connection-iid-1118758254,House,For Sale,"1,012 SQFT",4,5,15 hours ago,Rs 3.75 Crore,"G-13, Islamabad",Islamabad,OLX
https://www.olx.com.pk/item/flat-of-1450-square-feet-in-bahria-enclave-sector-h-is-available-iid-1117794023,Flat,For Sale,"1,450 SQFT",2,2,1 week ago,Rs 1.05 Crore,"Bahria Enclave - Sector H, Islamabad",Islamabad,OLX
https://www.olx.com.pk/item/main-double-road-double-unit-house-265-cr-f-block-sector-b17-islamabad-iid-1117376535,House,For Sale,5 Marla,Studio,6,4 weeks ago,Rs 2.65 Crore,"B-17, Islamabad",Islamabad,OLX
https://www.olx.com.pk/item/faisal-town-apollo-tower-1-bed-2-bed-3-bed-easy-installment-50-downpayment-50-installment-iid-1118663040,Other,For Sale,650 Marla,1,1,3 days ago,Rs 1.05 Crore,"Faisal Town - F-18, Islamabad",Islamabad,OLX
https://www.olx.com.pk/item/beautiful-house-iid-1118414094,House,For Sale,1 Kanal,5,6,6 days ago,Rs 14.50 Crore,"DHA Defence Phase 5, Islamabad",Islamabad,OLX
https://www.olx.com.pk/item/i-8-near-kachnar-park-triple-storey-with-extra-land-for-sale-iid-1118758182,Land,For Sale,14 Marla,6,6,15 hours ago,Rs 14 Crore,"I-8, Islamabad",Islamabad,OLX
https://www.olx.com.pk/item/boulevard-plot-allama-iqbal-avenue-30x60-size-iid-1118758107,Plot,For Sale,200 SQYD,,,15 hours ago,Rs 1.70 Crore,"Mumtaz City, Islamabad",Islamabad,OLX
https://www.olx.com.pk/item/6-marla-brand-new-double-storey-house-for-sale-iid-1118757898,House,For Sale,6 SQFT,5,6,15 hours ago,Rs 3 Crore,"I-14, Islamabad",Islamabad,OLX
https://www.olx.com.pk/item/top-city-block-a-short-corner-available-for-sale-at-best-price-iid-1118757891,Other,For Sale,10 Marla,,,15 hours ago,Rs 2.45 Crore,"Top City 1 - Block A, Islamabad",Islamabad,OLX
https://www.olx.com.pk/item/5-marla-grey-structure-house-for-sale-in-faisal-town-phase-1-iid-1118757741,House,For Sale,5 Marla,4,4,15 hours ago,Rs 1.95 Crore,"Faisal Town - F-18, Islamabad",Islamabad,OLX
https://www.olx.com.pk/item/3-bed-flat-for-sale-meher-apartments-iid-1118714628,Flat,For Sale,"1,200 SQFT",3,3,15 hours ago,Rs 1.60 Crore,"H-13, Islamabad",Islamabad,OLX
https://www.olx.com.pk/item/high-yield-commercial-outlet-investment-opportunity-dha-phase-1-islamabad-iid-1118591585,Other,For Sale,"1,604 SQFT",,,15 hours ago,Rs 13.63 Crore,"DHA Defence Phase 1, Islamabad",Islamabad,OLX
https://www.olx.com.pk/item/c-15-5090-plot-for-sale-iid-1117732306,Plot,For Sale,500 SQYD,,,15 hours ago,Rs 3.50 Crore,"C-15, Islamabad",Islamabad,OLX
https://www.olx.com.pk/item/c-15-5090-plot-for-sale-iid-1117732238,Plot,For Sale,500 SQYD,,,15 hours ago,Rs 3.50 Crore,"C-15, Islamabad",Islamabad,OLX
https://www.olx.com.pk/item/c-14-5090-plot-for-sale-iid-1117650986,Plot,For Sale,500 SQYD,,,15 hours ago,Rs 8.30 Crore,"C-14, Islamabad",Islamabad,OLX
https://www.olx.com.pk/item/c-15-5090-plot-for-sale-iid-1117650927,Plot,For Sale,500 SQYD,,,15 hours ago,Rs 3.25 Crore,"C-15, Islamabad",Islamabad,OLX
https://www.olx.com.pk/item/c-15-5090-plot-for-sale-cutting-area-back-of-marghalla-road-iid-1117650910,Plot,For Sale,500 SQYD,,,15 hours ago,Rs 4 Crore,"C-15, Islamabad",Islamabad,OLX
https://www.olx.com.pk/item/c-16-5090-plot-for-sale-iid-1117650813,Plot,For Sale,500 SQYD,,,15 hours ago,Rs 2.80 Crore,"C-16, Islamabad",Islamabad,OLX
https://www.olx.com.pk/item/c-16-5090-plot-for-sale-iid-1117650783,Plot,For Sale,500 SQYD,,,15 hours ago,Rs 2.25 Crore,"C-16, Islamabad",Islamabad,OLX
https://www.olx.com.pk/item/one-kanal-plot-in-sector-d-dha-phase-rawalpindi-iid-1118756942,Plot,For Sale,1 Kanal,,,15 hours ago,Rs 2.40 Crore,"DHA Defence Phase 4, Islamabad",Islamabad,OLX
https://www.olx.com.pk/item/11-marla-corner-3pal-story-plaza-for-sale-in-main-chakri-road-al-haram-city-rawalpindi-iid-1118185456,Other,For Sale,11 Marla,,,2 weeks ago,Rs 5.25 Crore,"Al-Haram City, Rawalpindi",Rawalpindi,OLX
https://www.olx.com.pk/item/3-marla-double-story-house-for-sale-in-gulshanabad-green-lane-iid-1118687616,House,For Sale,3 Marla,3,3,2 days ago,Rs 1.25 Crore,"Gulshan Abad Sector 1, Rawalpindi",Rawalpindi,OLX
https://www.olx.com.pk/item/5-marla-brand-new-house-for-sale-in-snober-city-green-villas-iid-1118545522,House,For Sale,5 Marla,3,3,1 day ago,Rs 1.37 Crore,"Snober City - Green Villas, Rawalpindi",Rawalpindi,OLX
https://www.olx.com.pk/item/3-bed-apartment-for-sale-askari-14-sector-d-rawalpindi-iid-1118786522,Apartment,For Sale,"2,500 SQFT",3,3,3 hours ago,Rs 3.50 Crore,"Askari 14, Rawalpindi",Rawalpindi,OLX
https://www.olx.com.pk/item/premium-investment-opportunity-silver-city-6-marla-commercial-plot-rawalpindi-rda-approved-iid-1117418215,Commercial Plot,For Sale,6 Marla,,,3 weeks ago,Rs 70 Lacs,"Silver City, Rawalpindi",Rawalpindi,OLX
https://www.olx.com.pk/item/already-rented-shop-available-for-sale-on-main-road-iid-1117980906,Shop,For Sale,190 SQFT,,,6 days ago,Rs 50 Lacs,"Saddar, Rawalpindi",Rawalpindi,OLX
https://www.olx.com.pk/item/building-in-bahria-town-phase-8-ali-block-for-sale-iid-1117940576,Building,For Sale,10 Marla,,,5 days ago,Rs 30 Crore,"Bahria Town Phase 8 - Ali Block, Rawalpindi",Rawalpindi,OLX
https://www.olx.com.pk/item/14-marla-4080-corner-prime-location-plot-for-sale-in-tulip-block-taj-residencia-ideal-location-best-investment-opportunity-demand-only-pkr-215-crore-iid-1118558417,Plot,For Sale,14 Marla,,,6 days ago,Rs 2.15 Crore,"Taj Residencia Housing Society, Rawalpindi",Rawalpindi,OLX
https://www.olx.com.pk/item/7-marla-double-unit-house-for-sale-in-pgshf-loan-option-available-iid-1117599539,House,For Sale,7 Marla,4,4,1 day ago,Rs 2.45 Crore,"Punjab Government Servant Housing Foundation (PGSHF), Rawalpindi",Rawalpindi,OLX
https://www.olx.com.pk/item/corner-5-marla-residential-plot-in-range-road-is-available-iid-1117853260,Residential Plot,For Sale,5 Marla,,,2 hours ago,Rs 2.25 Crore,"Range Road, Rawalpindi",Rawalpindi,OLX
https://www.olx.com.pk/item/2-bed-apartment-for-sale-in-askari-14-rawalpindi-iid-1118787579,Apartment,For Sale,"1,800 SQFT",2,2,2 hours ago,Rs 2.70 Crore,"Askari 14, Rawalpindi",Rawalpindi,OLX
https://www.olx.com.pk/item/beautiful-fully-renovated-house-for-sale-in-prime-location-of-bahria-town-phase-4-original-pics-iid-1118785895,House,For Sale,10 Marla,4,5,4 hours ago,Rs 4.25 Crore,"Bahria Town Phase 4, Rawalpindi",Rawalpindi,OLX
https://www.olx.com.pk/item/hotel-rooms-available-daily-weekly-or-monthly-iid-1118780898,Room,For Sale,350 SQFT,1,1,6 hours ago,Rs 5 Lac,"Kurri Road, Rawalpindi",Rawalpindi,OLX
https://www.olx.com.pk/item/2-bed-apartment-for-sale-in-bahria-town-phase-7-iid-1118774475,Apartment,For Sale,950 SQFT,2,2,9 hours ago,Rs 85 Lacs,"Bahria Town Phase 7, Rawalpindi",Rawalpindi,OLX
https://www.olx.com.pk/item/bahria-town-phase-8-sector-g-iid-1118772808,Other,For Sale,10 Marla,,,9 hours ago,Rs 95 Lacs,"Bahria Town Phase 8 - Block G, Rawalpindi",Rawalpindi,OLX
https://www.olx.com.pk/item/get-your-hands-on-residential-plot-in-rawalpindi-best-area-iid-1118317360,Residential Plot,For Sale,5 Marla,,,10 hours ago,Rs 17 Lacs,"Silver City, Rawalpindi",Rawalpindi,OLX
https://www.olx.com.pk/item/prominently-located-house-available-in-airport-housing-society-sector-4-for-sale-iid-1118673752,House,For Sale,5 Marla,4,5,10 hours ago,Rs 2.29 Crore,"Airport Housing Society - Sector 4, Rawalpindi",Rawalpindi,OLX
https://www.olx.com.pk/item/airport-housing-society-rwp-iid-1118673744,Other,For Sale,5 Marla,4,4,10 hours ago,Rs 1.99 Crore,"Airport Housing Society, Rawalpindi",Rawalpindi,OLX
https://www.olx.com.pk/item/get-in-touch-now-to-buy-a-5-marla-residential-plot-in-rawalpindi-iid-1118618847,Residential Plot,For Sale,5 Marla,,,10 hours ago,Rs 85 Lacs,"Airport Housing Society - Sector 4, Rawalpindi",Rawalpindi,OLX
https://www.olx.com.pk/item/owner-build-brand-new-house-for-sale-iid-1118770924,House,For Sale,8 Marla,6,6,10 hours ago,Rs 3.50 Crore,"Airport Housing Society, Rawalpindi",Rawalpindi,OLX
https://www.olx.com.pk/item/owner-build-brand-new-house-for-sale-iid-1118673716,House,For Sale,8 Marla,6,6,10 hours ago,Rs 3.70 Crore,"Airport Housing Society, Rawalpindi",Rawalpindi,OLX
https://www.olx.com.pk/item/brand-new-house-for-sale-iid-1118673704,House,For Sale,6 Marla,4,4,10 hours ago,Rs 2.29 Crore,"Airport Housing Society, Rawalpindi",Rawalpindi,OLX
https://www.olx.com.pk/item/brand-new-house-for-sale-iid-1118673695,House,For Sale,6 Marla,4,5,10 hours ago,Rs 2.50 Crore,"Airport Housing Society, Rawalpindi",Rawalpindi,OLX
https://www.olx.com.pk/item/reserve-a-centrally-located-house-in-rail-view-housing-society-iid-1118616720,House,For Sale,4 Marla,2,3,10 hours ago,Rs 1.14 Crore,"Rail View Housing Society, Rawalpindi",Rawalpindi,OLX
https://www.olx.com.pk/item/bahria-greens-overseas-enclave-bahria-phase-8-iid-1117501037,Other,For Sale,16 Marla,5,7,2 weeks ago,Rs 6.50 Crore,"Bahria Greens - Overseas Enclave, Rawalpindi",Rawalpindi,OLX
https://www.olx.com.pk/item/residential-plot-of-4875-square-feet-is-available-for-sale-in-bahria-spring-north-iid-1117940832,Residential Plot,For Sale,"4,875 SQFT",,,5 days ago,Rs 2.50 Crore,"Bahria Spring North, Rawalpindi",Rawalpindi,OLX
https://www.olx.com.pk/item/6-marla-double-story-house-for-sale-at-airport-housing-society-sector-4-iid-1117656942,House,For Sale,6 Marla,4,6,4 weeks ago,Rs 2.35 Crore,"Airport Housing Society - Sector 4, Rawalpindi",Rawalpindi,OLX
https://www.olx.com.pk/item/1-kanal-commercial-plot-for-sale-main-chak-beli-road-iid-1116935095,Commercial Plot,For Sale,20 Marla,,,3 weeks ago,Rs 1.65 Crore,"Chakbeli Road, Rawalpindi",Rawalpindi,OLX
https://www.olx.com.pk/item/1-kanal-plot-for-sale-in-rudn-enclave-a-block-near-ring-road-islamabad-iid-1118443099,Plot,For Sale,11 Kanal,,,2 days ago,Rs 95 Lacs,"Rudn Enclave - Block A, Rawalpindi",Rawalpindi,OLX
https://www.olx.com.pk/item/kanal-corner-plot-for-sale-in-phase-1-bahria-town-rawalpindi-iid-1118762269,Plot,For Sale,26 Marla,,,13 hours ago,Rs 4.50 Crore,"Bahria Town Phase 1, Rawalpindi",Rawalpindi,OLX
https://www.olx.com.pk/item/investor-alert-corner-6-marla-272-iid-1118765942,Other,For Sale,6 Marla,2,3,12 hours ago,Rs 1.70 Crore,"Range Road, Rawalpindi",Rawalpindi,OLX
https://www.olx.com.pk/item/cheapest-price-2-marla-house-on-girja-road-iid-1118760614,House,For Sale,2 Marla,3,2,14 hours ago,Rs 25 Lacs,"Girja Road, Rawalpindi",Rawalpindi,OLX
https://www.olx.com.pk/item/semi-commercial-shop-plus-house-very-low-price-iid-1118760599,House,For Sale,3 Marla,2,2,14 hours ago,Rs 62 Lacs,"Dhok Sayedan Road, Rawalpindi",Rawalpindi,OLX
https://www.olx.com.pk/item/dahi-mrla-beautiful-sasta-treen-home-urgent-sale-dont-miss-iid-1118760577,Other,For Sale,3 Marla,2,2,14 hours ago,Rs 32 Lacs,"Girja Road, Rawalpindi",Rawalpindi,OLX
https://www.olx.com.pk/item/semi-commercial-home-very-reasonable-price-dont-miss-iid-1118760559,Other,For Sale,4 Marla,3,2,14 hours ago,Rs 85 Lacs,"Dhok Sayedan Road, Rawalpindi",Rawalpindi,OLX
https://www.olx.com.pk/item/luxury-double-story-house-naqsha-pas-bazaar-ky-sath-prime-location-iid-1118760549,House,For Sale,"1,000 SQFT",6,4,14 hours ago,Rs 1.65 Crore,"Dhok Sayedan Road, Rawalpindi",Rawalpindi,OLX
https://www.olx.com.pk/item/dhok-sayedan-road-800-square-feet-house-up-for-sale-iid-1118760536,House,For Sale,800 SQFT,4,4,14 hours ago,Rs 68 Lacs,"Dhok Sayedan Road, Rawalpindi",Rawalpindi,OLX
https://www.olx.com.pk/item/sady-3-marla-luxury-dbl-story-mkn-urgent-house-for-sale-all-facility-iid-1118760520,House,For Sale,4 Marla,6,4,14 hours ago,Rs 1.20 Crore,"Bakra Mandi, Rawalpindi",Rawalpindi,OLX
https://www.olx.com.pk/item/misryal-road-brfkhana-maskeenabd-home-iid-1118760499,Other,For Sale,2 Marla,2,1,14 hours ago,Rs 29 Lacs,"Misryal Road, Rawalpindi",Rawalpindi,OLX
https://www.olx.com.pk/item/house-sized-5-marla-is-available-urgent-for-sale-on-chakri-road-iid-1118760480,House,For Sale,5 Marla,4,4,14 hours ago,Rs 50 Lacs,"Chakri Road, Rawalpindi",Rawalpindi,OLX
https://www.olx.com.pk/item/overseas-06-10-marla-brand-new-house-available-for-sale-iid-1118313095,House,For Sale,10 Marla,5,5,14 hours ago,Rs 4.80 Crore,"Bahria Greens - Overseas Enclave - Sector 3, Rawalpindi",Rawalpindi,OLX
https://www.olx.com.pk/item/7-marla-designer-house-available-for-sale-in-phase-8-umer-block-iid-1117742098,House,For Sale,7 Marla,5,6,14 hours ago,Rs 2.75 Crore,"Bahria Town Phase 8, Rawalpindi",Rawalpindi,OLX
https://www.olx.com.pk/item/two-bed-furnished-apartment-available-for-sale-iid-1117742077,Apartment,For Sale,850 SQFT,2,2,14 hours ago,Rs 89 Lacs,"Bahria Town Phase 7, Rawalpindi",Rawalpindi,OLX
https://www.olx.com.pk/item/house-5-marla-for-sale-in-bahria-town-phase-8-awami-villas-2-iid-1117742021,House,For Sale,5 Marla,2,1,14 hours ago,Rs 1.05 Crore,"Bahria Town Phase 8 - Awami Villas 2, Rawalpindi",Rawalpindi,OLX
https://www.olx.com.pk/item/10-marla-brand-new-plaza-for-sale-in-bahria-town-phase-8-rawalpindi-10-lakh-rent-iid-1118721969,Other,For Sale,10 Marla,,,15 hours ago,Rs 26 Crore,"Bahria Town Phase 8 - Safari Valley, Rawalpindi",Rawalpindi,OLX
https://www.olx.com.pk/item/8-marla-corner-25-marla-extra-land-safari-home-available-for-sale-in-bahria-town-phase-8-safari-home-sector-b-iid-1118721928,Land,For Sale,8 Marla,3,3,15 hours ago,Rs 2.65 Crore,"Bahria Town Phase 8 - Safari Homes, Rawalpindi",Rawalpindi,OLX
https://www.olx.com.pk/item/5-marla-plot-for-sale-chakri-road-gulshan-e-kashmir-rawalpindi-iid-1117195149,Plot,For Sale,5 Marla,,,2 weeks ago,Rs 10 Lacs,"Gulshan-e-Kashmir, Rawalpindi",Rawalpindi,OLX
https://www.olx.com.pk/item/bahria-town-phase-8-m-block-95-marla-brand-new-designer-house-iid-1117808818,House,For Sale,10 Marla,5,7,1 day ago,Rs 3.50 Crore,"Bahria Town Phase 8 - Block M, Rawalpindi",Rawalpindi,OLX
https://www.olx.com.pk/item/already-rented-shop-available-for-sale-on-main-road-iid-1117980943,Shop,For Sale,300 SQFT,,,6 days ago,Rs 1 Crore,"Bahria Town Phase 7, Rawalpindi",Rawalpindi,OLX
https://www.olx.com.pk/item/already-rented-shop-available-for-sale-on-main-road-iid-1117980917,Shop,For Sale,200 SQFT,,,6 days ago,Rs 50 Lacs,"Murree Road, Rawalpindi",Rawalpindi,OLX
https://www.olx.com.pk/item/3-marla-proper-double-unit-house-for-sale-3-bedrooms-2-kitchens-car-porch-near-masjid-commercial-iid-1118753958,Room,For Sale,3 Marla,3,3,17 hours ago,Rs 3.20 Crore,"Satellite Town - Block D, Rawalpindi",Rawalpindi,OLX
https://www.olx.com.pk/item/1-bedrooms-apartment-for-sale-iid-1117321156,Room,For Sale,565 SQFT,1,1,3 days ago,Rs 50 Lacs,"Bahria Town Phase 8, Rawalpindi",Rawalpindi,OLX
https://www.olx.com.pk/item/4-marla-plaza-for-sale-in-adiala-road-rawalpindi-iid-1118301215,Other,For Sale,4 Marla,,,15 hours ago,Rs 4.30 Crore,"Adiala Road, Rawalpindi",Rawalpindi,OLX
https://www.olx.com.pk/item/10-marla-ultra-designer-house-overseas-02-iid-1117742215,House,For Sale,10 Marla,5,5,15 hours ago,Rs 5.40 Crore,"Bahria Greens - Overseas Enclave - Sector 2, Rawalpindi",Rawalpindi,OLX
https://www.olx.com.pk/item/7-marla-residential-plot-in-bahria-town-phase-8-safari-valley-for-sale-at-good-location-iid-1117742197,Residential Plot,For Sale,7 Marla,,,15 hours ago,Rs 88 Lacs,"Bahria Town Phase 8 - Safari Valley, Rawalpindi",Rawalpindi,OLX
https://www.olx.com.pk/item/7-marla-designer-house-available-for-sale-in-usman-block-iid-1117742029,House,For Sale,7 Marla,5,6,15 hours ago,Rs 3.50 Crore,"Bahria Town Phase 8, Rawalpindi",Rawalpindi,OLX
https://www.olx.com.pk/item/13-marla-house-for-sale-gulraiz-face-four-iid-1118758947,House,For Sale,"1,500 SQFT",5,5,15 hours ago,Rs 3.30 Crore,"Gulraiz Housing Society Phase 4, Rawalpindi",Rawalpindi,OLX
https://www.olx.com.pk/item/brand-new-fully-furnished-house-for-sale-iid-1118758860,House,For Sale,24 Marla,5,6,15 hours ago,Rs 22.75 Crore,"Bahria Intellectual Village, Rawalpindi",Rawalpindi,OLX
https://www.olx.com.pk/item/reserve-a-house-of-12-marla-now-in-media-town-iid-1118277311,House,For Sale,12 Marla,6,6,15 hours ago,Rs 5.70 Crore,"Media Town, Rawalpindi",Rawalpindi,OLX
https://www.olx.com.pk/item/get-your-dream-house-in-gulzar-e-quaid-housing-society-gulzar-e-quaid-housing-society-iid-1118277182,House,For Sale,10 Marla,6,6,15 hours ago,Rs 4.59 Crore,"Gulzar-e-Quaid Housing Society, Rawalpindi",Rawalpindi,OLX
https://www.olx.com.pk/item/beautiful-6-marla-double-storey-house-available-for-sale-in-media-town-iid-1118277027,House,For Sale,6 Marla,4,4,15 hours ago,Rs 3.50 Crore,"Media Town - Block A, Rawalpindi",Rawalpindi,OLX
https://www.olx.com.pk/item/2-bed-luxury-apartment-for-sale-bahria-town-phase-8-iid-1117742332,Apartment,For Sale,"1,000 SQFT",2,2,15 hours ago,Rs 80 Lacs,"Bahria Town Phase 8, Rawalpindi",Rawalpindi,OLX
https://www.olx.com.pk/item/16-marla-corner-commercial-iid-1118757582,Other,For Sale,16 Marla,,,15 hours ago,Rs 2.25 Crore,"Rawat Industrial Estate, Rawalpindi",Rawalpindi,OLX
https://www.olx.com.pk/item/ali-block-5-marla-house-for-sale-iid-1117742305,House,For Sale,5 Marla,3,3,15 hours ago,Rs 1.85 Crore,"Bahria Town Phase 8, Rawalpindi",Rawalpindi,OLX
https://www.olx.com.pk/item/900-square-feet-flat-situated-in-bahria-business-district-for-sale-iid-1117741945,Flat,For Sale,900 SQFT,2,2,15 hours ago,Rs 80 Lacs,"Bahria Business District, Rawalpindi",Rawalpindi,OLX
https://www.olx.com.pk/item/centrally-located-house-in-bahria-town-phase-8-abu-bakar-block-is-available-for-sale-iid-1117741936,House,For Sale,7 Marla,Studio,1,15 hours ago,Rs 2.40 Crore,"Bahria Town Phase 8 - Abu Bakar Block, Rawalpindi",Rawalpindi,OLX
https://www.olx.com.pk/item/house-5-marla-for-sale-in-bahria-town-phase-8-awami-villas-2-iid-1117741928,House,For Sale,5 Marla,2,1,15 hours ago,Rs 95 Lacs,"Bahria Town Phase 8 - Awami Villas 2, Rawalpindi",Rawalpindi,OLX
https://www.olx.com.pk/item/5-marla-designer-house-available-for-sale-in-m-sector-iid-1117742032,House,For Sale,5 Marla,3,4,15 hours ago,Rs 2.20 Crore,"Bahria Town Phase 8, Rawalpindi",Rawalpindi,OLX
https://www.olx.com.pk/item/punjab-housing-society-adyala-road-rawalpindi-iid-1117854097,Other,For Sale,24 Marla,,,5 days ago,Rs 1.50 Crore,"Punjab Government Servant Housing Foundation (PGSHF), Rawalpindi",Rawalpindi,OLX
https://www.olx.com.pk/item/beautifully-constructed-residential-plot-is-available-for-sale-in-bahria-town-phase-8-block-i-iid-1117472620,Residential Plot,For Sale,10 Marla,,,2 weeks ago,Rs 1.14 Crore,"Bahria Town Phase 8 - Block I, Rawalpindi",Rawalpindi,OLX
https://www.olx.com.pk/item/one-bed-apartment-available-for-sale-iid-1118313079,Apartment,For Sale,530 SQFT,1,1,15 hours ago,Rs 55 Lacs,"Bahria Town Phase 7, Rawalpindi",Rawalpindi,OLX
https://www.olx.com.pk/item/bahria-town-phase-8-a-block-1-kanal-top-heighted-plot-solid-level-land-asking-2-crore-final-195-iid-1117994614,Plot,For Sale,1 Kanal,,,1 week ago,Rs 1.95 Crore,"Bahria Town Phase 8 - Block A, Rawalpindi",Rawalpindi,OLX
https://www.olx.com.pk/item/a-centrally-located-house-is-available-for-sale-in-rawalpindi-iid-1117657840,House,For Sale,11 Marla,5,6,3 days ago,Rs 2.95 Crore,"Bahria Town Phase 8 - Umer Block, Rawalpindi",Rawalpindi,OLX
https://www.olx.com.pk/item/45-marla-single-storey-house-for-sale-on-installment-plan-very-ideal-location-opp-panjab-housing-scheme-iid-1118453024,House,For Sale,"1,125 SQFT",2,2,15 hours ago,Rs 75 Lacs,"Adiala Road, Rawalpindi",Rawalpindi,OLX
https://www.olx.com.pk/item/one-bed-apartment-available-for-sale-iid-1117741959,Apartment,For Sale,520 SQFT,1,1,15 hours ago,Rs 65 Lacs,"Bahria Town Phase 7, Rawalpindi",Rawalpindi,OLX
https://www.olx.com.pk/item/4-beds-house-available-for-sale-in-askari-14-rawalpindi-iid-1118757413,House,For Sale,12 Marla,4,5,15 hours ago,Rs 6.80 Crore,"Askari 14, Rawalpindi",Rawalpindi,OLX
https://www.olx.com.pk/item/45-marla-single-storey-house-for-sale-on-installments-plan-adiala-road-abhid-homes-colony-opposte-panjab-housing-scheme-rawalpindi-iid-1118569922,House,For Sale,"1,125 SQFT",2,2,15 hours ago,Rs 75 Lacs,"Adiala Road, Rawalpindi",Rawalpindi,OLX
https://www.olx.com.pk/item/5-marla-plot-available-on-very-ideal-location-near-foundation-university-and-ayoub-national-parknew-lalazar-rawalpindi-cantt-iid-1118452955,Plot,For Sale,"1,250 SQFT",,,15 hours ago,Rs 90 Lacs,"New Lalazar, Rawalpindi",Rawalpindi,OLX
https://www.olx.com.pk/item/7-marla-plot-for-sale-on-very-ideal-location-near-ayoub-national-park-and-main-gt-road-foundation-university-lane-04-new-lalazar-rawalpindi-cantt-iid-1118452940,Plot,For Sale,"1,750 SQFT",,,15 hours ago,Rs 1.30 Crore,"New Lalazar, Rawalpindi",Rawalpindi,OLX
https://www.olx.com.pk/item/3-marla-plot-for-sale-on-very-ideal-location-lalazar-near-foundation-university-opposite-ayoub-national-park-rose-lane-4-rawalpindi-cantt-iid-1118452896,Plot,For Sale,750 SQFT,,,15 hours ago,Rs 55 Lacs,"Lalazar, Rawalpindi",Rawalpindi,OLX
https://www.olx.com.pk/item/4-marla-plots-near-foundation-university-new-lalazar-opp-ayoub-national-park-rawalpindi-cantt-iid-1118452857,Plot,For Sale,"1,000 SQFT",,,15 hours ago,Rs 74 Lacs,"Lalazar, Rawalpindi",Rawalpindi,OLX
https://www.olx.com.pk/item/5-marla-awami-villa-1-for-sale-bahria-town-islamabad-iid-1118430301,Villa,For Sale,5 Marla,2,2,15 hours ago,Rs 1.08 Crore,"Bahria Town Phase 8, Rawalpindi",Rawalpindi,OLX
https://www.olx.com.pk/item/house-for-sale-5-marla-fully-designer-double-unit-bahria-town-islamabad-iid-1118430294,House,For Sale,5 Marla,4,4,15 hours ago,Rs 2.50 Crore,"Bahria Town Phase 8, Rawalpindi",Rawalpindi,OLX
https://www.olx.com.pk/item/5-marla-single-storey-safari-home-sector-f-for-sale-bahria-town-islamabad-iid-1118430289,Other,For Sale,5 Marla,2,2,15 hours ago,Rs 1.20 Crore,"Bahria Town Phase 8, Rawalpindi",Rawalpindi,OLX
https://www.olx.com.pk/item/5-storey-commercial-plaza-for-sale-investor-price-bahria-town-islamabad-iid-1118430287,Other,For Sale,5 Marla,,,15 hours ago,Rs 7.80 Crore,"Bahria Town Phase 8, Rawalpindi",Rawalpindi,OLX
https://www.olx.com.pk/item/kanal-triple-unit-fully-furnished-luxury-house-for-sale-in-bahria-town-islamabad-swimming-pool-cinema-hall-iid-1118430280,House,For Sale,1 Kanal,5,6,15 hours ago,Rs 25 Crore,"Bahria Town Phase 3, Rawalpindi",Rawalpindi,OLX
https://www.olx.com.pk/item/5-marla-designer-house-for-sale-in-bahria-town-islamabad-4-beds-a-construction-iid-1118430075,House,For Sale,5 Marla,3,4,15 hours ago,Rs 2.50 Crore,"Bahria Town Phase 8, Rawalpindi",Rawalpindi,OLX
https://www.olx.com.pk/item/5-marla-ultra-deisgner-house-for-sale-bahria-town-islamabad-iid-1118430068,House,For Sale,5 Marla,3,4,15 hours ago,Rs 2.45 Crore,"Bahria Town Phase 8, Rawalpindi",Rawalpindi,OLX
https://www.olx.com.pk/item/bahria-town-5-marla-plot-for-sale-iid-1117995909,Plot,For Sale,5 Marla,,,3 weeks ago,Rs 63 Lacs,"Bahria Town Phase 8 - Block L, Rawalpindi",Rawalpindi,OLX
https://www.olx.com.pk/item/5-marla-commercial-plot-for-sale-iid-1118419863,Commercial Plot,For Sale,5 Marla,,,1 week ago,Rs 30 Lacs,"Silver City - Sector A, Rawalpindi",Rawalpindi,OLX
https://www.olx.com.pk/item/10-marla-25-story-house-for-sale-iid-1116753811,House,For Sale,10 Marla,6,7,4 weeks ago,Rs 4.80 Crore,"Khayaban-e-Tanveer, Rawalpindi",Rawalpindi,OLX
https://www.olx.com.pk/item/1-bed-flat-for-sale-bahria-town-phase-7-front-of-dha-bridge-iid-1113967860,Flat,For Sale,523 SQFT,1,1,2 weeks ago,Rs 28 Lacs,"Bahria Mini Commercial Center, Rawalpindi",Rawalpindi,OLX
https://www.olx.com.pk/item/plaza-for-sale-bahria-town-civic-investors-rate-iid-1117321387,Other,For Sale,6 Marla,,,3 days ago,Rs 15.50 Crore,"Bahria Town Phase 4, Rawalpindi",Rawalpindi,OLX
https://www.olx.com.pk/item/investor-price-5-marla-slightly-used-house-for-sale-bahria-town-islamabad-completion-2026-iid-1118430065,House,For Sale,5 Marla,4,4,15 hours ago,Rs 1.80 Crore,"Bahria Town Phase 8, Rawalpindi",Rawalpindi,OLX
https://www.olx.com.pk/item/plaza-for-sale-16-marla-prime-location-brand-new-bahria-town-islamabad-iid-1118430064,Other,For Sale,16 Marla,,,15 hours ago,Rs 45 Crore,"Bahria Town Phase 8, Rawalpindi",Rawalpindi,OLX
https://www.olx.com.pk/item/7-marla-fully-designer-double-unit-house-bahria-town-islamabad-iid-1118430061,House,For Sale,7 Marla,5,6,15 hours ago,Rs 3.30 Crore,"Bahria Town Phase 8, Rawalpindi",Rawalpindi,OLX
https://www.olx.com.pk/item/cda-sector-c-kanal-plot-for-sale-islamabad-iid-1118430057,Plot,For Sale,1 Kanal,,,15 hours ago,Rs 2.10 Crore,"Qurtaba City Block C, Rawalpindi",Rawalpindi,OLX
https://www.olx.com.pk/item/investor-price-10-marla-single-unit-house-for-sale-bahria-town-phase-8-rawalpindi-iid-1118430054,House,For Sale,10 Marla,4,5,15 hours ago,Rs 3.40 Crore,"Bahria Town Phase 8, Rawalpindi",Rawalpindi,OLX
https://www.olx.com.pk/item/7-marla-fully-designer-double-unit-house-for-sale-bahria-town-phase-8-islamabad-iid-1118430052,House,For Sale,7 Marla,5,5,15 hours ago,Rs 2.85 Crore,"Bahria Town Phase 8, Rawalpindi",Rawalpindi,OLX
https://www.olx.com.pk/item/7-marla-ultra-luxurious-fully-furnished-single-unit-house-for-sale-bahria-town-islamabad-iid-1118430049,House,For Sale,7 Marla,4,6,15 hours ago,Rs 3.65 Crore,"Bahria Town Phase 8, Rawalpindi",Rawalpindi,OLX
https://www.olx.com.pk/item/furnished-office-for-sale-800-sq-ft-dha-sector-f-iid-1118430045,Office,For Sale,800 SQFT,,,15 hours ago,Rs 1.30 Crore,"Bahria Town Phase 7, Rawalpindi",Rawalpindi,OLX
https://www.olx.com.pk/item/7-marla-designer-house-mezzanine-floor-registry-available-investor-price-house-iid-1118430042,House,For Sale,7 Marla,5,6,15 hours ago,Rs 3.20 Crore,"Bahria Town Phase 8, Rawalpindi",Rawalpindi,OLX
https://www.olx.com.pk/item/1-bed-room-apartment-new-building-iid-1118714719,Room,For Sale,530 SQFT,1,1,15 hours ago,Rs 55.50 Lacs,"Bahria Town Phase 7, Rawalpindi",Rawalpindi,OLX
https://www.olx.com.pk/item/7-marla-brand-new-condition-house-for-sale-iid-1118714714,House,For Sale,7 Marla,5,6,15 hours ago,Rs 2.25 Crore,"Bahria Town Phase 8 - Umer Block, Rawalpindi",Rawalpindi,OLX
https://www.olx.com.pk/item/7-marla-usman-block-used-house-for-sale-iid-1118714712,House,For Sale,7 Marla,5,6,15 hours ago,Rs 2.50 Crore,"Bahria Town Phase 8 - Usman Block, Rawalpindi",Rawalpindi,OLX
https://www.olx.com.pk/item/5-marla-furnished-house-for-sale-in-m-block-iid-1118714705,House,For Sale,5 Marla,3,4,15 hours ago,Rs 1.78 Crore,"Bahria Town Phase 8 - Block M, Rawalpindi",Rawalpindi,OLX
https://www.olx.com.pk/item/10-marla-slightly-used-house-for-sale-iid-1118714700,House,For Sale,10 Marla,5,5,15 hours ago,Rs 3.45 Crore,"Bahria Town Phase 8, Rawalpindi",Rawalpindi,OLX
https://www.olx.com.pk/item/10-marla-plot-i-block-for-sale-iid-1118714695,Plot,For Sale,10 Marla,,,15 hours ago,Rs 1.25 Crore,"Bahria Town Phase 8, Rawalpindi",Rawalpindi,OLX
https://www.olx.com.pk/item/best-location-5-marla-plot-for-sale-iid-1118714692,Plot,For Sale,5 Marla,,,15 hours ago,Rs 65 Lacs,"Bahria Town Phase 8, Rawalpindi",Rawalpindi,OLX
https://www.olx.com.pk/item/two-bed-for-sale-iid-1118714687,Other,For Sale,990 SQFT,2,2,15 hours ago,Rs 73 Lacs,"Bahria Town Phase 8, Rawalpindi",Rawalpindi,OLX
https://www.olx.com.pk/item/5-marla-plot-for-sale-iid-1118714679,Plot,For Sale,5 Marla,,,15 hours ago,Rs 65 Lacs,"Bahria Town Phase 8, Rawalpindi",Rawalpindi,OLX
https://www.olx.com.pk/item/sector-g-umer-block-bulay-ward-plot-for-sale-iid-1118714677,Plot,For Sale,10 Marla,,,15 hours ago,Rs 1.30 Crore,"Bahria Town Phase 8, Rawalpindi",Rawalpindi,OLX
https://www.olx.com.pk/item/10-marla-reasonable-house-for-sale-iid-1118714676,House,For Sale,10 Marla,5,6,15 hours ago,Rs 3.48 Crore,"Bahria Town Phase 8, Rawalpindi",Rawalpindi,OLX
https://www.olx.com.pk/item/get-your-hands-on-house-in-rawalpindi-best-area-iid-1118714674,House,For Sale,10 Marla,5,6,15 hours ago,Rs 3.40 Crore,"Bahria Town Phase 8, Rawalpindi",Rawalpindi,OLX
https://www.olx.com.pk/item/reasonable-10-marla-plot-for-sale-iid-1118714669,Plot,For Sale,10 Marla,,,15 hours ago,Rs 70 Lacs,"Bahria Town Phase 8, Rawalpindi",Rawalpindi,OLX
https://www.olx.com.pk/item/10-marla-plot-for-sale-iid-1118714665,Plot,For Sale,10 Marla,,,15 hours ago,Rs 80 Lacs,"Bahria Town Phase 8, Rawalpindi",Rawalpindi,OLX
https://www.olx.com.pk/item/reasonable-5-marla-plot-for-sale-iid-1118714658,Plot,For Sale,5 Marla,,,15 hours ago,Rs 48 Lacs,"Bahria Town Phase 8, Rawalpindi",Rawalpindi,OLX
https://www.olx.com.pk/item/reasonable-5marla-plot-for-sale-iid-1118714657,Plot,For Sale,5 Marla,,,15 hours ago,Rs 55 Lacs,"Bahria Town Phase 8, Rawalpindi",Rawalpindi,OLX
https://www.olx.com.pk/item/reasonable-10-marla-plot-for-sale-iid-1118714652,Plot,For Sale,10 Marla,,,15 hours ago,Rs 75 Lacs,"Bahria Town Phase 8, Rawalpindi",Rawalpindi,OLX
https://www.olx.com.pk/item/reasonable-10-merla-plot-best-option-iid-1118714647,Plot,For Sale,10 Marla,,,15 hours ago,Rs 85 Lacs,"Bahria Town Phase 8, Rawalpindi",Rawalpindi,OLX
https://www.olx.com.pk/item/10-marla-plot-for-sale-iid-1118714643,Plot,For Sale,10 Marla,,,15 hours ago,Rs 90 Lacs,"Bahria Town Phase 8, Rawalpindi",Rawalpindi,OLX
https://www.olx.com.pk/item/10-marla-plot-for-sale-iid-1118714634,Plot,For Sale,10 Marla,,,15 hours ago,Rs 97 Lacs,"Bahria Town Phase 8, Rawalpindi",Rawalpindi,OLX
https://www.olx.com.pk/item/10-marla-plot-for-sale-iid-1118714632,Plot,For Sale,10 Marla,,,15 hours ago,Rs 1.12 Crore,"Bahria Town Phase 8, Rawalpindi",Rawalpindi,OLX
https://www.olx.com.pk/item/furnished-one-apartment-for-sale-iid-1118714626,Apartment,For Sale,500 SQFT,1,1,15 hours ago,Rs 54 Lacs,"Bahria Town Phase 7, Rawalpindi",Rawalpindi,OLX
https://www.olx.com.pk/item/prime-location-1-kanal-triple-story-house-for-sale-main-boulevard-bahria-town-iid-1118714620,House,For Sale,20 Marla,6,7,15 hours ago,Rs 7 Crore,"Bahria Town Phase 4, Rawalpindi",Rawalpindi,OLX
https://www.olx.com.pk/item/5-marla-prime-plot-for-sale-in-bahria-town-phase-8-solid-land-ready-for-construction-iid-1118714616,Plot,For Sale,5 Marla,,,15 hours ago,Rs 67 Lacs,"Bahria Town Phase 8 - Sector E-3, Rawalpindi",Rawalpindi,OLX
https://www.olx.com.pk/item/5-marla-solid-land-plot-for-sale-in-bahria-town-phase-8-i-block-prime-location-iid-1118714613,Plot,For Sale,5 Marla,,,15 hours ago,Rs 64 Lacs,"Bahria Town Phase 8 - Block I, Rawalpindi",Rawalpindi,OLX
https://www.olx.com.pk/item/10-marla-almost-brand-new-house-for-sale-in-f-1-bahria-town-phase-8-rawalpindi-iid-1118714609,House,For Sale,10 Marla,5,6,15 hours ago,Rs 4.09 Crore,"Bahria Town Phase 8 - Sector F-1, Rawalpindi",Rawalpindi,OLX
https://www.olx.com.pk/item/7-marla-residential-plot-for-sale-in-ali-block-bahria-town-phase-8-rawalpindi-iid-1118714605,Residential Plot,For Sale,7 Marla,,,15 hours ago,Rs 1 Crore,"Bahria Town Phase 8 - Ali Block, Rawalpindi",Rawalpindi,OLX
https://www.olx.com.pk/item/luxury-10-marla-brand-new-designer-house-in-main-boulevard-for-sale-in-f-1-bahria-town-phase-8-iid-1118714597,House,For Sale,10 Marla,5,6,15 hours ago,Rs 4.84 Crore,"Bahria Town Phase 8 - Sector F-1, Rawalpindi",Rawalpindi,OLX
https://www.olx.com.pk/item/spacious-3-bed-apartment-for-sale-in-sector-6-askari-14-rawalpindi-iid-1118714594,Apartment,For Sale,"2,650 SQFT",3,4,15 hours ago,Rs 3.40 Crore,"Askari 14, Rawalpindi",Rawalpindi,OLX
https://www.olx.com.pk/item/5-marla-brand-new-house-for-sale-in-m-block-iid-1118714592,House,For Sale,5 Marla,3,4,15 hours ago,Rs 2.25 Crore,"Bahria Town Phase 8 - Block M, Rawalpindi",Rawalpindi,OLX
https://www.olx.com.pk/item/7-marla-plot-for-sale-iid-1118714579,Plot,For Sale,7 Marla,,,15 hours ago,Rs 75 Lacs,"Bahria Town Phase 8, Rawalpindi",Rawalpindi,OLX
https://www.olx.com.pk/item/1-bedroom-apartment-for-sale-in-bahria-heights-2-ext-iid-1118714575,Room,For Sale,840 SQFT,1,2,15 hours ago,Rs 1.45 Crore,"Bahria Heights II Extension, Rawalpindi",Rawalpindi,OLX
https://www.olx.com.pk/item/for-sale-bahria-town-rawalpindi-phase-8-usman-block-iid-1118714571,Other,For Sale,7 Marla,4,5,15 hours ago,Rs 2.35 Crore,"Bahria Town Phase 8 - Usman Block, Rawalpindi",Rawalpindi,OLX
https://www.olx.com.pk/item/awami-vila-2-apartment-ground-floor-iid-1118714566,Apartment,For Sale,800 SQFT,2,1,15 hours ago,Rs 80 Lacs,"Bahria Town Phase 8 - Awami Villas 2, Rawalpindi",Rawalpindi,OLX
https://www.olx.com.pk/item/10-marla-luxury-house-for-sale-iid-1118591583,House,For Sale,10 Marla,5,6,15 hours ago,Rs 4.40 Crore,"Bahria Town Phase 3, Rawalpindi",Rawalpindi,OLX
https://www.olx.com.pk/item/5-marla-house-for-sale-iid-1118591558,House,For Sale,5 Marla,3,3,15 hours ago,Rs 1.98 Crore,"Bahria Town Phase 8, Rawalpindi",Rawalpindi,OLX
https://www.olx.com.pk/item/beautiful-new-house-for-sale-iid-1118591556,House,For Sale,7 Marla,5,5,15 hours ago,Rs 2.60 Crore,"Bahria Town Phase 8, Rawalpindi",Rawalpindi,OLX
https://www.olx.com.pk/item/investors-price-5-marla-double-storey-3-bed-house-available-for-sell-in-gulraiz-iid-1118756732,House,For Sale,5 Marla,3,3,15 hours ago,Rs 1.30 Crore,"Gulraiz Housing Scheme, Rawalpindi",Rawalpindi,OLX
https://www.olx.com.pk/item/very-investors-price-10-marla-single-story-house-available-for-sell-in-gulraiz-iid-1118227416,House,For Sale,10 Marla,2,2,15 hours ago,Rs 2.10 Crore,"Gulraiz Housing Scheme, Rawalpindi",Rawalpindi,OLX
https://www.olx.com.pk/item/brand-new-10-marla-luxurious-house-for-sell-in-gulraiz-phase-2-with-all-facilities-iid-1118227372,House,For Sale,10 Marla,6,6,15 hours ago,Rs 5.60 Crore,"Gulraiz Housing Society Phase 2, Rawalpindi",Rawalpindi,OLX
https://www.olx.com.pk/item/brand-new-luxurious-5-marla-double-story-house-available-for-sell-in-gulraiz-phase-2-iid-1118756610,House,For Sale,5 Marla,4,4,15 hours ago,Rs 2.70 Crore,"Gulraiz Housing Scheme, Rawalpindi",Rawalpindi,OLX
https://www.olx.com.pk/item/minara-residency-gt-road-rawalpindi-iid-1118559484,Other,For Sale,"1,760 SQFT",2,3,15 hours ago,Rs 1.80 Crore,"Star Avenue - Rabia Residency, Rawalpindi",Rawalpindi,OLX
https://www.olx.com.pk/item/5-marla-double-story-4-bed-house-available-for-sell-in-gulraiz-iid-1118227365,House,For Sale,5 Marla,4,4,15 hours ago,Rs 2.20 Crore,"Gulraiz Housing Scheme, Rawalpindi",Rawalpindi,OLX
https://www.olx.com.pk/item/very-prime-located-brand-new-5-marla-double-storey-house-for-sell-in-gulraiz-iid-1118756519,House,For Sale,5 Marla,4,4,16 hours ago,Rs 2.70 Crore,"Gulraiz Housing Scheme, Rawalpindi",Rawalpindi,OLX
https://www.olx.com.pk/item/3-beds-apartment-askari-14-rawalpindi-iid-1118559449,Apartment,For Sale,10 Marla,3,4,16 hours ago,Rs 3.70 Crore,"Askari 14, Rawalpindi",Rawalpindi,OLX
https://www.olx.com.pk/item/10-m-5-beds-house-on-defence-road-rawalpindi-iid-1118559395,House,For Sale,10 Marla,5,6,16 hours ago,Rs 2.50 Crore,"Defence Road, Rawalpindi",Rawalpindi,OLX
https://www.olx.com.pk/item/4-beds-newly-constructed-designer-house-iid-1118559326,House,For Sale,5 Marla,4,5,16 hours ago,Rs 1.85 Crore,"Defence Road, Rawalpindi",Rawalpindi,OLX
https://www.olx.com.pk/item/one-kanal-residential-plot-in-clifton-town-rawalpindi-iid-1118559194,Residential Plot,For Sale,20 Marla,,,16 hours ago,Rs 1.50 Crore,"Clifton Township, Rawalpindi",Rawalpindi,OLX
https://www.olx.com.pk/item/3-beds-luxurious-apartments-in-heart-of-rawalpindi-iid-1118559143,Apartment,For Sale,"2,360 SQFT",3,4,16 hours ago,Rs 5 Lac,"Askari 14, Rawalpindi",Rawalpindi,OLX
https://www.olx.com.pk/item/2700-sqft-covered-area-apartment-in-askari-13-a-prime-location-in-the-heart-of-rawalpindi-iid-1118559130,Apartment,For Sale,"2,700 SQFT",3,4,16 hours ago,Rs 4.59 Crore,"Askari 13, Rawalpindi",Rawalpindi,OLX
https://www.olx.com.pk/item/capital-smart-city-4-marla-com-sector-a-iid-1118176093,Other,For Sale,4 Marla,,,16 hours ago,Rs 1.30 Crore,"Capital Smart City, Rawalpindi",Rawalpindi,OLX
https://www.olx.com.pk/item/capital-smart-city-2-kanal-plot-iid-1118176089,Plot,For Sale,2 Kanal,,,16 hours ago,Rs 1.50 Crore,"Capital Smart City, Rawalpindi",Rawalpindi,OLX
https://www.olx.com.pk/item/5-marla-plot-on-instalments-in-capital-smart-city-iid-1118176080,Plot,For Sale,5 Marla,,,16 hours ago,Rs 29.90 Lacs,"Capital Smart City, Rawalpindi",Rawalpindi,OLX
https://www.olx.com.pk/item/your-ideal-7-marla-residential-plot-has-just-become-available-in-capital-smart-city-iid-1118176066,Residential Plot,For Sale,7 Marla,,,16 hours ago,Rs 36.90 Lacs,"Capital Smart City, Rawalpindi",Rawalpindi,OLX
https://www.olx.com.pk/item/1-kanal-plot-for-sale-in-overseas-city-capital-smart-iid-1118176064,Plot,For Sale,1 Kanal,,,16 hours ago,Rs 87 Lacs,"Capital Smart City Overseas, Rawalpindi",Rawalpindi,OLX
https://www.olx.com.pk/item/capital-smart-city-10-marla-plot-iid-1118176054,Plot,For Sale,10 Marla,,,16 hours ago,Rs 65 Lacs,"Capital Smart City, Rawalpindi",Rawalpindi,OLX
https://www.olx.com.pk/item/capital-smart-city-7-marla-plot-for-sale-iid-1118176052,Plot,For Sale,7 Marla,,,16 hours ago,Rs 25.90 Lacs,"Capital Smart City, Rawalpindi",Rawalpindi,OLX
https://www.olx.com.pk/item/ready-to-buy-a-residential-plot-in-capital-smart-city-capital-smart-city-iid-1118755242,Residential Plot,For Sale,5 Marla,,,16 hours ago,Rs 33.39 Lacs,"Capital Smart City, Rawalpindi",Rawalpindi,OLX
https://www.olx.com.pk/item/10-marla-ovs-east-c-block-park-face-available-for-sale-iid-1118755231,Other,For Sale,10 Marla,,,16 hours ago,Rs 65 Lacs,"Capital Smart City, Rawalpindi",Rawalpindi,OLX
https://www.olx.com.pk/item/5-marla-villa-20-down-payment-iid-1118175975,Villa,For Sale,5 Marla,4,4,16 hours ago,Rs 1.85 Crore,"Capital Smart City, Rawalpindi",Rawalpindi,OLX
https://www.olx.com.pk/item/5-marla-capital-smart-city-iid-1118175973,Other,For Sale,5 Marla,4,4,16 hours ago,Rs 1.40 Crore,"Capital Smart City, Rawalpindi",Rawalpindi,OLX
https://www.olx.com.pk/item/10-marla-villa-capital-smart-city-iid-1118175969,Villa,For Sale,10 Marla,5,6,16 hours ago,Rs 3.15 Crore,"Capital Smart City, Rawalpindi",Rawalpindi,OLX
https://www.olx.com.pk/item/10-marla-plot-in-capital-smart-city-iid-1118175953,Plot,For Sale,10 Marla,,,16 hours ago,Rs 50 Lacs,"Capital Smart City, Rawalpindi",Rawalpindi,OLX
https://www.olx.com.pk/item/1-kanal-corner-plot-in-capital-smart-city-for-sale-iid-1118175943,Plot,For Sale,1 Kanal,,,16 hours ago,Rs 1 Crore,"Capital Smart City, Rawalpindi",Rawalpindi,OLX
https://www.olx.com.pk/item/8-marla-commercial-plot-sector-d-ready-for-construction-iid-1118175937,Commercial Plot,For Sale,8 Marla,,,16 hours ago,Rs 1.79 Crore,"Capital Smart City, Rawalpindi",Rawalpindi,OLX
https://www.olx.com.pk/item/capital-smart-city-villa-1-kanal-on-installments-iid-1118175917,Villa,For Sale,1 Kanal,6,7,16 hours ago,Rs 6.50 Crore,"Capital Smart City, Rawalpindi",Rawalpindi,OLX
https://www.olx.com.pk/item/capital-smart-city-1-kanal-villa-on-instalments-iid-1117885540,Villa,For Sale,1 Kanal,6,7,16 hours ago,Rs 6.50 Crore,"Capital Smart City, Rawalpindi",Rawalpindi,OLX
https://www.olx.com.pk/item/7-marla-villa-capital-smart-city-on-instalments-iid-1118175915,Villa,For Sale,7 Marla,4,5,16 hours ago,Rs 2.40 Crore,"Capital Smart City, Rawalpindi",Rawalpindi,OLX
https://www.olx.com.pk/item/2-kanal-ready-villa-on-instalments-facing-golf-course-iid-1118175911,Villa,For Sale,2 Kanal,6,7,16 hours ago,Rs 9.50 Crore,"Capital Smart City, Rawalpindi",Rawalpindi,OLX
https://www.olx.com.pk/item/capital-smart-city-district-1-com-on-instalments-iid-1118175909,Other,For Sale,8 Marla,,,16 hours ago,Rs 3 Crore,"Capital Smart City, Rawalpindi",Rawalpindi,OLX
https://www.olx.com.pk/item/capital-smart-city-5marla-villa-appartments-on-instalments-iid-1118175903,Villa,For Sale,5 Marla,2,1,16 hours ago,Rs 85 Lacs,"Capital Smart City, Rawalpindi",Rawalpindi,OLX
https://www.olx.com.pk/item/dha-phase-9-gandhara-1-kanal-plots-available-iid-1118175901,Plot,For Sale,1 Kanal,,,16 hours ago,Rs 65 Lacs,"Capital Smart City, Rawalpindi",Rawalpindi,OLX
https://www.olx.com.pk/item/2-kanal-house-on-instalments-in-capital-smart-city-facing-golf-cource-iid-1118175899,House,For Sale,2 Kanal,6,6,16 hours ago,Rs 8.75 Crore,"Capital Smart City Overseas, Rawalpindi",Rawalpindi,OLX
https://www.olx.com.pk/item/1-kanal-house-on-instalments-in-capital-smart-city-iid-1118148122,House,For Sale,1 Kanal,5,6,16 hours ago,Rs 6.50 Crore,"Capital Smart City, Rawalpindi",Rawalpindi,OLX
https://www.olx.com.pk/item/capital-smart-city-35-marla-villa-appartments-on-instalments-iid-1118148073,Villa,For Sale,3 Marla,1,1,16 hours ago,Rs 56 Lacs,"Capital Smart City, Rawalpindi",Rawalpindi,OLX
https://www.olx.com.pk/item/7-marla-corner-capital-smart-city-possessionable-iid-1117885502,Other,For Sale,7 Marla,,,16 hours ago,Rs 40 Lacs,"Capital Smart City, Rawalpindi",Rawalpindi,OLX
https://www.olx.com.pk/item/5-marla-single-storey-house-for-sale-in-sarmarzar-housing-society-adyala-road-rawalpindi-top-location-2-bed-big-car-porch-iid-1118754041,House,For Sale,5 Marla,2,3,17 hours ago,Rs 87 Lacs,"Samarzar Housing Society, Rawalpindi",Rawalpindi,OLX
https://www.olx.com.pk/item/14-marla-house-for-sale-in-bahria-town-phase-8-8-marla-covered-6-marla-lawn-proper-double-unit-prime-location-iid-1118754040,House,For Sale,14 Marla,5,6,17 hours ago,Rs 3.55 Crore,"Bahria Town Phase 8 - Block M, Rawalpindi",Rawalpindi,OLX
https://www.olx.com.pk/item/7-marla-designer-double-unit-house-for-sale-5-bed-attached-bath-vip-location-premium-finishing-iid-1118754036,House,For Sale,7 Marla,5,5,17 hours ago,Rs 3.15 Crore,"Bahria Town Phase 8 - Ali Block, Rawalpindi",Rawalpindi,OLX
https://www.olx.com.pk/item/10-marla-designer-house-for-sale-in-e-block-bahria-town-phase-8-proper-double-unit-with-mezzanine-floor-elegant-modern-home-iid-1118754029,House,For Sale,10 Marla,5,6,17 hours ago,Rs 4.90 Crore,"Bahria Town Phase 8 - Block E, Rawalpindi",Rawalpindi,OLX
https://www.olx.com.pk/item/675-marla-brick-structure-for-sale-in-bahria-town-phase-8-near-mosque-commercial-park-owner-built-mezzanine-floor-double-height-design-iid-1118754025,Other,For Sale,"1,519 SQFT",3,4,17 hours ago,Rs 1.75 Crore,"Bahria Town Phase 8 - Block L, Rawalpindi",Rawalpindi,OLX
https://www.olx.com.pk/item/10-marla-well-maintained-used-house-for-sale-in-gulshan-abad-rawalpindi-6-bed-attach-bath-double-gate-2-gas-2-electricity-meters-iid-1118754021,House,For Sale,1 Kanal,6,6,17 hours ago,Rs 5.25 Crore,"Gulshan Abad Sector 1, Rawalpindi",Rawalpindi,OLX
https://www.olx.com.pk/item/5-marla-proper-double-unit-house-for-sale-vip-location-gas-water-electricity-available-iid-1118754018,House,For Sale,5 Marla,5,5,17 hours ago,Rs 5.20 Crore,"Satellite Town - Block E, Rawalpindi",Rawalpindi,OLX
https://www.olx.com.pk/item/3-bed-apartment-for-sale-double-entrance-3rd-floor-rental-income-pkr-100000month-iid-1118754010,Apartment,For Sale,"1,100 SQFT",3,3,17 hours ago,Rs 2.10 Crore,"Satellite Town - Block F, Rawalpindi",Rawalpindi,OLX
https://www.olx.com.pk/item/500-sq-ft-fully-furnished-1-bed-apartment-for-sale-corner-unit-rented-pkr-40000-family-building-bahria-transfer-iid-1118754008,Apartment,For Sale,500 SQFT,1,1,17 hours ago,Rs 53 Lacs,"Bahria Town Phase 8 - Ali Block, Rawalpindi",Rawalpindi,OLX
https://www.olx.com.pk/item/354-sq-ft-lower-ground-shop-for-sale-brand-new-building-rented-pkr-27000month-facing-masjid-bahria-transfer-best-investment-iid-1118754006,Shop,For Sale,354 SQFT,,,17 hours ago,Rs 68 Lacs,"Bahria Town Phase 8, Rawalpindi",Rawalpindi,OLX
https://www.olx.com.pk/item/brand-new-luxury-2-bed-fully-furnished-apartment-for-sale-mosque-facing-front-back-open-bahria-transfer-registry-intiqal-available-high-rise-family-building-iid-1118754004,Apartment,For Sale,"1,133 SQFT",2,2,17 hours ago,Rs 1.90 Crore,"Bahria Town Phase 8, Rawalpindi",Rawalpindi,OLX
https://www.olx.com.pk/item/3-marla-corner-category-house-for-sale-car-parking-rooftop-mumty-solid-construction-woodwork-prime-location-iid-1118753999,House,For Sale,3 Marla,2,2,17 hours ago,Rs 68 Lacs,"Samarzar Housing Society, Rawalpindi",Rawalpindi,OLX
https://www.olx.com.pk/item/55-marla-owner-built-house-for-sale-like-brand-new-3-bed-back-open-with-lawn-furnished-non-furnished-options-top-location-iid-1118753997,House,For Sale,5 Marla,3,4,17 hours ago,Rs 2.35 Crore,"Bahria Town Phase 8 - Block M, Rawalpindi",Rawalpindi,OLX
https://www.olx.com.pk/item/9-marla-designer-house-for-sale-proper-double-unit-double-height-covered-backside-lawn-5-bed-attached-baths-top-location-iid-1118753995,House,For Sale,9 Marla,5,6,17 hours ago,Rs 3.60 Crore,"Bahria Town Phase 8 - Block M, Rawalpindi",Rawalpindi,OLX
https://www.olx.com.pk/item/brand-new-triple-storey-house-for-sale-in-b-block-satellite-town-rawalpindi-iid-1118753981,House,For Sale,"1,103 SQFT",6,6,17 hours ago,Rs 6.60 Crore,"Satellite Town - Block B, Rawalpindi",Rawalpindi,OLX
https://www.olx.com.pk/item/6-marla-triple-storey-house-for-sale-6-bedrooms-solar-installed-water-boring-near-six-road-prime-location-iid-1118753980,Room,For Sale,6 Marla,6,6,17 hours ago,Rs 4.50 Crore,"Satellite Town - Block F, Rawalpindi",Rawalpindi,OLX
https://www.olx.com.pk/item/14-marla-triple-unit-house-for-sale-11-bedrooms-solid-construction-prime-location-owner-built-iid-1118753976,Room,For Sale,14 Marla,6,6,17 hours ago,Rs 13.50 Crore,"Satellite Town - Block E, Rawalpindi",Rawalpindi,OLX
https://www.olx.com.pk/item/designer-owner-built-house-for-sale-in-e-block-satellite-town-7-bedrooms-prime-vip-location-iid-1118753968,Room,For Sale,12 Marla,6,6,17 hours ago,Rs 12 Crore,"Satellite Town - Block E, Rawalpindi",Rawalpindi,OLX
https://www.olx.com.pk/item/5-marla-modern-proper-double-unit-house-for-sale-near-aqsa-masjid-gas-electricity-water-available-urgent-sale-iid-1118753963,House,For Sale,5 Marla,5,5,17 hours ago,Rs 4.80 Crore,"Satellite Town - Block E, Rawalpindi",Rawalpindi,OLX
https://www.olx.com.pk/item/5-marla-premium-triple-story-house-for-sale-6-bedrooms-solid-construction-premium-woodwork-water-boring-iid-1118753955,Room,For Sale,5 Marla,5,6,17 hours ago,Rs 6.25 Crore,"Satellite Town - Block E, Rawalpindi",Rawalpindi,OLX
https://www.olx.com.pk/item/one-bedroom-apartments-for-sale-iid-1118753300,Room,For Sale,850 SQFT,1,2,17 hours ago,Rs 1.22 Crore,"Bahria Heights 1, Rawalpindi",Rawalpindi,OLX
https://www.olx.com.pk/item/sale-the-ideally-located-house-for-an-incredible-price-of-pkr-rs-55000000-iid-1118751954,House,For Sale,"2,800 SQFT",6,6,18 hours ago,Rs 5.50 Crore,"Media Town, Rawalpindi",Rawalpindi,OLX
https://www.olx.com.pk/item/prime-location-sale-a-house-in-rawalpindi-prime-location-iid-1118751944,House,For Sale,"2,800 SQFT",6,6,18 hours ago,Rs 6.50 Crore,"Media Town - Block A, Rawalpindi",Rawalpindi,OLX
https://www.olx.com.pk/item/main-double-road-house-for-sale-in-media-town-block-c-iid-1118751942,House,For Sale,"2,800 SQFT",6,6,18 hours ago,Rs 7 Crore,"Media Town - Block C, Rawalpindi",Rawalpindi,OLX
https://www.olx.com.pk/item/book-a-house-of-12-marla-in-media-town-media-town-iid-1118751941,House,For Sale,12 Marla,6,1,18 hours ago,Rs 5.50 Crore,"Media Town, Rawalpindi",Rawalpindi,OLX
https://www.olx.com.pk/item/1-bed-apartment-available-for-sale-in-bahria-town-phase-8-iid-1118751375,Apartment,For Sale,450 SQFT,1,1,19 hours ago,Rs 30 Lacs,"Bahria Town Phase 8, Rawalpindi",Rawalpindi,OLX
https://www.olx.com.pk/item/safari-villa-3-for-sale-iid-1117660499,Villa,For Sale,12 Marla,3,4,19 hours ago,Rs 4.50 Crore,"Bahria Town - Safari Villas 3, Rawalpindi",Rawalpindi,OLX
https://www.olx.com.pk/item/lower-ground-shop-for-sale-in-bahria-town-civic-center-iid-1117660493,Shop,For Sale,620 SQFT,,,19 hours ago,Rs 1.05 Crore,"Bahria Town - Civic Centre, Rawalpindi",Rawalpindi,OLX
https://www.olx.com.pk/item/10-marla-house-for-sale-iid-1117660482,House,For Sale,10 Marla,5,6,19 hours ago,Rs 3.85 Crore,"Bahria Town Phase 4, Rawalpindi",Rawalpindi,OLX
https://www.olx.com.pk/item/45-marla-building-for-sale-in-imam-barra-road-near-asghar-mall-chowk-raja-bazar-iid-1117660473,Building,For Sale,"1,013 SQFT",,,19 hours ago,Rs 4.50 Crore,"Imam Bara Road, Rawalpindi",Rawalpindi,OLX
https://www.olx.com.pk/item/kanal-plot-for-sale-in-bahria-town-rawalpindi-phase-4-iid-1117660460,Plot,For Sale,1 Kanal,,,19 hours ago,Rs 4 Crore,"Bahria Town Phase 4, Rawalpindi",Rawalpindi,OLX
https://www.olx.com.pk/item/10-marla-house-for-sale-in-bahria-town-rawalpindi-phase-3-iid-1117660446,House,For Sale,10 Marla,Studio,1,19 hours ago,Rs 3.75 Crore,"Bahria Town Phase 3, Rawalpindi",Rawalpindi,OLX
https://www.olx.com.pk/item/rawalpindi-bahria-town-phase-8-5-marla-slightly-used-house-available-for-sale-iid-1118749728,House,For Sale,5 Marla,4,4,22 hours ago,Rs 1.98 Crore,"Bahria Town Phase 8, Rawalpindi",Rawalpindi,OLX
https://www.olx.com.pk/item/ideal-house-in-rawalpindi-available-for-rs-20500000-iid-1118749727,House,For Sale,"1,294 SQFT",3,3,22 hours ago,Rs 1.95 Crore,"Bahria Town Phase 8, Rawalpindi",Rawalpindi,OLX
https://www.olx.com.pk/item/rawalpindi-bahria-town-phase8-2bed-laxuary-furnished-apartment-available-for-sale-iid-1118749724,Apartment,For Sale,"1,125 SQFT",2,2,22 hours ago,Rs 1.10 Crore,"Bahria Town Phase 8, Rawalpindi",Rawalpindi,OLX
https://www.olx.com.pk/item/rawalpindi-bahria-town-phase-8-7-marla-single-unit-house-for-sale-iid-1118749718,House,For Sale,7 Marla,4,4,22 hours ago,Rs 2.60 Crore,"Bahria Town Phase 8, Rawalpindi",Rawalpindi,OLX
https://www.olx.com.pk/item/rawalpindi-bahria-town-phase7-1bed-furnished-apartment-available-for-sale-iid-1118749712,Apartment,For Sale,500 SQFT,1,1,22 hours ago,Rs 55 Lacs,"Bahria Town Phase 7, Rawalpindi",Rawalpindi,OLX
https://www.olx.com.pk/item/rawalpindi-bahria-town-phase8-business-district-one-bed-apartment-available-for-sale-iid-1118749703,Apartment,For Sale,564 SQFT,1,1,22 hours ago,Rs 56 Lacs,"Bahria Town Phase 8, Rawalpindi",Rawalpindi,OLX
https://www.olx.com.pk/item/rawalpindi-bahria-town-phase-8-575-marla-house-available-for-sale-iid-1118749697,House,For Sale,"1,293 SQFT",3,3,22 hours ago,Rs 1.93 Crore,"Bahria Town Phase 8, Rawalpindi",Rawalpindi,OLX
https://www.olx.com.pk/item/urgent-rawalpindi-bahria-town-phase-8-awami-villa-available-for-sale-demand-80final-iid-1118749696,Villa,For Sale,720 SQFT,2,2,22 hours ago,Rs 80 Lacs,"Bahria Town Phase 8, Rawalpindi",Rawalpindi,OLX
https://www.olx.com.pk/item/rawalpindi-bahria-town-phase8-10-marla-house-available-for-sale-iid-1118749689,House,For Sale,10 Marla,5,5,22 hours ago,Rs 3.75 Crore,"Bahria Town Phase 8, Rawalpindi",Rawalpindi,OLX
https://www.olx.com.pk/item/rawalpindi-bahria-town-phase8-overseas-sector-10-marla-brand-new-designer-house-available-for-sale-with-extra-lawn-iid-1118749685,House,For Sale,10 Marla,5,5,22 hours ago,Rs 5.09 Crore,"Bahria Town Phase 8, Rawalpindi",Rawalpindi,OLX
https://www.olx.com.pk/item/rawalpindi-bahria-town-phase8-1-kanal-house-for-sale-iid-1118749683,House,For Sale,1 Kanal,5,6,22 hours ago,Rs 9.50 Crore,"Bahria Town Phase 8, Rawalpindi",Rawalpindi,OLX
https://www.olx.com.pk/item/rawalpindi-bahria-town-phase8-5marla-double-unit-house-available-for-sale-iid-1118749679,House,For Sale,5 Marla,3,3,22 hours ago,Rs 2.15 Crore,"Bahria Town Phase 8, Rawalpindi",Rawalpindi,OLX
https://www.olx.com.pk/item/designer-house-for-sale-bahria-town-phase-7-islamabad-size-54-marla-iid-1118749288,House,For Sale,54 Marla,6,6,23 hours ago,Rs 26.50 Crore,"Bahria Intellectual Village, Rawalpindi",Rawalpindi,OLX
https://www.olx.com.pk/item/corner-brand-new-ultra-modern-designer-house-for-sale-iid-1118749285,House,For Sale,1 Kanal,5,6,23 hours ago,Rs 10.50 Crore,"Bahria Town Phase 2, Rawalpindi",Rawalpindi,OLX
https://www.olx.com.pk/item/very-prime-location-plot-for-sale-in-phase-4-iid-1118749278,Plot,For Sale,1 Kanal,,,23 hours ago,Rs 5 Crore,"Bahria Town Phase 4, Rawalpindi",Rawalpindi,OLX
https://www.olx.com.pk/item/brand-new-ultra-modern-designer-house-for-sale-size-24-marla-iid-1118749274,House,For Sale,24 Marla,6,6,23 hours ago,Rs 20 Crore,"Bahria Intellectual Village, Rawalpindi",Rawalpindi,OLX
https://www.olx.com.pk/item/modern-designer-house-for-sale-iid-1118749269,House,For Sale,36 Marla,6,6,23 hours ago,Rs 16.50 Crore,"Bahria Town Phase 8 - Block A, Rawalpindi",Rawalpindi,OLX
https://www.olx.com.pk/item/triple-unit-open-basement-villas-for-sale-iid-1118749267,Villa,For Sale,14 Marla,5,6,23 hours ago,Rs 6.25 Crore,"Bahria Town - Safari Villas, Rawalpindi",Rawalpindi,OLX
https://www.olx.com.pk/item/ideal-house-for-sale-in-heart-of-bahira-iid-1118749265,House,For Sale,20 Marla,5,6,23 hours ago,Rs 14.90 Crore,"Bahria Town Phase 3, Rawalpindi",Rawalpindi,OLX
https://www.olx.com.pk/item/tulip-road-used-house-for-sale-size-22-marla-iid-1118749263,House,For Sale,22 Marla,5,6,23 hours ago,Rs 10.50 Crore,"Bahria Town Phase 2, Rawalpindi",Rawalpindi,OLX
https://www.olx.com.pk/item/luxurious-front-open-designer-house-for-sale-iid-1118749262,House,For Sale,20 Marla,5,6,23 hours ago,Rs 14.90 Crore,"Bahria Town Phase 4, Rawalpindi",Rawalpindi,OLX
https://www.olx.com.pk/item/office-for-sale-iid-1118748846,Office,For Sale,5 SQM,,,1 day ago,Rs 12 Lacs,"Satellite Town - Block B, Rawalpindi",Rawalpindi,OLX
https://www.olx.com.pk/item/32-marla-corner-luxury-house-for-sale-iid-1118745781,House,For Sale,32 Marla,5,6,1 day ago,Rs 11 Crore,"Bahria Town Phase 8 - Block P, Rawalpindi",Rawalpindi,OLX
https://www.olx.com.pk/item/7-marla-double-house-for-sale-in-gulshanabad-rawalpindi-solid-and-new-construction-iid-1118743669,House,For Sale,7 Marla,6,6,1 day ago,Rs 2.50 Crore,"Gulshan Abad, Rawalpindi",Rawalpindi,OLX
https://www.olx.com.pk/item/single-story-house-for-sale-in-snober-city-green-villas-solid-construction-iid-1118730422,House,For Sale,5 Marla,2,2,1 day ago,Rs 1.10 Crore,"Snober City - Green Villas, Rawalpindi",Rawalpindi,OLX
https://www.olx.com.pk/item/gulshanabad-sector-4-10-marlas-plot-for-sale-very-solid-land-near-to-main-sectors-iid-1118598114,Plot,For Sale,10 Marla,,,1 day ago,Rs 70 Lacs,"Gulshan Abad, Rawalpindi",Rawalpindi,OLX
https://www.olx.com.pk/item/15-story-house-for-sale-in-snober-city-adyala-road-iid-1118598073,House,For Sale,5 Marla,3,4,1 day ago,Rs 1.38 Crore,"Snober City - Green Villas, Rawalpindi",Rawalpindi,OLX
https://www.olx.com.pk/item/15-story-5-marla-house-for-sale-in-snober-city-green-villas-iid-1118493587,House,For Sale,5 Marla,3,3,1 day ago,Rs 1.34 Crore,"Snober City - Green Villas, Rawalpindi",Rawalpindi,OLX
https://www.olx.com.pk/item/single-story-house-for-sale-in-snober-city-solid-construction-iid-1118730156,House,For Sale,5 Marla,2,2,1 day ago,Rs 1.10 Crore,"Snober City - Green Villas, Rawalpindi",Rawalpindi,OLX
https://www.olx.com.pk/item/15-story-house-for-sale-in-snober-city-green-villas-newly-constructed-iid-1118729917,House,For Sale,5 Marla,3,3,1 day ago,Rs 1.38 Crore,"Snober City - Green Villas, Rawalpindi",Rawalpindi,OLX
https://www.olx.com.pk/item/house-for-sale-in-gulshanabad-sector-3-solid-construction-iid-1118729688,House,For Sale,10 Marla,6,6,1 day ago,Rs 3.30 Crore,"Gulshan Abad, Rawalpindi",Rawalpindi,OLX
https://www.olx.com.pk/item/investor-rate-shop-on-main-road-is-available-for-sale-iid-1118742758,Shop,For Sale,100 SQFT,,,1 day ago,Rs 55 Lacs,"Bahria Town - Civic Centre, Rawalpindi",Rawalpindi,OLX
https://www.olx.com.pk/item/5-marla-corner-plot-for-sale-in-blue-world-city-islamabad-iid-1118625642,Plot,For Sale,5 Marla,,,1 day ago,Rs 8 Lac,"Blue World City - Sports Valley, Rawalpindi",Rawalpindi,OLX
https://www.olx.com.pk/item/sale-10-marla-double-unit-house-in-bahria-town-phase-4-iid-1118049644,House,For Sale,10 Marla,5,6,1 day ago,Rs 4.09 Crore,"Bahria Town Phase 4, Rawalpindi",Rawalpindi,OLX
https://www.olx.com.pk/item/10-marla-house-for-sale-in-bahria-town-phase-2-original-pictures-attached-iid-1118049638,House,For Sale,10 Marla,4,5,1 day ago,Rs 5.40 Crore,"Bahria Town Phase 2, Rawalpindi",Rawalpindi,OLX
https://www.olx.com.pk/item/for-sale-one-bed-ground-floor-furnished-apartment-iid-1118049599,Apartment,For Sale,515 SQFT,1,1,1 day ago,Rs 68 Lacs,"Bahria Town Phase 6, Rawalpindi",Rawalpindi,OLX
https://www.olx.com.pk/item/for-sale-two-bed-luxury-apartment-fully-furnished-in-bahria-town-phase-2-iid-1118049536,Apartment,For Sale,"1,700 SQFT",2,2,1 day ago,Rs 2.65 Crore,"Bahria Town - Safari Villas 3, Rawalpindi",Rawalpindi,OLX
https://www.olx.com.pk/item/sale-two-bed-furnished-apartment-in-bahria-town-phase-4-iid-1118049667,Apartment,For Sale,"1,200 SQFT",2,2,1 day ago,Rs 1.30 Crore,"Bahria Town Phase 4, Rawalpindi",Rawalpindi,OLX
https://www.olx.com.pk/item/10-marla-double-unit-house-for-sale-in-bahria-town-phase-4-iid-1118049645,House,For Sale,10 Marla,5,7,1 day ago,Rs 4.75 Crore,"Bahria Town Phase 4, Rawalpindi",Rawalpindi,OLX
https://www.olx.com.pk/item/sale-10-marla-brand-new-house-in-bahria-town-phase-2-original-pictures-attached-iid-1118049635,House,For Sale,10 Marla,5,6,1 day ago,Rs 6 Crore,"Bahria Town Phase 2, Rawalpindi",Rawalpindi,OLX
https://www.olx.com.pk/item/sale-10-marla-house-like-brand-new-in-bahria-town-phase-3-iid-1118049626,House,For Sale,10 Marla,5,7,1 day ago,Rs 4.75 Crore,"Bahria Town Phase 3, Rawalpindi",Rawalpindi,OLX
https://www.olx.com.pk/item/for-sale-1-kanal-plot-in-bahria-town-phase-1-iid-1118404945,Plot,For Sale,1 Kanal,,,1 day ago,Rs 2.80 Crore,"Bahria Town Phase 1, Rawalpindi",Rawalpindi,OLX
https://www.olx.com.pk/item/house-for-sale-in-lalazar-2-iid-1118733328,House,For Sale,5 Marla,6,5,1 day ago,Rs 1.50 Crore,"Lalazar 2, Rawalpindi",Rawalpindi,OLX
https://www.olx.com.pk/item/6-marla-big-double-storey-with-market-for-urgent-sale-dont-mis-iid-1118733320,Other,For Sale,6 Marla,6,5,1 day ago,Rs 1.35 Crore,"Dhok Sayedan Road, Rawalpindi",Rawalpindi,OLX
https://www.olx.com.pk/item/luxury-fresh-house-car-porch-reasonable-price-house-iid-1118733264,House,For Sale,3 Marla,3,2,1 day ago,Rs 45 Lacs,"Girja Road, Rawalpindi",Rawalpindi,OLX
https://www.olx.com.pk/item/7-room-luxury-double-storey-house-car-porch-big-street-iid-1118733255,Room,For Sale,4 Marla,6,4,1 day ago,Rs 1.20 Crore,"Dhok Sayedan Road, Rawalpindi",Rawalpindi,OLX
https://www.olx.com.pk/item/near-tench-bazar-house-sady-3mrla-gais-bjli-pani-iid-1118733211,House,For Sale,4 Marla,3,1,1 day ago,Rs 75 Lacs,"Tench Bhata, Rawalpindi",Rawalpindi,OLX
https://www.olx.com.pk/item/you-can-find-a-gorgeous-triple-storey-house-for-sale-in-chakra-road-iid-1118733201,House,For Sale,10 Marla,6,7,1 day ago,Rs 2 Crore,"Chakra Road, Rawalpindi",Rawalpindi,OLX
https://www.olx.com.pk/item/house-for-sale-in-satellite-town-e-block-iid-1118732526,House,For Sale,7 Marla,6,7,1 day ago,Rs 6.50 Crore,"Satellite Town - Block D, Rawalpindi",Rawalpindi,OLX
https://www.olx.com.pk/item/a-scetor-plot617a-kanal-with-3marla-extraland-solid-land-phase-8-bahria-town-rwp-iid-1118732329,Plot,For Sale,1 Kanal,,,1 day ago,Rs 2.75 Crore,"Bahria Town Phase 8 - Block A, Rawalpindi",Rawalpindi,OLX
https://www.olx.com.pk/item/7-marla-triple-storey-house-for-sale-army-person-iid-1118732269,House,For Sale,7 Marla,6,5,1 day ago,Rs 1.35 Crore,"Quaid-e-Azam Colony, Rawalpindi",Rawalpindi,OLX
https://www.olx.com.pk/item/bahria-town-1-kanal-designer-house-semi-furnished-iid-1118565391,House,For Sale,1 Kanal,5,7,1 day ago,Rs 7.90 Crore,"Bahria Town Phase 8, Rawalpindi",Rawalpindi,OLX
https://www.olx.com.pk/item/rare-1-kanal-commercial-plot-for-sale-in-bahria-town-phase-8-iid-1118729396,Commercial Plot,For Sale,1 Kanal,,,1 day ago,Rs 16.50 Crore,"Bahria Town Phase 8, Rawalpindi",Rawalpindi,OLX
https://www.olx.com.pk/item/8-marla1800-square-feet-possession-plot-file-for-sale-on-installmns-ents-in-taj-residencia-in-lilli-extension-one-of-the-most-beautiful-locatioin-islamabad-discounted-booking-price-29-lakh-iid-1118728066,Plot,For Sale,"1,800 SQFT",,,1 day ago,Rs 29 Lacs,"Taj Residencia Housing Society, Rawalpindi",Rawalpindi,OLX
https://www.olx.com.pk/item/5-marla-gardenia-block-139-square-yard-1250-square-feet-possession-plot-available-for-sale-in-gardenia-block-taj-residencia-one-of-the-most-important-location-of-the-islamabad-fnf-rate-85-lakh-iid-1118728004,Plot,For Sale,5 Marla,,,1 day ago,Rs 85 Lacs,"Taj Residencia Housing Society, Rawalpindi",Rawalpindi,OLX
https://www.olx.com.pk/item/8-marla-double-storey-house-with-exclusive-payment-plan-for-sale-on-instalments-in-taj-residencia-one-of-the-most-important-locations-of-the-islamabad-booking-price-126-crore-iid-1118727990,House,For Sale,8 Marla,4,5,1 day ago,Rs 3.15 Crore,"Taj Residencia Housing Society, Rawalpindi",Rawalpindi,OLX
https://www.olx.com.pk/item/luxury-5-marla-4-bedroom-villa-for-sale-in-taj-residencia-islamabad-booking-only-25-lakhs-iid-1118727981,Room,For Sale,5 Marla,4,5,1 day ago,Rs 1.65 Crore,"Taj Residencia Housing Society, Rawalpindi",Rawalpindi,OLX
https://www.olx.com.pk/item/8-marla-double-storey-house-for-sale-in-taj-residencia-one-of-the-most-important-locations-of-the-islamabad-booking-price-only-310-iid-1118727972,House,For Sale,8 Marla,6,7,1 day ago,Rs 3.10 Crore,"Taj Residencia Housing Society, Rawalpindi",Rawalpindi,OLX
https://www.olx.com.pk/item/6-marla-double-story-commercial-building-iid-1118724108,Building,For Sale,6 Marla,,,2 days ago,Rs 2 Crore,"Adiala Road, Rawalpindi",Rawalpindi,OLX
https://www.olx.com.pk/item/rehbar-housing-society-usman-block-1-kanal-plot-25-years-installments-plan-iid-1118724045,Plot,For Sale,1 Kanal,,,2 days ago,Rs 1.25 Crore,"Chakri Road, Rawalpindi",Rawalpindi,OLX
https://www.olx.com.pk/item/5-marla-brand-new-house-available-for-sale-in-bahria-town-phase-8-rawalpindi-sector-m-iid-1117864685,House,For Sale,5 Marla,3,4,2 days ago,Rs 2.29 Crore,"Bahria Town Phase 8, Rawalpindi",Rawalpindi,OLX
https://www.olx.com.pk/item/own-a-prime-location-house-in-5-marla-girja-road-iid-1118720662,House,For Sale,5 Marla,5,5,2 days ago,Rs 1.14 Crore,"Girja Road, Rawalpindi",Rawalpindi,OLX
https://www.olx.com.pk/item/rehbar-housing-society-ali-block-5-marla-plot-iid-1118556862,Plot,For Sale,5 Marla,,,2 days ago,Rs 60 Lacs,"Chakri Road, Rawalpindi",Rawalpindi,OLX
https://www.olx.com.pk/item/rehbar-housing-society-abdul-rehman-block-5-marla-plot-iid-1118603553,Plot,For Sale,5 Marla,,,2 days ago,Rs 50 Lacs,"Chakri Road, Rawalpindi",Rawalpindi,OLX
https://www.olx.com.pk/item/rehbar-housing-society-abdul-rehman-block-10-marla-plot-iid-1118602994,Plot,For Sale,10 Marla,,,2 days ago,Rs 1 Crore,"Chakri Road, Rawalpindi",Rawalpindi,OLX
https://www.olx.com.pk/item/rehbar-housing-society-usman-block-10-marla-plot-25-years-installments-plan-iid-1118568683,Plot,For Sale,10 Marla,,,2 days ago,Rs 86 Lacs,"Chakri Road, Rawalpindi",Rawalpindi,OLX
https://www.olx.com.pk/item/rehbar-housing-society-overseas-block-5-marla-plot-5-years-installments-plan-iid-1118567403,Plot,For Sale,5 Marla,,,2 days ago,Rs 36.29 Lacs,"Chakri Road, Rawalpindi",Rawalpindi,OLX
https://www.olx.com.pk/item/rehbar-housing-society-usman-block-5-marla-plot-25-years-installments-plan-iid-1118566779,Plot,For Sale,5 Marla,,,2 days ago,Rs 45 Lacs,"Chakri Road, Rawalpindi",Rawalpindi,OLX
https://www.olx.com.pk/item/rehbar-housing-society-overseas-block-35-marla-plot-5-years-installments-plan-iid-1118557959,Plot,For Sale,3 Marla,,,2 days ago,Rs 26.29 Lacs,"Chakri Road, Rawalpindi",Rawalpindi,OLX
https://www.olx.com.pk/item/1-kanal-house-for-sale-airport-housing-society-rawalpindi-iid-1118718869,House,For Sale,1 Kanal,6,3,2 days ago,Rs 5 Lac,"Airport Housing Society - Sector 1, Rawalpindi",Rawalpindi,OLX
https://www.olx.com.pk/item/taj-villa-house-for-sale-iid-1118718340,House,For Sale,4 Marla,3,3,2 days ago,Rs 1.49 Crore,"Taj Residencia - Daffodils Block, Rawalpindi",Rawalpindi,OLX
https://www.olx.com.pk/item/block-g-70fit-road-plot-5marla-iid-1118718190,Plot,For Sale,5 Marla,,,2 days ago,Rs 41 Lacs,"UpCountry Enclosures Housing Society, Rawalpindi",Rawalpindi,OLX
https://www.olx.com.pk/item/your-search-for-residential-plot-in-upcountry-enclosures-housing-society-block-f-ends-here-iid-1118718169,Residential Plot,For Sale,"1,250 SQFT",,,2 days ago,Rs 29 Lacs,"UpCountry Enclosures Housing Society, Rawalpindi",Rawalpindi,OLX
https://www.olx.com.pk/item/4500-square-feet-residential-plot-ideally-situated-in-upcountry-enclosures-housing-society-block-f-iid-1118718164,Residential Plot,For Sale,"4,500 SQFT",,,2 days ago,Rs 90 Lacs,"UpCountry Enclosures Housing Society, Rawalpindi",Rawalpindi,OLX
https://www.olx.com.pk/item/reserve-a-residential-plot-of-1250-square-feet-now-in-upcountry-enclosures-housing-society-block-f-iid-1118718161,Residential Plot,For Sale,"1,250 SQFT",,,2 days ago,Rs 32 Lacs,"UpCountry Enclosures Housing Society, Rawalpindi",Rawalpindi,OLX
https://www.olx.com.pk/item/own-a-residential-plot-in-1800-square-feet-upcountry-enclosures-housing-society-iid-1118718159,Residential Plot,For Sale,"1,800 SQFT",,,2 days ago,Rs 43 Lacs,"UpCountry Enclosures Housing Society, Rawalpindi",Rawalpindi,OLX
https://www.olx.com.pk/item/ideally-located-residential-plot-for-sale-in-upcountry-enclosures-housing-society-available-iid-1118718153,Residential Plot,For Sale,"2,450 SQFT",,,2 days ago,Rs 55 Lacs,"UpCountry Enclosures Housing Society, Rawalpindi",Rawalpindi,OLX
https://www.olx.com.pk/item/to-sale-you-can-find-spacious-residential-plot-in-upcountry-enclosures-housing-society-iid-1118718148,Residential Plot,For Sale,"1,800 SQFT",,,2 days ago,Rs 43 Lacs,"UpCountry Enclosures Housing Society, Rawalpindi",Rawalpindi,OLX
https://www.olx.com.pk/item/4-marla-single-story-house-faisal-colony-old-airport-link-road-iid-1118346542,House,For Sale,4 Marla,2,3,2 days ago,Rs 1.40 Crore,"Faisal Colony, Rawalpindi",Rawalpindi,OLX
https://www.olx.com.pk/item/35-marla-single-storey-house-faisal-colony-old-airport-link-road-iid-1117983188,House,For Sale,788 SQFT,2,2,2 days ago,Rs 1.14 Crore,"Faisal Colony, Rawalpindi",Rawalpindi,OLX
https://www.olx.com.pk/item/10-marla-triple-storey-house-mangral-town-gulzar-e-quaid-old-airport-road-link-road-iid-1117983163,House,For Sale,10 Marla,6,6,2 days ago,Rs 2.80 Crore,"Mangral Town, Rawalpindi",Rawalpindi,OLX
https://www.olx.com.pk/item/12-marla-brand-new-dabal-story-house-airport-housing-society-sector-3-iid-1117983097,House,For Sale,12 Marla,6,6,2 days ago,Rs 5.50 Crore,"Airport Housing Society - Sector 3, Rawalpindi",Rawalpindi,OLX
https://www.olx.com.pk/item/4-marla-15-story-house-rail-view-housing-society-iid-1117982949,House,For Sale,4 Marla,3,4,2 days ago,Rs 1.14 Crore,"Rail View Housing Society, Rawalpindi",Rawalpindi,OLX
https://www.olx.com.pk/item/5-marla-single-story-house-rail-view-housing-society-gulzar-e-quide-iid-1117768853,House,For Sale,5 Marla,2,3,2 days ago,Rs 1.40 Crore,"Rail View Housing Society, Rawalpindi",Rawalpindi,OLX
https://www.olx.com.pk/item/3-marla-15-storey-house-wakeel-colony-airport-housing-society-gulzar-e-quide-iid-1117984448,House,For Sale,3 Marla,3,3,2 days ago,Rs 1.14 Crore,"Wakeel Colony, Rawalpindi",Rawalpindi,OLX
https://www.olx.com.pk/item/35-marla-single-story-corner-house-gulbahar-schame-airport-housing-society-gulzar-e-quide-iid-1117983674,House,For Sale,3 Marla,2,2,2 days ago,Rs 1 Crore,"Gulbahar Scheme, Rawalpindi",Rawalpindi,OLX
https://www.olx.com.pk/item/45-marla-dabal-story-house-railway-scheme-9-old-airport-link-road-gulzar-e-quide-iid-1117913184,House,For Sale,4 Marla,4,5,2 days ago,Rs 1.25 Crore,"Railway Scheme 9, Rawalpindi",Rawalpindi,OLX
https://www.olx.com.pk/item/45-marla-dabal-story-new-house-faisal-colony-old-airport-link-road-gulzar-e-quide-iid-1117912775,House,For Sale,4 Marla,4,5,2 days ago,Rs 1.95 Crore,"Faisal Colony, Rawalpindi",Rawalpindi,OLX
https://www.olx.com.pk/item/investor-rate-11-marla-solid-house-available-for-sale-in-gulraiz-housing-scheme-iid-1118716801,House,For Sale,11 Marla,6,7,2 days ago,Rs 3.30 Crore,"Gulraiz Housing Society Phase 2, Rawalpindi",Rawalpindi,OLX
https://www.olx.com.pk/item/studio-apartment-available-for-sale-in-bahria-town-phase-6-empire-heights-iid-1118332292,Apartment,For Sale,405 SQFT,Studio,1,2 days ago,Rs 42 Lacs,"Empire Heights 2, Rawalpindi",Rawalpindi,OLX
https://www.olx.com.pk/item/bahria-town-phase-8-usman-block-iid-1118716300,Other,For Sale,7 Marla,,,2 days ago,Rs 1.10 Crore,"Bahria Town Phase 8 - Usman Block, Rawalpindi",Rawalpindi,OLX
https://www.olx.com.pk/item/bahria-town-phase-8-usman-block-iid-1118716018,Other,For Sale,10 Marla,,,2 days ago,Rs 1.10 Crore,"Bahria Town Phase 8 - Usman Block, Rawalpindi",Rawalpindi,OLX
https://www.olx.com.pk/item/buy-a-house-of-7-marla-in-bahria-town-phase-8-usman-block-iid-1118713342,House,For Sale,7 Marla,Studio,1,2 days ago,Rs 1.85 Crore,"Bahria Town Phase 8 - Usman Block, Rawalpindi",Rawalpindi,OLX
https://www.olx.com.pk/item/premium-20-marla-house-is-available-for-sale-in-rawalpindi-iid-1118713267,House,For Sale,20 Marla,Studio,1,2 days ago,Rs 5.50 Crore,"Bahria Town Phase 2, Rawalpindi",Rawalpindi,OLX
https://www.olx.com.pk/item/affordable-residential-plot-available-for-sale-in-saffron-city-iid-1118713261,Residential Plot,For Sale,5 Marla,,,2 days ago,Rs 28 Lacs,"Saffron City, Rawalpindi",Rawalpindi,OLX
https://www.olx.com.pk/item/saffron-city-residential-plot-sized-5-marla-iid-1118713259,Residential Plot,For Sale,5 Marla,,,2 days ago,Rs 45 Lacs,"Saffron City, Rawalpindi",Rawalpindi,OLX
https://www.olx.com.pk/item/5-marla-brand-new-house-available-for-sale-in-snober-city-adiala-road-rawalpindi-iid-1118712730,House,For Sale,5 Marla,3,4,2 days ago,Rs 1.45 Crore,"Snober City, Rawalpindi",Rawalpindi,OLX
https://www.olx.com.pk/item/5-marla-brand-new-house-available-for-sale-in-snober-city-adiala-road-rawalpindi-iid-1118712728,House,For Sale,5 Marla,4,4,2 days ago,Rs 1.85 Crore,"Snober City, Rawalpindi",Rawalpindi,OLX
https://www.olx.com.pk/item/4-marla-brand-new-double-house-available-for-sale-in-snober-city-adiala-road-rawalpindi-iid-1118712708,House,For Sale,4 Marla,4,4,2 days ago,Rs 1.38 Crore,"Snober City, Rawalpindi",Rawalpindi,OLX
https://www.olx.com.pk/item/4-marla-commercial-plot-for-sale-on-main-adiala-road-20-number-chungi-rawalpindi-iid-1117653631,Commercial Plot,For Sale,4 Marla,,,2 days ago,Rs 1.20 Crore,"Adiala Road, Rawalpindi",Rawalpindi,OLX
https://www.olx.com.pk/item/5-marla-brand-new-house-available-for-sale-in-snober-city-adiala-road-rawalpindi-iid-1117653593,House,For Sale,5 Marla,2,3,2 days ago,Rs 1.10 Crore,"Snober City, Rawalpindi",Rawalpindi,OLX
https://www.olx.com.pk/item/5-marla-residential-plot-for-sale-on-adiala-road-rawalpindi-iid-1117653472,Residential Plot,For Sale,5 Marla,,,2 days ago,Rs 25 Lacs,"Adiala Road, Rawalpindi",Rawalpindi,OLX
https://www.olx.com.pk/item/5-marla-brand-new-house-available-for-sale-in-gulshan-abad-sector-1-extension-rawalpindi-iid-1117653468,House,For Sale,5 Marla,4,4,2 days ago,Rs 1.75 Crore,"Gulshan Abad Sector 1, Rawalpindi",Rawalpindi,OLX
https://www.olx.com.pk/item/5-marla-brand-new-house-available-for-sale-in-samarzar-housing-society-adiala-road-rawalpindi-iid-1117653465,House,For Sale,5 Marla,2,2,2 days ago,Rs 1.10 Crore,"Samarzar Housing Society, Rawalpindi",Rawalpindi,OLX
https://www.olx.com.pk/item/7-marla-15-story-house-available-for-sale-on-adiala-road-azmat-town-near-gulshan-abad-society-rawalpindi-iid-1117653462,House,For Sale,7 Marla,4,4,2 days ago,Rs 1.75 Crore,"Adiala Road, Rawalpindi",Rawalpindi,OLX
https://www.olx.com.pk/item/5-marla-double-storey-brand-new-luxury-house-for-sale-adiyala-road-askari-14-gate-no-1-iid-1117653456,House,For Sale,5 Marla,4,6,2 days ago,Rs 2.50 Crore,"Adiala Road, Rawalpindi",Rawalpindi,OLX
https://www.olx.com.pk/item/commercial-plot-of-16-marla-is-available-for-sale-in-bahria-spring-north-rawalpindi-iid-1117940570,Commercial Plot,For Sale,16 Marla,,,2 days ago,Rs 8 Crore,"Bahria Spring North, Rawalpindi",Rawalpindi,OLX
https://www.olx.com.pk/item/7-marla-brand-new-luxury-house-for-sale-bahria-town-phase-8-rawalpindi-iid-1118710863,House,For Sale,7 Marla,5,6,2 days ago,Rs 2.65 Crore,"Bahria Town Phase 8, Rawalpindi",Rawalpindi,OLX
https://www.olx.com.pk/item/7-marla-brand-new-main-boulevard-house-for-sale-bahria-town-phase-8-rawalpindi-iid-1118519493,House,For Sale,7 Marla,5,6,2 days ago,Rs 3.50 Crore,"Bahria Town Phase 8 - Usman Block, Rawalpindi",Rawalpindi,OLX
https://www.olx.com.pk/item/5-marla-designer-house-is-available-for-sale-in-bahria-town-phase-8-rawalpindi-iid-1117645846,House,For Sale,5 Marla,3,4,2 days ago,Rs 1.95 Crore,"Bahria Town Phase 8, Rawalpindi",Rawalpindi,OLX
https://www.olx.com.pk/item/5-marla-brand-new-luxury-house-for-sale-bahria-town-phase-8-rawalpindi-iid-1117645819,House,For Sale,5 Marla,3,4,2 days ago,Rs 2.04 Crore,"Bahria Town Phase 8, Rawalpindi",Rawalpindi,OLX
https://www.olx.com.pk/item/a-10-marla-residential-plot-located-in-bahria-town-phase-8-block-l-is-available-for-sale-iid-1118710806,Residential Plot,For Sale,10 Marla,,,2 days ago,Rs 1.10 Crore,"Bahria Town Phase 8 - Block L, Rawalpindi",Rawalpindi,OLX
https://www.olx.com.pk/item/residential-plot-of-1-kanal-in-bahria-greens-overseas-enclave-sector-5-is-available-iid-1118710803,Residential Plot,For Sale,1 Kanal,,,2 days ago,Rs 2.90 Crore,"Bahria Greens - Overseas Enclave - Sector 5, Rawalpindi",Rawalpindi,OLX
https://www.olx.com.pk/item/looking-for-a-residential-plot-in-rawalpindi-iid-1118710801,Residential Plot,For Sale,10 Marla,,,2 days ago,Rs 1.30 Crore,"Bahria Town Phase 7, Rawalpindi",Rawalpindi,OLX
https://www.olx.com.pk/item/ideally-located-residential-plot-for-sale-in-bahria-greens-overseas-enclave-sector-3-available-iid-1118710795,Residential Plot,For Sale,1 Kanal,,,2 days ago,Rs 2.95 Crore,"Bahria Greens - Overseas Enclave - Sector 3, Rawalpindi",Rawalpindi,OLX
https://www.olx.com.pk/item/10-marla-brand-new-luxury-house-for-sale-bahria-town-phase-8-rawalpindi-iid-1117936467,House,For Sale,10 Marla,5,6,2 days ago,Rs 4.09 Crore,"Bahria Town Phase 8, Rawalpindi",Rawalpindi,OLX
https://www.olx.com.pk/item/highly-desirable-residential-plot-available-in-bahria-town-phase-8-abu-bakar-block-for-sale-iid-1118710791,Residential Plot,For Sale,7 Marla,,,2 days ago,Rs 90 Lacs,"Bahria Town Phase 8 - Abu Bakar Block, Rawalpindi",Rawalpindi,OLX
https://www.olx.com.pk/item/ready-for-construction-residential-plot-of-7-marla-is-available-for-sale-in-bahria-town-rawalpindi-iid-1118710788,Residential Plot,For Sale,7 Marla,,,2 days ago,Rs 75 Lacs,"Bahria Town Phase 8 - Usman Block, Rawalpindi",Rawalpindi,OLX
https://www.olx.com.pk/item/ideal-10-marla-residential-plot-has-landed-on-market-in-bahria-greens-overseas-enclave-sector-2-rawalpindi-iid-1118710786,Residential Plot,For Sale,10 Marla,,,2 days ago,Rs 1.85 Crore,"Bahria Greens - Overseas Enclave - Sector 2, Rawalpindi",Rawalpindi,OLX
https://www.olx.com.pk/item/10-marla-heighted-location-plot-prime-spot-in-n-block-bahria-town-phase-8-iid-1118423214,Plot,For Sale,10 Marla,,,2 days ago,Rs 72 Lacs,"Bahria Town Phase 8 - Block N, Rawalpindi",Rawalpindi,OLX
https://www.olx.com.pk/item/10-marla-possessionable-plot-for-sale-f-3-block-bahria-town-rawalpindi-phase-8-fully-developed-ready-for-construction-iid-1118423199,Plot,For Sale,10 Marla,,,2 days ago,Rs 65 Lacs,"Bahria Town Phase 8 - Sector F-3, Rawalpindi",Rawalpindi,OLX
https://www.olx.com.pk/item/23-marla-possession-able-plot-for-sale-sector-a-bahria-town-rawalpindi-phase-8-prime-location-near-business-district-dha-4-bridge-iid-1118423195,Plot,For Sale,23 Marla,,,2 days ago,Rs 2.10 Crore,"Bahria Town Phase 8 - Block A, Rawalpindi",Rawalpindi,OLX
https://www.olx.com.pk/item/bahria-town-rawalpindi-phase-8-m-block-5-marla-possessionable-plot-for-sale-prime-location-with-all-dues-paid-iid-1118423187,Plot,For Sale,5 Marla,,,2 days ago,Rs 70 Lacs,"Bahria Town Phase 8 - Block M, Rawalpindi",Rawalpindi,OLX
https://www.olx.com.pk/item/one-bed-luxury-apartment-is-available-for-sale-in-bahria-town-phase-8-rawalpindi-iid-1118710769,Apartment,For Sale,700 SQFT,1,1,2 days ago,Rs 85 Lacs,"Bahria Business District, Rawalpindi",Rawalpindi,OLX
https://www.olx.com.pk/item/5-marla-designer-house-is-available-for-sale-in-bahria-town-phase-8-rawalpindi-iid-1118481641,House,For Sale,5 Marla,3,4,2 days ago,Rs 1.95 Crore,"Bahria Town Phase 8 - Block M, Rawalpindi",Rawalpindi,OLX
https://www.olx.com.pk/item/bahria-town-rawalpindi-phase-8-m-block-5-marla-possession-able-plot-for-sale-solid-land-ready-for-construction-iid-1118423181,Plot,For Sale,5 Marla,,,2 days ago,Rs 65 Lacs,"Bahria Town Phase 8 - Block M, Rawalpindi",Rawalpindi,OLX
https://www.olx.com.pk/item/bahria-town-rawalpindi-phase-8-1-kanal-possessionable-plot-ready-for-construction-iid-1118423173,Plot,For Sale,1 Kanal,,,2 days ago,Rs 1.10 Crore,"Bahria Town Phase 8 - Sector F-4, Rawalpindi",Rawalpindi,OLX
https://www.olx.com.pk/item/e-block-10-marla-possession-able-plot-prime-location-ready-for-construction-near-expressway-main-commercial-iid-1118423162,Plot,For Sale,10 Marla,,,2 days ago,Rs 1.10 Crore,"Bahria Town Phase 8 - Block E, Rawalpindi",Rawalpindi,OLX
https://www.olx.com.pk/item/5-marla-possession-able-plot-pu-paid-level-ready-for-construction-ideal-location-in-i-block-bahria-town-phase-8-iid-1118423155,Plot,For Sale,5 Marla,,,2 days ago,Rs 68 Lacs,"Bahria Town Phase 8 - Block I, Rawalpindi",Rawalpindi,OLX
https://www.olx.com.pk/item/f-2-block-top-heighted-plot-park-commercial-adjacent-back-to-main-expressway-85-lac-iid-1118423139,Plot,For Sale,10 Marla,,,2 days ago,Rs 85 Lacs,"Bahria Town Phase 8 - Sector F-2, Rawalpindi",Rawalpindi,OLX
https://www.olx.com.pk/item/f-1-block-boulevard-plot-back-open-extra-green-land-top-heighted-105-lac-phase-8-iid-1118423133,Plot,For Sale,10 Marla,,,2 days ago,Rs 1.05 Crore,"Bahria Town Phase 8 - Sector F-1, Rawalpindi",Rawalpindi,OLX
https://www.olx.com.pk/item/cheapest-plot-in-phase-8-rose-garden-zone-2-possession-able-ready-for-construction-45-lac-iid-1118423124,Plot,For Sale,8 Marla,,,2 days ago,Rs 50 Lacs,"Rose Garden Zone 2, Rawalpindi",Rawalpindi,OLX
https://www.olx.com.pk/item/5-marla-possessionable-plot-top-height-50-ft-road-near-park-commercial-l-block-bahria-town-phase-8-62-lac-iid-1118423118,Plot,For Sale,5 Marla,,,2 days ago,Rs 65 Lacs,"Bahria Town Phase 8 - Block L, Rawalpindi",Rawalpindi,OLX
https://www.olx.com.pk/item/14-marla-back-open-plot-extra-land-park-facing-prime-c-block-bahria-town-phase-8-near-roots-school-145-lac-iid-1118710745,Plot,For Sale,14 Marla,,,2 days ago,Rs 1.55 Crore,"Bahria Town Phase 8 - Block C, Rawalpindi",Rawalpindi,OLX
https://www.olx.com.pk/item/4-marla-single-story-house-for-sale-at-range-road-abdullah-town-near-hakeem-plaza-iid-1118353174,House,For Sale,4 Marla,2,2,2 days ago,Rs 1.10 Crore,"Range Road, Rawalpindi",Rawalpindi,OLX
https://www.olx.com.pk/item/625-marla-brand-new-designer-house-for-sale-at-very-premium-location-peshawar-rd-lane-1-near-suzuki-race-course-motors-iid-1118353160,House,For Sale,6 Marla,4,6,2 days ago,Rs 4.50 Crore,"Peshawar Road, Rawalpindi",Rawalpindi,OLX
https://www.olx.com.pk/item/5-marla-double-story-house-for-sale-at-range-road-afshan-colony-iid-1118353172,House,For Sale,5 Marla,4,6,2 days ago,Rs 2.10 Crore,"Afshan Colony, Rawalpindi",Rawalpindi,OLX
https://www.olx.com.pk/item/55-marla-brand-new-double-storey-house-for-sale-at-peshawar-road-near-rafay-mall-lane-7-iid-1118353164,House,For Sale,"1,238 SQFT",4,6,2 days ago,Rs 2.85 Crore,"Peshawar Road, Rawalpindi",Rawalpindi,OLX
https://www.olx.com.pk/item/55-marla-brand-new-double-story-house-for-sale-at-misrial-road-officers-calony-lane-7-near-bhatta-chowk-iid-1118296569,House,For Sale,5 Marla,5,6,2 days ago,Rs 2.40 Crore,"Misryal Road, Rawalpindi",Rawalpindi,OLX
https://www.olx.com.pk/item/4-marla-plot-for-sale-sitara-park-city-jaranwala-road-faisalabad-iid-1117608046,Plot,For Sale,4 Marla,,,4 weeks ago,Rs 44 Lacs,"Sitara Park City, Faisalabad",Faisalabad,OLX
https://www.olx.com.pk/item/wapda-city-phase-2-land-files-for-sale-iid-1117958220,Land,For Sale,5 Marla,,,3 weeks ago,Rs 17 Lacs,"Wapda City, Faisalabad",Faisalabad,OLX
https://www.olx.com.pk/item/3-marla-nearest-park-good-location-house-for-sale-iid-1117844618,House,For Sale,3 Marla,3,4,3 weeks ago,Rs 1.10 Crore,"Gulberg Valley, Faisalabad",Faisalabad,OLX
https://www.olx.com.pk/item/75-marla-plot-phase-1-iid-1118528301,Plot,For Sale,"1,687 SQFT",,,1 week ago,Rs 1.65 Crore,"Sitara Gold City, Faisalabad",Faisalabad,OLX
https://www.olx.com.pk/item/38-marla-commercial-plot-on-chenone-road-iid-1118729510,Commercial Plot,For Sale,38 Marla,,,12 hours ago,Rs 39.90 Crore,"D Ground, Faisalabad",Faisalabad,OLX
https://www.olx.com.pk/item/6-marla-5-bed-house-for-sale-in-eden-valley-iid-1117804394,House,For Sale,6 Marla,5,6,1 week ago,Rs 3.60 Crore,"Eden Valley, Faisalabad",Faisalabad,OLX
https://www.olx.com.pk/item/11-marla-east-open-double-storey-designer-home-for-sale-iid-1118562756,Other,For Sale,11 Marla,5,7,6 days ago,Rs 5.50 Crore,"Eden Orchard Block X, Faisalabad",Faisalabad,OLX
https://www.olx.com.pk/item/9-marla-72-sqft-iid-1118740260,Other,For Sale,10 Marla,5,7,1 day ago,Rs 7.15 Crore,"Abdullah Garden Extension Area, Faisalabad",Faisalabad,OLX
https://www.olx.com.pk/item/5-marla-plot-for-sale-in-pine-valley-sarghoda-road-by-riasat-dogar-iid-1118152470,Plot,For Sale,5 Marla,,,1 week ago,Rs 75 Lacs,"Pine Valley, Faisalabad",Faisalabad,OLX
https://www.olx.com.pk/item/3-marla-good-location-plot-for-sale-iid-1118787743,Plot,For Sale,3 Marla,,,2 hours ago,Rs 30 Lacs,"Green Orchard, Faisalabad",Faisalabad,OLX
https://www.olx.com.pk/item/5-marla-good-location-plot-for-sale-iid-1118787683,Plot,For Sale,5 Marla,,,2 hours ago,Rs 1.11 Crore,"Wapda City, Faisalabad",Faisalabad,OLX
https://www.olx.com.pk/item/5-marla-good-location-plot-for-sale-iid-1118787680,Plot,For Sale,5 Marla,,,2 hours ago,Rs 1.13 Crore,"Wapda City, Faisalabad",Faisalabad,OLX
https://www.olx.com.pk/item/5-marla-good-location-plot-for-sale-iid-1118787679,Plot,For Sale,5 Marla,,,2 hours ago,Rs 1.14 Crore,"Wapda City, Faisalabad",Faisalabad,OLX
https://www.olx.com.pk/item/5-marla-plot-available-for-sale-in-citi-housing-samundari-road-faisalabad-iid-1118193442,Plot,For Sale,5 Marla,,,10 hours ago,Rs 52.50 Lacs,"City Housing Society - Phase 2, Faisalabad",Faisalabad,OLX
https://www.olx.com.pk/item/5-marla-house-available-for-sale-in-citi-housing-sargodha-road-faislalabad-iid-1118039041,House,For Sale,5 Marla,3,4,10 hours ago,Rs 1.85 Crore,"City Housing Society - Phase 1, Faisalabad",Faisalabad,OLX
https://www.olx.com.pk/item/20-marla-double-storey-house-newly-constructed-house-iid-1118764555,House,For Sale,20 Marla,5,5,12 hours ago,Rs 4.15 Crore,"Peoples Colony No 1, Faisalabad",Faisalabad,OLX
https://www.olx.com.pk/item/4-marla-corner-plot-for-sale-quean-academy-road-khayaban-valley-iid-1117986647,Plot,For Sale,4 Marla,,,14 hours ago,Rs 60 Lacs,"Quran Academy Road, Faisalabad",Faisalabad,OLX
https://www.olx.com.pk/item/house-available-for-sale-khayaban-colony-madina-town-faisalabad-iid-1118635790,House,For Sale,11 Marla,3,5,14 hours ago,Rs 2.50 Crore,"Khayaban Colony, Faisalabad",Faisalabad,OLX
https://www.olx.com.pk/item/w-block-madina-town-fsd-5-marla-double-story-house-for-sale-iid-1118635749,House,For Sale,5 Marla,4,4,14 hours ago,Rs 2 Crore,"Madina Town, Faisalabad",Faisalabad,OLX
https://www.olx.com.pk/item/5-marla-double-story-new-house-for-sale-khayyaban-valley-vip-ideal-location-near-to-susan-road-madina-town-fsd-iid-1118635730,House,For Sale,5 Marla,3,4,14 hours ago,Rs 1.85 Crore,"Madina Town, Faisalabad",Faisalabad,OLX
https://www.olx.com.pk/item/6-marla-6-sarsai-double-story-house-for-sale-canal-park-canal-road-faisalabad-iid-1118405631,House,For Sale,7 Marla,5,5,14 hours ago,Rs 3 Crore,"Canal Park, Faisalabad",Faisalabad,OLX
https://www.olx.com.pk/item/fully-furnished-with-furniture-10-marla-house-for-sale-saeed-colony-canal-road-faisalabad-iid-1118239962,House,For Sale,10 Marla,4,5,14 hours ago,Rs 3.50 Crore,"Saeed Colony, Faisalabad",Faisalabad,OLX
https://www.olx.com.pk/item/7-marla-plaza-for-sale-madina-town-bismillah-chowk-ideal-location-faisalabad-iid-1118239847,Other,For Sale,7 Marla,,,14 hours ago,Rs 5.50 Crore,"Madina Town, Faisalabad",Faisalabad,OLX
https://www.olx.com.pk/item/alnoor-garden-society-area-near-canal-road-faisalabad-5-marla-double-story-house-for-sale-iid-1118239650,House,For Sale,5 Marla,4,4,14 hours ago,Rs 1.85 Crore,"Al Noor Garden, Faisalabad",Faisalabad,OLX
https://www.olx.com.pk/item/280-square-feet-office-available-for-sale-at-kohinoor-one-plaza-iid-1118049042,Office,For Sale,280 SQFT,,,2 days ago,Rs 20 Lacs,"Kohinoor One, Faisalabad",Faisalabad,OLX
https://www.olx.com.pk/item/4-marla-brand-new-house-for-sale-green-orchard-iid-1118634457,House,For Sale,4 Marla,4,4,2 days ago,Rs 1.65 Crore,"Green Orchard, Faisalabad",Faisalabad,OLX
https://www.olx.com.pk/item/10-marla-house-for-sale-tech-town-tnt-satiyana-road-faislabad-iid-1118713315,House,For Sale,10 Marla,6,6,2 days ago,Rs 3 Crore,"TECH Town - Block B, Faisalabad",Faisalabad,OLX
https://www.olx.com.pk/item/ali-housing-colony-fsd-10-marla-house-for-sale-iid-1118653348,House,For Sale,10 Marla,4,7,2 days ago,Rs 3 Crore,"Faisalabad Square, Faisalabad",Faisalabad,OLX
https://www.olx.com.pk/item/5-marla-15-story-house-for-sell-iid-1118708506,House,For Sale,5 Marla,4,4,2 days ago,Rs 82 Lacs,"TECH Town (TNT Colony), Faisalabad",Faisalabad,OLX
https://www.olx.com.pk/item/16-marla-beautiful-lavish-house-for-sale-near-kohinoor-commercial-area-faisalabad-iid-1118140921,House,For Sale,16 Marla,6,5,2 days ago,Rs 8.50 Crore,"Kohinoor City, Faisalabad",Faisalabad,OLX
https://www.olx.com.pk/item/65-marla-corner-park-facing-plot-for-sale-iid-1118684046,Plot,For Sale,6.5 Marla,,,2 days ago,Rs 60 Lacs,"Khayaban Housing, Faisalabad",Faisalabad,OLX
https://www.olx.com.pk/item/raza-town-canal-road-near-marhaba-mahal-iid-1118193794,Other,For Sale,5 Marla,2,3,3 days ago,Rs 1.10 Crore,"Raza Town, Faisalabad",Faisalabad,OLX
https://www.olx.com.pk/item/zai-town-canal-road-iid-1117814751,Other,For Sale,2 Marla,,,3 days ago,Rs 1.10 Crore,"Zia Town, Faisalabad",Faisalabad,OLX
https://www.olx.com.pk/item/edanvalley-canal-road-iid-1117771823,Other,For Sale,5 Marla,,,3 days ago,Rs 19 Lacs,"Eden Valley - Block E, Faisalabad",Faisalabad,OLX
https://www.olx.com.pk/item/lylpur-villa-edan-valley-road-iid-1118557152,Villa,For Sale,7 Marla,4,3,3 days ago,Rs 2.50 Crore,"Lyallpur Villas, Faisalabad",Faisalabad,OLX
https://www.olx.com.pk/item/15-marla-arr-parr-kothi-saeed-colony-no-2-gated-community-5-bed-double-kitchen-fully-tiled-and-pather-suitable-for-multinational-company-office-iid-1118676160,Office,For Sale,15 Marla,5,5,3 days ago,Rs 5 Lac,"Saeed Colony - New Garden Block, Faisalabad",Faisalabad,OLX
https://www.olx.com.pk/item/25-marla-house-available-for-sale-iid-1118676137,House,For Sale,2 Marla,2,3,3 days ago,Rs 47 Lacs,"Madina Town, Faisalabad",Faisalabad,OLX
https://www.olx.com.pk/item/house-for-sale-y-block-madina-town-03211777676-iid-1118676073,House,For Sale,5 SQFT,4,3,3 days ago,Rs 1.50 Crore,"Madina Town, Faisalabad",Faisalabad,OLX
https://www.olx.com.pk/item/house-for-sale-y-block-madina-town-03211777676-iid-1118676064,House,For Sale,5 SQFT,4,3,3 days ago,Rs 1.70 Crore,"Madina Town, Faisalabad",Faisalabad,OLX
https://www.olx.com.pk/item/675-marla-plot-available-for-sale-3750-iid-1118676053,Plot,For Sale,6 Marla,,,3 days ago,Rs 70 Lacs,"Chak 208 Road, Faisalabad",Faisalabad,OLX
https://www.olx.com.pk/item/4-marla-house-available-for-sale-iid-1118676047,House,For Sale,4 SQM,4,5,3 days ago,Rs 1.50 Crore,"Madina Town, Faisalabad",Faisalabad,OLX
https://www.olx.com.pk/item/03211777676-commercial-plaza-for-sale-iid-1118676020,Other,For Sale,7 SQFT,5,5,3 days ago,Rs 6.50 Crore,"Madina Town, Faisalabad",Faisalabad,OLX
https://www.olx.com.pk/item/urgent-5-marla-plot-for-sale-citi-housing-sargodha-road-iid-1118663672,Plot,For Sale,5 Marla,,,3 days ago,Rs 60 Lacs,"City Housing Society - Phase 1, Faisalabad",Faisalabad,OLX
https://www.olx.com.pk/item/2-marla-commercial-shop-plus-flat-for-sale-in-eden-orchard-iid-1118663562,Flat,For Sale,2 Marla,,,3 days ago,Rs 1.12 Crore,"Eden Orchard, Faisalabad",Faisalabad,OLX
https://www.olx.com.pk/item/1-kanal-plot-for-sale-in-defence-fort-samundri-road-on-main-boulevard-iid-1115239494,Plot,For Sale,20 Marla,,,3 days ago,Rs 2.80 Crore,"Lyallpur Galleria 2, Faisalabad",Faisalabad,OLX
https://www.olx.com.pk/item/b-block-plot-for-sale-in-reasonable-price-iid-1118644563,Plot,For Sale,10 Marla,,,4 days ago,Rs 1.50 Crore,"Wapda City - Block B, Faisalabad",Faisalabad,OLX
https://www.olx.com.pk/item/10-marla-plot-for-sale-near-park-best-location-in-wapda-city-faisalabad-iid-1118643357,Plot,For Sale,10 Marla,,,4 days ago,Rs 1.90 Crore,"Wapda City - Block A, Faisalabad",Faisalabad,OLX
https://www.olx.com.pk/item/0321-86-10-688-different-size-houses-available-for-sale-in-main-canal-road-societies-5marla-7-marla-10-marla-20-marla-iid-1117682230,House,For Sale,20 Marla,5,5,4 days ago,Rs 13.50 Crore,"Canal Park, Faisalabad",Faisalabad,OLX
https://www.olx.com.pk/item/0321-86-10-688-beautiful-brand-new-5-marla-house-available-for-sale-in-canal-garden-iid-1117682028,House,For Sale,5 Marla,4,4,4 days ago,Rs 2.90 Crore,"Canal Garden, Faisalabad",Faisalabad,OLX
https://www.olx.com.pk/item/0321-86-10-688-brand-new-beautiful-house-available-for-rent-in-eden-valley-iid-1117681894,House,For Sale,5 Marla,3,4,4 days ago,Rs 2.65 Crore,"Eden Valley - Block D, Faisalabad",Faisalabad,OLX
https://www.olx.com.pk/item/0321-86-10-688-brand-new-5-marla-beautiful-house-available-for-sale-in-abdullah-garden-iid-1117681764,House,For Sale,5 Marla,3,4,4 days ago,Rs 3.60 Crore,"Abdullah Gardens, Faisalabad",Faisalabad,OLX
https://www.olx.com.pk/item/0321-86-10-688-beautiful-spanish-brand-new-house-available-for-sale-in-abdullah-garden-iid-1117681661,House,For Sale,20 Marla,5,5,4 days ago,Rs 17 Crore,"Abdullah Garden, Faisalabad",Faisalabad,OLX
https://www.olx.com.pk/item/0321-86-10-688-eden-valley-ma-hot-location-pr-44-marla-beautiful-house-available-for-sale-on-investor-rate-with-8-bedrooms-swimming-pool-lawn-garage-drawing-dinning-store-study-room-iid-1117681473,Room,For Sale,44 Marla,6,7,4 days ago,Rs 18.50 Crore,"Eden Valley - Block A, Faisalabad",Faisalabad,OLX
https://www.olx.com.pk/item/0321-86-10-688-beautiful-house-of-5-marla-double-story-available-for-sale-in-al-noor-garden-iid-1117680993,House,For Sale,5 Marla,4,4,4 days ago,Rs 1.80 Crore,"Al Noor Garden, Faisalabad",Faisalabad,OLX
https://www.olx.com.pk/item/0321-86-10-688-beautiful-7-marla-look-like-a-brand-new-house-available-for-sale-in-eden-executive-w-iid-1118263547,House,For Sale,7 Marla,5,5,4 days ago,Rs 3.15 Crore,"Eden Executive, Faisalabad",Faisalabad,OLX
https://www.olx.com.pk/item/0321-86-10-688-commercial-jaga-pr-2-marla-house-available-for-sale-back-side-street-bismillah-chowk-muhamdi-chowk-street-iid-1118231956,House,For Sale,2 Marla,3,2,4 days ago,Rs 75 Lacs,"Madina Town, Faisalabad",Faisalabad,OLX
https://www.olx.com.pk/item/0321-86-10-688-solid-construction-53-marla-house-with-4bedrooms-3-kitchen-3-electric-meter-1-suigas-location-chota-manawala-bhatta-stopavailable-for-sale-in-m-iid-1117738141,Room,For Sale,5 Marla,4,4,4 days ago,Rs 1.50 Crore,"Manawala, Faisalabad",Faisalabad,OLX
https://www.olx.com.pk/item/0321-86-10-688-golden-opportunity-10-marla-ghar-with-7-bedrooms-available-for-sale-on-double-road-of-eden-executive-at-investor-rate-iid-1117680626,Room,For Sale,10 Marla,6,7,4 days ago,Rs 3.50 Crore,"Eden Executive, Faisalabad",Faisalabad,OLX
https://www.olx.com.pk/item/0321-86-10-688-ghalib-city-a-block-5-marla-registery-moqa-pr-6-marla-swimming-pool-bana-hova-chaar-devari-garage-bana-hova-gate-laga-hova-iid-1118470732,Other,For Sale,5 Marla,,,4 days ago,Rs 1.10 Crore,"Ghalib City, Faisalabad",Faisalabad,OLX
https://www.olx.com.pk/item/al-barkat-villas-society-area-boundary-wall-opposite-riffah-university-near-fish-farm-satiana-road-faisalabad-iid-1118635817,Villa,For Sale,14 Marla,4,6,4 days ago,Rs 3.60 Crore,"Al Barkat Villas, Faisalabad",Faisalabad,OLX
https://www.olx.com.pk/item/brand-new-house-for-sale-beautiful-30-marla-abdullah-garden-canal-rd-fsd-iid-1118635786,House,For Sale,30 Marla,6,7,4 days ago,Rs 16.50 Crore,"Abdullah Garden, Faisalabad",Faisalabad,OLX
https://www.olx.com.pk/item/20-marla-double-story-house-available-for-sale-mein-susan-road-madina-town-fsd-iid-1118635782,House,For Sale,20 Marla,6,7,4 days ago,Rs 7 Crore,"Susan Road, Faisalabad",Faisalabad,OLX
https://www.olx.com.pk/item/commercial-plaza-for-sale-5-marla-building-susan-road-chanab-market-madina-town-susan-road-faisalabad-iid-1118635772,Building,For Sale,5 Marla,,,4 days ago,Rs 5 Crore,"Susan Road, Faisalabad",Faisalabad,OLX
https://www.olx.com.pk/item/apartment-for-sale-madina-town-near-susan-road-fda-flat-iid-1118276157,Flat,For Sale,2 Marla,2,1,4 days ago,Rs 45 Lacs,"Madina Town, Faisalabad",Faisalabad,OLX
https://www.olx.com.pk/item/ultra-luxurious-spanish-1-kanal-brand-new-house-for-sale-iid-1118633363,House,For Sale,20 Marla,5,6,4 days ago,Rs 15 Crore,"Abdullah Gardens, Faisalabad",Faisalabad,OLX
https://www.olx.com.pk/item/ultra-luxury-5-marla-brand-new-house-for-sale-iid-1118633359,House,For Sale,5 Marla,3,4,4 days ago,Rs 2 Crore,"Canal Avenue, Faisalabad",Faisalabad,OLX
https://www.olx.com.pk/item/luxury-5-marla-brand-new-house-for-sale-iid-1118612069,House,For Sale,5 Marla,4,5,4 days ago,Rs 1.85 Crore,"Gulberg Valley, Faisalabad",Faisalabad,OLX
https://www.olx.com.pk/item/luxury-5-marla-brand-new-house-for-sale-iid-1118446977,House,For Sale,5 Marla,3,3,4 days ago,Rs 1.75 Crore,"Canal Avenue, Faisalabad",Faisalabad,OLX
https://www.olx.com.pk/item/5-marla-plot-for-sale-at-prime-location-of-wapda-town-iid-1118631921,Plot,For Sale,5 Marla,,,4 days ago,Rs 70 Lacs,"Wapda Town - Phase 1, Faisalabad",Faisalabad,OLX
https://www.olx.com.pk/item/5-marla-plot-citi-housing-sargodha-road-for-sale-iid-1118627629,Plot,For Sale,5 Marla,,,4 days ago,Rs 59 Lacs,"City Housing Society - Phase 1, Faisalabad",Faisalabad,OLX
https://www.olx.com.pk/item/2-marla-commercial-building-for-sale-eden-orchard-sargodha-road-faisalabad-iid-1118579671,Building,For Sale,2 Marla,,,4 days ago,Rs 1.12 Crore,"Eden Orchard, Faisalabad",Faisalabad,OLX
https://www.olx.com.pk/item/commercial-shopoffice-double-story-for-sale-eden-orchard-sargodha-road-faisalabad-iid-1118627495,Office,For Sale,2 Marla,,,4 days ago,Rs 1.12 Crore,"Eden Orchard, Faisalabad",Faisalabad,OLX
https://www.olx.com.pk/item/5-marla-house-for-sale-iid-1118612197,House,For Sale,5 Marla,4,4,4 days ago,Rs 1.60 Crore,"Gulberg Valley, Faisalabad",Faisalabad,OLX
https://www.olx.com.pk/item/hot-deal-165-marla-plot-for-sale-in-c-block-wapda-city-faisalabad-iid-1118608459,Plot,For Sale,15 Marla,,,4 days ago,Rs 3.15 Crore,"Wapda City, Faisalabad",Faisalabad,OLX
https://www.olx.com.pk/item/hot-deal-10-marla-plot-for-sale-in-m-block-wapda-city-faisalabad-iid-1118607861,Plot,For Sale,10 Marla,,,4 days ago,Rs 2.45 Crore,"Wapda City - Block M, Faisalabad",Faisalabad,OLX
https://www.olx.com.pk/item/hot-deal-10-marla-plot-for-sale-in-b-block-wapda-city-faisalabad-iid-1118607445,Plot,For Sale,10 Marla,,,4 days ago,Rs 2.20 Crore,"Wapda City - Block B, Faisalabad",Faisalabad,OLX
https://www.olx.com.pk/item/hot-deal-10-marla-plot-for-sale-in-b-block-wapda-city-faisalabad-iid-1118607071,Plot,For Sale,10 Marla,,,4 days ago,Rs 2.25 Crore,"Wapda City - Block B, Faisalabad",Faisalabad,OLX
https://www.olx.com.pk/item/ideal-location-for-residential-plot-100-feet-road-iid-1118596946,Residential Plot,For Sale,20 Marla,,,5 days ago,Rs 3.50 Crore,"Gulshan e Madina Phase 1, Faisalabad",Faisalabad,OLX
https://www.olx.com.pk/item/sale-sitara-park-city-pay-30-amp-get-possession-iid-1118595618,Other,For Sale,4 Marla,,,5 days ago,Rs 44 Lacs,"Sitara Park City, Faisalabad",Faisalabad,OLX
https://www.olx.com.pk/item/5-marla-plot-for-sale-sitara-park-city-jaranwala-road-faisalabad-iid-1118595603,Plot,For Sale,5 Marla,,,5 days ago,Rs 55 Lacs,"Sitara Park City, Faisalabad",Faisalabad,OLX
https://www.olx.com.pk/item/sitara-square-6-marla-commercial-on-main-100-feet-road-iid-1118595592,Other,For Sale,6 Marla,,,5 days ago,Rs 12 Crore,"Sitara Square, Faisalabad",Faisalabad,OLX
https://www.olx.com.pk/item/6-marla-commercial-plot-in-sitara-square-available-for-sale-iid-1118595585,Commercial Plot,For Sale,6 Marla,,,5 days ago,Rs 12 Crore,"Sitara Square, Faisalabad",Faisalabad,OLX
https://www.olx.com.pk/item/sitara-grand-bazar-prime-commercial-plots-for-sale-on-installments-sheikhupura-road-faisalabad-iid-1118595575,Commercial Plot,For Sale,3 Marla,,,5 days ago,Rs 2.25 Crore,"Sitara Grand Bazar, Faisalabad",Faisalabad,OLX
https://www.olx.com.pk/item/prime-commercial-plots-for-sale-on-easy-installments-sitara-grand-bazar-sheikhupura-road-faisalabad-iid-1118595571,Commercial Plot,For Sale,1 Marla,,,5 days ago,Rs 75 Lacs,"Sitara Grand Bazar, Faisalabad",Faisalabad,OLX
https://www.olx.com.pk/item/4-marla-commercial-plot-in-sitara-grand-bazar-for-sale-iid-1118595562,Commercial Plot,For Sale,4 Marla,,,5 days ago,Rs 3 Crore,"Sitara Grand Bazar, Faisalabad",Faisalabad,OLX
https://www.olx.com.pk/item/5-marla-plot-available-on-2-years-instalments-iid-1118595554,Plot,For Sale,5 Marla,,,5 days ago,Rs 77.50 Lacs,"Riaz ul Jannah, Faisalabad",Faisalabad,OLX
https://www.olx.com.pk/item/1-marla-commercial-shop-in-sitara-grand-bazar-iid-1118595551,Shop,For Sale,1 Marla,,,5 days ago,Rs 75 Lacs,"Sitara Grand Bazar, Faisalabad",Faisalabad,OLX
https://www.olx.com.pk/item/commercial-shops-available-on-3-years-instalments-in-sitara-grand-bazar-iid-1118595475,Shop,For Sale,1 Marla,,,5 days ago,Rs 75 Lacs,"Sitara Grand Bazar, Faisalabad",Faisalabad,OLX
https://www.olx.com.pk/item/25-marla-plot-for-sale-in-smd-homes-adjacent-eden-orchard-sargodha-road-faisalabad-iid-1118579848,Plot,For Sale,2 Marla,,,5 days ago,Rs 18.25 Lacs,"SMD Homes, Faisalabad",Faisalabad,OLX
https://www.olx.com.pk/item/5-marla-plot-available-for-sale-in-citi-housing-sargodha-road-faislalabad-iid-1118193387,Plot,For Sale,5 Marla,,,5 days ago,Rs 60 Lacs,"City Housing Society - Phase 1, Faisalabad",Faisalabad,OLX
https://www.olx.com.pk/item/5-marla-plot-available-for-sale-in-citi-housing-sargodha-road-faislalabad-iid-1118193380,Plot,For Sale,5 Marla,,,5 days ago,Rs 45 Lacs,"City Housing Society - Phase 1, Faisalabad",Faisalabad,OLX
https://www.olx.com.pk/item/5-marla-plot-available-for-sale-in-citi-housing-sargodha-road-faislalabad-iid-1118193374,Plot,For Sale,5 Marla,,,5 days ago,Rs 40 Lacs,"City Housing Society - Phase 1, Faisalabad",Faisalabad,OLX
https://www.olx.com.pk/item/5-marla-plot-available-for-sale-in-citi-housing-sargodha-road-faislalabad-iid-1118193368,Plot,For Sale,5 Marla,,,5 days ago,Rs 34 Lacs,"City Housing Society - Phase 1, Faisalabad",Faisalabad,OLX
https://www.olx.com.pk/item/5-marla-plot-available-for-sale-in-citi-housing-sargodha-road-faislalabad-iid-1118193359,Plot,For Sale,5 Marla,,,5 days ago,Rs 42 Lacs,"City Housing Society - Phase 1, Faisalabad",Faisalabad,OLX
https://www.olx.com.pk/item/corner-house-at-alnoor-gardens-khayaban-colony-iid-1022894419,House,For Sale,10 Marla,4,5,6 days ago,Rs 2.50 Crore,"TECH Town (TNT Colony), Faisalabad",Faisalabad,OLX
https://www.olx.com.pk/item/wapda-city-h-block-near-central-park-mosque-and-market-iid-1118405455,Other,For Sale,1 Kanal,,,6 days ago,Rs 4.75 Crore,"Wapda City - Block H, Faisalabad",Faisalabad,OLX
https://www.olx.com.pk/item/5-marla-developed-plot-for-sale-citi-housing-sargodha-road-faisalabad-iid-1118544219,Plot,For Sale,5 Marla,,,6 days ago,Rs 35 Lacs,"City Housing Society - Phase 1, Faisalabad",Faisalabad,OLX
https://www.olx.com.pk/item/5-marla-plot-citi-housing-sargodha-road-phase-1-for-sale-iid-1118544076,Plot,For Sale,5 Marla,,,6 days ago,Rs 43 Lacs,"City Housing Society - Phase 1, Faisalabad",Faisalabad,OLX
https://www.olx.com.pk/item/residential-plot-of-5-marla-is-available-for-sale-in-citi-housing-sargodha-road-iid-1118540214,Residential Plot,For Sale,5 Marla,,,6 days ago,Rs 35 Lacs,"City Housing Society - Phase 1, Faisalabad",Faisalabad,OLX
https://www.olx.com.pk/item/5-marla-residential-plot-in-citi-housing-sargodha-road-best-option-iid-1118540207,Residential Plot,For Sale,5 Marla,,,6 days ago,Rs 32 Lacs,"City Housing Society - Phase 1, Faisalabad",Faisalabad,OLX
https://www.olx.com.pk/item/5-marla-residential-plot-up-for-sale-in-citi-housing-phase-1-block-f-iid-1118540205,Residential Plot,For Sale,5 Marla,,,6 days ago,Rs 32 Lacs,"City Housing Society, Faisalabad",Faisalabad,OLX
https://www.olx.com.pk/item/10-marla-residential-plot-in-citi-housing-phase-one-sargodha-most-prime-location-in-only-6900000-iid-1118540191,Residential Plot,For Sale,10 Marla,,,6 days ago,Rs 69 Lacs,"City Housing Society - Phase 1, Faisalabad",Faisalabad,OLX
https://www.olx.com.pk/item/a-centrally-located-residential-plot-is-available-for-sale-in-faisalabad-iid-1118540187,Residential Plot,For Sale,10 Marla,,,6 days ago,Rs 68 Lacs,"City Housing Society - Phase 1, Faisalabad",Faisalabad,OLX
https://www.olx.com.pk/item/0321-86-10-688-shop-for-sale-in-wakeelan-wali-street-no-4-zia-plaza-iid-1118264355,Shop,For Sale,96 SQFT,Studio,1,6 days ago,Rs 1.40 Crore,"Katchery Bazar, Faisalabad",Faisalabad,OLX
https://www.olx.com.pk/item/0321-86-10-688-beautiful-3-marla-with-3bedroom-1-drawing-room-double-kitchen-double-tv-lounge-car-garage-iid-1117917396,Room,For Sale,3 Marla,3,4,6 days ago,Rs 1.10 Crore,"Madina Green Valley, Faisalabad",Faisalabad,OLX
https://www.olx.com.pk/item/plots-available-iid-1118531874,Plot,For Sale,4 SQFT,,,1 week ago,Rs 36 Lacs,"Sitara Park City, Faisalabad",Faisalabad,OLX
https://www.olx.com.pk/item/8-marla-grey-structure-house-iid-1118529665,House,For Sale,8 Marla,5,6,1 week ago,Rs 2.40 Crore,"Eden Executive, Faisalabad",Faisalabad,OLX
https://www.olx.com.pk/item/8-marla-grey-structure-house-iid-1118529643,House,For Sale,8 Marla,5,6,1 week ago,Rs 2.50 Crore,"Eden Executive, Faisalabad",Faisalabad,OLX
https://www.olx.com.pk/item/7-marla-brand-new-house-canal-road-iid-1118529575,House,For Sale,7 Marla,4,5,1 week ago,Rs 4 Crore,"Canal Road, Faisalabad",Faisalabad,OLX
https://www.olx.com.pk/item/7-marla-brand-new-house-for-sale-in-eden-executive-iid-1118529468,House,For Sale,7 Marla,5,6,1 week ago,Rs 2.75 Crore,"Eden Executive, Faisalabad",Faisalabad,OLX
https://www.olx.com.pk/item/19-marla-sami-commercial-canal-road-iid-1118529363,Other,For Sale,19 Marla,,,1 week ago,Rs 6.65 Crore,"Canal Road, Faisalabad",Faisalabad,OLX
https://www.olx.com.pk/item/5-marla-eden-executive-brand-new-house-iid-1118529297,House,For Sale,5 Marla,3,4,1 week ago,Rs 2.50 Crore,"Eden Executive, Faisalabad",Faisalabad,OLX
https://www.olx.com.pk/item/7-marla-facing-park-eden-executive-iid-1118529280,Other,For Sale,7 Marla,4,5,1 week ago,Rs 3.20 Crore,"Eden Executive, Faisalabad",Faisalabad,OLX
https://www.olx.com.pk/item/7-marla-brand-new-house-iid-1118529069,House,For Sale,7 Marla,4,5,1 week ago,Rs 4.09 Crore,"Eden Valley, Faisalabad",Faisalabad,OLX
https://www.olx.com.pk/item/7-marla-plot-eden-executive-facing-park-iid-1118528984,Plot,For Sale,7 Marla,,,1 week ago,Rs 1.65 Crore,"Eden Executive, Faisalabad",Faisalabad,OLX
https://www.olx.com.pk/item/5-marla-model-city-gfjc-block-plots-iid-1118528939,Plot,For Sale,5 Marla,,,1 week ago,Rs 65 Lacs,"Model City 1, Faisalabad",Faisalabad,OLX
https://www.olx.com.pk/item/5-marla-4-bed-house-brand-new-eden-valley-iid-1118528903,House,For Sale,5 Marla,4,5,1 week ago,Rs 2.70 Crore,"Eden Valley, Faisalabad",Faisalabad,OLX
https://www.olx.com.pk/item/7-marla-brand-new-house-model-city-1-for-sale-iid-1118528843,House,For Sale,7 Marla,4,5,1 week ago,Rs 3.50 Crore,"Model City 1, Faisalabad",Faisalabad,OLX
https://www.olx.com.pk/item/12-marla-house-divine-enclave-iid-1118528816,House,For Sale,12 Marla,5,6,1 week ago,Rs 8.50 Crore,"Canal Road, Faisalabad",Faisalabad,OLX
https://www.olx.com.pk/item/15-marla-ultra-modern-luxury-house-for-sale-iid-1118528652,House,For Sale,15 Marla,5,6,1 week ago,Rs 8 Crore,"Wapda City - Block C, Faisalabad",Faisalabad,OLX
https://www.olx.com.pk/item/7-marla-house-used-double-story-eden-valley-iid-1118528417,House,For Sale,7 Marla,4,5,1 week ago,Rs 2.75 Crore,"Eden Valley, Faisalabad",Faisalabad,OLX
https://www.olx.com.pk/item/10-marla-plot-model-city-1-iid-1118528365,Plot,For Sale,10 Marla,,,1 week ago,Rs 2 Crore,"Model City 1, Faisalabad",Faisalabad,OLX
https://www.olx.com.pk/item/5-marla-house-eden-executive-iid-1118528330,House,For Sale,5 Marla,3,4,1 week ago,Rs 2.29 Crore,"Eden Executive, Faisalabad",Faisalabad,OLX
https://www.olx.com.pk/item/75-marla-plot-at-sitara-gold-phase-1-iid-1118528315,Plot,For Sale,"1,687 SQFT",,,1 week ago,Rs 1.65 Crore,"Satiana Road, Faisalabad",Faisalabad,OLX
https://www.olx.com.pk/item/5-marla-ultra-modern-new-house-available-for-sale-iid-1118526292,House,For Sale,5 Marla,3,4,1 week ago,Rs 2.50 Crore,"Wapda City - Block L, Faisalabad",Faisalabad,OLX
https://www.olx.com.pk/item/5-marla-plot-avaiable-for-sale-iid-1118523615,Plot,For Sale,5 Marla,,,1 week ago,Rs 1.14 Crore,"Wapda City - Block L, Faisalabad",Faisalabad,OLX
https://www.olx.com.pk/item/5-marla-plot-d-block-phase-1-citi-housing-sargodha-road-for-sale-iid-1118520512,Plot,For Sale,5 Marla,,,1 week ago,Rs 60 Lacs,"City Housing Society - Phase 1, Faisalabad",Faisalabad,OLX
https://www.olx.com.pk/item/model-city-2-main-satiana-road-faisalabad-reasonable-price-registry-plot-for-sale-iid-1118495352,Plot,For Sale,5 Marla,,,1 week ago,Rs 45 Lacs,"Model City 2, Faisalabad",Faisalabad,OLX
https://www.olx.com.pk/item/5-marla-plot-available-for-sale-investor-rate-in-main-satiana-road-modal-city-2-faisalabad-iid-1118495095,Plot,For Sale,5 Marla,,,1 week ago,Rs 30 Lacs,"Satiana Road, Faisalabad",Faisalabad,OLX
https://www.olx.com.pk/item/this-is-your-chance-to-buy-agricultural-land-in-painsra-gojra-road-faisalabad-iid-1118490484,Agricultural Land,For Sale,500 Kanal,,,1 week ago,Rs 21.80 Crore,"Painsra - Gojra Road, Faisalabad",Faisalabad,OLX
https://www.olx.com.pk/item/new-civel-lines-main-road-company-bagh-27-marla-plaza-for-sale-03018660465-iid-1118482078,Other,For Sale,27 Marla,,,1 week ago,Rs 45 Crore,"Civil Lines, Faisalabad",Faisalabad,OLX
https://www.olx.com.pk/item/new-civel-line-main-road-sitara-plaza-commersial-building-38-marla-for-sale-03018660465-iid-1118482036,Building,For Sale,38 Marla,,,1 week ago,Rs 45 Crore,"Civil Lines, Faisalabad",Faisalabad,OLX
https://www.olx.com.pk/item/shop-for-sale-opposite-citi-housing-sargodha-road-faisalabad-iid-1118475011,Shop,For Sale,410 SQFT,,,1 week ago,Rs 1.25 Crore,"City Housing Society - Phase 1, Faisalabad",Faisalabad,OLX
https://www.olx.com.pk/item/2-marla-commercial-office-for-sale-in-eden-orchard-sargodha-road-faisalabad-iid-1118474898,Office,For Sale,2 Marla,,,1 week ago,Rs 1.12 Crore,"Eden Orchard, Faisalabad",Faisalabad,OLX
https://www.olx.com.pk/item/5-marla-plot-for-sale-in-a-executive-block-citi-housing-iid-1118474882,Plot,For Sale,5 Marla,,,1 week ago,Rs 45 Lacs,"City Housing Society - Phase 1, Faisalabad",Faisalabad,OLX
https://www.olx.com.pk/item/10-marla-plot-available-in-b-block-citi-housing-sargodha-road-faisalabad-iid-1118474748,Plot,For Sale,10 Marla,,,1 week ago,Rs 1.35 Crore,"City Housing Society - Phase 1, Faisalabad",Faisalabad,OLX
https://www.olx.com.pk/item/4-marla-prime-location-plot-for-sale-in-eden-orchard-sargodha-road-faisalabad-iid-1118311087,Plot,For Sale,4 Marla,,,1 week ago,Rs 92 Lacs,"Eden Orchard, Faisalabad",Faisalabad,OLX
https://www.olx.com.pk/item/10-marla-elegant-house-for-sale-in-m-block-wapda-city-faisalabad-iid-1118456147,House,For Sale,10 Marla,4,5,1 week ago,Rs 5.50 Crore,"Wapda City - Block M, Faisalabad",Faisalabad,OLX
https://www.olx.com.pk/item/5-marla-corner-plot-for-sale-in-eden-orchard-faisalabad-iid-1118454785,Plot,For Sale,5 Marla,,,1 week ago,Rs 1.25 Crore,"Eden Orchard, Faisalabad",Faisalabad,OLX
https://www.olx.com.pk/item/fully-furnished-apartment-available-for-sale-at-lower-canal-road-on-easy-installment-iid-1118453169,Apartment,For Sale,784 SQFT,2,2,1 week ago,Rs 94 Lacs,"Green Orchard - Block B, Faisalabad",Faisalabad,OLX
https://www.olx.com.pk/item/flat-available-for-sale-at-jaranwala-road-faisalabad-iid-1118453011,Flat,For Sale,325 SQFT,1,1,1 week ago,Rs 35 Lacs,"Kohinoor One, Faisalabad",Faisalabad,OLX
https://www.olx.com.pk/item/kohinoor-city-office-for-sale-sized-319-square-feet-iid-1118452996,Office,For Sale,319 SQFT,,,1 week ago,Rs 33 Lacs,"Kohinoor City, Faisalabad",Faisalabad,OLX
https://www.olx.com.pk/item/facing-park-property-house-for-sale-in-canal-avenue-faisalabad-is-available-under-rs-22000000-iid-1118452979,House,For Sale,5 Marla,Studio,1,1 week ago,Rs 2.20 Crore,"Canal Avenue, Faisalabad",Faisalabad,OLX
https://www.olx.com.pk/item/flat-available-for-sale-at-jaranwala-road-faisalabad-iid-1118452602,Flat,For Sale,325 SQFT,1,1,1 week ago,Rs 35 Lacs,"Kohinoor One, Faisalabad",Faisalabad,OLX
https://www.olx.com.pk/item/25-marla-house-for-sale-iid-1118449700,House,For Sale,2 Marla,1,1,1 week ago,Rs 45 Lacs,"Gate Wala Chowk, Faisalabad",Faisalabad,OLX
https://www.olx.com.pk/item/15-marla-commercial-plot-for-sale-iid-1118447195,Commercial Plot,For Sale,338 SQFT,,,1 week ago,Rs 22.50 Lacs,"Green Orchard, Faisalabad",Faisalabad,OLX
https://www.olx.com.pk/item/5-marla-good-location-plot-for-sale-iid-1118447173,Plot,For Sale,5 Marla,,,1 week ago,Rs 47.50 Lacs,"Green Orchard, Faisalabad",Faisalabad,OLX
https://www.olx.com.pk/item/luxury-4-marla-brand-new-house-for-sale-iid-1117649377,House,For Sale,4 Marla,3,3,1 week ago,Rs 1.58 Crore,"Green Orchard, Faisalabad",Faisalabad,OLX
https://www.olx.com.pk/item/5-marla-good-location-plot-for-sale-iid-1118447143,Plot,For Sale,5 Marla,,,1 week ago,Rs 50 Lacs,"Green Orchard, Faisalabad",Faisalabad,OLX
https://www.olx.com.pk/item/5-marla-good-location-plot-for-sale-iid-1118447136,Plot,For Sale,5 Marla,,,1 week ago,Rs 52.50 Lacs,"Green Orchard, Faisalabad",Faisalabad,OLX
https://www.olx.com.pk/item/5-marla-plot-for-sale-green-orchard-iid-1118447124,Plot,For Sale,5 Marla,,,1 week ago,Rs 46.25 Lacs,"Lower Canal Road, Faisalabad",Faisalabad,OLX
https://www.olx.com.pk/item/33-marla-commercial-plot-for-sale-iid-1118447122,Commercial Plot,For Sale,743 SQFT,,,1 week ago,Rs 39 Lacs,"Green Orchard, Faisalabad",Faisalabad,OLX
https://www.olx.com.pk/item/5-marla-good-location-plot-for-sale-green-orchard-iid-1118447116,Plot,For Sale,5 Marla,,,1 week ago,Rs 55 Lacs,"Green Orchard, Faisalabad",Faisalabad,OLX
https://www.olx.com.pk/item/4-marla-plot-for-sale-green-orchard-iid-1118447111,Plot,For Sale,4 Marla,,,1 week ago,Rs 40 Lacs,"Green Orchard, Faisalabad",Faisalabad,OLX
https://www.olx.com.pk/item/5-marla-super-hot-location-plot-for-sale-iid-1118447107,Plot,For Sale,5 Marla,,,1 week ago,Rs 60 Lacs,"Green Orchard, Faisalabad",Faisalabad,OLX
https://www.olx.com.pk/item/5-marla-good-location-plot-for-sale-iid-1118447080,Plot,For Sale,5 Marla,,,1 week ago,Rs 57.50 Lacs,"Green Orchard, Faisalabad",Faisalabad,OLX
https://www.olx.com.pk/item/5-marla-plot-for-sale-iid-1118447075,Plot,For Sale,5 Marla,,,1 week ago,Rs 58.75 Lacs,"Green Orchard, Faisalabad",Faisalabad,OLX
https://www.olx.com.pk/item/223-marla-main-boulevard-nearest-main-gate-plot-for-sale-iid-1118447067,Plot,For Sale,"5,017 SQFT",,,1 week ago,Rs 2.56 Crore,"Green Orchard, Faisalabad",Faisalabad,OLX
https://www.olx.com.pk/item/ultra-luxury-4-marla-brand-new-house-for-sale-iid-1118447039,House,For Sale,4 Marla,3,3,1 week ago,Rs 1.40 Crore,"Oasis One, Faisalabad",Faisalabad,OLX
https://www.olx.com.pk/item/3-marla-brand-new-house-for-sale-iid-1118447015,House,For Sale,3 Marla,3,3,1 week ago,Rs 1.20 Crore,"Gulberg Valley, Faisalabad",Faisalabad,OLX
https://www.olx.com.pk/item/25-marla-brand-new-house-for-sale-iid-1118446965,House,For Sale,562 SQFT,3,3,1 week ago,Rs 95 Lacs,"Gulberg Valley, Faisalabad",Faisalabad,OLX
https://www.olx.com.pk/item/33-marla-house-for-sale-faisalabad-allrehmat-villas-03007613517-iid-1118444484,House,For Sale,3.3 Marla,5,4,1 week ago,Rs 1 Crore,"Bilal Garden, Faisalabad",Faisalabad,OLX
https://www.olx.com.pk/item/huge-front-commercial-land-on-expressway-fsd-iid-1118407369,Land,For Sale,127 Marla,,,1 week ago,Rs 12 Crore,"Canal Expressway, Faisalabad",Faisalabad,OLX
https://www.olx.com.pk/item/wapda-city-h-block-near-central-park-mosque-and-market-iid-1118405179,Other,For Sale,1 Kanal,,,1 week ago,Rs 4.75 Crore,"Wapda City - Block H, Faisalabad",Faisalabad,OLX
https://www.olx.com.pk/item/12-marla-double-storey-house-for-sale-with-12-kva-solar-installed-green-meter-specifications-about-house-iid-1118383690,House,For Sale,12 Marla,5,6,1 week ago,Rs 3.10 Crore,"TECH Town (TNT Colony), Faisalabad",Faisalabad,OLX
https://www.olx.com.pk/item/eden-valley-society-area-boundary-wall-canal-road-faisalabad-11-marla-brand-new-double-heighted-luxury-house-double-story-for-sale-iid-1118383653,House,For Sale,11 Marla,5,7,1 week ago,Rs 6.50 Crore,"Eden Valley, Faisalabad",Faisalabad,OLX
https://www.olx.com.pk/item/5-marla-house-for-sale-alnoor-garden-society-boundary-wall-204-chak-rord-fsd-iid-1118383614,House,For Sale,5 Marla,3,4,1 week ago,Rs 1.40 Crore,"Al Noor Garden, Faisalabad",Faisalabad,OLX
https://www.olx.com.pk/item/18-marla-brand-new-house-for-sale-canal-road-saeed-colony-faisalabad-iid-1118383599,House,For Sale,18 Marla,5,7,1 week ago,Rs 6 Crore,"Canal Road, Faisalabad",Faisalabad,OLX
https://www.olx.com.pk/item/5-marla-new-double-storey-house-for-sale-model-city-society-area-boundary-wall-canal-road-faisalabad-iid-1118383593,House,For Sale,5 Marla,3,4,1 week ago,Rs 2.50 Crore,"Model City 1, Faisalabad",Faisalabad,OLX
https://www.olx.com.pk/item/5-marla-brand-new-house-for-sale-eden-exactive-canal-road-faisalabad-iid-1118383556,House,For Sale,5 Marla,3,4,1 week ago,Rs 2.29 Crore,"Eden Executive, Faisalabad",Faisalabad,OLX
https://www.olx.com.pk/item/muhammad-nagar-5-marla-house-for-sale-specifications-about-house-4-bedrooms-attached-bath-attached-iid-1118383481,Room,For Sale,5 Marla,4,5,1 week ago,Rs 1.30 Crore,"Jaranwala Road, Faisalabad",Faisalabad,OLX
https://www.olx.com.pk/item/new-house-for-sale-canal-road-abdullah-garden-vip-beautiful-number-1-society-boundary-wall-faisalabad-iid-1118383466,House,For Sale,7 Marla,5,6,1 week ago,Rs 3.90 Crore,"Abdullah Gardens, Faisalabad",Faisalabad,OLX
https://www.olx.com.pk/item/10-marla-brand-new-house-in-tech-town-f-block-on-satiyana-road-near-ripha-university-and-fish-farm-ideal-location-available-for-sale-iid-1118383463,House,For Sale,10 Marla,5,6,1 week ago,Rs 3.60 Crore,"TECH Town (TNT Colony), Faisalabad",Faisalabad,OLX
https://www.olx.com.pk/item/1-kanal-corner-plot-for-sale-on-main-society-road-iid-1118381948,Plot,For Sale,20 Marla,,,1 week ago,Rs 5 Crore,"Amin Town, Faisalabad",Faisalabad,OLX
https://www.olx.com.pk/item/15-marla-plot-in-pakistan-chowk-amin-town-iid-1118381806,Plot,For Sale,15 Marla,,,1 week ago,Rs 3.60 Crore,"Amin Town, Faisalabad",Faisalabad,OLX
https://www.olx.com.pk/item/101-marla-plot-iid-1118379634,Plot,For Sale,10 Marla,,,1 week ago,Rs 1.30 Crore,"Lyallpur Avenue, Faisalabad",Faisalabad,OLX
https://www.olx.com.pk/item/10-marla-plot-on-installment-iid-1118379456,Plot,For Sale,10 Marla,,,1 week ago,Rs 92 Lacs,"Din Gardens, Faisalabad",Faisalabad,OLX
https://www.olx.com.pk/item/residential-plot-on-din-garden-iid-1118379195,Residential Plot,For Sale,5 Marla,,,1 week ago,Rs 47.50 Lacs,"Din Gardens, Faisalabad",Faisalabad,OLX
https://www.olx.com.pk/item/10-marla-developed-possession-plot-for-sale-model-city-phase-2-main-satyana-road-faisalabad-iid-1117712097,Plot,For Sale,10 Marla,,,1 week ago,Rs 68 Lacs,"Satiana Road, Faisalabad",Faisalabad,OLX
https://www.olx.com.pk/item/shop-in-misaq-ul-mall-iid-1118378729,Shop,For Sale,600 SQFT,,,1 week ago,Rs 2 Crore,"Misaq-Ul-Mall, Faisalabad",Faisalabad,OLX
https://www.olx.com.pk/item/10-marla-plot-available-for-sale-in-citi-housing-sargodha-road-faislalabad-iid-1118193328,Plot,For Sale,10 Marla,,,2 weeks ago,Rs 85 Lacs,"City Housing Society - Phase 1, Faisalabad",Faisalabad,OLX
https://www.olx.com.pk/item/10-marla-plot-available-for-sale-in-citi-housing-sargodha-road-faislalabad-iid-1118193322,Plot,For Sale,10 Marla,,,2 weeks ago,Rs 75 Lacs,"City Housing Society - Phase 1, Faisalabad",Faisalabad,OLX
https://www.olx.com.pk/item/10-marla-plot-available-for-sale-in-citi-housing-sargodha-road-faislalabad-iid-1118193317,Plot,For Sale,10 Marla,,,2 weeks ago,Rs 70 Lacs,"City Housing Society - Phase 1, Faisalabad",Faisalabad,OLX
https://www.olx.com.pk/item/10-marla-house-available-for-sale-in-citi-housing-sargodha-road-faislalabad-iid-1118039779,House,For Sale,10 Marla,5,5,2 weeks ago,Rs 2.80 Crore,"City Housing Society - Phase 1, Faisalabad",Faisalabad,OLX
https://www.olx.com.pk/item/5-marla-plot-in-eden-valley-canal-road-faisalabad-iid-1118371845,Plot,For Sale,5 Marla,,,2 weeks ago,Rs 1.20 Crore,"Eden Valley - Block F, Faisalabad",Faisalabad,OLX
https://www.olx.com.pk/item/35-marla-corner-plot-in-eden-garden-canal-road-faisalabad-iid-1118370991,Plot,For Sale,3 Marla,,,2 weeks ago,Rs 77 Lacs,"Eden Garden - Block A, Faisalabad",Faisalabad,OLX
https://www.olx.com.pk/item/7-marla-house-iid-1118363855,House,For Sale,7 Marla,Studio,1,2 weeks ago,Rs 2.50 Crore,"Samundari Road, Faisalabad",Faisalabad,OLX
https://www.olx.com.pk/item/6-marla-house-iid-1118363595,House,For Sale,7 Marla,Studio,1,2 weeks ago,Rs 2 Crore,"City Villas Housing Scheme, Faisalabad",Faisalabad,OLX
https://www.olx.com.pk/item/6-marla-15-story-house-iid-1118362958,House,For Sale,6 Marla,Studio,1,2 weeks ago,Rs 1.50 Crore,"Samundari Road, Faisalabad",Faisalabad,OLX
https://www.olx.com.pk/item/brand-new-house-samana-faisalabad-wathsapp-0313712099-8-iid-1118331390,House,For Sale,2 Marla,2,1,2 weeks ago,Rs 22 Lacs,"Eden Orchard Block Y, Faisalabad",Faisalabad,OLX
https://www.olx.com.pk/item/6-marla-house-iid-1118362793,House,For Sale,6 Marla,Studio,1,2 weeks ago,Rs 1.70 Crore,"Samundari Road, Faisalabad",Faisalabad,OLX
https://www.olx.com.pk/item/6-marla-house-double-story-iid-1118362496,House,For Sale,6 Marla,Studio,1,2 weeks ago,Rs 2 Crore,"Samundari Road, Faisalabad",Faisalabad,OLX
https://www.olx.com.pk/item/65-merla-plot-for-sale-iid-1118360717,Plot,For Sale,6.5 Marla,,,2 weeks ago,Rs 55 Lacs,"Nawab City, Faisalabad",Faisalabad,OLX
https://www.olx.com.pk/item/2-marla-shop-and-flat-eden-orchard-sargodha-road-for-sale-iid-1118350604,Flat,For Sale,2 Marla,,,2 weeks ago,Rs 1.12 Crore,"Eden Orchard, Faisalabad",Faisalabad,OLX
https://www.olx.com.pk/item/1-kanal-plot-citi-housing-sargodha-road-block-b-excellent-location-iid-1118343985,Plot,For Sale,1 Kanal,,,2 weeks ago,Rs 2.50 Crore,"City Housing Society - Block B, Faisalabad",Faisalabad,OLX
https://www.olx.com.pk/item/corner-shop-second-floor-kohinoor-one-plaza-kohinoor-city-iid-1118343313,Shop,For Sale,360 SQFT,,,2 weeks ago,Rs 35 Lacs,"Kohinoor One, Faisalabad",Faisalabad,OLX
https://www.olx.com.pk/item/25-marla-plot-smd-homes-adjacent-eden-orchard-sargodha-road-iid-1118328482,Plot,For Sale,562 SQFT,,,2 weeks ago,Rs 18.12 Lacs,"Sargodha Road, Faisalabad",Faisalabad,OLX
https://www.olx.com.pk/item/5-marla-plot-for-sale-citi-housing-phase-1-sargodha-road-iid-1118328303,Plot,For Sale,5 Marla,,,2 weeks ago,Rs 42.50 Lacs,"City Housing Society - Phase 1, Faisalabad",Faisalabad,OLX
https://www.olx.com.pk/item/26-marla-plot-on-main-satayana-road-faisalabad-iid-1118326450,Plot,For Sale,26 Marla,,,2 weeks ago,Rs 19 Crore,"Peoples Colony - Block A, Faisalabad",Faisalabad,OLX
https://www.olx.com.pk/item/for-sale-ideal-location-khayaban-colony-1-near-susan-road-madina-town-faisalabad-10-marla-double-storey-house-for-sale-iid-1118326199,House,For Sale,10 Marla,4,5,2 weeks ago,Rs 3 Crore,"Khayaban Colony, Faisalabad",Faisalabad,OLX
https://www.olx.com.pk/item/jarawala-road-zubair-colony-society-boundary-wall-near-jalvi-market-faisalabad-8-marla-double-storey-brand-new-house-for-sale-iid-1118326155,House,For Sale,8 Marla,6,6,2 weeks ago,Rs 2.29 Crore,"Zubair Colony, Faisalabad",Faisalabad,OLX
https://www.olx.com.pk/item/4-marla-brand-new-house-in-eden-valley-canal-road-faisalabad-iid-1118293402,House,For Sale,4 Marla,3,4,2 weeks ago,Rs 2.25 Crore,"Eden Valley - Block D, Faisalabad",Faisalabad,OLX
https://www.olx.com.pk/item/park-facing-plot-prime-5-marla-park-facing-plot-for-sale-citi-housing-iid-1118323207,Plot,For Sale,5 Marla,,,2 weeks ago,Rs 48 Lacs,"City Housing Society - Phase 2, Faisalabad",Faisalabad,OLX
https://www.olx.com.pk/item/house-for-sale-rasool-park-madina-town-03211777676-iid-1118317138,House,For Sale,3 SQFT,1,1,2 weeks ago,Rs 45 Lacs,"Rasool Park, Faisalabad",Faisalabad,OLX
https://www.olx.com.pk/item/house-for-sale-near-rasul-park-darul-islam-colony-madina-town-03211777676-iid-1118317135,House,For Sale,3 SQFT,3,3,2 weeks ago,Rs 55 Lacs,"Rasool Park, Faisalabad",Faisalabad,OLX
https://www.olx.com.pk/item/5-marla-commercial-4-shops-with-double-story-buildinghouse-for-sale-iid-1118315718,House,For Sale,5 Marla,,,2 weeks ago,Rs 2.95 Crore,"Raja Colony, Faisalabad",Faisalabad,OLX
https://www.olx.com.pk/item/575-marla-double-storied-fully-furnished-house-in-khayaban-e-manzoor-iid-1118229089,House,For Sale,"1,565 SQFT",5,4,2 weeks ago,Rs 2.60 Crore,"Sitara Park City, Faisalabad",Faisalabad,OLX
https://www.olx.com.pk/item/5-marla-brand-new-double-storey-designer-home-for-sale-in-eden-orchard-iid-1118310979,Other,For Sale,5 Marla,3,4,2 weeks ago,Rs 2.50 Crore,"Eden Orchard, Faisalabad",Faisalabad,OLX
https://www.olx.com.pk/item/20-marla-plot-available-in-eden-orchard-sargodha-road-faisalabad-iid-1118310839,Plot,For Sale,20 Marla,,,2 weeks ago,Rs 3 Crore,"Eden Orchard, Faisalabad",Faisalabad,OLX
https://www.olx.com.pk/item/10-marla-plot-available-for-sale-citi-housing-sargodha-road-faisalabad-iid-1118298765,Plot,For Sale,10 Marla,,,2 weeks ago,Rs 1.35 Crore,"City Housing Society - Phase 1, Faisalabad",Faisalabad,OLX
https://www.olx.com.pk/item/urgent-sale-5-marla-plot-citi-housing-phase-1-e-block-sargodha-road-faisalabad-iid-1118298705,Plot,For Sale,5 Marla,,,2 weeks ago,Rs 42.50 Lacs,"City Housing Society - Phase 1, Faisalabad",Faisalabad,OLX
https://www.olx.com.pk/item/5-marla-developed-possession-plot-available-citi-housing-sargodha-road-faisalabad-iid-1118298638,Plot,For Sale,5 Marla,,,2 weeks ago,Rs 42 Lacs,"City Housing Society - Phase 1, Faisalabad",Faisalabad,OLX
https://www.olx.com.pk/item/25-marla-house-in-eden-garden-canal-road-faisalabad-iid-1117833913,House,For Sale,2 Marla,2,2,2 weeks ago,Rs 85 Lacs,"Eden Gardens, Faisalabad",Faisalabad,OLX
https://www.olx.com.pk/item/5-marla-house-in-model-city1-canal-road-faisalabad-iid-1117834028,House,For Sale,5 Marla,3,4,2 weeks ago,Rs 2.29 Crore,"Model City 1, Faisalabad",Faisalabad,OLX
https://www.olx.com.pk/item/5-marla-house-in-eden-valley-canal-road-faisalabad-iid-1117834022,House,For Sale,5 Marla,4,4,2 weeks ago,Rs 2.04 Crore,"Eden Valley, Faisalabad",Faisalabad,OLX
https://www.olx.com.pk/item/75-marla-brand-new-house-in-eden-valley-canal-road-faisalabad-iid-1117833984,House,For Sale,7 Marla,4,5,2 weeks ago,Rs 4.50 Crore,"Eden Valley, Faisalabad",Faisalabad,OLX
https://www.olx.com.pk/item/10-marla-plot-in-eden-valley-canal-road-faisalabad-iid-1117833889,Plot,For Sale,10 Marla,,,2 weeks ago,Rs 2.50 Crore,"Eden Valley, Faisalabad",Faisalabad,OLX
https://www.olx.com.pk/item/5-marla-house-in-eden-garden-canal-road-faisalabad-iid-1117833844,House,For Sale,5 Marla,3,4,2 weeks ago,Rs 1.90 Crore,"Eden Gardens, Faisalabad",Faisalabad,OLX
https://www.olx.com.pk/item/1275-marla-plot-for-sale-corner-iid-1118290090,Plot,For Sale,12 Marla,,,2 weeks ago,Rs 95 Lacs,"City Housing Society - Phase 1, Faisalabad",Faisalabad,OLX
https://www.olx.com.pk/item/4-marla-double-storey-house-available-for-sale-in-muslim-town-1-sargodha-road-iid-1118288828,House,For Sale,4 Marla,4,5,2 weeks ago,Rs 1.40 Crore,"Muslim Town, Faisalabad",Faisalabad,OLX
https://www.olx.com.pk/item/5-marla-double-storey-house-available-for-sale-in-eden-orchard-lasani-pulli-sargodha-road-faisalabad-iid-1118288825,House,For Sale,5 Marla,3,4,2 weeks ago,Rs 2.20 Crore,"Eden Orchard, Faisalabad",Faisalabad,OLX
https://www.olx.com.pk/item/5-marla-brand-new-house-available-for-sale-ismail-home-visita-home-sargodha-road-lasani-pulli-iid-1118288822,House,For Sale,5 Marla,5,6,2 weeks ago,Rs 1.75 Crore,"Vista Homes, Faisalabad",Faisalabad,OLX
https://www.olx.com.pk/item/11-marla-like-brand-new-double-storey-luxurious-house-available-for-sale-iid-1118288819,House,For Sale,11 Marla,5,6,2 weeks ago,Rs 4.50 Crore,"Khayaban Gardens, Faisalabad",Faisalabad,OLX
https://www.olx.com.pk/item/11-marla-double-storey-new-brand-luxury-house-for-sale-in-eden-orchard-sargodha-iid-1118288816,House,For Sale,11 Marla,3,5,2 weeks ago,Rs 5 Crore,"Eden Orchard, Faisalabad",Faisalabad,OLX
https://www.olx.com.pk/item/for-sale-status-11-marla-brand-new-house-location-eden-orchard-sargodha-road-store-faisalabad-iid-1118288813,House,For Sale,10 Marla,5,6,2 weeks ago,Rs 6 Crore,"Sargodha Road, Faisalabad",Faisalabad,OLX
https://www.olx.com.pk/item/11-marla-brand-new-luxurious-house-available-for-sale-in-eden-orchard-lasani-pulli-sargodha-road-iid-1118288809,House,For Sale,11 Marla,5,6,2 weeks ago,Rs 6 Crore,"Eden Orchard, Faisalabad",Faisalabad,OLX
https://www.olx.com.pk/item/5-marla-plot-for-sale-smd-home-near-eden-orchard-sargodha-road-iid-1118288807,Plot,For Sale,5 Marla,,,2 weeks ago,Rs 28 Lacs,"SMD Homes, Faisalabad",Faisalabad,OLX
https://www.olx.com.pk/item/5-marla-double-story-house-available-for-sale-eden-orchard-sargodha-road-lasani-pulli-iid-1118288806,House,For Sale,5 Marla,5,6,2 weeks ago,Rs 2.10 Crore,"Eden Orchard, Faisalabad",Faisalabad,OLX
https://www.olx.com.pk/item/for-sale-status-11-marla-brand-new-house-location-sargodha-road-near-sb-store-faisalabad-iid-1118288803,House,For Sale,11 Marla,5,6,2 weeks ago,Rs 6.50 Crore,"Sargodha Road, Faisalabad",Faisalabad,OLX
https://www.olx.com.pk/item/7-marla-double-storey-lavish-styles-house-available-for-sale-in-divine-enclave-canal-road-fsd-iid-1118288801,House,For Sale,7 Marla,5,6,2 weeks ago,Rs 4.25 Crore,"Divine Enclave, Faisalabad",Faisalabad,OLX
https://www.olx.com.pk/item/23-marla-like-brand-new-house-available-for-sale-in-ideal-town-sargodha-road-iid-1118288800,House,For Sale,562 SQFT,3,4,2 weeks ago,Rs 87 Lacs,"Sargodha Road, Faisalabad",Faisalabad,OLX
https://www.olx.com.pk/item/5-marla-brand-new-house-available-for-sale-eden-orchard-sargodha-road-lasani-pulli-iid-1118288794,House,For Sale,5 Marla,4,5,2 weeks ago,Rs 2.35 Crore,"Eden Orchard, Faisalabad",Faisalabad,OLX
https://www.olx.com.pk/item/65-marla-brand-new-double-story-house-available-for-sale-in-khayaban-garden-sargodha-road-lasani-pulli-iid-1118288789,House,For Sale,"1,462 SQFT",5,6,2 weeks ago,Rs 2.75 Crore,"Khayaban Gardens, Faisalabad",Faisalabad,OLX
https://www.olx.com.pk/item/5-marla-dhancha-plot-available-for-sale-in-eden-orchard-lasani-pulli-sargodha-road-iid-1118288784,Plot,For Sale,5 Marla,,,2 weeks ago,Rs 1.25 Crore,"Eden Orchard, Faisalabad",Faisalabad,OLX
https://www.olx.com.pk/item/5-marla-like-brand-new-house-available-for-sale-iid-1118288780,House,For Sale,5 Marla,3,4,2 weeks ago,Rs 2.40 Crore,"Eden Orchard, Faisalabad",Faisalabad,OLX
https://www.olx.com.pk/item/5-marla-plot-for-sale-smd-home-near-eden-orchard-sargodha-road-iid-1118288777,Plot,For Sale,5 Marla,,,2 weeks ago,Rs 25 Lacs,"SMD Homes, Faisalabad",Faisalabad,OLX
https://www.olx.com.pk/item/25-marla-plot-for-sale-smd-home-near-eden-orchard-sargodha-road-iid-1118288775,Plot,For Sale,563 SQFT,,,2 weeks ago,Rs 15 Lacs,"SMD Homes, Faisalabad",Faisalabad,OLX
https://www.olx.com.pk/item/5-marla-brand-new-luxurious-house-available-for-sale-in-eden-orchard-lasani-pulli-sargodha-road-iid-1118288771,House,For Sale,5 Marla,3,4,2 weeks ago,Rs 2.75 Crore,"Eden Orchard, Faisalabad",Faisalabad,OLX
https://www.olx.com.pk/item/20-marla-brand-new-house-available-for-sale-in-khayabban-garden-sargodha-road-lasani-pulli-iid-1118288767,House,For Sale,20 Marla,5,6,2 weeks ago,Rs 8.50 Crore,"Khayaban Gardens, Faisalabad",Faisalabad,OLX
https://www.olx.com.pk/item/7-marla-brand-new-luxurious-house-available-for-sale-in-divine-enclave-canal-road-iid-1118288765,House,For Sale,7 Marla,4,5,2 weeks ago,Rs 4.25 Crore,"Divine Enclave, Faisalabad",Faisalabad,OLX
https://www.olx.com.pk/item/20-marla-plot-for-sale-facing-park-in-khayaban-gardens-sargodha-road-iid-1118288762,Plot,For Sale,20 Marla,,,2 weeks ago,Rs 3.60 Crore,"Khayaban Gardens, Faisalabad",Faisalabad,OLX
https://www.olx.com.pk/item/5-marla-double-storey-house-available-for-sale-in-muslim-town-1-sargodha-road-faisalabad-iid-1118288759,House,For Sale,5 Marla,4,5,2 weeks ago,Rs 1.95 Crore,"Muslim Town, Faisalabad",Faisalabad,OLX
https://www.olx.com.pk/item/8marla-family-residential-house-iid-1113667275,House,For Sale,8 Marla,4,4,2 weeks ago,Rs 2.50 Crore,"Faisal Garden - Phase 2, Faisalabad",Faisalabad,OLX
https://www.olx.com.pk/item/8marla-beautiful-residential-house-in-faisal-garden-phase-ii-iid-1117486817,House,For Sale,8 Marla,4,4,2 weeks ago,Rs 2.50 Crore,"Faisal Garden - Phase 2, Faisalabad",Faisalabad,OLX
https://www.olx.com.pk/item/21-marla-factory-for-sale-in-malik-pur-factory-area-iid-1112709194,Factory,For Sale,21 Marla,,,2 weeks ago,Rs 3.50 Crore,"Malikpur, Faisalabad",Faisalabad,OLX
https://www.olx.com.pk/item/10-marla-house-for-sale-madina-town-canal-road-iid-1117986632,House,For Sale,10 Marla,5,5,2 weeks ago,Rs 3.50 Crore,"Madina Town, Faisalabad",Faisalabad,OLX
https://www.olx.com.pk/item/5-marla-registry-plot-for-sale-c-block-citi-housing-iid-1118265360,Plot,For Sale,5 Marla,,,2 weeks ago,Rs 62 Lacs,"City Housing Society - Block C, Faisalabad",Faisalabad,OLX
https://www.olx.com.pk/item/5-marla-residential-plot-up-for-sale-in-citi-housing-phase-1-block-f-iid-1118265238,Residential Plot,For Sale,5 Marla,,,2 weeks ago,Rs 32 Lacs,"City Housing Society, Faisalabad",Faisalabad,OLX
https://www.olx.com.pk/item/a-centrally-located-residential-plot-is-available-for-sale-in-faisalabad-iid-1118265232,Residential Plot,For Sale,16 Marla,,,2 weeks ago,Rs 1.25 Crore,"City Housing Society - Phase 1, Faisalabad",Faisalabad,OLX
https://www.olx.com.pk/item/residential-plot-sized-5-marla-in-citi-housing-sargodha-road-iid-1118265207,Residential Plot,For Sale,5 Marla,,,2 weeks ago,Rs 45 Lacs,"City Housing Society - Phase 1, Faisalabad",Faisalabad,OLX
https://www.olx.com.pk/item/residential-plot-for-sale-is-readily-available-in-prime-location-of-citi-housing-sargodha-road-iid-1118265202,Residential Plot,For Sale,10 Marla,,,2 weeks ago,Rs 65 Lacs,"City Housing Society - Phase 1, Faisalabad",Faisalabad,OLX
https://www.olx.com.pk/item/brand-new-house-for-rent-iid-1118253056,House,For Sale,10 Marla,5,5,2 weeks ago,Rs 5 Lac,"Batala Colony, Faisalabad",Faisalabad,OLX
https://www.olx.com.pk/item/5-marla-commercial-4-shops-with-double-story-housebuilding-for-sale-iid-1118232768,House,For Sale,5 Marla,6,3,2 weeks ago,Rs 2.95 Crore,"Raja Colony, Faisalabad",Faisalabad,OLX
https://www.olx.com.pk/item/get-this-amazing-20-marla-residential-plot-available-in-sitara-villas-iid-1118242848,Villa,For Sale,20 Marla,,,2 weeks ago,Rs 4 Crore,"Sitara Qamar Villas, Faisalabad",Faisalabad,OLX
https://www.olx.com.pk/item/eden-garden-society-boundary-wall-canal-road-faisalabad-5-marla-double-story-brand-new-house-for-sale-iid-1118240228,House,For Sale,5 Marla,3,4,2 weeks ago,Rs 2.29 Crore,"Eden Gardens, Faisalabad",Faisalabad,OLX
https://www.olx.com.pk/item/shadman-colony-peoples-colony-purana-passport-road-faisalabad11-marla-double-story-house-for-sale-iid-1118240117,House,For Sale,11 Marla,4,6,2 weeks ago,Rs 4 Crore,"Shadman Colony, Faisalabad",Faisalabad,OLX
https://www.olx.com.pk/item/al-barkat-villas-society-area-boundary-wall-opposite-riffah-university-near-fish-farm-satiana-road-faisalabad-7-marla-15-sarsai-double-storey-beautiful-house-for-sale-iid-1118240102,House,For Sale,7 Marla,5,6,2 weeks ago,Rs 2.80 Crore,"Al Barkat Villas, Faisalabad",Faisalabad,OLX
https://www.olx.com.pk/item/9-marla-double-storey-house-peoples-colony-no-1-b-block-faisalabad-iid-1118240082,House,For Sale,9 Marla,6,6,2 weeks ago,Rs 4.75 Crore,"Peoples Colony - Block B, Faisalabad",Faisalabad,OLX
https://www.olx.com.pk/item/5-marla-house-double-story-house-for-sale-albarkat-villas-society-area-boundary-wall-near-fish-farm-near-ripha-university-satiana-road-faisalabad-iid-1118240024,House,For Sale,5 Marla,4,5,2 weeks ago,Rs 2.20 Crore,"Al Barkat Villas, Faisalabad",Faisalabad,OLX
https://www.olx.com.pk/item/khayaban-colony-no-2-madina-town-faisalabad-10-marla-new-double-story-house-for-sale-iid-1118239944,House,For Sale,10 Marla,5,6,2 weeks ago,Rs 3 Crore,"Khayaban Colony 2, Faisalabad",Faisalabad,OLX
https://www.olx.com.pk/item/7-marla-vip-brand-new-house-for-sale-in-divine-enclave-canal-rd-faisalabad-iid-1118239919,House,For Sale,7 Marla,4,5,2 weeks ago,Rs 4 Crore,"Divine Enclave, Faisalabad",Faisalabad,OLX
https://www.olx.com.pk/item/525-marla-house-4-bed-new-garden-block-iid-1118216943,House,For Sale,5 Marla,4,5,2 weeks ago,Rs 2.70 Crore,"Saeed Colony - New Garden Block, Faisalabad",Faisalabad,OLX
https://www.olx.com.pk/item/eden-valley-5710-marla-plots-available-iid-1118216924,Plot,For Sale,7 Marla,,,2 weeks ago,Rs 1.75 Crore,"Eden Valley, Faisalabad",Faisalabad,OLX
https://www.olx.com.pk/item/eden-valley-6-marla-house-iid-1118216852,House,For Sale,6 Marla,5,6,2 weeks ago,Rs 3.60 Crore,"Eden Valley, Faisalabad",Faisalabad,OLX
https://www.olx.com.pk/item/75-marla-plot-sitara-gold-phase-1-iid-1118216819,Plot,For Sale,7 Marla,,,2 weeks ago,Rs 1.70 Crore,"Sitara Gold City, Faisalabad",Faisalabad,OLX
https://www.olx.com.pk/item/buy-a-residential-plot-of-6-marla-in-sargodha-road-iid-1118210622,Residential Plot,For Sale,6 Marla,,,2 weeks ago,Rs 42 Lacs,"Sargodha Road, Faisalabad",Faisalabad,OLX
https://www.olx.com.pk/item/6-marla-house-for-sale-shalimar-park-2-faisalabad-iid-1118206864,House,For Sale,6 Marla,3,3,2 weeks ago,Rs 1.45 Crore,"Shalimar Park, Faisalabad",Faisalabad,OLX
https://www.olx.com.pk/item/85-marla-plot-for-sale-in-defense-city-sityana-road-faisalabad-iid-1117874173,Plot,For Sale,8.5 Marla,,,2 weeks ago,Rs 82 Lacs,"Defence City, Faisalabad",Faisalabad,OLX
https://www.olx.com.pk/item/10-marla-plot-available-for-sale-in-citi-housing-samundari-road-faisalabad-iid-1118193451,Plot,For Sale,10 Marla,,,2 weeks ago,Rs 77 Lacs,"City Housing Society - Phase 2, Faisalabad",Faisalabad,OLX
https://www.olx.com.pk/item/10-marla-plot-available-for-sale-in-citi-housing-samundari-road-faisalabad-iid-1118193445,Plot,For Sale,10 Marla,,,2 weeks ago,Rs 75 Lacs,"City Housing Society - Phase 2, Faisalabad",Faisalabad,OLX
https://www.olx.com.pk/item/10-marla-plot-available-for-sale-in-citi-housing-samundari-road-faisalabad-iid-1118193408,Plot,For Sale,10 Marla,,,2 weeks ago,Rs 92 Lacs,"City Housing Society - Phase 1, Faisalabad",Faisalabad,OLX
https://www.olx.com.pk/item/10-marla-plot-available-for-sale-in-citi-housing-samundari-road-faisalabad-iid-1118193403,Plot,For Sale,10 Marla,,,2 weeks ago,Rs 84 Lacs,"City Housing Society - Phase 2, Faisalabad",Faisalabad,OLX
https://www.olx.com.pk/item/commercial-plaza-for-sale-prime-location-faisalabad-iid-1118186780,Other,For Sale,3.4 Marla,,,2 weeks ago,Rs 3.20 Crore,"Madina Town, Faisalabad",Faisalabad,OLX
https://www.olx.com.pk/item/25-marla-residential-property-for-sale-lateef-park-faisalabad-iid-1118073410,Other,For Sale,680 SQFT,2,2,2 weeks ago,Rs 60 Lacs,"Shadab Colony, Faisalabad",Faisalabad,OLX
https://www.olx.com.pk/item/5-marla-plot-for-sale-allied-housing-society-phase-1-samundri-road-faisalabad-demand-45-lac-iid-1118177086,Plot,For Sale,5 Marla,,,2 weeks ago,Rs 45 Lacs,"Allied Housing Phase 1, Faisalabad",Faisalabad,OLX
https://www.olx.com.pk/item/55-marla-house-available-iid-1118154117,House,For Sale,5 Marla,4,5,2 weeks ago,Rs 2.40 Crore,"Model City 1, Faisalabad",Faisalabad,OLX
https://www.olx.com.pk/item/5-marla-plot-available-for-sale-iid-1118153970,Plot,For Sale,5 Marla,,,2 weeks ago,Rs 65 Lacs,"Model City 1 - Block C, Faisalabad",Faisalabad,OLX
https://www.olx.com.pk/item/shop-available-for-sale-iid-1118153823,Shop,For Sale,1 Marla,,,2 weeks ago,Rs 95 Lacs,"Makkah Commercial Market, Faisalabad",Faisalabad,OLX
https://www.olx.com.pk/item/commercial-plot-available-for-sale-iid-1118153587,Commercial Plot,For Sale,1 Marla,,,2 weeks ago,Rs 50 Lacs,"Makkah Commercial Market, Faisalabad",Faisalabad,OLX
https://www.olx.com.pk/item/5-marla-double-height-house-for-sale-in-eden-orchard-iid-1118152139,House,For Sale,5 Marla,3,4,2 weeks ago,Rs 2.25 Crore,"Eden Orchard, Faisalabad",Faisalabad,OLX
https://www.olx.com.pk/item/fully-furnished-apartment-for-sale-iid-1118149732,Apartment,For Sale,325 SQFT,1,1,2 weeks ago,Rs 38 Lacs,"Kohinoor City, Faisalabad",Faisalabad,OLX
https://www.olx.com.pk/item/officers-colony-no-2-madina-town-20-marla-house-for-sale-03018660465-iid-1118146395,House,For Sale,20 Marla,5,6,2 weeks ago,Rs 6 Crore,"Officers Colony 2, Faisalabad",Faisalabad,OLX
https://www.olx.com.pk/item/buy-a-residential-plot-of-5-marla-in-eden-valley-iid-1118138248,Residential Plot,For Sale,5 Marla,,,2 weeks ago,Rs 1.18 Crore,"Eden Valley, Faisalabad",Faisalabad,OLX
https://www.olx.com.pk/item/avail-yourself-a-great-10-marla-house-in-abdullah-gardens-iid-1118138246,House,For Sale,10 Marla,Studio,1,2 weeks ago,Rs 6 Crore,"Abdullah Gardens, Faisalabad",Faisalabad,OLX
https://www.olx.com.pk/item/prime-location-house-for-sale-in-tech-town-tnt-colony-iid-1118130721,House,For Sale,5 Marla,3,3,2 weeks ago,Rs 1.10 Crore,"TECH Town (TNT Colony), Faisalabad",Faisalabad,OLX
https://www.olx.com.pk/item/double-storey-house-iid-1118130720,House,For Sale,5 Marla,6,4,2 weeks ago,Rs 1.40 Crore,"Al Najaf Colony, Faisalabad",Faisalabad,OLX
https://www.olx.com.pk/item/double-storey-house-for-sale-iid-1118130604,House,For Sale,5 Marla,6,2,2 weeks ago,Rs 1.50 Crore,"Al Najaf Colony, Faisalabad",Faisalabad,OLX
https://www.olx.com.pk/item/al-najaf-colony-house-sized-11-marla-is-available-single-storey-lanter-iid-1118130591,House,For Sale,11 Marla,3,3,2 weeks ago,Rs 3.50 Crore,"Al Najaf Colony, Faisalabad",Faisalabad,OLX
https://www.olx.com.pk/item/3-marla-house-in-tech-town-tnt-colony-for-sale-at-good-location-iid-1118130572,House,For Sale,3 Marla,3,3,2 weeks ago,Rs 85 Lacs,"TECH Town (TNT Colony), Faisalabad",Faisalabad,OLX
https://www.olx.com.pk/item/25-marla-plot-smd-homes-adjacent-eden-orchard-sargodha-road-faisalabad-iid-1118123682,Plot,For Sale,562 SQFT,,,2 weeks ago,Rs 18.12 Lacs,"SMD Homes, Faisalabad",Faisalabad,OLX
https://www.olx.com.pk/item/15-marla-shop-for-sale-opposite-citi-housing-sargodha-road-faisalabad-iid-1118123618,Shop,For Sale,405 SQFT,,,2 weeks ago,Rs 1.25 Crore,"City Housing Society - Phase 1, Faisalabad",Faisalabad,OLX
https://www.olx.com.pk/item/2-marla-officeshop-with-double-storey-room-kitchen-bath-for-sale-in-eden-orchard-iid-1118123611,Room,For Sale,545 SQFT,,,2 weeks ago,Rs 1.12 Crore,"Eden Orchard, Faisalabad",Faisalabad,OLX
https://www.olx.com.pk/item/2-marla-commercial-shop-plus-flat-for-sale-iid-1118123592,Flat,For Sale,2 Marla,,,2 weeks ago,Rs 1.12 Crore,"Eden Orchard, Faisalabad",Faisalabad,OLX
https://www.olx.com.pk/item/15-marla-commercial-double-storey-office-plus-flat-opposite-citi-housing-sargodha-road-iid-1118123585,Flat,For Sale,410 SQFT,,,2 weeks ago,Rs 1.25 Crore,"City Housing Society - Phase 1, Faisalabad",Faisalabad,OLX
https://www.olx.com.pk/item/61-marla-plot-gulishan-e-makkah-opposite-metro-sargodha-road-faisalabad-iid-1118123578,Plot,For Sale,"1,372 SQFT",,,2 weeks ago,Rs 42.70 Lacs,"City Housing Society - Phase 1, Faisalabad",Faisalabad,OLX
https://www.olx.com.pk/item/25-marla-plot-smd-homes-adjacent-eden-orchard-sargodha-road-faisalabad-iid-1118123565,Plot,For Sale,562 SQFT,,,2 weeks ago,Rs 18.12 Lacs,"SMD Homes, Faisalabad",Faisalabad,OLX
https://www.olx.com.pk/item/5-marla-plot-for-sale-citi-housing-sargodha-road-faisalabad-iid-1118119801,Plot,For Sale,5 Marla,,,2 weeks ago,Rs 43 Lacs,"City Housing Society - Phase 1, Faisalabad",Faisalabad,OLX
https://www.olx.com.pk/item/double-storey-iid-1118090079,Other,For Sale,10 Marla,6,6,2 weeks ago,Rs 5 Crore,"Al Najaf Colony, Faisalabad",Faisalabad,OLX
https://www.olx.com.pk/item/brand-new-25-marla-double-story-iid-1118088990,Other,For Sale,2 Marla,4,4,2 weeks ago,Rs 1.50 Crore,"Al Najaf Colony, Faisalabad",Faisalabad,OLX
https://www.olx.com.pk/item/5-marla-plot-for-sale-citi-housing-sargodha-road-faisalabad-iid-1118080988,Plot,For Sale,5 Marla,,,2 weeks ago,Rs 42 Lacs,"City Housing Society - Phase 1, Faisalabad",Faisalabad,OLX
https://www.olx.com.pk/item/10-marla-house-available-for-rent-iid-1118064701,House,For Sale,10 Marla,Studio,1,2 weeks ago,Rs 5 Lac,"Madina Town, Faisalabad",Faisalabad,OLX
https://www.olx.com.pk/item/5-marla-east-open-corner-available-for-sale-e-block-iid-1118047374,Other,For Sale,5 Marla,,,3 weeks ago,Rs 45 Lacs,"City Housing Society - Phase 2, Faisalabad",Faisalabad,OLX
https://www.olx.com.pk/item/buy-a-prime-location-residential-plot-of-10-marla-in-citi-housing-samundri-road-iid-1118047371,Residential Plot,For Sale,10 Marla,,,3 weeks ago,Rs 86 Lacs,"City Housing Society - Phase 2, Faisalabad",Faisalabad,OLX
https://www.olx.com.pk/item/ideal-prime-location-residential-plot-for-sale-in-citi-housing-samundri-road-iid-1118047370,Residential Plot,For Sale,10 Marla,,,3 weeks ago,Rs 84 Lacs,"City Housing Society - Phase 2, Faisalabad",Faisalabad,OLX
https://www.olx.com.pk/item/east-open-corner-or-main-bolevard-8-marla-plot-for-sale-iid-1118047365,Plot,For Sale,8 Marla,,,3 weeks ago,Rs 72.50 Lacs,"City Housing Society - Phase 2, Faisalabad",Faisalabad,OLX
https://www.olx.com.pk/item/get-your-dream-prime-location-residential-plot-in-citi-housing-samundri-road-faisalabad-iid-1118047363,Residential Plot,For Sale,5 Marla,,,3 weeks ago,Rs 42.50 Lacs,"City Housing Society - Phase 2, Faisalabad",Faisalabad,OLX
https://www.olx.com.pk/item/prime-location-7-marla-residential-plot-in-stunning-citi-housing-samundri-road-is-available-for-sale-iid-1118047361,Residential Plot,For Sale,7 Marla,,,3 weeks ago,Rs 56.50 Lacs,"City Housing Society - Phase 2, Faisalabad",Faisalabad,OLX
https://www.olx.com.pk/item/get-in-touch-now-to-buy-a-prime-location-residential-plot-in-citi-housing-samundri-road-iid-1118047310,Residential Plot,For Sale,10 Marla,,,3 weeks ago,Rs 73.50 Lacs,"City Housing Society - Phase 2, Faisalabad",Faisalabad,OLX
https://www.olx.com.pk/item/newly-constructed-10-marla-home-for-sale-iid-1117875902,Other,For Sale,10 Marla,4,5,3 weeks ago,Rs 2.15 Crore,"FDA City - Block A2, Faisalabad",Faisalabad,OLX
https://www.olx.com.pk/item/edan-vally-se-bahr-shafiq-town-plot-7-marla-bijli-meter-laga-huwa-for-sale-03018660465-iid-1118021778,Plot,For Sale,7 Marla,,,3 weeks ago,Rs 80 Lacs,"204 Chak Road, Faisalabad",Faisalabad,OLX
https://www.olx.com.pk/item/east-canal-road-40-marla-plot-for-sale-03018660465-iid-1118021093,Plot,For Sale,40 Marla,,,3 weeks ago,Rs 40 Crore,"East Canal Road, Faisalabad",Faisalabad,OLX
https://www.olx.com.pk/item/canal-road-main-11-marla-plot-for-sale-03018660465-iid-1118020918,Plot,For Sale,11 Marla,Studio,1,3 weeks ago,Rs 15 Crore,"Canal Road, Faisalabad",Faisalabad,OLX
https://www.olx.com.pk/item/5-marla-plot-citi-housing-sargodha-road-phase-1-for-sale-iid-1118019478,Plot,For Sale,5 Marla,,,3 weeks ago,Rs 42 Lacs,"City Housing Society - Phase 1, Faisalabad",Faisalabad,OLX
https://www.olx.com.pk/item/5-marla-plot-for-sale-citi-phase-1-housing-sargodha-road-faisalabad-iid-1118019445,Plot,For Sale,5 Marla,,,3 weeks ago,Rs 34 Lacs,"City Housing Society - Phase 1, Faisalabad",Faisalabad,OLX
https://www.olx.com.pk/item/madinatown-z-block-8-marla-double-story-house-for-sale-03018660465-iid-1118018090,House,For Sale,8 Marla,4,5,3 weeks ago,Rs 2.50 Crore,"Madina Town, Faisalabad",Faisalabad,OLX
https://www.olx.com.pk/item/east-canal-road-15-marla-commersial-plot-for-sale-03018660465-iid-1118017967,Plot,For Sale,15 Marla,,,3 weeks ago,Rs 24 Crore,"East Canal Road, Faisalabad",Faisalabad,OLX
https://www.olx.com.pk/item/madina-town-college-road-21-marla-plot-commersial-for-sale-03018660465-iid-1118017823,Plot,For Sale,21 Marla,,,3 weeks ago,Rs 14 Crore,"Madina Town, Faisalabad",Faisalabad,OLX
https://www.olx.com.pk/item/5-marla-residential-plot-for-g-in-citi-housing-iid-1118007184,Residential Plot,For Sale,5 Marla,,,3 weeks ago,Rs 34 Lacs,"City Housing Society - Phase 1, Faisalabad",Faisalabad,OLX
https://www.olx.com.pk/item/5-marla-plot-for-sale-citi-housing-phase-1-iid-1118007064,Plot,For Sale,5 Marla,,,3 weeks ago,Rs 34 Lacs,"City Housing Phase 1 - Block G, Faisalabad",Faisalabad,OLX
https://www.olx.com.pk/item/makkah-city-iid-1079313405,Other,For Sale,680 SQFT,3,2,3 weeks ago,Rs 45 Lacs,"Umar Housing Society, Faisalabad",Faisalabad,OLX
https://www.olx.com.pk/item/2-kanal-plot-for-sale-in-tech-town-satiana-road-faisalabad-iid-1118003388,Plot,For Sale,2 Kanal,,,3 weeks ago,Rs 6 Crore,"TECH Town (TNT Colony), Faisalabad",Faisalabad,OLX
https://www.olx.com.pk/item/5-marla-plot-for-sale-investor-rate-main-santana-faisalabad-iid-1117988213,Plot,For Sale,5 Marla,,,3 weeks ago,Rs 35 Lacs,"Satiana Road, Faisalabad",Faisalabad,OLX
https://www.olx.com.pk/item/5-maral-plot-develop-possission-ready-to-construction-available-for-sale-main-satyana-road-iid-1117988071,Plot,For Sale,5 Marla,,,3 weeks ago,Rs 20 Lacs,"Satiana Road, Faisalabad",Faisalabad,OLX
https://www.olx.com.pk/item/5-marla-house-for-sale-madina-town-near-canal-road-iid-1117986612,House,For Sale,5 Marla,4,5,3 weeks ago,Rs 2.10 Crore,"Madina Town, Faisalabad",Faisalabad,OLX
https://www.olx.com.pk/item/94-marla-factory-available-for-sale-iid-1117975759,Factory,For Sale,94 Marla,,,3 weeks ago,Rs 8.50 Crore,"Jaranwala Road, Faisalabad",Faisalabad,OLX
https://www.olx.com.pk/item/5-marla-plot-for-sale-citi-housing-phase-1-iid-1117971295,Plot,For Sale,5 Marla,,,3 weeks ago,Rs 34 Lacs,"City Housing Society - Phase 1, Faisalabad",Faisalabad,OLX
https://www.olx.com.pk/item/33-marla-chulah-plot-available-for-sale-iid-1117789940,Plot,For Sale,3.3 Marla,,,3 weeks ago,Rs 60 Lacs,"Madina Executive Block, Faisalabad",Faisalabad,OLX
https://www.olx.com.pk/item/become-owner-of-your-residential-plot-today-which-is-centrally-located-in-citi-housing-sargodha-road-in-faisalabad-iid-1117956665,Residential Plot,For Sale,10 Marla,,,3 weeks ago,Rs 70 Lacs,"City Housing Society - Phase 1, Faisalabad",Faisalabad,OLX
https://www.olx.com.pk/item/10-marla-plot-for-sale-pair-iid-1117956479,Plot,For Sale,10 Marla,,,3 weeks ago,Rs 40 Lacs,"FDA City - Block B3, Faisalabad",Faisalabad,OLX
https://www.olx.com.pk/item/i-kanal-plot-d2-fda-city-faisalabad-iid-1117883400,Plot,For Sale,500 SQYD,,,3 weeks ago,Rs 55 Lacs,"FDA City - Block D, Faisalabad",Faisalabad,OLX
https://www.olx.com.pk/item/highly-desirable-prime-location-10-marla-full-furniehed-house-available-in-eden-valley-iid-1117906411,House,For Sale,10 Marla,5,6,3 weeks ago,Rs 8 Crore,"Eden Valley, Faisalabad",Faisalabad,OLX
https://www.olx.com.pk/item/7-marla-brand-new-build-plaza-for-sale-near-to-bismillah-chowk-madina-town-main-commercial-road-specification-about-plaza-iid-1117698652,Other,For Sale,7 Marla,6,7,3 weeks ago,Rs 6.50 Crore,"Madina Town, Faisalabad",Faisalabad,OLX
https://www.olx.com.pk/item/officers-colony-no-2-madinatown-40-marla-house-for-sale-03018660465-iid-1117892600,House,For Sale,40 Marla,6,7,3 weeks ago,Rs 11 Crore,"Officers Colony 2, Faisalabad",Faisalabad,OLX
https://www.olx.com.pk/item/canal-road-link-abdullah-gardens-6-marla-new-house-for-sale-03018660465-iid-1117892580,House,For Sale,6 Marla,4,5,3 weeks ago,Rs 3.50 Crore,"Abdullah Gardens, Faisalabad",Faisalabad,OLX
https://www.olx.com.pk/item/canal-road-link-kheyaban-colony-7-marla-new-house-for-sale-03018660465-iid-1117892561,House,For Sale,7 Marla,4,5,3 weeks ago,Rs 3.50 Crore,"Khayaban Colony, Faisalabad",Faisalabad,OLX
https://www.olx.com.pk/item/saeed-colony-no-2-near-quran-acadmi-4-marla-double-story-house-for-sale-03018660465-iid-1117892536,House,For Sale,4 Marla,4,5,3 weeks ago,Rs 1.60 Crore,"Saeed Colony, Faisalabad",Faisalabad,OLX
https://www.olx.com.pk/item/saeed-colony-no-2-near-quran-acadmi-5-marla-house-for-sale-03018660465-iid-1117892490,House,For Sale,5 Marla,3,4,3 weeks ago,Rs 2 Crore,"Saeed Colony, Faisalabad",Faisalabad,OLX
https://www.olx.com.pk/item/ideal-4-kanal-farmhouse-land-for-sale-at-near-jhangh-road-faisalabad-iid-1117872765,House,For Sale,4 Kanal,,,3 weeks ago,Rs 50 Lacs,"Jhang Road, Faisalabad",Faisalabad,OLX
https://www.olx.com.pk/item/prime-location-3-marla-house-in-madina-town-iid-1117868969,House,For Sale,3 Marla,Studio,1,3 weeks ago,Rs 80 Lacs,"Madina Town, Faisalabad",Faisalabad,OLX
https://www.olx.com.pk/item/rented-commercial-shop-for-sale-at-jarranwala-road-faisalabad-iid-1117863682,Shop,For Sale,600 SQFT,,,3 weeks ago,Rs 65 Lacs,"Kohinoor City, Faisalabad",Faisalabad,OLX
https://www.olx.com.pk/item/rented-shop-available-for-sale-at-kohinoor-city-jarranwala-road-faisalabad-iid-1117863676,Shop,For Sale,300 SQFT,,,3 weeks ago,Rs 30 Lacs,"Kohinoor City, Faisalabad",Faisalabad,OLX
https://www.olx.com.pk/item/5-marla-house-in-ghalib-city-canal-road-faisalabad-iid-1117833877,House,For Sale,5 Marla,3,4,3 weeks ago,Rs 1.75 Crore,"Ghalib City, Faisalabad",Faisalabad,OLX
https://www.olx.com.pk/item/house-for-rent-best-for-office-use-iid-1117822910,House,For Sale,5 Marla,3,3,3 weeks ago,Rs 5 Lac,"Satiana Road, Faisalabad",Faisalabad,OLX
https://www.olx.com.pk/item/5-marla-house-available-for-sale-in-citi-housing-sargodha-road-iid-1117819587,House,For Sale,5 Marla,3,4,3 weeks ago,Rs 1.70 Crore,"City Housing Society - Phase 1, Faisalabad",Faisalabad,OLX
https://www.olx.com.pk/item/11-marla-house-khyaban-2-for-sale-iid-1117804520,House,For Sale,11 Marla,5,6,3 weeks ago,Rs 3.75 Crore,"Khayaban Colony 2, Faisalabad",Faisalabad,OLX
https://www.olx.com.pk/item/ultra-modern-10-marla-brand-new-luxury-house-for-sale-iid-1117804445,House,For Sale,10 Marla,4,5,3 weeks ago,Rs 4.75 Crore,"Wapda City - Block M, Faisalabad",Faisalabad,OLX
https://www.olx.com.pk/item/good-location-5-marla-house-available-for-sale-iid-1117804027,House,For Sale,5 Marla,3,4,3 weeks ago,Rs 2.25 Crore,"Wapda City - Block L, Faisalabad",Faisalabad,OLX
https://www.olx.com.pk/item/125-marla-general-plot-d-block-iid-1117803648,Plot,For Sale,12 Marla,,,3 weeks ago,Rs 1.35 Crore,"City Housing Phase 1 - Block D, Faisalabad",Faisalabad,OLX
https://www.olx.com.pk/item/10-marla-brand-new-luxury-house-for-sale-iid-1117801396,House,For Sale,10 Marla,5,7,3 weeks ago,Rs 4.75 Crore,"Wapda City - Block M, Faisalabad",Faisalabad,OLX
https://www.olx.com.pk/item/beautifu-5-marla-l-finished-house-just-behind-chiniot-hospital-iid-1117776826,House,For Sale,5 Marla,4,5,3 weeks ago,Rs 1.70 Crore,"Muslim Town - Waleed Block, Faisalabad",Faisalabad,OLX
https://www.olx.com.pk/item/house-iid-1117471483,House,For Sale,3 Marla,4,4,4 weeks ago,Rs 71 Lacs,"Wapda Town - Phase 2, Faisalabad",Faisalabad,OLX
https://www.olx.com.pk/item/25-marla-plot-smd-homes-adjacent-eden-orchard-for-sale-iid-1117776656,Plot,For Sale,562 SQFT,,,4 weeks ago,Rs 18.12 Lacs,"SMD Homes, Faisalabad",Faisalabad,OLX
https://www.olx.com.pk/item/6-marla-plot-gulishan-e-makkah-opposite-metro-sargodha-road-for-sale-iid-1117776641,Plot,For Sale,6 Marla,,,4 weeks ago,Rs 42.75 Lacs,"Gulshan E Makkah, Faisalabad",Faisalabad,OLX
https://www.olx.com.pk/item/61-marla-plot-gulishan-e-makkah-opposite-metro-sargodha-road-faisalabad-iid-1117776588,Plot,For Sale,"1,372 SQFT",,,4 weeks ago,Rs 42.70 Lacs,"City Housing Society - Phase 1, Faisalabad",Faisalabad,OLX
https://www.olx.com.pk/item/urgent-sale-6-marla-plot-opposite-metro-sargodha-road-iid-1117776573,Plot,For Sale,6 Marla,,,4 weeks ago,Rs 42.75 Lacs,"Sargodha Road, Faisalabad",Faisalabad,OLX
https://www.olx.com.pk/item/2-kanal-prime-location-main-boulevard-iid-1117753732,Other,For Sale,2 Kanal,,,4 weeks ago,Rs 6 Crore,"City Housing Society - Block B, Faisalabad",Faisalabad,OLX
https://www.olx.com.pk/item/10-marla-kanal-facing-golai-plot-block-c-registry-iid-1117749699,Plot,For Sale,10 Marla,,,4 weeks ago,Rs 1.20 Crore,"City Housing Society - Block C, Faisalabad",Faisalabad,OLX
https://www.olx.com.pk/item/double-story-house-for-sale-iid-1117731047,House,For Sale,7 SQFT,6,6,4 weeks ago,Rs 5 Crore,"Peoples Colony - Block B, Faisalabad",Faisalabad,OLX
https://www.olx.com.pk/item/plots-for-sale-iid-1117645323,Plot,For Sale,5 Marla,,,4 weeks ago,Rs 4.25 Lac,"Gateway Tower, Faisalabad",Faisalabad,OLX
https://www.olx.com.pk/item/5-marla-park-facing-beautiful-house-for-sale-buch-villas-phase-2-iid-1118579686,House,For Sale,5 Marla,3,4,5 days ago,Rs 2 Crore,"Buch Villas Phase 2 - Sher Block, Multan",Multan,OLX
https://www.olx.com.pk/item/115-marla-brand-new-house-available-in-buch-executive-villas-for-sale-iid-1117622178,House,For Sale,"2,362 SQFT",5,6,5 days ago,Rs 4.90 Crore,"Buch Executive Villas, Multan",Multan,OLX
https://www.olx.com.pk/item/brand-new-3-marla-house-for-sale-in-shalimar-colony-shalimar-colony-iid-1118495238,House,For Sale,3 Marla,3,4,1 week ago,Rs 1.90 Crore,"Shalimar Colony, Multan",Multan,OLX
https://www.olx.com.pk/item/brand-new-8-marla-house-for-sale-in-dha-phase-1-sector-v-multan-iid-1118446228,House,For Sale,8 Marla,5,6,6 days ago,Rs 2.50 Crore,"DHA Phase 1 - Sector V, Multan",Multan,OLX
https://www.olx.com.pk/item/78-marla-park-facing-iid-1117986439,Other,For Sale,7.8 Marla,,,3 weeks ago,Rs 43 Lacs,"PGSHF Sector C, Multan",Multan,OLX
https://www.olx.com.pk/item/35-marla-plot-in-smart-housing-multan-iid-1118453877,Plot,For Sale,3 Marla,,,18 hours ago,Rs 16 Lacs,"Old Shujabad Road, Multan",Multan,OLX
https://www.olx.com.pk/item/double-storey-10-marla-house-for-sale-in-model-town-block-a-multan-iid-1117995498,House,For Sale,10 Marla,4,5,3 weeks ago,Rs 3.75 Crore,"Model Town - Block A, Multan",Multan,OLX
https://www.olx.com.pk/item/near-to-park-sale-the-ideally-located-residential-plot-for-an-incredible-price-of-pkr-rs-8000000-iid-1118007222,Residential Plot,For Sale,5 Marla,,,18 hours ago,Rs 80 Lacs,"Royal Orchard - Block G, Multan",Multan,OLX
https://www.olx.com.pk/item/10-marla-brand-new-house-available-for-sale-iid-1117365517,House,For Sale,10 Marla,5,6,3 weeks ago,Rs 3.15 Crore,"Wapda Town Phase 1 - Block E, Multan",Multan,OLX
https://www.olx.com.pk/item/your-dream-brand-new-10-marla-house-is-available-in-model-town-iid-1118786750,House,For Sale,10 Marla,5,6,3 hours ago,Rs 3.20 Crore,"Model Town, Multan",Multan,OLX
https://www.olx.com.pk/item/5-marla-plot-lodhi-colony-multan-mda-society-iid-1118781350,Plot,For Sale,"1,350 SQFT",,,6 hours ago,Rs 75 Lacs,"De Orion Mall, Multan",Multan,OLX
https://www.olx.com.pk/item/1-kanal-plot-dha-multan-sect-m-for-sale-iid-1118183524,Plot,For Sale,1 Kanal,,,9 hours ago,Rs 1.25 Crore,"DHA Phase 1 - Sector M, Multan",Multan,OLX
https://www.olx.com.pk/item/studio-apartment-for-sale-buch-villas-iid-1118180040,Apartment,For Sale,364 SQFT,Studio,1,9 hours ago,Rs 54.50 Lacs,"Buch Executive Villas, Multan",Multan,OLX
https://www.olx.com.pk/item/5-marla-brand-new-house-for-sale-mps-road-multan-iid-1118426077,House,For Sale,5 Marla,4,5,9 hours ago,Rs 1.55 Crore,"Multan Public School Road, Multan",Multan,OLX
https://www.olx.com.pk/item/25-marla-brand-new-double-story-house-for-sale-in-fatima-avenue-mps-road-multan-iid-1118769166,House,For Sale,2 Marla,3,3,11 hours ago,Rs 80 Lacs,"Multan Public School Road, Multan",Multan,OLX
https://www.olx.com.pk/item/17-marla-big-and-spacious-house-iid-1118765766,House,For Sale,17 Marla,6,7,12 hours ago,Rs 2.80 Crore,"Sharif Complex, Multan",Multan,OLX
https://www.olx.com.pk/item/5-marla-ghr-bna-howa-42-lkh-iid-1118634760,Other,For Sale,5 Marla,3,3,13 hours ago,Rs 42 Lacs,"Sayyam City - Shah Shams Block, Multan",Multan,OLX
https://www.olx.com.pk/item/a-residential-plot-of-10-marla-in-multan-iid-1118751781,Residential Plot,For Sale,10 Marla,,,18 hours ago,Rs 1.35 Crore,"DHA Phase 1 - Sector F, Multan",Multan,OLX
https://www.olx.com.pk/item/reserve-a-facing-park-residential-plot-of-7-marla-now-in-royal-orchard-overseas-prime-block-iid-1118751769,Residential Plot,For Sale,7 Marla,,,18 hours ago,Rs 85 Lacs,"Royal Orchard - Overseas Prime Block, Multan",Multan,OLX
https://www.olx.com.pk/item/5-marla-residential-plot-for-sale-is-available-in-royal-orchard-iid-1118751766,Residential Plot,For Sale,5 Marla,,,18 hours ago,Rs 50 Lacs,"Royal Orchard, Multan",Multan,OLX
https://www.olx.com.pk/item/demolish-able-2-kanal-house-iid-1118751350,House,For Sale,2 Kanal,3,3,19 hours ago,Rs 6.50 Crore,"Z Town, Multan",Multan,OLX
https://www.olx.com.pk/item/dha-multan-plot-for-sale-prime-location-excellent-investment-opportunity-iid-1118627028,Plot,For Sale,5 Marla,,,21 hours ago,Rs 28 Lacs,"DHA Phase 1 - Sector P, Multan",Multan,OLX
https://www.olx.com.pk/item/dha-multan-plot-for-sale-prime-location-excellent-investment-opportunity-iid-1118627004,Plot,For Sale,5 Marla,,,21 hours ago,Rs 26 Lacs,"DHA Phase 1, Multan",Multan,OLX
https://www.olx.com.pk/item/own-a-premium-plot-in-dha-multan-high-growth-investment-with-excellent-future-returns-iid-1117984252,Plot,For Sale,5 Marla,,,21 hours ago,Rs 24 Lacs,"DHA Phase 1 - Sector P, Multan",Multan,OLX
https://www.olx.com.pk/item/brand-new-4-marla-house-available-in-ahmad-city-for-sale-iid-1117899575,House,For Sale,4 Marla,4,4,2 days ago,Rs 98 Lacs,"Ahmad City, Multan",Multan,OLX
https://www.olx.com.pk/item/get-in-touch-now-to-buy-a-prime-location-5-marla-residential-plot-in-nawabpur-road-iid-1118714578,Residential Plot,For Sale,5 Marla,,,2 days ago,Rs 30 Lacs,"Nawabpur Road, Multan",Multan,OLX
https://www.olx.com.pk/item/get-your-hands-on-house-in-multan-best-area-for-sale-iid-1117899660,House,For Sale,10 Marla,5,6,2 days ago,Rs 2.70 Crore,"Nawab City, Multan",Multan,OLX
https://www.olx.com.pk/item/prime-location-a-centrally-located-residential-plot-is-available-for-sale-in-multan-iid-1118714417,Residential Plot,For Sale,5 Marla,,,2 days ago,Rs 30 Lacs,"Al-Raheem Villas, Multan",Multan,OLX
https://www.olx.com.pk/item/aik-mrla-shop-uper-house-sevra-chok-for-sale-iid-1118700412,House,For Sale,1 Marla,,,2 days ago,Rs 40 Lacs,"Sewara Chowk, Multan",Multan,OLX
https://www.olx.com.pk/item/10-marla-plot-for-sale-green-view-housing-society-iid-1118156282,Plot,For Sale,"2,700 SQFT",,,2 days ago,Rs 1.10 Crore,"Gulistan-e-Ashar, Multan",Multan,OLX
https://www.olx.com.pk/item/5-marla-brand-new-double-story-house-for-sale-in-royal-orchard-multan-iid-1117804995,House,For Sale,5 Marla,3,4,3 days ago,Rs 1.95 Crore,"Royal Orchard, Multan",Multan,OLX
https://www.olx.com.pk/item/3-marla-brand-new-modern-luxury-double-story-house-for-sale-in-shalimar-t-chowk-iid-1118672114,House,For Sale,3 Marla,3,4,3 days ago,Rs 1.14 Crore,"New Shalimar Colony, Multan",Multan,OLX
https://www.olx.com.pk/item/4-marla-brand-new-modern-luxury-double-story-house-for-sale-in-shalimar-t-chowk-near-set-lite-town-iid-1118671955,House,For Sale,4 Marla,3,4,3 days ago,Rs 1.25 Crore,"New Shalimar Colony, Multan",Multan,OLX
https://www.olx.com.pk/item/4-marla-brand-new-double-story-house-for-sale-in-t-chowk-new-shalimar-colony-near-model-town-multan-iid-1118660539,House,For Sale,4 Marla,3,4,3 days ago,Rs 1.30 Crore,"New Shalimar Colony, Multan",Multan,OLX
https://www.olx.com.pk/item/3-marla-brand-new-double-story-house-for-sale-in-t-chowk-new-shalimar-colony-near-model-town-multan-iid-1118659807,House,For Sale,3 Marla,3,4,3 days ago,Rs 1.14 Crore,"New Shalimar Colony, Multan",Multan,OLX
https://www.olx.com.pk/item/a-beautiful-7-m-plot-in-wapda-town-e-block-is-for-iid-1118655485,Plot,For Sale,7 Marla,,,3 days ago,Rs 88 Lacs,"Wapda Town Phase 1 - Block E, Multan",Multan,OLX
https://www.olx.com.pk/item/a-luxurious-beautiful-house-in-wapda-town-e-block-for-sale-iid-1118653859,House,For Sale,20 Marla,6,7,3 days ago,Rs 6.75 Crore,"Wapda Town Phase 1 - Block E, Multan",Multan,OLX
https://www.olx.com.pk/item/6-marla-double-story-house-in-multan-shah-rukne-alam-for-sale-iid-1118648983,House,For Sale,6 Marla,4,4,3 days ago,Rs 1.59 Crore,"Shah Rukn-e-Alam Colony - Block E, Multan",Multan,OLX
https://www.olx.com.pk/item/brand-new-20-marla-house-for-sale-in-model-town-model-town-iid-1118357249,House,For Sale,20 Marla,6,6,3 days ago,Rs 7.50 Crore,"Model Town, Multan",Multan,OLX
https://www.olx.com.pk/item/your-dream-brand-new-6-marla-house-is-available-in-haven-homes-iid-1118357247,House,For Sale,6 Marla,4,5,3 days ago,Rs 2 Crore,"Haven Homes, Multan",Multan,OLX
https://www.olx.com.pk/item/grey-structure-20-marla-house-available-in-dha-phase-1-sector-r-for-sale-iid-1117899106,House,For Sale,20 Marla,5,6,3 days ago,Rs 4 Crore,"DHA Phase 1 - Sector R, Multan",Multan,OLX
https://www.olx.com.pk/item/zabardast-moka-corner-commercial-25-marla-70k-rent-mumtazabad-iid-1118646275,Other,For Sale,2.5 Marla,,,3 days ago,Rs 1.58 Crore,"Mumtazabad, Multan",Multan,OLX
https://www.olx.com.pk/item/house-for-sale675marla-house--iid-1118638308,House,For Sale,6.75 Marla,2,3,4 days ago,Rs 88 Lacs,"Rasheedabad, Multan",Multan,OLX
https://www.olx.com.pk/item/1-kanal-luxury-modern-house-for-sale-location-dha-multan-sector-m-iid-1117572848,House,For Sale,1 Kanal,5,6,4 days ago,Rs 7.25 Crore,"DHA Phase 1 - Sector M, Multan",Multan,OLX
https://www.olx.com.pk/item/b1-1383-10-marla-corner-plot-for-sale-dha-multan-sector-b1-iid-1118232123,Plot,For Sale,10 Marla,,,4 days ago,Rs 95 Lacs,"DHA Phase 1 - Sector B1, Multan",Multan,OLX
https://www.olx.com.pk/item/brand-new-5-marla-house-available-in-buch-villas-phase-2-manik-block-for-sale-iid-1118319200,House,For Sale,5 Marla,4,5,4 days ago,Rs 2.25 Crore,"Buch Villas Phase 2 - Manik Block, Multan",Multan,OLX
https://www.olx.com.pk/item/stunning-and-affordable-house-available-for-sale-in-dha-villas-iid-1118392567,House,For Sale,12 Marla,4,5,4 days ago,Rs 4 Crore,"DHA Villas, Multan",Multan,OLX
https://www.olx.com.pk/item/well-constructed-brand-new-house-available-for-sale-in-buch-executive-villas-iid-1118319317,House,For Sale,10 Marla,5,6,4 days ago,Rs 4.34 Crore,"Buch Executive Villas, Multan",Multan,OLX
https://www.olx.com.pk/item/2nd-floor-mall-of-multan-branded-shop-for-sale-iid-1118189867,Shop,For Sale,235 SQFT,,,4 days ago,Rs 1 Crore,"Mall OF Multan, Multan",Multan,OLX
https://www.olx.com.pk/item/brand-mew-house-for-sale-top-location-iid-1118189288,House,For Sale,5 Marla,3,3,4 days ago,Rs 1.35 Crore,"New Shalimar Colony, Multan",Multan,OLX
https://www.olx.com.pk/item/top-location-dha-sec-i-iid-1118189209,Other,For Sale,1 Kanal,,,4 days ago,Rs 99 Lacs,"DHA Phase 1 - Sector I, Multan",Multan,OLX
https://www.olx.com.pk/item/brand-new-house-available-for-sale-iid-1118037741,House,For Sale,2 Marla,3,3,4 days ago,Rs 80 Lacs,"New Shalimar Colony, Multan",Multan,OLX
https://www.olx.com.pk/item/top-location-sec-l-120-fit-ring-road-65-fit-road-iid-1118037574,Other,For Sale,1 Kanal,,,4 days ago,Rs 52 Lacs,"DHA Phase 1 - Sector L, Multan",Multan,OLX
https://www.olx.com.pk/item/brand-new-house-t-chok-modeltown-available-for-sale-iid-1117644565,House,For Sale,7 Marla,3,3,4 days ago,Rs 1.90 Crore,"Shalimar Colony, Multan",Multan,OLX
https://www.olx.com.pk/item/10-marla-plot-iid-1118609232,Plot,For Sale,10 Marla,,,4 days ago,Rs 48 Lacs,"Citi Housing Phase 1, Multan",Multan,OLX
https://www.olx.com.pk/item/brand-new-3-marla-house-available-in-bosan-road-for-sale-iid-1118620571,House,For Sale,3 Marla,3,4,4 days ago,Rs 95 Lacs,"Bosan Road, Multan",Multan,OLX
https://www.olx.com.pk/item/double-storey-10-marla-house-for-sale-in-wapda-town-phase-2-multan-iid-1118620565,House,For Sale,10 Marla,5,5,4 days ago,Rs 3.25 Crore,"Wapda Town Phase 2, Multan",Multan,OLX
https://www.olx.com.pk/item/brand-new-5-marla-house-available-in-dream-garden-for-sale-iid-1118620555,House,For Sale,5 Marla,5,5,4 days ago,Rs 2.50 Crore,"Dream Garden, Multan",Multan,OLX
https://www.olx.com.pk/item/double-storey-6-marla-house-available-in-rehmat-colony-for-sale-iid-1118620547,House,For Sale,6 Marla,4,4,4 days ago,Rs 1.65 Crore,"Rehmat Colony, Multan",Multan,OLX
https://www.olx.com.pk/item/well-constructed-brand-new-house-available-for-sale-in-royal-orchard-iid-1118529037,House,For Sale,20 Marla,6,6,4 days ago,Rs 6 Crore,"Royal Orchard, Multan",Multan,OLX
https://www.olx.com.pk/item/600-square-feet-flat-for-sale-in-dha-defence-iid-1118499276,Flat,For Sale,600 SQFT,1,1,4 days ago,Rs 90 Lacs,"ATC Villas, Multan",Multan,OLX
https://www.olx.com.pk/item/2-marla-flat-for-sale-in-multan-public-school-road-iid-1118499008,Flat,For Sale,198 SQFT,Studio,1,4 days ago,Rs 28.71 Lacs,"Dream Garden, Multan",Multan,OLX
https://www.olx.com.pk/item/well-constructed-brand-new-house-available-for-sale-in-model-town-iid-1118163630,House,For Sale,20 Marla,6,6,4 days ago,Rs 7.50 Crore,"Model Town, Multan",Multan,OLX
https://www.olx.com.pk/item/600-square-feet-flat-for-sale-in-dha-defence-iid-1118060426,Flat,For Sale,600 SQFT,1,1,4 days ago,Rs 90 Lacs,"ATC Villas, Multan",Multan,OLX
https://www.olx.com.pk/item/a-spacious-corner-20-marla-house-in-garden-town-iid-1118039742,House,For Sale,20 Marla,6,6,4 days ago,Rs 2.80 Crore,"Garden Town, Multan",Multan,OLX
https://www.olx.com.pk/item/sada-6-marla-triple-story-kothi-rashedabad-for-sale-iid-1118620310,Other,For Sale,6 Marla,5,5,4 days ago,Rs 1.65 Crore,"Rasheedabad, Multan",Multan,OLX
https://www.olx.com.pk/item/prime-location-6-marla-house-for-sell-new-shah-shams-colony-mumtazabad-iid-1118600577,House,For Sale,6 Marla,3,2,5 days ago,Rs 1.35 Crore,"New Shah Shams Colony, Multan",Multan,OLX
https://www.olx.com.pk/item/m-d-a-officers-cooperative-housing-society-multan-iid-1113196852,Office,For Sale,1 Kanal,,,5 days ago,Rs 2.70 Crore,"MDA Co-operative Housing Scheme, Multan",Multan,OLX
https://www.olx.com.pk/item/your-dream-brand-new-2306-square-feet-house-is-available-in-royal-orchard-iid-1118591079,House,For Sale,"2,306 SQFT",5,6,5 days ago,Rs 3.40 Crore,"Royal Orchard, Multan",Multan,OLX
https://www.olx.com.pk/item/5-marla-modern-house-in-royal-orchard-multan-iid-1118591075,House,For Sale,5 Marla,3,4,5 days ago,Rs 2 Crore,"Royal Orchard, Multan",Multan,OLX
https://www.olx.com.pk/item/25-marla-ghar-fazal-model-basti-shorkot-area-bahawalpur-bypas-k-kreeb-iid-1118577649,Other,For Sale,2 Marla,1,1,5 days ago,Rs 22 Lacs,"Gulshan-e-Faiz - Block A6, Multan",Multan,OLX
https://www.olx.com.pk/item/10-marla-plot-for-sale-iid-1118571475,Plot,For Sale,10 Marla,,,5 days ago,Rs 55 Lacs,"PGSHF Sector B, Multan",Multan,OLX
https://www.olx.com.pk/item/1-kanal-plot-dha-sect-h-65-ft-road-for-sale-iid-1118183480,Plot,For Sale,1 Kanal,,,6 days ago,Rs 1.35 Crore,"DHA Phase 1 - Sector H, Multan",Multan,OLX
https://www.olx.com.pk/item/brand-new-20-marla-house-for-sale-in-royal-orchard-block-a-multan-iid-1118447570,House,For Sale,20 Marla,5,6,6 days ago,Rs 6.50 Crore,"Royal Orchard - Block A, Multan",Multan,OLX
https://www.olx.com.pk/item/brand-new-20-marla-house-available-in-royal-orchard-block-a-for-sale-iid-1118447568,House,For Sale,20 Marla,5,6,6 days ago,Rs 7.50 Crore,"Royal Orchard - Block A, Multan",Multan,OLX
https://www.olx.com.pk/item/brand-new-20-marla-house-available-in-royal-orchard-block-a-for-sale-iid-1118447567,House,For Sale,20 Marla,5,6,6 days ago,Rs 7 Crore,"Royal Orchard - Block A, Multan",Multan,OLX
https://www.olx.com.pk/item/brand-new-10-marla-house-available-in-royal-orchard-block-c-for-sale-iid-1118446891,House,For Sale,10 Marla,5,6,6 days ago,Rs 3.80 Crore,"Royal Orchard - Block C, Multan",Multan,OLX
https://www.olx.com.pk/item/tripple-storey-5-marla-house-available-in-royal-orchard-block-g-for-sale-iid-1118446639,House,For Sale,5 Marla,4,5,6 days ago,Rs 2.10 Crore,"Royal Orchard - Block G, Multan",Multan,OLX
https://www.olx.com.pk/item/your-dream-brand-new-5-marla-house-is-available-in-royal-orchard-block-g-iid-1118446637,House,For Sale,5 Marla,3,5,6 days ago,Rs 1.95 Crore,"Royal Orchard - Block G, Multan",Multan,OLX
https://www.olx.com.pk/item/your-dream-brand-new-5-marla-house-is-available-in-royal-orchard-block-f-iid-1118446633,House,For Sale,5 Marla,3,5,6 days ago,Rs 2.04 Crore,"Royal Orchard - Block F, Multan",Multan,OLX
https://www.olx.com.pk/item/ideally-located-residential-plot-for-sale-in-dream-gardens-phase-2-inter-city-available-iid-1118009502,Residential Plot,For Sale,5 Marla,,,6 days ago,Rs 53.90 Lacs,"Inter City Housing Scheme, Multan",Multan,OLX
https://www.olx.com.pk/item/residential-plot-sized-20-marla-is-available-for-sale-in-dream-gardens-phase-2-inter-city-iid-1118009497,Residential Plot,For Sale,20 Marla,,,6 days ago,Rs 2.04 Crore,"Inter City Housing Scheme, Multan",Multan,OLX
https://www.olx.com.pk/item/225-marla-for-sale-rashedabad-chok-kumhara-iid-1118561482,Other,For Sale,506 SQFT,2,1,6 days ago,Rs 35 Lacs,"Rasheedabad, Multan",Multan,OLX
https://www.olx.com.pk/item/sada-3-marla-new-double-storey-kothi-chok-kumhara-for-sale-iid-1118561442,Other,For Sale,3 Marla,4,4,6 days ago,Rs 90 Lacs,"Chowk Kumharanwala, Multan",Multan,OLX
https://www.olx.com.pk/item/5-marla-plot-smart-city-purana-shujabad-road-iid-1118561379,Plot,For Sale,5 Marla,,,6 days ago,Rs 35 Lacs,"Purana Shujabad Road, Multan",Multan,OLX
https://www.olx.com.pk/item/3-marla-new-double-storey-kothi-rashedabad-for-sale-iid-1118561364,Other,For Sale,3 Marla,3,3,6 days ago,Rs 90 Lacs,"Rasheedabad, Multan",Multan,OLX
https://www.olx.com.pk/item/35-marla-new-house-near-satellite-homes-sadeqia-road-nawab-pur-road-multan-available-for-sale-iid-1118561277,House,For Sale,3 Marla,3,3,6 days ago,Rs 90 Lacs,"Nawabpur Road, Multan",Multan,OLX
https://www.olx.com.pk/item/5-marla-triple-storey-house-for-sale-in-buch-villas-multan-iid-1118094761,House,For Sale,5 Marla,4,5,6 days ago,Rs 2.20 Crore,"Buch Villas Phase 2 - Manik Block, Multan",Multan,OLX
https://www.olx.com.pk/item/1-kanal-luxury-park-facing-house-for-sale-wapda-town-phase-2-multan-iid-1118094609,House,For Sale,1 Kanal,6,7,6 days ago,Rs 7.70 Crore,"Wapda Town Phase 2, Multan",Multan,OLX
https://www.olx.com.pk/item/25-marla-double-story-house-iid-1118386971,House,For Sale,2.5 Marla,3,2,6 days ago,Rs 53 Lacs,"Others, Multan",Multan,OLX
https://www.olx.com.pk/item/buch-villas-manik-block-5-marla-trepal-story-luxury-house-available-4-bed-attach-bath-iid-1117784493,House,For Sale,5 Marla,4,4,1 week ago,Rs 2.22 Crore,"Buch Executive Villas, Multan",Multan,OLX
https://www.olx.com.pk/item/prime-location-270-square-feet-flat-situated-in-royal-orchard-for-sale-iid-1118495951,Flat,For Sale,270 SQFT,Studio,1,1 week ago,Rs 47.25 Lacs,"Royal Orchard, Multan",Multan,OLX
https://www.olx.com.pk/item/house-35-marla-iid-1118501334,House,For Sale,3.5 Marla,4,3,1 week ago,Rs 70 Lacs,"Fahad Town, Multan",Multan,OLX
https://www.olx.com.pk/item/5-marla-good-location-possession-plot-available-for-sale-in-sector-v-dha-multan-iid-1118501810,Plot,For Sale,5 Marla,,,1 week ago,Rs 25 Lacs,"DHA Phase 1 - Sector V, Multan",Multan,OLX
https://www.olx.com.pk/item/5-marla-possession-plot-available-for-sale-in-sector-v-dha-multan-iid-1118501706,Plot,For Sale,5 Marla,,,1 week ago,Rs 19.50 Lacs,"DHA Phase 1 - Sector V, Multan",Multan,OLX
https://www.olx.com.pk/item/your-dream-brand-new-5-marla-house-is-available-in-royal-orchard-block-f-iid-1118500273,House,For Sale,5 Marla,3,5,1 week ago,Rs 2.04 Crore,"Royal Orchard - Block F, Multan",Multan,OLX
https://www.olx.com.pk/item/citi-housing-5-marla-luxury-house-available-good-location-iid-1118495935,House,For Sale,5 Marla,3,3,1 week ago,Rs 1.40 Crore,"Citi Housing - Block C, Multan",Multan,OLX
https://www.olx.com.pk/item/prime-location-residential-plot-of-1687-square-feet-available-for-sale-in-buch-executive-villas-iid-1118495407,Villa,For Sale,"1,687 SQFT",,,1 week ago,Rs 1.27 Crore,"Buch Executive Villas, Multan",Multan,OLX
https://www.olx.com.pk/item/buch-villas-5-marla-ues-house-available-ideal-location-4-bed-attach-bath-tv-lounge-kuchen-iid-1117664500,House,For Sale,5 Marla,4,4,1 week ago,Rs 1.75 Crore,"Buch Executive Villas, Multan",Multan,OLX
https://www.olx.com.pk/item/double-storey-2061-square-feet-house-available-in-shalimar-colony-for-sale-iid-1118494929,House,For Sale,"2,061 SQFT",4,5,1 week ago,Rs 1.90 Crore,"Shalimar Colony, Multan",Multan,OLX
https://www.olx.com.pk/item/buch-villas-750-marla-triple-story-luxury-house-manik-block-idea-location-6-bed-attach-bath-iid-1118494832,House,For Sale,7 Marla,6,6,1 week ago,Rs 3.30 Crore,"Buch Executive Villas, Multan",Multan,OLX
https://www.olx.com.pk/item/5-marla-double-story-house-for-sale-in-multan-vip-location-iid-1118489390,House,For Sale,5 Marla,4,4,1 week ago,Rs 1.20 Crore,"Marhaba Canal View, Multan",Multan,OLX
https://www.olx.com.pk/item/10-marla-double-storey-house-is-available-for-sale-in-gulgasht-colony-multan-iid-1118485492,House,For Sale,10 Marla,4,5,1 week ago,Rs 3 Crore,"Gulgasht Colony, Multan",Multan,OLX
https://www.olx.com.pk/item/10-marla-double-storey-house-is-available-for-sale-in-ali-hajveri-town-multan-iid-1118485369,House,For Sale,10 Marla,4,5,1 week ago,Rs 3 Crore,"Ali Hijveri Town, Multan",Multan,OLX
https://www.olx.com.pk/item/10-marla-double-storey-house-is-available-for-sale-in-lodhi-colony-multan-iid-1118485210,House,For Sale,10 Marla,4,5,1 week ago,Rs 3 Crore,"Lodhi Colony, Multan",Multan,OLX
https://www.olx.com.pk/item/10-marla-double-storey-house-is-available-for-sale-on-lodhi-colony-road-multan-iid-1118485193,House,For Sale,10 Marla,4,5,1 week ago,Rs 3 Crore,"Lodhi Colony Road, Multan",Multan,OLX
https://www.olx.com.pk/item/10-marla-double-storey-house-is-available-for-sale-on-nawabpur-road-multan-iid-1118485168,House,For Sale,10 Marla,4,5,1 week ago,Rs 3 Crore,"Nawabpur Road, Multan",Multan,OLX
https://www.olx.com.pk/item/35-marla-house-for-sale-in-gulrez-town-ma-jinnah-road-iid-1118482879,House,For Sale,3.5 Marla,3,3,1 week ago,Rs 64 Lacs,"Bukhari Villas, Multan",Multan,OLX
https://www.olx.com.pk/item/1st-floor-commercial-shop-for-sale-in-city-tower-chungi-no-9-multan-iid-1118474975,Shop,For Sale,63 SQFT,,,1 week ago,Rs 25 Lacs,"Gulgasht Avenue, Multan",Multan,OLX
https://www.olx.com.pk/item/3-marla-house-iid-1117291606,House,For Sale,4 Marla,3,2,1 week ago,Rs 85 Lacs,"Gulgasht Avenue, Multan",Multan,OLX
https://www.olx.com.pk/item/house-for-sale-in-karachi-hotel-near-muzaffarabad-multan-iid-1118450460,House,For Sale,6 Marla,3,2,1 week ago,Rs 42 Lacs,"Royal Villas, Multan",Multan,OLX
https://www.olx.com.pk/item/6-marla-plot-file-in-royal-orchard-overseas-prime-block-for-sale-at-good-location-iid-1118216530,Plot,For Sale,6 Marla,,,1 week ago,Rs 62 Lacs,"Royal Orchard - Overseas Prime Block, Multan",Multan,OLX
https://www.olx.com.pk/item/become-owner-of-your-residential-plot-today-which-is-centrally-located-in-royal-orchard-executive-block-in-multan-iid-1118216520,Residential Plot,For Sale,2 Kanal,,,1 week ago,Rs 3.20 Crore,"Royal Orchard - Executive Block, Multan",Multan,OLX
https://www.olx.com.pk/item/looking-for-a-residential-plot-in-multan-iid-1118216450,Residential Plot,For Sale,7 Marla,,,1 week ago,Rs 84 Lacs,"Royal Orchard, Multan",Multan,OLX
https://www.olx.com.pk/item/a-well-designed-residential-plot-is-up-for-sale-in-an-ideal-location-in-multan-iid-1117925687,Residential Plot,For Sale,7 Marla,,,1 week ago,Rs 68 Lacs,"Royal Orchard, Multan",Multan,OLX
https://www.olx.com.pk/item/gorgeous-corner-7-marla-residential-plot-for-sale-available-in-royal-orchard-overseas-prime-block-iid-1117925686,Residential Plot,For Sale,7 Marla,,,1 week ago,Rs 90 Lacs,"Royal Orchard - Overseas Prime Block, Multan",Multan,OLX
https://www.olx.com.pk/item/10-marla-residential-plot-for-sale-in-royal-orchard-executive-block-multan-in-only-rs-12000000-iid-1117925684,Residential Plot,For Sale,10 Marla,,,1 week ago,Rs 1.20 Crore,"Royal Orchard - Executive Block, Multan",Multan,OLX
https://www.olx.com.pk/item/residential-plot-of-10-marla-in-dream-gardens-phase-2-inter-city-for-sale-iid-1117925679,Residential Plot,For Sale,10 Marla,,,1 week ago,Rs 1.10 Crore,"Inter City Housing Scheme, Multan",Multan,OLX
https://www.olx.com.pk/item/best-options-for-residential-plot-is-available-for-sale-in-dream-gardens-phase-2-inter-city-iid-1117925676,Residential Plot,For Sale,5 Marla,,,1 week ago,Rs 53.90 Lacs,"Inter City Housing Scheme, Multan",Multan,OLX
https://www.olx.com.pk/item/ideal-residential-plot-for-sale-in-officers-town-iid-1118442514,Office,For Sale,20 Marla,,,1 week ago,Rs 80 Lacs,"Officers Town, Multan",Multan,OLX
https://www.olx.com.pk/item/reserve-a-centrally-located-house-in-wapda-town-phase-2-block-r-iid-1118442512,House,For Sale,10 Marla,4,5,1 week ago,Rs 3.50 Crore,"Wapda Town Phase 2 - Block R, Multan",Multan,OLX
https://www.olx.com.pk/item/double-storey-1912-square-feet-house-for-sale-in-ahmad-park-ahmad-park-iid-1118442508,House,For Sale,"1,912 SQFT",4,4,1 week ago,Rs 1.95 Crore,"Ahmad Park, Multan",Multan,OLX
https://www.olx.com.pk/item/10-marla-house-in-mujahid-green-valley-for-sale-iid-1118442503,House,For Sale,10 Marla,5,5,1 week ago,Rs 2.40 Crore,"Mujahid Green Valley, Multan",Multan,OLX
https://www.olx.com.pk/item/double-storey-4-marla-house-for-sale-in-suraj-miani-suraj-miani-iid-1118442500,House,For Sale,4 Marla,4,4,1 week ago,Rs 98 Lacs,"Suraj Miani, Multan",Multan,OLX
https://www.olx.com.pk/item/10-marla-house-in-only-rs-27000000-iid-1118442497,House,For Sale,10 Marla,6,6,1 week ago,Rs 2.70 Crore,"Khanewal Road, Multan",Multan,OLX
https://www.olx.com.pk/item/4-marla-spacious-house-available-in-raza-abad-for-sale-iid-1118442492,House,For Sale,4 Marla,3,4,1 week ago,Rs 95 Lacs,"Raza Abad, Multan",Multan,OLX
https://www.olx.com.pk/item/6-marla-house-in-bosan-road-is-available-for-sale-iid-1118442490,House,For Sale,6 Marla,4,4,1 week ago,Rs 1.35 Crore,"Bosan Road, Multan",Multan,OLX
https://www.olx.com.pk/item/prime-location-sale-a-residential-plot-in-officers-town-prime-location-iid-1118442478,Office,For Sale,20 Marla,,,1 week ago,Rs 90 Lacs,"Officers Town, Multan",Multan,OLX
https://www.olx.com.pk/item/corner-1462-square-feet-residential-plot-for-sale-in-agric-town-iid-1118442471,Residential Plot,For Sale,"1,462 SQFT",,,1 week ago,Rs 70 Lacs,"Agric Town, Multan",Multan,OLX
https://www.olx.com.pk/item/beautifully-constructed-corner-house-is-available-for-sale-in-ghanta-ghar-chowk-iid-1118442469,House,For Sale,4 Marla,4,4,1 week ago,Rs 1.30 Crore,"Ghanta Ghar Chowk, Multan",Multan,OLX
https://www.olx.com.pk/item/get-in-touch-now-to-buy-a-near-to-park-20-marla-residential-plot-in-mda-co-operative-housing-scheme-mda-co-operative-housing-scheme-iid-1118442467,Residential Plot,For Sale,20 Marla,,,1 week ago,Rs 2.80 Crore,"MDA Co-operative Housing Scheme, Multan",Multan,OLX
https://www.olx.com.pk/item/5-marla-building-for-sale-in-northern-bypass-iid-1118442465,Building,For Sale,5 Marla,,,1 week ago,Rs 9 Crore,"Northern Bypass, Multan",Multan,OLX
https://www.olx.com.pk/item/house-for-sale-shalimar-colony-multan-iid-1118438939,House,For Sale,6 Marla,3,4,1 week ago,Rs 1.60 Crore,"Shalimar Colony, Multan",Multan,OLX
https://www.olx.com.pk/item/5-marla-brand-new-modern-luxury-double-storey-house-for-sale-in-bahadurpur-near-bilawal-house-bosan-road-iid-1118426446,House,For Sale,5 Marla,3,4,1 week ago,Rs 1.45 Crore,"Bahadurpur, Multan",Multan,OLX
https://www.olx.com.pk/item/55-marla-plot-for-sale-iid-1112955141,Plot,For Sale,5 Marla,,,1 week ago,Rs 35 Lacs,"Nawab Pur, Multan",Multan,OLX
https://www.olx.com.pk/item/prime-location-pgshf-sector-c-7-marla-residential-plot-up-for-sale-iid-1118409772,Residential Plot,For Sale,7 Marla,,,1 week ago,Rs 35.50 Lacs,"PGSHF Sector C, Multan",Multan,OLX
https://www.olx.com.pk/item/aesthetic-prime-location-residential-plot-of-5-marla-for-sale-is-available-iid-1118409758,Residential Plot,For Sale,5 Marla,,,1 week ago,Rs 25.50 Lacs,"PGSHF Sector D, Multan",Multan,OLX
https://www.olx.com.pk/item/get-a-prime-location-7-marla-residential-plot-for-sale-in-pgshf-iid-1118409745,Residential Plot,For Sale,7 Marla,,,1 week ago,Rs 38 Lacs,"PGSHF, Multan",Multan,OLX
https://www.olx.com.pk/item/prime-location-residential-plot-for-sale-in-rs-7300000-iid-1118409736,Residential Plot,For Sale,20 Marla,,,1 week ago,Rs 73 Lacs,"PGSHF Sector A, Multan",Multan,OLX
https://www.olx.com.pk/item/looking-for-a-prime-location-residential-plot-in-pgshf-pgshf-iid-1118409730,Residential Plot,For Sale,5 Marla,,,1 week ago,Rs 29 Lacs,"PGSHF, Multan",Multan,OLX
https://www.olx.com.pk/item/prime-location-residential-plot-for-sale-in-pgshf-iid-1118409716,Residential Plot,For Sale,7 Marla,,,1 week ago,Rs 42 Lacs,"PGSHF, Multan",Multan,OLX
https://www.olx.com.pk/item/reserve-a-prime-location-residential-plot-of-10-marla-now-in-pgshf-iid-1118409703,Residential Plot,For Sale,10 Marla,,,1 week ago,Rs 49 Lacs,"PGSHF, Multan",Multan,OLX
https://www.olx.com.pk/item/prime-location-residential-plot-of-20-marla-available-for-sale-in-pgshf-iid-1118409687,Residential Plot,For Sale,20 Marla,,,1 week ago,Rs 65 Lacs,"PGSHF, Multan",Multan,OLX
https://www.olx.com.pk/item/ready-to-sale-a-prime-location-residential-plot-10-marla-in-pgshf-sector-b-multan-iid-1118409672,Residential Plot,For Sale,10 Marla,,,1 week ago,Rs 57 Lacs,"PGSHF Sector B, Multan",Multan,OLX
https://www.olx.com.pk/item/prime-location-10-marla-residential-plot-in-pgshf-sector-b-is-available-iid-1118409657,Residential Plot,For Sale,10 Marla,,,1 week ago,Rs 52 Lacs,"PGSHF Sector B, Multan",Multan,OLX
https://www.olx.com.pk/item/prime-location-residential-plot-sized-20-marla-in-pgshf-sector-a-iid-1118409652,Residential Plot,For Sale,20 Marla,,,1 week ago,Rs 70 Lacs,"PGSHF Sector A, Multan",Multan,OLX
https://www.olx.com.pk/item/prime-location-10-marla-residential-plot-for-sale-in-the-perfect-location-of-pgshf-sector-b-iid-1118409646,Residential Plot,For Sale,10 Marla,,,1 week ago,Rs 55 Lacs,"PGSHF Sector B, Multan",Multan,OLX
https://www.olx.com.pk/item/a-stunning-prime-location-residential-plot-is-up-for-grabs-in-pgshf-pgshf-iid-1118409638,Residential Plot,For Sale,5 Marla,,,1 week ago,Rs 27 Lacs,"PGSHF, Multan",Multan,OLX
https://www.olx.com.pk/item/prime-location-residential-plot-available-for-sale-in-pgshf-iid-1118409633,Residential Plot,For Sale,5 Marla,,,1 week ago,Rs 24.50 Lacs,"PGSHF, Multan",Multan,OLX
https://www.olx.com.pk/item/prime-location-pgshf-sector-d-residential-plot-sized-5-marla-for-sale-iid-1118409626,Residential Plot,For Sale,5 Marla,,,1 week ago,Rs 25 Lacs,"PGSHF Sector D, Multan",Multan,OLX
https://www.olx.com.pk/item/prominently-located-prime-location-10-marla-residential-plot-available-in-pgshf-sector-b-iid-1118409607,Residential Plot,For Sale,10 Marla,,,1 week ago,Rs 53 Lacs,"PGSHF Sector B, Multan",Multan,OLX
https://www.olx.com.pk/item/prime-location-residential-plot-sized-20-marla-is-available-for-sale-in-pgshf-iid-1118409598,Residential Plot,For Sale,20 Marla,,,1 week ago,Rs 80 Lacs,"PGSHF, Multan",Multan,OLX
https://www.olx.com.pk/item/buying-a-prime-location-residential-plot-in-pgshf-iid-1118409590,Residential Plot,For Sale,20 Marla,,,1 week ago,Rs 70 Lacs,"PGSHF, Multan",Multan,OLX
https://www.olx.com.pk/item/prime-location-20-marla-residential-plot-for-sale-in-pgshf-sector-a-multan-in-only-rs-6700000-iid-1118409581,Residential Plot,For Sale,20 Marla,,,1 week ago,Rs 67 Lacs,"PGSHF Sector A, Multan",Multan,OLX
https://www.olx.com.pk/item/prominently-located-prime-location-residential-plot-available-in-pgshf-sector-c-for-sale-iid-1118409574,Residential Plot,For Sale,7 Marla,,,1 week ago,Rs 40 Lacs,"PGSHF Sector C, Multan",Multan,OLX
https://www.olx.com.pk/item/prominently-located-prime-location-residential-plot-available-in-pgshf-sector-b-for-sale-iid-1118409557,Residential Plot,For Sale,10 Marla,,,1 week ago,Rs 46 Lacs,"PGSHF Sector B, Multan",Multan,OLX
https://www.olx.com.pk/item/prime-location-7-marla-residential-plot-in-stunning-pgshf-is-available-for-sale-iid-1118409551,Residential Plot,For Sale,7 Marla,,,1 week ago,Rs 36 Lacs,"PGSHF, Multan",Multan,OLX
https://www.olx.com.pk/item/a-prime-location-residential-plot-of-9-marla-in-pgshf-iid-1118409543,Residential Plot,For Sale,9 Marla,,,1 week ago,Rs 41 Lacs,"PGSHF, Multan",Multan,OLX
https://www.olx.com.pk/item/your-search-ends-right-here-with-the-beautiful-prime-location-residential-plot-in-pgshf-at-affordable-price-of-pkr-rs-7200000-iid-1118409537,Residential Plot,For Sale,20 Marla,,,1 week ago,Rs 72 Lacs,"PGSHF, Multan",Multan,OLX
https://www.olx.com.pk/item/5-marla-2nd-floor-flat-for-sale-buch-villas-multan-iid-1118405781,Flat,For Sale,5 Marla,2,2,1 week ago,Rs 99 Lacs,"Buch Executive Villas, Multan",Multan,OLX
https://www.olx.com.pk/item/10-marla-plot-for-sale-in-pgshf-multan-prime-location-final-price-49-lac-iid-1118395737,Plot,For Sale,10 Marla,,,1 week ago,Rs 49 Lacs,"PGSHF Sector B, Multan",Multan,OLX
https://www.olx.com.pk/item/10-marla-plot-for-sale-best-investment-opportunity-in-pgshf-multan-only-52-lac-iid-1118395622,Plot,For Sale,10 Marla,,,1 week ago,Rs 52 Lacs,"PGSHF Sector B, Multan",Multan,OLX
https://www.olx.com.pk/item/10-marla-plot-for-sale-in-pgshf-multan-prime-location-demand-58-lac-iid-1118395478,Plot,For Sale,10 Marla,,,1 week ago,Rs 58 Lacs,"PGSHF Sector B, Multan",Multan,OLX
https://www.olx.com.pk/item/10-marla-plot-for-sale-in-pgshf-multan-prime-location-demand-53-lac-iid-1118395263,Plot,For Sale,10 Marla,,,1 week ago,Rs 53 Lacs,"PGSHF Sector B, Multan",Multan,OLX
https://www.olx.com.pk/item/1-kanal-plot-for-sale-in-pgshf-multan-prime-location-demand-95-lac-iid-1118395068,Plot,For Sale,1 Kanal,,,1 week ago,Rs 95 Lacs,"PGSHF Sector A, Multan",Multan,OLX
https://www.olx.com.pk/item/1-kanal-plot-for-sale-in-pgshf-multan-prime-location-demand-90-lac-iid-1118394850,Plot,For Sale,1 Kanal,,,1 week ago,Rs 90 Lacs,"PGSHF Sector A, Multan",Multan,OLX
https://www.olx.com.pk/item/1-kanal-plot-for-sale-in-pgshf-multan-prime-location-demand-72-lac-iid-1118394649,Plot,For Sale,1 Kanal,,,1 week ago,Rs 72 Lacs,"PGSHF Sector A, Multan",Multan,OLX
https://www.olx.com.pk/item/1-kanal-plot-for-sale-in-pgshf-multan-prime-location-demand-only-70-lac-iid-1118394435,Plot,For Sale,1 Kanal,,,1 week ago,Rs 70 Lacs,"PGSHF Sector A, Multan",Multan,OLX
https://www.olx.com.pk/item/1-kanal-plot-for-sale-in-pgshf-multan-prime-location-demand-only-80-lac-iid-1118389121,Plot,For Sale,1 Kanal,,,1 week ago,Rs 80 Lacs,"PGSHF Sector A, Multan",Multan,OLX
https://www.olx.com.pk/item/1-kanal-plot-for-sale-in-pgshf-multan-prime-location-iid-1118384940,Plot,For Sale,1 Kanal,,,1 week ago,Rs 60 Lacs,"PGSHF Sector A, Multan",Multan,OLX
https://www.olx.com.pk/item/5-marla-plot-for-sale-in-pgshf-multan-prime-location-only-25-lac-golden-investment-opportunity-iid-1118377887,Plot,For Sale,5 Marla,,,1 week ago,Rs 25 Lacs,"PGSHF Sector D, Multan",Multan,OLX
https://www.olx.com.pk/item/a-prime-location-3-marla-commercial-plot-in-buch-executive-villas-is-on-the-market-for-sale-iid-1118358170,Villa,For Sale,3 Marla,,,2 weeks ago,Rs 4.37 Crore,"Buch Executive Villas, Multan",Multan,OLX
https://www.olx.com.pk/item/tripple-storey-5-marla-house-available-in-buch-villas-phase-2-manik-block-for-sale-iid-1118358166,House,For Sale,5 Marla,4,4,2 weeks ago,Rs 2.20 Crore,"Buch Villas Phase 2 - Manik Block, Multan",Multan,OLX
https://www.olx.com.pk/item/a-great-choice-for-a-prime-location-6-marla-shop-available-in-bosan-road-iid-1118358163,Shop,For Sale,6 Marla,,,2 weeks ago,Rs 8 Crore,"Bosan Road, Multan",Multan,OLX
https://www.olx.com.pk/item/533-marla-modern-elevation-house-for-sale-buch-villas-multan-iid-1118358154,House,For Sale,"1,200 SQFT",5,6,2 weeks ago,Rs 2.35 Crore,"Buch Executive Villas, Multan",Multan,OLX
https://www.olx.com.pk/item/centrally-located-prime-location-commercial-plot-in-buch-executive-villas-is-available-for-sale-iid-1118358150,Villa,For Sale,2 Marla,,,2 weeks ago,Rs 2.50 Crore,"Buch Executive Villas, Multan",Multan,OLX
https://www.olx.com.pk/item/fair-priced-prime-location-728-square-feet-flat-available-in-buch-villas-phase-2-afzal-block-iid-1118358148,Flat,For Sale,728 SQFT,1,1,2 weeks ago,Rs 90 Lacs,"Buch Villas Phase 2 - Afzal Block, Multan",Multan,OLX
https://www.olx.com.pk/item/prime-location-house-of-5-marla-for-sale-in-buch-villas-phase-2-manik-block-iid-1118358143,House,For Sale,5 Marla,4,4,2 weeks ago,Rs 2.29 Crore,"Buch Villas Phase 2 - Manik Block, Multan",Multan,OLX
https://www.olx.com.pk/item/fully-furnished-1270-marla-house-available-in-buch-executive-villas-for-sale-iid-1118358135,House,For Sale,"2,857 SQFT",5,5,2 weeks ago,Rs 6.50 Crore,"Buch Executive Villas, Multan",Multan,OLX
https://www.olx.com.pk/item/a-palatial-residence-for-prime-location-sale-in-buch-villas-phase-2-manik-block-multan-iid-1118358129,Villa,For Sale,10 Marla,6,6,2 weeks ago,Rs 4.15 Crore,"Buch Villas Phase 2 - Manik Block, Multan",Multan,OLX
https://www.olx.com.pk/item/flat-for-sale-in-citi-housing-iid-1118358127,Flat,For Sale,347 SQFT,1,1,2 weeks ago,Rs 58 Lacs,"Buch Executive Villas, Multan",Multan,OLX
https://www.olx.com.pk/item/prime-location-buch-executive-villas-residential-plot-sized-17-marla-iid-1118358125,Villa,For Sale,17 Marla,,,2 weeks ago,Rs 2.97 Crore,"Buch Executive Villas, Multan",Multan,OLX
https://www.olx.com.pk/item/prime-location-house-of-10-marla-is-available-for-sale-in-buch-executive-villas-iid-1118358122,House,For Sale,10 Marla,5,5,2 weeks ago,Rs 2.95 Crore,"Buch Executive Villas, Multan",Multan,OLX
https://www.olx.com.pk/item/prime-location-7-marla-house-for-sale-in-buch-executive-villas-iid-1118358118,House,For Sale,7 Marla,3,3,2 weeks ago,Rs 2.50 Crore,"Buch Executive Villas, Multan",Multan,OLX
https://www.olx.com.pk/item/spacious-prime-location-house-is-available-in-buch-villas-phase-2-manik-block-for-sale-iid-1118358113,House,For Sale,5 Marla,4,4,2 weeks ago,Rs 2.29 Crore,"Buch Villas Phase 2 - Manik Block, Multan",Multan,OLX
https://www.olx.com.pk/item/buch-villas-apartment-for-sale-in-ground-floor-multan-iid-1118358110,Apartment,For Sale,365 SQFT,Studio,1,2 weeks ago,Rs 65 Lacs,"Buch Executive Villas, Multan",Multan,OLX
https://www.olx.com.pk/item/prime-location-flat-for-sale-in-buch-executive-villas-iid-1118358108,Flat,For Sale,450 SQFT,Studio,1,2 weeks ago,Rs 78 Lacs,"Buch Executive Villas, Multan",Multan,OLX
https://www.olx.com.pk/item/prime-location-sale-a-residential-plot-in-multan-prime-location-iid-1118358088,Residential Plot,For Sale,"1,687 SQFT",,,2 weeks ago,Rs 1.35 Crore,"Buch Villas Phase 2 - Manik Block, Multan",Multan,OLX
https://www.olx.com.pk/item/investors-should-sale-this-prime-location-house-located-ideally-in-buch-executive-villas-iid-1118358083,House,For Sale,5 Marla,4,4,2 weeks ago,Rs 1.70 Crore,"Buch Executive Villas - Phase 2, Multan",Multan,OLX
https://www.olx.com.pk/item/prime-location-buch-executive-villas-house-sized-7-marla-is-available-iid-1118358079,House,For Sale,7 Marla,5,5,2 weeks ago,Rs 3.15 Crore,"Buch Executive Villas, Multan",Multan,OLX
https://www.olx.com.pk/item/prime-location-house-for-sale-in-rs-16000000-iid-1118358077,House,For Sale,3 Marla,4,4,2 weeks ago,Rs 1.60 Crore,"Buch Villas Phase 2 - Manik Block, Multan",Multan,OLX
https://www.olx.com.pk/item/prime-location-222-marla-commercial-plot-is-available-for-sale-in-buch-executive-villas-iid-1118358075,Villa,For Sale,499 SQFT,,,2 weeks ago,Rs 2.65 Crore,"Buch Executive Villas, Multan",Multan,OLX
https://www.olx.com.pk/item/centrally-located-prime-location-shop-available-in-buch-villas-phase-2-afzal-block-for-sale-iid-1118358071,Villa,For Sale,2 Marla,,,2 weeks ago,Rs 2.65 Crore,"Buch Villas Phase 2 - Afzal Block, Multan",Multan,OLX
https://www.olx.com.pk/item/aesthetic-prime-location-house-of-10-marla-for-sale-iid-1118358065,House,For Sale,10 Marla,5,5,2 weeks ago,Rs 3.50 Crore,"Buch Executive Villas, Multan",Multan,OLX
https://www.olx.com.pk/item/prime-location-house-for-sale-in-rs-41500000-iid-1118358061,House,For Sale,10 Marla,5,5,2 weeks ago,Rs 4.15 Crore,"Buch Villas Phase 2 - Manik Block, Multan",Multan,OLX
https://www.olx.com.pk/item/prime-location-residential-plot-for-sale-in-buch-executive-villas-phase-2-iid-1118358054,Villa,For Sale,5 Marla,,,2 weeks ago,Rs 1 Crore,"Buch Executive Villas - Phase 2, Multan",Multan,OLX
https://www.olx.com.pk/item/ideal-prime-location-222-marla-commercial-plot-in-buch-executive-villas-available-iid-1118358051,Villa,For Sale,499 SQFT,,,2 weeks ago,Rs 2.60 Crore,"Buch Executive Villas, Multan",Multan,OLX
https://www.olx.com.pk/item/prime-location-house-of-10-marla-is-available-for-sale-in-dha-phase-1-sector-b1-multan-iid-1118358042,House,For Sale,10 Marla,5,5,2 weeks ago,Rs 3.50 Crore,"DHA Phase 1 - Sector B1, Multan",Multan,OLX
https://www.olx.com.pk/item/ideally-located-prime-location-commercial-plot-of-186-187-marla-pair-is-available-for-sale-in-multan-iid-1118358037,Commercial Plot,For Sale,840 SQFT,,,2 weeks ago,Rs 3 Crore,"Buch Villas Phase 2 - Manik Block, Multan",Multan,OLX
https://www.olx.com.pk/item/ideally-located-prime-location-house-for-sale-in-buch-villas-phase-2-manik-block-available-iid-1118358035,House,For Sale,5 Marla,4,4,2 weeks ago,Rs 2.20 Crore,"Buch Villas Phase 2 - Manik Block, Multan",Multan,OLX
https://www.olx.com.pk/item/highly-coveted-prime-location-5-marla-house-is-available-in-buch-villas-phase-2-manik-block-for-sale-iid-1118358032,House,For Sale,5 Marla,4,5,2 weeks ago,Rs 2.40 Crore,"Buch Villas Phase 2 - Manik Block, Multan",Multan,OLX
https://www.olx.com.pk/item/10-marla-brand-new-house-for-sale-in-royal-orchard-multan-iid-1118357422,House,For Sale,10 Marla,5,6,2 weeks ago,Rs 3.45 Crore,"Royal Orchard, Multan",Multan,OLX
https://www.olx.com.pk/item/10-marla-brand-new-house-for-sale-in-royal-orchard-multan-iid-1118357419,House,For Sale,10 Marla,5,6,2 weeks ago,Rs 3.45 Crore,"Royal Orchard, Multan",Multan,OLX
https://www.olx.com.pk/item/20-marla-brand-new-house-for-sale-in-royal-orchard-multan-iid-1118357382,House,For Sale,20 Marla,5,6,2 weeks ago,Rs 6.95 Crore,"Royal Orchard, Multan",Multan,OLX
https://www.olx.com.pk/item/1-kanal-full-furnished-brand-new-house-for-sale-in-royal-orchard-multan-iid-1118357378,House,For Sale,1 Kanal,5,6,2 weeks ago,Rs 7.95 Crore,"Royal Orchard, Multan",Multan,OLX
https://www.olx.com.pk/item/investors-should-sale-this-prime-location-residential-plot-located-ideally-in-khan-village-iid-1118357372,Villa,For Sale,3 Marla,,,2 weeks ago,Rs 33 Lacs,"Khan Village, Multan",Multan,OLX
https://www.olx.com.pk/item/get-this-amazing-corner-1012-square-feet-house-available-in-multan-public-school-road-iid-1118357367,House,For Sale,"1,012 SQFT",3,3,2 weeks ago,Rs 1 Crore,"Multan Public School Road, Multan",Multan,OLX
https://www.olx.com.pk/item/1-kanal-askari-villas-for-sale-in-dha-multan-iid-1118357362,Villa,For Sale,1 Kanal,6,6,2 weeks ago,Rs 5 Crore,"DHA Defence, Multan",Multan,OLX
https://www.olx.com.pk/item/well-constructed-brand-new-house-available-for-sale-in-shalimar-colony-iid-1118357360,House,For Sale,10 Marla,5,6,2 weeks ago,Rs 3.20 Crore,"Shalimar Colony, Multan",Multan,OLX
https://www.olx.com.pk/item/double-storey-20-marla-house-available-in-jail-road-for-sale-iid-1118357354,House,For Sale,20 Marla,5,5,2 weeks ago,Rs 5.70 Crore,"Jail Road, Multan",Multan,OLX
https://www.olx.com.pk/item/triple-storey-10-marla-house-available-in-satellite-town-for-sale-iid-1118357351,House,For Sale,10 Marla,6,6,2 weeks ago,Rs 2.50 Crore,"Satellite Town, Multan",Multan,OLX
https://www.olx.com.pk/item/double-storey-5-marla-house-for-sale-in-pace-city-pace-city-iid-1118357348,House,For Sale,5 Marla,4,4,2 weeks ago,Rs 1 Crore,"Pace City, Multan",Multan,OLX
https://www.olx.com.pk/item/5-marla-plot-for-sale-in-adam-housing-iid-1118357278,Plot,For Sale,5 Marla,,,2 weeks ago,Rs 40 Lacs,"Adams Housing Scheme, Multan",Multan,OLX
https://www.olx.com.pk/item/buying-a-prime-location-residential-plot-in-dha-phase-1-sector-u-iid-1117731010,Residential Plot,For Sale,20 Marla,,,2 weeks ago,Rs 65 Lacs,"DHA Phase 1 - Sector U, Multan",Multan,OLX
https://www.olx.com.pk/item/prime-location-residential-plot-for-sale-in-beautiful-dha-phase-1-sector-v-iid-1117731008,Residential Plot,For Sale,8 Marla,,,2 weeks ago,Rs 45 Lacs,"DHA Phase 1 - Sector V, Multan",Multan,OLX
https://www.olx.com.pk/item/best-options-for-prime-location-residential-plot-is-available-for-sale-iid-1117731006,Residential Plot,For Sale,20 Marla,,,2 weeks ago,Rs 75 Lacs,"DHA Phase 1 - Sector R, Multan",Multan,OLX
https://www.olx.com.pk/item/ready-to-sale-a-main-double-road-residential-plot-20-marla-in-dha-phase-1-sector-h-multan-iid-1117731005,Residential Plot,For Sale,20 Marla,,,2 weeks ago,Rs 1.35 Crore,"DHA Phase 1 - Sector H, Multan",Multan,OLX
https://www.olx.com.pk/item/prime-location-20-marla-residential-plot-in-beautiful-location-of-dha-phase-1-sector-h-in-multan-iid-1117731003,Residential Plot,For Sale,20 Marla,,,2 weeks ago,Rs 1.28 Crore,"DHA Phase 1 - Sector H, Multan",Multan,OLX
https://www.olx.com.pk/item/prime-location-commercial-plot-of-2-marla-in-dha-phase-1-sector-m-commercial-is-available-iid-1117731000,Commercial Plot,For Sale,2 Marla,,,2 weeks ago,Rs 1.35 Crore,"DHA Phase 1 - Sector M Commercial, Multan",Multan,OLX
https://www.olx.com.pk/item/your-search-ends-right-here-with-the-beautiful-prime-location-house-in-citi-housing-block-c-at-affordable-price-of-pkr-rs-13500000-iid-1117859935,House,For Sale,5 Marla,4,4,2 weeks ago,Rs 1.35 Crore,"Citi Housing - Block C, Multan",Multan,OLX
https://www.olx.com.pk/item/prime-location-20-marla-house-for-grabs-in-multan-public-school-road-iid-1117859927,House,For Sale,20 Marla,5,5,2 weeks ago,Rs 7.10 Crore,"Royal Orchard, Multan",Multan,OLX
https://www.olx.com.pk/item/prime-location-commercial-plot-in-dha-phase-1-sector-q-commercial-for-sale-iid-1117730998,Commercial Plot,For Sale,2 Marla,,,2 weeks ago,Rs 95 Lacs,"DHA Phase 1 - Sector Q Commercial, Multan",Multan,OLX
https://www.olx.com.pk/item/5-marla-ideal-location-plot-sector-v-in-dha-multan-phase-1-perfect-for-smart-investment-modern-home-construction-iid-1117930277,Plot,For Sale,5 Marla,,,2 weeks ago,Rs 31 Lacs,"DHA Phase 1 - Sector V, Multan",Multan,OLX
https://www.olx.com.pk/item/5-marla-ideal-location-plot-sector-p-in-dha-multan-phase-1-perfect-for-smart-investment-modern-home-construction-iid-1117930275,Plot,For Sale,5 Marla,,,2 weeks ago,Rs 23 Lacs,"DHA Phase 1 - Sector P, Multan",Multan,OLX
https://www.olx.com.pk/item/spacious-1-kanal-plot-build-your-luxurious-lifestyle-plot-sector-d-in-dha-multan-phase-1-iid-1117930272,Plot,For Sale,1 Kanal,,,2 weeks ago,Rs 95 Lacs,"DHA Phase 1 - Sector D, Multan",Multan,OLX
https://www.olx.com.pk/item/1-kanal-plot-with-corner-extra-land-and-300-ft-road-plot-sector-o-dha-multan-ideal-for-dream-home-or-investment-iid-1117930269,Plot,For Sale,1 Kanal,,,2 weeks ago,Rs 1.14 Crore,"DHA Phase 1 - Sector O, Multan",Multan,OLX
https://www.olx.com.pk/item/1-kanal-corner-extra-land-park-facing-and-300-ft-road-plot-sector-o-dha-multan-ideal-for-dream-home-or-investment-iid-1117930249,Plot,For Sale,1 Kanal,,,2 weeks ago,Rs 1.20 Crore,"DHA Phase 1 - Sector O, Multan",Multan,OLX
https://www.olx.com.pk/item/spacious-1-kanal-plot-80-ft-build-your-luxurious-lifestyle-plot-sector-h-in-dha-multan-phase-1-iid-1117930243,Plot,For Sale,1 Kanal,,,2 weeks ago,Rs 1.40 Crore,"DHA Phase 1 - Sector H, Multan",Multan,OLX
https://www.olx.com.pk/item/5-marla-plot-available-for-sell-on-investor-rate-dha-multan-all-types-of-plots-available-for-sell-on-investor-rate-iid-1118352337,Plot,For Sale,5 Marla,,,2 weeks ago,Rs 24 Lacs,"DHA Phase 1, Multan",Multan,OLX
https://www.olx.com.pk/item/6-marla-prime-location-house-for-sale-new-shah-shams-colony-block-b-iid-1118233119,House,For Sale,6 Marla,3,2,2 weeks ago,Rs 1.35 Crore,"New Shah Shams Colony, Multan",Multan,OLX
https://www.olx.com.pk/item/10-marla-classic-elevation-house-for-sale-royal-orchard-multan-iid-1118329477,House,For Sale,10 Marla,5,6,2 weeks ago,Rs 3.70 Crore,"Royal Orchard, Multan",Multan,OLX
https://www.olx.com.pk/item/fair-priced-1-kanal-residential-plot-available-in-dha-phase-1-sector-r-iid-1117584962,Residential Plot,For Sale,1 Kanal,,,2 weeks ago,Rs 90 Lacs,"DHA Phase 1 - Sector R, Multan",Multan,OLX
https://www.olx.com.pk/item/311-marla-plot-for-sale-in-safiya-society-near-vehari-chowk-multan-iid-1113606891,Plot,For Sale,3.11 Marla,,,2 weeks ago,Rs 21 Lacs,"Budhla Sant Road, Multan",Multan,OLX
https://www.olx.com.pk/item/brand-new-5-marla-house-available-in-buch-villas-phase-2-manik-block-for-sale-iid-1118318544,House,For Sale,5 Marla,4,5,2 weeks ago,Rs 2.04 Crore,"Buch Villas Phase 2 - Manik Block, Multan",Multan,OLX
https://www.olx.com.pk/item/brand-new-5-marla-house-available-in-buch-villas-phase-2-manik-block-for-sale-iid-1118318315,House,For Sale,5 Marla,4,4,2 weeks ago,Rs 2.10 Crore,"Buch Villas Phase 2 - Manik Block, Multan",Multan,OLX
https://www.olx.com.pk/item/well-constructed-brand-new-house-available-for-sale-in-buch-villas-phase-2-manik-block-iid-1118318056,House,For Sale,787 SQFT,4,4,2 weeks ago,Rs 1.60 Crore,"Buch Villas Phase 2 - Manik Block, Multan",Multan,OLX
https://www.olx.com.pk/item/well-constructed-brand-new-house-available-for-sale-in-mda-co-operative-housing-scheme-iid-1118174821,House,For Sale,20 Marla,5,6,2 weeks ago,Rs 5.50 Crore,"MDA Co-operative Housing Scheme, Multan",Multan,OLX
https://www.olx.com.pk/item/20-marla-building-in-stunning-kaswar-gardezi-road-is-available-for-sale-iid-1118134778,Building,For Sale,20 Marla,,,2 weeks ago,Rs 32 Crore,"Kaswar Gardezi Road, Multan",Multan,OLX
https://www.olx.com.pk/item/prime-location-cantt-classic-villas-phase-2-residential-plot-sized-12-marla-iid-1118059709,Villa,For Sale,12 Marla,,,2 weeks ago,Rs 66 Lacs,"Cantt Classic Villas Phase 2, Multan",Multan,OLX
https://www.olx.com.pk/item/ist-floor-153-square-feet-shop-for-sale-in-dha-phase-1-sector-c-multan-iid-1117993703,Shop,For Sale,153 SQFT,,,2 weeks ago,Rs 53.55 Lacs,"DHA Phase 1 - Sector C, Multan",Multan,OLX
https://www.olx.com.pk/item/2nd-floor-90-square-feet-shop-for-sale-in-dha-phase-1-sector-c-multan-iid-1117993438,Shop,For Sale,90 SQFT,,,2 weeks ago,Rs 24.75 Lacs,"DHA Phase 1 - Sector C, Multan",Multan,OLX
https://www.olx.com.pk/item/direct-approach-from-main-boulevard-iid-1118319678,Other,For Sale,20 Marla,,,2 weeks ago,Rs 93 Lacs,"DHA Phase 1 - Sector K, Multan",Multan,OLX
https://www.olx.com.pk/item/brand-new-10-marla-house-available-in-atc-villas-for-sale-iid-1118319589,House,For Sale,10 Marla,5,6,2 weeks ago,Rs 3.70 Crore,"ATC Villas, Multan",Multan,OLX
https://www.olx.com.pk/item/10-marla-luxury-house-in-dha-multan-new-construction-iid-1118309999,House,For Sale,10 Marla,4,4,2 weeks ago,Rs 3.90 Crore,"DHA Phase 1, Multan",Multan,OLX
https://www.olx.com.pk/item/57-marla-corner-plot-iid-1118300690,Plot,For Sale,57 Marla,,,2 weeks ago,Rs 15 Crore,"Ahbab Colony, Multan",Multan,OLX
https://www.olx.com.pk/item/4-marla-house-for-sale-270sqft-marla-prime-location-engineer-built-iid-1118083029,House,For Sale,4 Marla,3,4,2 weeks ago,Rs 1.10 Crore,"BZU Road, Multan",Multan,OLX
https://www.olx.com.pk/item/7-marla-vip-location-plot-at-very-reasonable-price-iid-1118294805,Plot,For Sale,7.07 Marla,,,2 weeks ago,Rs 40 Lacs,"PGSHF Sector C, Multan",Multan,OLX
https://www.olx.com.pk/item/10-marla-beautiful-modern-house-for-sale-dha-multan-iid-1118281613,House,For Sale,10 SQFT,5,6,2 weeks ago,Rs 3.45 Crore,"DHA Phase 1, Multan",Multan,OLX
https://www.olx.com.pk/item/your-dream-brand-new-5-marla-house-is-available-in-fatima-jinnah-town-iid-1118275668,House,For Sale,5 Marla,4,5,2 weeks ago,Rs 1.70 Crore,"Fatima Jinnah Town, Multan",Multan,OLX
https://www.olx.com.pk/item/20-marla-plot-available-for-sale-iid-1118265373,Plot,For Sale,20 Marla,,,2 weeks ago,Rs 70 Lacs,"PGSHF Sector A, Multan",Multan,OLX
https://www.olx.com.pk/item/5-marla-plot-available-for-sale-iid-1118265219,Plot,For Sale,5 Marla,,,2 weeks ago,Rs 21 Lacs,"DHA Phase 1 - Sector V, Multan",Multan,OLX
https://www.olx.com.pk/item/10-marla-plot-for-sale-iid-1118265105,Plot,For Sale,10 Marla,,,2 weeks ago,Rs 60 Lacs,"PGSHF Sector A, Multan",Multan,OLX
https://www.olx.com.pk/item/10-marla-fully-renovated-house-for-sale-near-sabzazar-metro-station-iid-1116949569,House,For Sale,10 Marla,4,5,2 weeks ago,Rs 2.50 Crore,"Nasheman Colony, Multan",Multan,OLX
https://www.olx.com.pk/item/sector-l-1-kanal-plot-iid-1118246690,Plot,For Sale,20 Marla,,,2 weeks ago,Rs 38 Lacs,"DHA Phase 1 - Sector L, Multan",Multan,OLX
https://www.olx.com.pk/item/4-marla-corner-commercial-plot-65ft-road-iid-1118246274,Commercial Plot,For Sale,4 Marla,,,2 weeks ago,Rs 1.75 Crore,"DHA Phase 1 - Sector K, Multan",Multan,OLX
https://www.olx.com.pk/item/house-for-sale-iid-1118243629,House,For Sale,10 Marla,5,2,2 weeks ago,Rs 1.50 Crore,"Gulistan Homes, Multan",Multan,OLX
https://www.olx.com.pk/item/4-marla-commercial-plot-near-ahmed-sweets-model-town-available-for-sale-iid-1118242986,Commercial Plot,For Sale,4 Marla,,,2 weeks ago,Rs 5.09 Crore,"Model Town, Multan",Multan,OLX
https://www.olx.com.pk/item/315-marla-corner-commercial-plot-available-for-sale-in-model-town-multan-iid-1118242911,Commercial Plot,For Sale,708 SQFT,,,2 weeks ago,Rs 5 Crore,"Model Town, Multan",Multan,OLX
https://www.olx.com.pk/item/apartment-opposite-nishtar-2-multan-available-for-sale-on-easy-instalment-iid-1118242874,Apartment,For Sale,240 SQFT,Studio,1,2 weeks ago,Rs 27.79 Lacs,"Al Madev Complex, Multan",Multan,OLX
https://www.olx.com.pk/item/1600-square-yards-portion-for-sale-in-rashid-minhas-road-iid-1118239570,Other,For Sale,5 Marla,2,2,2 weeks ago,Rs 95 Lacs,"Buch Villas Phase 2 - Afzal Block, Multan",Multan,OLX
https://www.olx.com.pk/item/prime-location-20-marla-house-in-stunning-royal-orchard-block-a-is-available-for-sale-iid-1118239564,House,For Sale,20 Marla,5,5,2 weeks ago,Rs 7.50 Crore,"Royal Orchard - Block A, Multan",Multan,OLX
https://www.olx.com.pk/item/prime-location-house-of-5-marla-for-sale-in-buch-villas-phase-2-manik-block-iid-1118239555,House,For Sale,5 Marla,4,4,2 weeks ago,Rs 1.98 Crore,"Buch Villas Phase 2 - Manik Block, Multan",Multan,OLX
https://www.olx.com.pk/item/5-marla-house-for-sale-in-manik-block-buch-executive-villas-multan-prime-location-modern-design-iid-1118239550,House,For Sale,5 Marla,4,5,2 weeks ago,Rs 2.20 Crore,"Buch Executive Villas, Multan",Multan,OLX
https://www.olx.com.pk/item/ideal-prime-location-house-in-buch-executive-villas-available-iid-1118239545,House,For Sale,17 Marla,5,5,2 weeks ago,Rs 5.90 Crore,"Buch Executive Villas, Multan",Multan,OLX
https://www.olx.com.pk/item/get-an-attractive-prime-location-house-in-multan-under-rs-33500000-iid-1118239536,House,For Sale,"1,968 SQFT",5,5,2 weeks ago,Rs 3.35 Crore,"Buch Villas Phase 2 - Afzal Block, Multan",Multan,OLX
https://www.olx.com.pk/item/near-imtiaz-buch-hospital-222-marla-prime-commercial-plots-in-buch-villas-on-cash-instalments-iid-1118239531,Villa,For Sale,499 SQFT,,,2 weeks ago,Rs 2.65 Crore,"Buch Executive Villas, Multan",Multan,OLX
https://www.olx.com.pk/item/one-bed-lounge-apartment-at-main-entrance-upon-banks-in-buch-executive-villas-multan-iid-1118239525,Apartment,For Sale,"1,160 SQFT",1,1,2 weeks ago,Rs 1.10 Crore,"Buch Executive Villas, Multan",Multan,OLX
https://www.olx.com.pk/item/get-in-touch-now-to-buy-a-prime-location-1037-marla-house-in-buch-villas-phase-2-afzal-block-iid-1118239428,House,For Sale,10 Marla,6,6,2 weeks ago,Rs 4.25 Crore,"Buch Villas Phase 2 - Afzal Block, Multan",Multan,OLX
https://www.olx.com.pk/item/prime-location-5-marla-residential-plot-in-stunning-buch-villas-phase-2-manik-block-is-available-for-sale-iid-1118239361,Villa,For Sale,5 Marla,,,2 weeks ago,Rs 1.05 Crore,"Buch Villas Phase 2 - Manik Block, Multan",Multan,OLX
https://www.olx.com.pk/item/719-marla-commercial-property-in-the-heart-of-multan-for-sale-iid-1118229680,Other,For Sale,"1,617 SQFT",,,2 weeks ago,Rs 6 Crore,"Gulgasht Colony, Multan",Multan,OLX
https://www.olx.com.pk/item/commercial-building-is-available-for-sale-on-old-shujabad-road-multan-iid-1118216769,Building,For Sale,"4,640 SQFT",,,2 weeks ago,Rs 14.50 Crore,"Al Madev Complex, Multan",Multan,OLX
https://www.olx.com.pk/item/5-marla-ground-floor-flat-for-sale-iid-1118216702,Flat,For Sale,5 Marla,2,3,2 weeks ago,Rs 85 Lacs,"Buch Executive Villas, Multan",Multan,OLX
https://www.olx.com.pk/item/grey-structure-20-marla-house-available-in-dha-phase-1-sector-h-for-sale-iid-1118216701,House,For Sale,20 Marla,5,5,2 weeks ago,Rs 3 Crore,"DHA Phase 1 - Sector H, Multan",Multan,OLX
https://www.olx.com.pk/item/dha-e-2-prime-5-marla-residential-plots-available-iid-1118216684,Residential Plot,For Sale,5 Marla,,,2 weeks ago,Rs 35 Lacs,"DHA Phase 1 - Sector E, Multan",Multan,OLX
https://www.olx.com.pk/item/highly-coveted-prime-location-5-marla-residential-plot-is-available-in-buch-executive-villas-for-sale-iid-1118216667,Villa,For Sale,5 Marla,,,2 weeks ago,Rs 90 Lacs,"Buch Executive Villas, Multan",Multan,OLX
https://www.olx.com.pk/item/prime-location-5-marla-house-in-buch-executive-villas-is-best-option-iid-1118216657,House,For Sale,5 Marla,4,4,2 weeks ago,Rs 2.20 Crore,"Buch Executive Villas, Multan",Multan,OLX
https://www.olx.com.pk/item/triple-storey-5-marla-house-available-in-buch-villas-phase-2-manik-block-for-sale-iid-1118216656,House,For Sale,5 Marla,4,5,2 weeks ago,Rs 2.35 Crore,"Buch Villas Phase 2 - Manik Block, Multan",Multan,OLX
https://www.olx.com.pk/item/prime-location-house-of-11-marla-in-buch-executive-villas-for-sale-iid-1118216655,House,For Sale,11 Marla,6,6,2 weeks ago,Rs 4.95 Crore,"Buch Executive Villas, Multan",Multan,OLX
https://www.olx.com.pk/item/759-marla-best-location-plot-available-for-sale-iid-1118216646,Plot,For Sale,7 Marla,,,2 weeks ago,Rs 1.29 Crore,"Buch Executive Villas, Multan",Multan,OLX
https://www.olx.com.pk/item/prime-location-7-marla-house-in-beautiful-location-of-buch-executive-villas-in-buch-executive-villas-iid-1118216645,House,For Sale,7 Marla,5,6,2 weeks ago,Rs 3.15 Crore,"Buch Executive Villas, Multan",Multan,OLX
https://www.olx.com.pk/item/prime-location-affordable-house-for-sale-in-royal-orchard-iid-1118216642,House,For Sale,5 Marla,3,5,2 weeks ago,Rs 2.04 Crore,"Royal Orchard, Multan",Multan,OLX
https://www.olx.com.pk/item/looking-for-a-prime-location-house-in-multan-iid-1118216636,House,For Sale,5 Marla,4,4,2 weeks ago,Rs 2.29 Crore,"Buch Villas Phase 2 - Manik Block, Multan",Multan,OLX
https://www.olx.com.pk/item/your-ideal-prime-location-5-marla-house-has-just-become-available-in-buch-villas-phase-2-manik-block-iid-1118216635,House,For Sale,5 Marla,4,4,2 weeks ago,Rs 2.20 Crore,"Buch Villas Phase 2 - Manik Block, Multan",Multan,OLX
https://www.olx.com.pk/item/stunning-prime-location-5-marla-house-in-buch-villas-phase-2-manik-block-available-iid-1118216634,House,For Sale,5 Marla,4,5,2 weeks ago,Rs 2.29 Crore,"Buch Villas Phase 2 - Manik Block, Multan",Multan,OLX
https://www.olx.com.pk/item/5-marla-park-facing-slightly-used-corner-house-available-for-sale-at-buch-villas-multan-iid-1118216631,House,For Sale,5 Marla,3,5,2 weeks ago,Rs 1.95 Crore,"Buch Executive Villas, Multan",Multan,OLX
https://www.olx.com.pk/item/buy-a-centrally-located-prime-location-5-marla-house-in-buch-executive-villas-iid-1118216627,House,For Sale,5 Marla,4,4,2 weeks ago,Rs 2.19 Crore,"Buch Executive Villas, Multan",Multan,OLX
https://www.olx.com.pk/item/ready-to-buy-a-prime-location-residential-plot-5-marla-in-buch-villas-phase-2-manik-block-iid-1118216626,Villa,For Sale,5 Marla,,,2 weeks ago,Rs 1 Crore,"Buch Villas Phase 2 - Manik Block, Multan",Multan,OLX
https://www.olx.com.pk/item/prime-location-residential-plot-sized-5-marla-in-buch-villas-phase-2-manik-block-iid-1118216624,Villa,For Sale,5 Marla,,,2 weeks ago,Rs 94 Lacs,"Buch Villas Phase 2 - Manik Block, Multan",Multan,OLX
https://www.olx.com.pk/item/looking-for-a-prime-location-residential-plot-in-buch-villas-phase-2-manik-block-iid-1118216616,Villa,For Sale,5 Marla,,,2 weeks ago,Rs 92.50 Lacs,"Buch Villas Phase 2 - Manik Block, Multan",Multan,OLX
https://www.olx.com.pk/item/buying-a-prime-location-residential-plot-in-multan-iid-1118216610,Residential Plot,For Sale,5 Marla,,,2 weeks ago,Rs 95 Lacs,"Buch Villas Phase 2 - Manik Block, Multan",Multan,OLX
https://www.olx.com.pk/item/reserve-a-centrally-located-prime-location-residential-plot-in-buch-executive-villas-iid-1118216606,Villa,For Sale,"1,687 SQFT",,,2 weeks ago,Rs 1.20 Crore,"Buch Executive Villas, Multan",Multan,OLX
https://www.olx.com.pk/item/prime-location-22-marla-residential-plot-is-available-in-affordable-price-in-buch-executive-villas-iid-1118216604,Villa,For Sale,22 Marla,,,2 weeks ago,Rs 3.70 Crore,"Buch Executive Villas, Multan",Multan,OLX
https://www.olx.com.pk/item/prime-location-residential-plot-5-marla-for-sale-in-buch-executive-villas-iid-1118216602,Villa,For Sale,5 Marla,,,2 weeks ago,Rs 92 Lacs,"Buch Executive Villas, Multan",Multan,OLX
https://www.olx.com.pk/item/good-prime-location-7-marla-residential-plot-for-sale-in-buch-executive-villas-iid-1118216597,Villa,For Sale,7 Marla,,,2 weeks ago,Rs 1.12 Crore,"Buch Executive Villas, Multan",Multan,OLX
https://www.olx.com.pk/item/prime-location-buch-executive-villas-5-marla-residential-plot-up-for-sale-iid-1118216596,Villa,For Sale,5 Marla,,,2 weeks ago,Rs 90 Lacs,"Buch Executive Villas, Multan",Multan,OLX
https://www.olx.com.pk/item/7-marla-plot-file-in-royal-orchard-overseas-prime-block-for-sale-at-good-location-iid-1118216536,Plot,For Sale,7 Marla,,,2 weeks ago,Rs 57.75 Lacs,"Royal Orchard - Overseas Prime Block, Multan",Multan,OLX
https://www.olx.com.pk/item/5-marla-brand-new-double-storey-house-for-sale-in-new-shalimar-t-chowk-near-model-town-multan-iid-1118216531,House,For Sale,5 Marla,4,5,2 weeks ago,Rs 1.65 Crore,"New Shalimar Colony, Multan",Multan,OLX
https://www.olx.com.pk/item/buy-a-plot-file-of-5-marla-in-royal-orchard-overseas-prime-block-iid-1118216525,Plot,For Sale,5 Marla,,,2 weeks ago,Rs 41.25 Lacs,"Royal Orchard - Overseas Prime Block, Multan",Multan,OLX
https://www.olx.com.pk/item/5-marla-plot-available-for-sale-iid-1118211171,Plot,For Sale,5 Marla,,,2 weeks ago,Rs 24 Lacs,"PGSHF Sector D, Multan",Multan,OLX
https://www.olx.com.pk/item/spacious-1-kanal-plot-build-your-luxurious-lifestyle-plot-sector-i-in-dha-multan-phase-1-iid-1118046018,Plot,For Sale,1 Kanal,,,2 weeks ago,Rs 1.14 Crore,"DHA Phase 1 Sector I - Block 3, Multan",Multan,OLX
https://www.olx.com.pk/item/spacious-1-kanal-plot-80-ft-build-your-luxurious-lifestyle-plot-sector-h-in-dha-multan-phase-1-iid-1117930222,Plot,For Sale,1 Kanal,,,2 weeks ago,Rs 1.40 Crore,"DHA Phase 1 - Sector H, Multan",Multan,OLX
https://www.olx.com.pk/item/brand-new-5-marla-house-for-sale-in-royal-orchard-block-f-multan-iid-1118208904,House,For Sale,5 Marla,3,4,2 weeks ago,Rs 1.85 Crore,"Royal Orchard - Block F, Multan",Multan,OLX
https://www.olx.com.pk/item/ultra-10-marl-a1-residential-home-for-sale-under-construction-multan-iid-1118195701,Other,For Sale,10 Marla,6,7,2 weeks ago,Rs 4.70 Crore,"Ahsan Colony, Multan",Multan,OLX
https://www.olx.com.pk/item/7-marla-plot-available-for-sale-iid-1118195143,Plot,For Sale,7 Marla,,,2 weeks ago,Rs 41 Lacs,"PGSHF Sector C, Multan",Multan,OLX
https://www.olx.com.pk/item/house-for-sale-in-new-shalimar-colony-multan-iid-1118004683,House,For Sale,4 Marla,3,4,2 weeks ago,Rs 1.20 Crore,"Model Town - Block B, Multan",Multan,OLX
https://www.olx.com.pk/item/brand-new-5-marla-house-available-in-adams-housing-scheme-block-a-for-sale-iid-1118188251,House,For Sale,5 Marla,3,4,2 weeks ago,Rs 1.65 Crore,"Adams Housing Scheme - Block A, Multan",Multan,OLX
https://www.olx.com.pk/item/brand-new-4-marla-house-for-sale-in-fatima-avenue-multan-iid-1118188240,House,For Sale,4 Marla,3,5,2 weeks ago,Rs 1.40 Crore,"Fatima Avenue, Multan",Multan,OLX
https://www.olx.com.pk/item/your-dream-brand-new-3-marla-house-is-available-in-multan-public-school-road-iid-1118188238,House,For Sale,3 Marla,3,4,2 weeks ago,Rs 1.14 Crore,"Multan Public School Road, Multan",Multan,OLX
https://www.olx.com.pk/item/corner-5-marla-house-in-new-shalimar-colony-for-sale-iid-1118188231,House,For Sale,5 Marla,3,4,2 weeks ago,Rs 1.55 Crore,"New Shalimar Colony, Multan",Multan,OLX
https://www.olx.com.pk/item/brand-new-7-marla-house-for-sale-in-fatima-avenue-multan-iid-1118188225,House,For Sale,7 Marla,4,6,2 weeks ago,Rs 2.29 Crore,"Fatima Avenue, Multan",Multan,OLX
https://www.olx.com.pk/item/your-dream-brand-new-6-marla-house-is-available-in-fatima-avenue-iid-1118188209,House,For Sale,6 Marla,4,5,2 weeks ago,Rs 1.80 Crore,"Fatima Avenue, Multan",Multan,OLX
https://www.olx.com.pk/item/your-dream-brand-new-5-marla-house-is-available-in-shalimar-colony-iid-1118188204,House,For Sale,5 Marla,4,5,2 weeks ago,Rs 1.90 Crore,"Shalimar Colony, Multan",Multan,OLX
https://www.olx.com.pk/item/brand-new-1237-square-feet-house-available-in-new-model-town-homes-for-sale-iid-1118188192,House,For Sale,"1,237 SQFT",4,5,2 weeks ago,Rs 1.70 Crore,"New Model Town Homes, Multan",Multan,OLX
https://www.olx.com.pk/item/top-location-direct-300-fit-road-access-iid-1117876433,Other,For Sale,1 Kanal,,,2 weeks ago,Rs 1.10 Crore,"DHA Phase 1 - Sector H, Multan",Multan,OLX
https://www.olx.com.pk/item/front-16-fit-house-5-mrla-vvip-iid-1117876367,House,For Sale,5 Marla,4,4,2 weeks ago,Rs 90 Lacs,"New Shalimar Colony, Multan",Multan,OLX
https://www.olx.com.pk/item/4-kanal-commercial-building-is-available-for-sale-on-masoom-shah-road-multan-iid-1118179203,Building,For Sale,4 Kanal,,,2 weeks ago,Rs 36 Crore,"Masoom Shah Road, Multan",Multan,OLX
https://www.olx.com.pk/item/4-kanal-commercial-double-storey-house-is-available-for-sale-on-masoom-shah-road-multan-iid-1118179196,House,For Sale,4 Kanal,Studio,1,2 weeks ago,Rs 36 Crore,"Masoom Shah Road, Multan",Multan,OLX
https://www.olx.com.pk/item/4-kanal-commercial-double-storey-house-is-available-for-sale-iid-1118179187,House,For Sale,4 Kanal,Studio,1,2 weeks ago,Rs 36 Crore,"Chowk Kumharanwala, Multan",Multan,OLX
https://www.olx.com.pk/item/4-kanal-commercial-plot-is-available-for-sale-on-chowk-kumharanwala-multan-iid-1118179182,Commercial Plot,For Sale,4 Kanal,,,2 weeks ago,Rs 36 Crore,"Chowk Kumharanwala, Multan",Multan,OLX
https://www.olx.com.pk/item/4-kanal-commercial-building-is-available-for-sale-on-chowk-kumharanwala-multan-iid-1118179176,Building,For Sale,4 Kanal,,,2 weeks ago,Rs 36 Crore,"Chowk Kumharanwala, Multan",Multan,OLX
https://www.olx.com.pk/item/prime-location-shop-of-2-marla-in-model-town-for-sale-iid-1118176557,Shop,For Sale,2 Marla,,,2 weeks ago,Rs 2.50 Crore,"Model Town, Multan",Multan,OLX
https://www.olx.com.pk/item/prime-location-in-buch-executive-villas-phase-2-11-marla-house-for-sale-iid-1118176549,House,For Sale,11 Marla,5,5,2 weeks ago,Rs 4.95 Crore,"Buch Executive Villas - Phase 2, Multan",Multan,OLX
https://www.olx.com.pk/item/premium-prime-location-17-marla-house-is-available-for-sale-in-multan-iid-1118176546,House,For Sale,17 Marla,6,6,2 weeks ago,Rs 6.20 Crore,"Buch Executive Villas - Phase 1, Multan",Multan,OLX
https://www.olx.com.pk/item/prime-location-shop-of-4-marla-is-available-for-sale-iid-1118176526,Shop,For Sale,4 Marla,,,2 weeks ago,Rs 3.50 Crore,"Buch Villas Phase 2 - Afzal Block, Multan",Multan,OLX
https://www.olx.com.pk/item/4-marla-commercial-plot-for-sale-iid-1118136788,Commercial Plot,For Sale,4 Marla,,,2 weeks ago,Rs 2.29 Crore,"DHA Phase 1 - Sector M, Multan",Multan,OLX
https://www.olx.com.pk/item/7-marla-plot-available-for-sale-iid-1118138282,Plot,For Sale,7 Marla,,,2 weeks ago,Rs 37.50 Lacs,"PGSHF Sector C, Multan",Multan,OLX
https://www.olx.com.pk/item/5-marla-brand-new-double-story-house-for-sale-in-royal-orchard-multan-iid-1117805254,House,For Sale,5 Marla,3,4,2 weeks ago,Rs 2 Crore,"Royal Orchard, Multan",Multan,OLX
https://www.olx.com.pk/item/residential-plot-of-5-marla-in-dha-phase-1-sector-t-is-available-iid-1118120289,Residential Plot,For Sale,5 Marla,,,2 weeks ago,Rs 17.50 Lacs,"DHA Phase 1 - Sector T, Multan",Multan,OLX
https://www.olx.com.pk/item/you-can-find-a-gorgeous-residential-plot-for-sale-in-dha-phase-1-sector-u-iid-1118120288,Residential Plot,For Sale,10 Marla,,,2 weeks ago,Rs 52 Lacs,"DHA Phase 1 - Sector U, Multan",Multan,OLX
https://www.olx.com.pk/item/residential-plot-available-for-sale-in-dha-phase-1-sector-b1-iid-1118120286,Residential Plot,For Sale,10 Marla,,,2 weeks ago,Rs 55 Lacs,"DHA Phase 1 - Sector B1, Multan",Multan,OLX
https://www.olx.com.pk/item/10-marla-residential-plot-for-sale-in-dha-phase-1-sector-b1-multan-in-only-rs-4000000-iid-1118120279,Residential Plot,For Sale,10 Marla,,,2 weeks ago,Rs 40 Lacs,"DHA Phase 1 - Sector B1, Multan",Multan,OLX
https://www.olx.com.pk/item/residential-plot-of-20-marla-is-available-for-sale-in-dha-phase-1-sector-w1-iid-1118120277,Residential Plot,For Sale,20 Marla,,,2 weeks ago,Rs 35 Lacs,"DHA Phase 1 - Sector W1, Multan",Multan,OLX
https://www.olx.com.pk/item/dha-phase-1-sector-w1-residential-plot-sized-20-marla-for-sale-iid-1118120275,Residential Plot,For Sale,20 Marla,,,2 weeks ago,Rs 42 Lacs,"DHA Phase 1 - Sector W1, Multan",Multan,OLX
https://www.olx.com.pk/item/ideal-20-marla-residential-plot-has-landed-on-market-in-dha-phase-1-sector-f-multan-iid-1118120274,Residential Plot,For Sale,20 Marla,,,2 weeks ago,Rs 48 Lacs,"DHA Phase 1 - Sector F, Multan",Multan,OLX
https://www.olx.com.pk/item/end-your-search-for-residential-plot-here-and-sale-now-iid-1118120270,Residential Plot,For Sale,20 Marla,,,2 weeks ago,Rs 45 Lacs,"DHA Phase 1 - Sector F, Multan",Multan,OLX
https://www.olx.com.pk/item/get-in-touch-now-to-buy-a-residential-plot-in-multan-iid-1118120268,Residential Plot,For Sale,20 Marla,,,2 weeks ago,Rs 75 Lacs,"DHA Phase 1 - Sector R, Multan",Multan,OLX
https://www.olx.com.pk/item/affordable-residential-plot-available-for-sale-in-dha-phase-1-sector-r-iid-1118120267,Residential Plot,For Sale,20 Marla,,,2 weeks ago,Rs 65 Lacs,"DHA Phase 1 - Sector R, Multan",Multan,OLX
https://www.olx.com.pk/item/your-search-for-residential-plot-in-multan-ends-here-iid-1118120264,Residential Plot,For Sale,5 Marla,,,2 weeks ago,Rs 22 Lacs,"DHA Phase 1 - Sector T, Multan",Multan,OLX
https://www.olx.com.pk/item/find-your-ideal-residential-plot-in-multan-under-rs-3500000-iid-1118120262,Residential Plot,For Sale,20 Marla,,,2 weeks ago,Rs 35 Lacs,"DHA Phase 1 - Sector X, Multan",Multan,OLX
https://www.olx.com.pk/item/8-marla-residential-plot-for-sale-in-dha-phase-1-sector-v-multan-in-only-rs-4800000-iid-1118120261,Residential Plot,For Sale,8 Marla,,,2 weeks ago,Rs 48 Lacs,"DHA Phase 1 - Sector V, Multan",Multan,OLX
https://www.olx.com.pk/item/perfect-5-marla-residential-plot-in-dha-phase-1-sector-p-for-sale-iid-1118120260,Residential Plot,For Sale,5 Marla,,,2 weeks ago,Rs 24 Lacs,"DHA Phase 1 - Sector P, Multan",Multan,OLX
https://www.olx.com.pk/item/get-in-touch-now-to-buy-a-residential-plot-in-dha-phase-1-sector-p-iid-1118120218,Residential Plot,For Sale,5 Marla,,,2 weeks ago,Rs 18.50 Lacs,"DHA Phase 1 - Sector P, Multan",Multan,OLX
https://www.olx.com.pk/item/dha-phase-1-sector-o-residential-plot-sized-20-marla-is-available-iid-1118120215,Residential Plot,For Sale,20 Marla,,,2 weeks ago,Rs 65 Lacs,"DHA Phase 1 - Sector O, Multan",Multan,OLX
https://www.olx.com.pk/item/unoccupied-residential-plot-of-20-marla-is-available-for-sale-in-dha-defence-iid-1118120210,Residential Plot,For Sale,20 Marla,,,2 weeks ago,Rs 58 Lacs,"DHA Phase 1 - Sector N, Multan",Multan,OLX
https://www.olx.com.pk/item/a-spacious-20-marla-residential-plot-in-dha-phase-1-sector-w2-iid-1118120209,Residential Plot,For Sale,20 Marla,,,2 weeks ago,Rs 30 Lacs,"DHA Phase 1 - Sector W2, Multan",Multan,OLX
https://www.olx.com.pk/item/buy-20-marla-residential-plot-at-highly-affordable-price-iid-1118120207,Residential Plot,For Sale,20 Marla,,,2 weeks ago,Rs 50 Lacs,"DHA Phase 1 - Sector Y, Multan",Multan,OLX
https://www.olx.com.pk/item/stunning-residential-plot-is-available-for-sale-in-dha-phase-1-sector-y-iid-1118120201,Residential Plot,For Sale,20 Marla,,,2 weeks ago,Rs 35 Lacs,"DHA Phase 1 - Sector Y, Multan",Multan,OLX
https://www.olx.com.pk/item/20-marla-residential-plot-in-dha-phase-1-sector-s-is-best-option-iid-1118120200,Residential Plot,For Sale,20 Marla,,,2 weeks ago,Rs 60 Lacs,"DHA Phase 1 - Sector S, Multan",Multan,OLX
https://www.olx.com.pk/item/20-marla-residential-plot-in-beautiful-location-of-dha-phase-1-sector-s-in-multan-iid-1118120198,Residential Plot,For Sale,20 Marla,,,2 weeks ago,Rs 40 Lacs,"DHA Phase 1 - Sector S, Multan",Multan,OLX
https://www.olx.com.pk/item/end-your-search-for-residential-plot-here-and-sale-now-iid-1118120197,Residential Plot,For Sale,5 Marla,,,2 weeks ago,Rs 24 Lacs,"DHA Phase 1 - Sector V, Multan",Multan,OLX
https://www.olx.com.pk/item/a-well-designed-residential-plot-is-up-for-sale-in-an-ideal-location-in-multan-iid-1118120193,Residential Plot,For Sale,20 Marla,,,2 weeks ago,Rs 65 Lacs,"DHA Phase 1 - Sector Q, Multan",Multan,OLX
https://www.olx.com.pk/item/idyllic-residential-plot-available-in-dha-phase-1-sector-m-for-sale-iid-1118120192,Residential Plot,For Sale,20 Marla,,,2 weeks ago,Rs 90 Lacs,"DHA Phase 1 - Sector M, Multan",Multan,OLX
https://www.olx.com.pk/item/stunning-and-affordable-residential-plot-available-for-sale-in-dha-phase-1-sector-m-iid-1118120190,Residential Plot,For Sale,20 Marla,,,2 weeks ago,Rs 85 Lacs,"DHA Phase 1 - Sector M, Multan",Multan,OLX
https://www.olx.com.pk/item/get-in-touch-now-to-buy-a-20-marla-residential-plot-in-dha-phase-1-sector-l-iid-1118120188,Residential Plot,For Sale,20 Marla,,,2 weeks ago,Rs 39.50 Lacs,"DHA Phase 1 - Sector L, Multan",Multan,OLX
https://www.olx.com.pk/item/residential-plot-of-20-marla-in-dha-phase-1-sector-k-is-available-iid-1118120185,Residential Plot,For Sale,20 Marla,,,2 weeks ago,Rs 75 Lacs,"DHA Phase 1 - Sector K, Multan",Multan,OLX
https://www.olx.com.pk/item/residential-plot-for-sale-situated-in-dha-phase-1-sector-i-iid-1118120182,Residential Plot,For Sale,20 Marla,,,2 weeks ago,Rs 85 Lacs,"DHA Phase 1 - Sector I, Multan",Multan,OLX
https://www.olx.com.pk/item/idyllic-residential-plot-available-in-dha-phase-1-sector-g-for-sale-iid-1118120181,Residential Plot,For Sale,20 Marla,,,2 weeks ago,Rs 67 Lacs,"DHA Phase 1 - Sector G, Multan",Multan,OLX
https://www.olx.com.pk/item/residential-plot-is-available-for-sale-in-dha-phase-1-sector-g-iid-1118120178,Residential Plot,For Sale,20 Marla,,,2 weeks ago,Rs 62 Lacs,"DHA Phase 1 - Sector G, Multan",Multan,OLX
https://www.olx.com.pk/item/prominently-located-residential-plot-available-in-dha-phase-1-sector-a-for-sale-iid-1118120176,Residential Plot,For Sale,20 Marla,,,2 weeks ago,Rs 62 Lacs,"DHA Phase 1 - Sector A, Multan",Multan,OLX
https://www.olx.com.pk/item/become-owner-of-your-residential-plot-today-which-is-centrally-located-in-dha-phase-1-sector-a-in-multan-iid-1118120171,Residential Plot,For Sale,20 Marla,,,2 weeks ago,Rs 59 Lacs,"DHA Phase 1 - Sector A, Multan",Multan,OLX
https://www.olx.com.pk/item/10-marla-3-bedroom-apartment-available-for-rent-iid-1117750470,Room,For Rent,10 Marla,4,5,4 weeks ago,Rs 1.50 Lac,"Askari 10, Lahore",Lahore,OLX
https://www.olx.com.pk/item/10-marla-upper-floor-for-rent-in-venus-iid-1118098176,Other,For Rent,10 Marla,2,2,2 days ago,"Rs 50,000","Pak Arab Housing Society, Lahore",Lahore,OLX
https://www.olx.com.pk/item/the-residence-boys-hostel-near-uet-baghbanpura-orange-line-train-stn-iid-1112490030,Other,For Rent,,,,4 days ago,"Rs 7,999","Baghbanpura, Lahore",Lahore,OLX
https://www.olx.com.pk/item/lower-portion-available-for-rent-iid-1117790829,Lower Portion,For Rent,10 Marla,2,2,1 week ago,"Rs 70,000","Iqbal Park, Lahore",Lahore,OLX
https://www.olx.com.pk/item/one-bed-furnished-apartment-available-for-rent-in-sector-c-bahria-town-lahore-iid-1118640251,Apartment,For Rent,570 SQFT,1,1,2 days ago,"Rs 43,000","Bahria Town - Sector C, Lahore",Lahore,OLX
https://www.olx.com.pk/item/4-marla-beautiful-double-apartment-available-for-rent-bchlours-iid-1117290839,Apartment,For Rent,3 Marla,2,2,6 days ago,"Rs 32,000","Pak Arab Housing Society Phase 1, Lahore",Lahore,OLX
https://www.olx.com.pk/item/luxury-1-bedroom-furnished-apartment-for-rent-per-day-in-bahria-town-lahore-vip-short-stay-night-stay-flat-per-day-iid-1118307726,Room,For Rent,700 SQM,1,1,2 hours ago,"Rs 3,000","Bahria Town - Rafi Block, Lahore",Lahore,OLX
https://www.olx.com.pk/item/luxury-studio1-bhk2-bhk-available-on-daily-basis-iid-1117951446,Other,For Rent,250 Marla,Studio,1,14 hours ago,"Rs 3,000","Bahria Town, Lahore",Lahore,OLX
https://www.olx.com.pk/item/gold-crest-mall-2bhk-par-day-available-iid-1117274777,Other,For Rent,"1,700 SQFT",2,3,4 weeks ago,"Rs 22,000","DHA Phase 4, Lahore",Lahore,OLX
https://www.olx.com.pk/item/10-marla-upper-portion-for-rent-prime-location-shershah-block-bahria-town-lahore-iid-1117940745,Upper Portion,For Rent,10 Marla,3,3,1 hour ago,"Rs 75,000","Bahria Town - Shershah Block, Lahore",Lahore,OLX
https://www.olx.com.pk/item/one-bed-luxury-furnished-apartment-for-rent-in-prime-location-iid-1117940719,Apartment,For Rent,530 SQFT,1,1,1 hour ago,"Rs 50,000","Bahria Town - Sector C, Lahore",Lahore,OLX
https://www.olx.com.pk/item/one-bed-non-furnished-apartment-for-rent-bahria-town-lahore-iid-1117940717,Apartment,For Rent,500 SQFT,1,1,1 hour ago,"Rs 38,000","Bahria Town - Tulip Block, Lahore",Lahore,OLX
https://www.olx.com.pk/item/smart-space-smooth-living-furnished-studio-in-bahria-town-iid-1118150152,Other,For Rent,330 SQFT,Studio,1,1 hour ago,"Rs 40,000","Bahria Town - Iqbal Block, Lahore",Lahore,OLX
https://www.olx.com.pk/item/3-marla-portions-available-for-rent-pak-arab-society-iid-1118788627,Other,For Rent,3 Marla,1,1,1 hour ago,"Rs 25,000","Pak Arab Housing Society, Lahore",Lahore,OLX
https://www.olx.com.pk/item/8-marla-commercial-building-2nd-floor-for-rent-defence-raya-fairways-dha-phase-6-lahore-iid-1118788374,Building,For Rent,8 Marla,,1,2 hours ago,Rs 2.35 Lac,"DHA Phase 6 - Main Boulevard, Lahore",Lahore,OLX
https://www.olx.com.pk/item/8-marla-commercial-building-2nd-floor-for-rent-defence-raya-fairways-dha-phase-6-lahore-iid-1118788366,Building,For Rent,8 Marla,,1,2 hours ago,Rs 1.80 Lac,"Defence Raya, Lahore",Lahore,OLX
https://www.olx.com.pk/item/8-marla-commercial-building-3rd-floor-for-rent-dha-phase-8-broadway-lahore-iid-1118788363,Building,For Rent,8 Marla,,1,2 hours ago,Rs 1.50 Lac,"DHA Phase 8 - Commercial Broadway, Lahore",Lahore,OLX
https://www.olx.com.pk/item/8-marla-commercial-building-2nd-floor-for-rent-defence-raya-fairways-dha-phase-6-lahore-iid-1118788362,Building,For Rent,8 Marla,,1,2 hours ago,Rs 1.70 Lac,"Defence Raya, Lahore",Lahore,OLX
https://www.olx.com.pk/item/1st-floor-16-marla-commercial-building-for-rent-dha-phase-6-lahore-iid-1118788358,Building,For Rent,16 Marla,,1,2 hours ago,Rs 6 Lac,"DHA Phase 6 - Main Boulevard, Lahore",Lahore,OLX
https://www.olx.com.pk/item/8-marla-commercial-building-near-dolmen-mall-4th-floor-for-rent-dha-phase-6-lahore-iid-1118788355,Building,For Rent,8 Marla,,1,2 hours ago,Rs 1.90 Lac,"DHA Phase 6 - Main Boulevard, Lahore",Lahore,OLX
https://www.olx.com.pk/item/16-marla-commercial-building-for-rent-location-defence-raya-fairways-dha-phase-6-lahore-iid-1118788340,Building,For Rent,16 Marla,,1,2 hours ago,Rs 30 Lacs,"Defence Raya, Lahore",Lahore,OLX
https://www.olx.com.pk/item/8-marla-commercial-building-2nd-floor-for-rent-defence-raya-fairways-dha-phase-6-lahore-iid-1118788336,Building,For Rent,8 Marla,,1,2 hours ago,Rs 2 Lac,"Defence Raya, Lahore",Lahore,OLX
https://www.olx.com.pk/item/8-marla-commercial-building-3rd-floor-for-rent-dha-phase-8-broadway-lahore-iid-1118788335,Building,For Rent,8 Marla,,1,2 hours ago,Rs 1.50 Lac,"DHA Phase 8 - Commercial Broadway, Lahore",Lahore,OLX
https://www.olx.com.pk/item/8-marla-commercial-building-2nd-floor-for-rent-dha-phase-8-broadway-lahore-iid-1118788332,Building,For Rent,8 Marla,,1,2 hours ago,Rs 1.50 Lac,"DHA Phase 8 - Commercial Broadway, Lahore",Lahore,OLX
https://www.olx.com.pk/item/brand-new-shops-with-solar-system-available-opposite-cantt-board-iid-1117902879,Shop,For Rent,400 SQFT,,1,5 days ago,"Rs 60,000","Cantt, Lahore",Lahore,OLX
https://www.olx.com.pk/item/luxury-studio1-bhk2-bhk-available-on-daily-basis-iid-1117951610,Other,For Rent,800 SQFT,2,2,14 hours ago,"Rs 8,000","Bahria Town, Lahore",Lahore,OLX
https://www.olx.com.pk/item/daily-basis-apartment-near-lahore-airport-in-paragon-city-barki-road-iid-1112451223,Apartment,For Rent,5 Marla,1,1,4 days ago,"Rs 8,000","Paragon City - Grove Block, Lahore",Lahore,OLX
https://www.olx.com.pk/item/2-bedroom-apartment-near-airport-iid-1118517066,Room,For Rent,"1,365 SQFT",2,3,1 week ago,"Rs 10,500","Air Avenue Luxury Apartments, Lahore",Lahore,OLX
https://www.olx.com.pk/item/ultra-modern-brand-new-4-bed-apartment-for-rent-3637-sq-ft-askari-11-lahore-iid-1118364926,Apartment,For Rent,16 Marla,4,5,4 hours ago,Rs 2.50 Lac,"Askari 11, Lahore",Lahore,OLX
https://www.olx.com.pk/item/3-kanal-double-story-factory-for-rent-iid-1117890660,Factory,For Rent,3 Kanal,,5,2 weeks ago,Rs 10 Lacs,"Gajju Matah, Lahore",Lahore,OLX
https://www.olx.com.pk/item/commercial-space-for-rent-iid-1116512853,Other,For Rent,725 SQFT,,1,3 days ago,"Rs 30,000","New Chauburji Park - Block A, Lahore",Lahore,OLX
https://www.olx.com.pk/item/apartment-for-rent-in-behria-town-for-perday-iid-1118387009,Apartment,For Rent,600 Marla,1,1,1 week ago,"Rs 7,000","Bahria Town - Block AA, Lahore",Lahore,OLX
https://www.olx.com.pk/item/1-bedroom-apartment-available-for-rent-in-etihad-town-ph-1-main-raiwind-road-lahore-iid-1117109605,Room,For Rent,600 SQFT,1,1,2 weeks ago,"Rs 45,000","Etihad Town Phase 1, Lahore",Lahore,OLX
https://www.olx.com.pk/item/10-kanal-commercial-plot-for-rent-iid-1118788132,Commercial Plot,For Rent,10 Kanal,,,2 hours ago,Rs 6 Lac,"Gajju Matah, Lahore",Lahore,OLX
https://www.olx.com.pk/item/1-kanal-house-for-rent-iid-1118788131,House,For Rent,1 Kanal,5,5,2 hours ago,Rs 3 Lac,"Model Town, Lahore",Lahore,OLX
https://www.olx.com.pk/item/1-kanal-commercial-plot-for-rent-iid-1118788129,Commercial Plot,For Rent,1 Kanal,,,2 hours ago,Rs 5 Lac,"Gajju Matah, Lahore",Lahore,OLX
https://www.olx.com.pk/item/700-square-feet-luxury-furnished-office-for-rent-iid-1118788128,Office,For Rent,700 SQFT,,1,2 hours ago,Rs 1 Lac,"Garden Town Main Boulevard, Lahore",Lahore,OLX
https://www.olx.com.pk/item/1-kanal-house-for-rent-iid-1118788119,House,For Rent,1 Kanal,5,5,2 hours ago,Rs 3.50 Lac,"Muslim Town, Lahore",Lahore,OLX
https://www.olx.com.pk/item/400-square-feet-shop-for-rent-librty-market-good-location-iid-1118788091,Shop,For Rent,400 SQFT,,1,2 hours ago,Rs 5 Lac,"Liberty Market, Lahore",Lahore,OLX
https://www.olx.com.pk/item/10-marla-house-for-rent-iid-1118788087,House,For Rent,10 Marla,4,4,2 hours ago,Rs 2 Lac,"Gulberg, Lahore",Lahore,OLX
https://www.olx.com.pk/item/700-square-feet-shop-for-rent-mm-alam-road-iid-1118788079,Shop,For Rent,700 SQFT,,1,2 hours ago,Rs 3 Lac,"MM Alam Road, Lahore",Lahore,OLX
https://www.olx.com.pk/item/barket-market-300-square-feet-shop-for-rent-iid-1118788078,Shop,For Rent,270 SQFT,,1,2 hours ago,Rs 2 Lac,"Barkat Market, Lahore",Lahore,OLX
https://www.olx.com.pk/item/1st-floor-3400-square-feet-floor-for-renttttt-iid-1118788072,Other,For Rent,"3,400 SQFT",,3,2 hours ago,Rs 3 Lac,"Garden Town Main Boulevard, Lahore",Lahore,OLX
https://www.olx.com.pk/item/2600-square-feet-furnished-office-for-rent-iid-1118788060,Office,For Rent,"2,500 SQFT",,3,2 hours ago,Rs 4 Lac,"Gulberg, Lahore",Lahore,OLX
https://www.olx.com.pk/item/3-kanal-annual-commercial-house-for-rent-iid-1118788034,House,For Rent,3 Kanal,6,7,2 hours ago,Rs 10 Lacs,"Garden Town Main Boulevard, Lahore",Lahore,OLX
https://www.olx.com.pk/item/10-marla-factory-for-rent-iid-1118788003,Factory,For Rent,10 Marla,,1,2 hours ago,"Rs 75,000","Gajju Matah, Lahore",Lahore,OLX
https://www.olx.com.pk/item/10-marla-double-story-factory-for-rent-iid-1118788001,Factory,For Rent,10 Marla,,2,2 hours ago,Rs 1.60 Lac,"Gajju Matah, Lahore",Lahore,OLX
https://www.olx.com.pk/item/2-kanal-commercial-plot-for-rent-gurumanget-road-iid-1118787990,Commercial Plot,For Rent,2 Kanal,,,2 hours ago,Rs 15 Lacs,"Gurumangat Road, Lahore",Lahore,OLX
https://www.olx.com.pk/item/co-working-space-furnished-office-shared-space-coworking-space-iid-1118250460,Office,For Rent,"2,500 SQFT",,3,2 weeks ago,"Rs 6,500","Muslim Town, Lahore",Lahore,OLX
https://www.olx.com.pk/item/10-marla-residential-house-for-rent-in-sector-e-nearby-commercial-market-school-mosque-and-health-care-canter-iid-1118408235,House,For Rent,10 Marla,5,6,2 days ago,"Rs 95,000","Bahria Town - Sector E, Lahore",Lahore,OLX
https://www.olx.com.pk/item/furnished-office-for-rent-iid-1118640470,Office,For Rent,"3,000 SQFT",,6,11 hours ago,Rs 2.85 Lac,"Model Town, Lahore",Lahore,OLX
https://www.olx.com.pk/item/independent-house-available-for-rent-in-mehran-block-iid-1118537787,House,For Rent,10 Marla,4,4,3 days ago,Rs 1.14 Lac,"Allama Iqbal Town, Lahore",Lahore,OLX
https://www.olx.com.pk/item/1-bedroom-luxury-furnished-apartment-iid-1117918012,Room,For Rent,721 SQFT,1,1,3 days ago,"Rs 72,000","Bahria Town - Sector C, Lahore",Lahore,OLX
https://www.olx.com.pk/item/10-marla-brand-new-house-available-for-rent-in-jasmin-block-bahria-town-lahore-iid-1118518806,House,For Rent,10 Marla,5,6,3 days ago,Rs 1.30 Lac,"Bahria Town - Jasmine Block, Lahore",Lahore,OLX
https://www.olx.com.pk/item/room-space-available-for-rent-in-makkah-girls-hostel-iid-1118011504,Room,For Rent,,,,1 week ago,"Rs 14,000","Muslim Town, Lahore",Lahore,OLX
https://www.olx.com.pk/item/5-marla-full-house-for-rent-iid-1117989704,House,For Rent,5 Marla,4,5,2 weeks ago,"Rs 90,000","Eden Boulevard Housing Scheme, Lahore",Lahore,OLX
https://www.olx.com.pk/item/girls-hostel-in-bahria-town-lahore-zunaira-maham-girls-hostel-rs-22000-per-head-iid-1117579402,Other,For Rent,,,,3 days ago,"Rs 22,000","Bahria Town - Sector E, Lahore",Lahore,OLX
https://www.olx.com.pk/item/50000-square-feet-5th-story-building-independent-for-rent-iid-1118787989,Building,For Rent,"50,000 SQFT",,7,2 hours ago,Rs 30 Lacs,"Gulberg, Lahore",Lahore,OLX
https://www.olx.com.pk/item/3-kanal-double-story-factory-for-rent-iid-1118787976,Factory,For Rent,3 Kanal,,5,2 hours ago,Rs 10 Lacs,"Gajju Matah, Lahore",Lahore,OLX
https://www.olx.com.pk/item/1600-square-feet-shop-mm-alam-road-for-rent-iid-1118787972,Shop,For Rent,"2,400 SQFT",,2,2 hours ago,Rs 16 Lacs,"MM Alam Road, Lahore",Lahore,OLX
https://www.olx.com.pk/item/1-kanal-double-story-factory-for-rent-iid-1118787966,Factory,For Rent,1 Kanal,,4,2 hours ago,Rs 2.70 Lac,"Gajju Matah, Lahore",Lahore,OLX
https://www.olx.com.pk/item/17-marla-house-for-rent-iid-1118787958,House,For Rent,17 Marla,5,5,2 hours ago,Rs 3 Lac,"Gulberg, Lahore",Lahore,OLX
https://www.olx.com.pk/item/2-kanal-house-for-rent-girls-hostel-iid-1118787934,House,For Rent,2 Kanal,6,7,2 hours ago,Rs 9 Lac,"Garden Town - Tipu Block, Lahore",Lahore,OLX
https://www.olx.com.pk/item/1300-square-feet-furnished-office-for-rent-iid-1118787925,Office,For Rent,"1,300 SQFT",,1,2 hours ago,Rs 2 Lac,"Garden Town Main Boulevard, Lahore",Lahore,OLX
https://www.olx.com.pk/item/600-square-feeet-shop-for-rent-liberty-market-boutique-jewelryetc-iid-1118787923,Shop,For Rent,600 SQFT,,1,2 hours ago,Rs 3 Lac,"Liberty Market, Lahore",Lahore,OLX
https://www.olx.com.pk/item/38-rooms-plus-furnished-building-for-hotel-rent-iid-1118787921,Room,For Rent,2 Kanal,,7,2 hours ago,Rs 16 Lacs,"Gulberg, Lahore",Lahore,OLX
https://www.olx.com.pk/item/2-kanal-1st-floor-for-rent-luxury-iid-1118787918,Other,For Rent,2 Kanal,4,4,2 hours ago,Rs 2.50 Lac,"Muslim Town, Lahore",Lahore,OLX
https://www.olx.com.pk/item/3-kanal-luxury-furnished-marque-for-rent-iid-1118787901,Other,For Rent,3 Kanal,,7,2 hours ago,Rs 18 Lacs,"Gulberg, Lahore",Lahore,OLX
https://www.olx.com.pk/item/5-marla-upper-portion-brand-new-available-for-rent-iid-1118787850,Upper Portion,For Rent,5 Marla,2,3,2 hours ago,"Rs 47,000","Eden Boulevard Housing Scheme, Lahore",Lahore,OLX
https://www.olx.com.pk/item/2-bed-separate-flats-available-for-rent-pak-arab-society-iid-1118787837,Flat,For Rent,4 Marla,2,2,2 hours ago,"Rs 45,000","Pak Arab Housing Society, Lahore",Lahore,OLX
https://www.olx.com.pk/item/8-marla-upper-portion-available-for-rent-in-military-accounts-society-college-road-lahore-iid-1118787809,Upper Portion,For Rent,8 Marla,3,4,2 hours ago,"Rs 65,000","Military Accounts Housing Society, Lahore",Lahore,OLX
https://www.olx.com.pk/item/5-marla-full-independent-houss-available-for-rent-in-nasheman-e-iqbal-phase-2-near-uet-housing-society-college-road-lahore-iid-1118787781,Other,For Rent,5 Marla,4,5,2 hours ago,Rs 1 Lac,"Nasheman-e-Iqbal Phase 2, Lahore",Lahore,OLX
https://www.olx.com.pk/item/farm-house-with-swimming-pool-for-rent-on-bedian-road-near-dha-iid-1117452354,Farm House,For Rent,6 Kanal,2,3,4 days ago,"Rs 25,000","Bedian Road, Lahore",Lahore,OLX
https://www.olx.com.pk/item/furnished-apartment-for-rent-daily-basis-in-bahria-town-lahore-short-stay-vip-apartment-per-day-fully-furnish-apartmentfor-rent-for-night-stay-iid-1118307690,Apartment,For Rent,600 SQFT,1,1,12 hours ago,"Rs 3,000","Bahria Town - Jasmine Block, Lahore",Lahore,OLX
https://www.olx.com.pk/item/ehsan-boys-hostel-iid-1117592741,Other,For Rent,,,,4 weeks ago,"Rs 9,500","LDA Avenue - Block H, Lahore",Lahore,OLX
https://www.olx.com.pk/item/hotel-rooms-available-iid-1106637501,Room,For Rent,,,,2 weeks ago,"Rs 2,500","Azadi Chowk, Lahore",Lahore,OLX
https://www.olx.com.pk/item/farm-house-for-rent-per-day-in-lahore-and-swimming-pool-and-farmhouse-rent-iid-1118735221,Farm House,For Rent,10 Kanal,5,5,1 day ago,"Rs 13,000","Bedian, Lahore",Lahore,OLX
https://www.olx.com.pk/item/modern-7-story-commercial-building-basement-underground-parking-johar-town-iid-1118349126,Building,For Rent,"50,000 SQFT",,7,4 days ago,Rs 24 Lacs,"Johar Town, Lahore",Lahore,OLX
https://www.olx.com.pk/item/5-marla-brand-new-full-furnished-ground-floor-portion-available-for-rent-phase-2-iid-1117645718,Other,For Rent,5 Marla,2,2,4 weeks ago,"Rs 85,000","Johar Town Phase 2, Lahore",Lahore,OLX
https://www.olx.com.pk/item/ground-floor-shops-franchise-for-rent-iid-1118298075,Shop,For Rent,350 SQFT,,2,3 days ago,"Rs 40,000","New Chauburji Park - Block A, Lahore",Lahore,OLX
https://www.olx.com.pk/item/5-marla-full-house-for-rent-iid-1118372439,House,For Rent,5 Marla,4,4,1 week ago,Rs 1.25 Lac,"Wapda Town, Lahore",Lahore,OLX
https://www.olx.com.pk/item/4-marla-full-independent-house-available-for-rent-in-military-account-society-college-road-lahore-iid-1118787774,House,For Rent,3 Marla,3,4,2 hours ago,"Rs 75,000","Military Accounts Housing Society, Lahore",Lahore,OLX
https://www.olx.com.pk/item/5-marla-lower-portion-available-for-rent-dha-rahber-sector-2-block-m-lahore-iid-1118787749,Lower Portion,For Rent,5 Marla,1,2,2 hours ago,"Rs 52,000","DHA 11 Rahbar Phase 2 Extension - Block M, Lahore",Lahore,OLX
https://www.olx.com.pk/item/12-marla-first-floor-available-for-rent-in-defence-road-lahore-elevator-installed-bigrking-hot-location-1st-floor-demand-300-k-basement-250-k-2nd-floor-200k-opposite-nespak-phase-3-elevator-installed-basement-also-available-iid-1118787740,Other,For Rent,12 Marla,,1,2 hours ago,Rs 3 Lac,"Defence Road, Lahore",Lahore,OLX
https://www.olx.com.pk/item/35-marla-triple-storey-house-available-for-rent-in-eden-boulevard-near-missile-chowk-college-road-lahore-iid-1118787733,House,For Rent,3 Marla,4,5,2 hours ago,"Rs 73,000","Eden Boulevard, Lahore",Lahore,OLX
https://www.olx.com.pk/item/classic-homes-fully-furnished-1-bed-apartment-with-kitchenlounge-iid-1118786942,Apartment,For Rent,525 SQFT,1,1,2 hours ago,"Rs 7,999","Classic Homes, Lahore",Lahore,OLX
https://www.olx.com.pk/item/for-rent-warehouse-silent-office-college-academy-school-rent-option-available-good-location-main-college-road-near-gondal-chowk-township-lahore-iid-1118745446,House,For Rent,1 Kanal,,1,3 hours ago,Rs 3 Lac,"Township, Lahore",Lahore,OLX
https://www.olx.com.pk/item/for-rent-lower-portion-5-marla-tile-wood-work-floor-beautiful-portion-top-location-green-town-iid-1118745440,Lower Portion,For Rent,5 Marla,2,3,3 hours ago,"Rs 55,000","Green Town, Lahore",Lahore,OLX
https://www.olx.com.pk/item/for-rent-commercial-property-option-warehouse-factory-commercial-hall-commercial-building-silent-office-school-college-academy-available-good-location-iid-1118706477,House,For Rent,1 Kanal,,1,3 hours ago,Rs 25 Lacs,"Township, Lahore",Lahore,OLX
https://www.olx.com.pk/item/for-rent-upper-portion-10-marla-marble-wood-work-floor-top-location-main-college-road-near-ghazi-chowk-township-lahore-1-c2-block-iid-1118418358,Upper Portion,For Rent,10 Marla,2,2,3 hours ago,"Rs 60,000","Township, Lahore",Lahore,OLX
https://www.olx.com.pk/item/for-rent-8-kanal-commercial-property-warehouse-available-for-rent-top-location-quaid-e-azam-industrial-area-lahore-iid-1117890277,House,For Rent,8 Kanal,,1,3 hours ago,Rs 25 Lacs,"Quaid-e-Azam Industrial Estate, Lahore",Lahore,OLX
https://www.olx.com.pk/item/for-rent-upper-portion-10-marla-marble-wood-work-floor-top-location-main-college-road-near-ghazi-chowk-near-raheem-store-iid-1117804306,Upper Portion,For Rent,10 Marla,2,2,2 hours ago,"Rs 70,000","Nespak Housing Society - Phase 1 - Block C1, Lahore",Lahore,OLX
https://www.olx.com.pk/item/5-marla-ground-floor-office-and-shop-for-rent-bahria-town-lahore-iid-1118271937,Office,For Rent,5 Marla,,1,3 hours ago,Rs 1.40 Lac,"Bahria Town - Sector E, Lahore",Lahore,OLX
https://www.olx.com.pk/item/8-marla-for-rent-independent-building-serwer-road-iid-1118787172,Building,For Rent,"1,800 SQFT",,5,3 hours ago,Rs 23 Lacs,"Cantt, Lahore",Lahore,OLX
https://www.olx.com.pk/item/10-marla-furnished-portion-with-beautiful-furniture-available-for-rent-iid-1118625686,Other,For Rent,10 Marla,3,3,3 hours ago,Rs 1.40 Lac,"Allama Iqbal Town, Lahore",Lahore,OLX
https://www.olx.com.pk/item/guest-house-available-for-rent-iid-1118216488,House,For Rent,,,,2 weeks ago,"Rs 10,000","DHA 9 Town, Lahore",Lahore,OLX
https://www.olx.com.pk/item/14000-sq-ft-warehouse-available-for-rent-location-main-multan-road-lahore-iid-1117693046,House,For Rent,80 Kanal,,7,2 weeks ago,Rs 84 Lacs,"Multan Road, Lahore",Lahore,OLX
https://www.olx.com.pk/item/luxury-1-bedroom-furnished-apartment-for-rent-per-day-in-bahria-town-lahore-vip-short-stay-night-stay-flat-per-day-iid-1118307659,Room,For Rent,600 SQFT,1,1,7 hours ago,"Rs 3,000","Bahria Town - Sector E, Lahore",Lahore,OLX
https://www.olx.com.pk/item/fully-independent-furnished-office-available-for-rent-iid-1113553102,Office,For Rent,"1,000 SQFT",,6,2 days ago,Rs 1.80 Lac,"MM Alam Road, Lahore",Lahore,OLX
https://www.olx.com.pk/item/luxury-2-bedroom-furnished-apartment-for-daily-rent-dha-phase-8-iid-1117654384,Room,For Rent,,2,2,4 weeks ago,"Rs 15,000","Air Avenue Villas, Lahore",Lahore,OLX
https://www.olx.com.pk/item/boys-hostel-l-full-room-2-3-seater-l-bed-mettress-no-elec-bills-iid-1112131752,Room,For Rent,,,,2 weeks ago,"Rs 7,500","LDA Avenue - Block F, Lahore",Lahore,OLX
https://www.olx.com.pk/item/1-kanal-elegant-and-fully-maintained-super-hot-located-bungalow-is-available-in-the-best-block-of-dha-lahore-iid-1117918305,Other,For Rent,1 Kanal,5,6,2 hours ago,Rs 3.90 Lac,"DHA Phase 5 - Block B, Lahore",Lahore,OLX
https://www.olx.com.pk/item/fully-furnished-independent-house-5-marla-4-bed-200k-10-marla-5-bed-300k-1-kanal-6-bed-400k-daily-weekly-monthly-basis-for-rent-send-message-on-my-whatsapp-i-will-send-video-iid-1118279661,House,For Rent,1 Kanal,6,6,1 day ago,Rs 2 Lac,"DHA Phase 8, Lahore",Lahore,OLX
https://www.olx.com.pk/item/luxury-couple-family-stay-bahria-town-short-full-day-iid-1118744367,Other,For Rent,600 SQFT,1,1,3 hours ago,"Rs 4,000","Bahria Town - Talha Block, Lahore",Lahore,OLX
https://www.olx.com.pk/item/daily-basis-short-stays-studio-apartment-available-iid-1118583701,Apartment,For Rent,500 SQFT,Studio,1,3 hours ago,"Rs 3,500","Bahria Town - Sector E, Lahore",Lahore,OLX
https://www.olx.com.pk/item/luxury-studio-apartment-available-for-daily-basis-and-hourly-rent-iid-1118583700,Apartment,For Rent,600 SQFT,Studio,1,3 hours ago,"Rs 3,000","Bahria Town - Sector E, Lahore",Lahore,OLX
https://www.olx.com.pk/item/luxury-1-bed-available-for-hourly-and-daily-bookings-iid-1118583681,Other,For Rent,600 SQFT,1,1,3 hours ago,"Rs 4,000","Bahria Town - Sector E, Lahore",Lahore,OLX
https://www.olx.com.pk/item/daily-basis-short-stays-apartment-available-iid-1118583680,Apartment,For Rent,650 SQFT,1,1,3 hours ago,"Rs 5,000","Bahria Town - Nishtar Block, Lahore",Lahore,OLX
https://www.olx.com.pk/item/daily-basis-and-short-stays-apartment-available-iid-1118583679,Apartment,For Rent,580 SQFT,1,1,3 hours ago,"Rs 3,500","Bahria Town - Talha Block, Lahore",Lahore,OLX
https://www.olx.com.pk/item/cinema-apartment-for-daily-basis-and-short-stay-available-iid-1118583671,Apartment,For Rent,700 SQFT,1,1,3 hours ago,"Rs 5,000","Bahria Town - Nishtar Block, Lahore",Lahore,OLX
https://www.olx.com.pk/item/daily-basis-short-stay-2-bed-apartment-available-iid-1117638539,Apartment,For Rent,800 SQFT,2,2,3 hours ago,"Rs 7,000","Bahria Town - Sector E, Lahore",Lahore,OLX
https://www.olx.com.pk/item/furnished-5-marla-neat-and-clean-lower-portion-in-wapda-town-for-job-holders-or-bachelors-iid-1118787075,Lower Portion,For Rent,5 Marla,1,1,3 hours ago,"Rs 42,000","Wapda Town Phase 1, Lahore",Lahore,OLX
https://www.olx.com.pk/item/3-bed-separate-portion-available-for-rent-pak-arab-society-iid-1118786959,Other,For Rent,5 Marla,2,2,3 hours ago,"Rs 40,000","Pak Arab Housing Society, Lahore",Lahore,OLX
https://www.olx.com.pk/item/shop-for-rent-in-tuffal-road-cantt-lahore-iid-1118786943,Shop,For Rent,700 SQFT,,1,3 hours ago,Rs 2.45 Lac,"Sarwar Road, Lahore",Lahore,OLX
https://www.olx.com.pk/item/fully-secure-for-families-dha-phase-8-iid-1118786196,Other,For Rent,"1,050 SQFT",2,3,3 hours ago,"Rs 11,500","Air Avenue - Block Q, Lahore",Lahore,OLX
https://www.olx.com.pk/item/12-marla-upper-portion-available-for-rent-johar-town-phase-1-iid-1118786865,Upper Portion,For Rent,12 Marla,2,3,3 hours ago,"Rs 90,000","Johar Town Phase 1, Lahore",Lahore,OLX
https://www.olx.com.pk/item/5-marla-upper-portion-available-for-rent-pak-arab-society-iid-1118786857,Upper Portion,For Rent,5 Marla,2,2,3 hours ago,"Rs 45,000","Pak Arab Housing Society, Lahore",Lahore,OLX
https://www.olx.com.pk/item/5-marla-brand-new-luxury-corner-house-available-for-rent-in-dha-phase-9-town-block-a-lahore-iid-1118786777,House,For Rent,5 Marla,3,4,3 hours ago,"Rs 99,000","DHA 9 Town - Block A, Lahore",Lahore,OLX
https://www.olx.com.pk/item/apartment-21-iid-1117634045,Apartment,For Rent,,,,4 weeks ago,"Rs 3,000","Gulberg 3, Lahore",Lahore,OLX
https://www.olx.com.pk/item/luxury-apartments-starting-from-3-thousand-only-iid-1117951516,Apartment,For Rent,525 SQFT,1,1,14 hours ago,"Rs 5,000","Bahria Town, Lahore",Lahore,OLX
https://www.olx.com.pk/item/fully-furnished-luxury-office-available-for-rent-iid-1113571520,Office,For Rent,"1,200 SQFT",,6,2 weeks ago,Rs 3 Lac,"Gulberg 3 - Block P, Lahore",Lahore,OLX
https://www.olx.com.pk/item/luxury-1-bedroom-furnished-apartment-for-rent-per-day-in-bahria-town-lahore-vip-short-stay-night-stay-flat-per-day-iid-1118307664,Room,For Rent,650 SQFT,1,1,7 hours ago,"Rs 3,000","Bahria Town - Sector E, Lahore",Lahore,OLX
https://www.olx.com.pk/item/full-furnished-house-wedding-gusts-daily-basis-short-stay-iid-1117610492,House,For Rent,1 Kanal,5,4,2 days ago,Rs 5.50 Lac,"DHA Phase 4, Lahore",Lahore,OLX
https://www.olx.com.pk/item/1-bed-luxury-apartment-short-stay-bahria-town-03001893480-iid-1118311598,Apartment,For Rent,575 SQFT,1,1,20 hours ago,"Rs 3,000","Bahria Town - Block BB, Lahore",Lahore,OLX
https://www.olx.com.pk/item/ali-and-son-girls-hostel-iid-1118457178,Other,For Rent,,,,5 days ago,"Rs 12,500","DHA Phase 2, Lahore",Lahore,OLX
https://www.olx.com.pk/item/flats-available-for-rent-pak-arab-society-iid-1118786647,Flat,For Rent,3 Marla,1,2,3 hours ago,"Rs 3,000","Pak Arab Housing Society, Lahore",Lahore,OLX
https://www.olx.com.pk/item/upper-portion-iid-1118786600,Upper Portion,For Rent,3 Marla,2,2,3 hours ago,"Rs 40,000","Formanites Housing Scheme - Block M, Lahore",Lahore,OLX
https://www.olx.com.pk/item/20-marla-portion-available-for-rent-iid-1118786590,Other,For Rent,20 Marla,3,4,3 hours ago,Rs 1.30 Lac,"Lake City Meadows Phase 1 - Block B, Lahore",Lahore,OLX
https://www.olx.com.pk/item/5-marla-house-for-rent-iid-1118786547,House,For Rent,5 Marla,4,4,3 hours ago,Rs 1.10 Lac,"Formanites Housing Scheme - Block J, Lahore",Lahore,OLX
https://www.olx.com.pk/item/flat-available-for-rent-iid-1118786532,Flat,For Rent,3 Marla,2,2,3 hours ago,"Rs 35,000","Jaffar Town, Lahore",Lahore,OLX
https://www.olx.com.pk/item/like-brand-new-flat-for-rent-iid-1118786490,Flat,For Rent,5 Marla,2,2,3 hours ago,"Rs 55,000","Nawab Town - Block D, Lahore",Lahore,OLX
https://www.olx.com.pk/item/flats-available-for-rent-pak-arab-society-iid-1118786453,Flat,For Rent,3 Marla,,1,3 hours ago,"Rs 27,000","Pak Arab Housing Society, Lahore",Lahore,OLX
https://www.olx.com.pk/item/5-marla-brand-new-magnificent-designer-house-for-rent-in-dha-phase-9-iid-1118786370,House,For Rent,5 Marla,3,4,3 hours ago,Rs 1 Lac,"DHA 9 Town, Lahore",Lahore,OLX
https://www.olx.com.pk/item/brand-new-full-house-available-for-rent-iid-1118786298,House,For Rent,3 Marla,3,4,3 hours ago,"Rs 70,000","Punjab University Society Phase 2, Lahore",Lahore,OLX
https://www.olx.com.pk/item/luxury-furnished-10-marla-lower-portion-available-for-rent-in-bahria-town-lahore-iid-1118786001,Lower Portion,For Rent,10 Marla,2,3,4 hours ago,Rs 1.20 Lac,"Bahria Town - Janiper Block, Lahore",Lahore,OLX
https://www.olx.com.pk/item/one-bedroom-vip-full-furnish-flat-par-day-available-in-bahria-town-lahore-iid-1118785164,Room,For Rent,550 SQFT,1,1,4 hours ago,"Rs 5,000","Bahria Town - Sector E, Lahore",Lahore,OLX
https://www.olx.com.pk/item/10-marla-3bed-upper-portion-is-for-rent-in-wapda-town-e-2-block-iid-1118267327,Upper Portion,For Rent,10 Marla,3,4,4 hours ago,"Rs 70,000","Wapda Town Phase 1, Lahore",Lahore,OLX
https://www.olx.com.pk/item/10-marla-superb-tile-2-bed-lower-portion-is-for-rent-in-wapda-town-phase-1-iid-1118785941,Lower Portion,For Rent,10 Marla,2,3,4 hours ago,"Rs 75,000","Wapda Town Phase 1, Lahore",Lahore,OLX
https://www.olx.com.pk/item/1-kanal-outclass-3-bed-upper-portion-is-for-rent-in-wapda-town-phase-1-d-2-block-iid-1118267310,Upper Portion,For Rent,1 Kanal,3,4,4 hours ago,"Rs 95,000","Wapda Town Phase 1, Lahore",Lahore,OLX
https://www.olx.com.pk/item/1-kanal-brand-new-3-bed-upper-portion-is-for-rent-in-valencia-town-near-wapda-town-iid-1118265876,Upper Portion,For Rent,1 Kanal,3,4,4 hours ago,Rs 1.10 Lac,"Valencia Town, Lahore",Lahore,OLX
https://www.olx.com.pk/item/9000-sq-ft-factory-available-for-rent-in-gajju-mata-lahore-iid-1117692886,Factory,For Rent,"9,000 SQFT",,4,2 weeks ago,Rs 3.50 Lac,"Gajju Matah, Lahore",Lahore,OLX
https://www.olx.com.pk/item/full-furnished-appartmend-in-rehman-garden-iid-1117610407,Other,For Rent,5 Marla,3,2,3 weeks ago,Rs 1.80 Lac,"Rehman Gardens, Lahore",Lahore,OLX
https://www.olx.com.pk/item/1-bedroom-apartment-available-for-rent-in-etihad-town-phase-1-main-raiwind-road-iid-1117109638,Room,For Rent,550 SQFT,1,1,2 weeks ago,"Rs 45,000","Etihad Town Phase 1, Lahore",Lahore,OLX
https://www.olx.com.pk/item/1-kanal-brand-new-spanish-luxury-house-for-rent-in-dha-phase-6-lahore-prime-location-iid-1117407862,House,For Rent,1 Kanal,6,7,1 week ago,Rs 6 Lac,"DHA Phase 6, Lahore",Lahore,OLX
https://www.olx.com.pk/item/luxury-1-bedroom-furnished-apartment-for-rent-per-day-in-bahria-town-lahore-vip-short-stay-night-stay-flat-per-day-iid-1118307647,Room,For Rent,600 SQFT,1,1,7 hours ago,"Rs 3,000","Bahria Town - Sector C, Lahore",Lahore,OLX
https://www.olx.com.pk/item/furnished-2-bed-room-with-kitchen-lounge-ups-iid-1118295604,Room,For Rent,919 SQFT,2,2,5 days ago,Rs 1.40 Lac,"Ferozepur Road, Lahore",Lahore,OLX
https://www.olx.com.pk/item/girls-hostel-near-pifd-expo-centre-emporium-mcdonalds-iid-1115676195,Other,For Rent,,,,3 days ago,"Rs 32,300","Johar Town Phase 2, Lahore",Lahore,OLX
https://www.olx.com.pk/item/1-kanal-luxury-brand-new-upper-portion-for-rent-in-nfc-society-phase-1-near-wapda-town-iid-1118785864,Upper Portion,For Rent,1 Kanal,3,4,4 hours ago,Rs 1.25 Lac,"NFC 1, Lahore",Lahore,OLX
https://www.olx.com.pk/item/brand-new-3-bed-apartment-2nd-floor-new-building-basement-parking-askari-11-sector-b-iid-1118749862,Apartment,For Rent,10 Marla,3,4,4 hours ago,Rs 1.40 Lac,"Askari 11 - Sector B, Lahore",Lahore,OLX
https://www.olx.com.pk/item/4-marla-office-for-rent-in-dha-phase-1-lahore-iid-1118748781,Office,For Rent,4 Marla,,1,4 hours ago,"Rs 35,000","DHA Phase 1, Lahore",Lahore,OLX
https://www.olx.com.pk/item/10-marla-vvip-like-brand-new-double-unit-with-solar-iid-1118785012,Other,For Rent,10 Marla,6,7,4 hours ago,Rs 2.50 Lac,"Sabzazar, Lahore",Lahore,OLX
https://www.olx.com.pk/item/one-bedroom-vip-apartment-available-on-daily-basis-in-bahria-town-lhr-iid-1118784769,Room,For Rent,8 Marla,1,1,4 hours ago,"Rs 6,000","Bahria Town - Block DD, Lahore",Lahore,OLX
https://www.olx.com.pk/item/fully-furnished-1-bed-apartment-available-for-rent-on-ideal-location-iid-1118518865,Apartment,For Rent,450 SQFT,1,1,4 hours ago,"Rs 60,000","Bahria Town - Sector E, Lahore",Lahore,OLX
https://www.olx.com.pk/item/4-marla-ground-mezzanine-basement-shop-for-rent-iid-1118784509,Shop,For Rent,4 Marla,,1,4 hours ago,Rs 4.75 Lac,"DHA Phase 5 - Block A, Lahore",Lahore,OLX
https://www.olx.com.pk/item/4-marla-ground-basement-mezzanine-shop-available-for-rent-at-hot-location-iid-1118784365,Shop,For Rent,4 Marla,,1,5 hours ago,Rs 3.50 Lac,"DHA Phase 6 - CCA Block, Lahore",Lahore,OLX
https://www.olx.com.pk/item/1-kanal-office-space-for-rent-in-johar-town-iid-1118746342,Office,For Rent,20 Marla,,4,5 hours ago,Rs 2.50 Lac,"Johar Town, Lahore",Lahore,OLX
https://www.olx.com.pk/item/fully-furnished-office-1-kanal-for-rent-in-johar-town-20kv-solar-included-iid-1118714820,Office,For Rent,20 Marla,,3,5 hours ago,Rs 3.90 Lac,"Johar Town, Lahore",Lahore,OLX
https://www.olx.com.pk/item/8-marla-ground-mezzanine-shop-available-for-rent-main-broadway-commercial-iid-1118784257,Shop,For Rent,8 Marla,,1,5 hours ago,Rs 3 Lac,"DHA Phase 8 - Commercial Broadway, Lahore",Lahore,OLX
https://www.olx.com.pk/item/one-bedroom-vip-apartment-available-on-daily-basis-in-bahria-town-lhr-iid-1118784145,Room,For Rent,8 Marla,1,1,5 hours ago,"Rs 6,000","Bahria Town - Block DD, Lahore",Lahore,OLX
https://www.olx.com.pk/item/5-marla-double-story-house-for-rent-in-johar-town-phase-2-iid-1118783982,House,For Rent,5 Marla,4,4,5 hours ago,Rs 1.05 Lac,"Johar Town Phase 2, Lahore",Lahore,OLX
https://www.olx.com.pk/item/one-bedroom-vip-apartment-available-on-daily-basis-in-bahria-town-lhr-iid-1118783975,Room,For Rent,8 Marla,1,1,5 hours ago,"Rs 6,000","Bahria Town - Block DD, Lahore",Lahore,OLX
https://www.olx.com.pk/item/5-brand-new-house-for-rant-aa-block-bahria-town-lahore-iid-1118783926,House,For Rent,5 Marla,3,4,5 hours ago,"Rs 85,000","Bahria Town - Block AA, Lahore",Lahore,OLX
https://www.olx.com.pk/item/10-marla-residential-house-for-rent-in-sector-e-nearby-commercial-market-school-mosque-and-health-care-canter-iid-1117898231,House,For Rent,10 Marla,5,6,14 hours ago,"Rs 90,000","Bahria Town - Sector E, Lahore",Lahore,OLX
https://www.olx.com.pk/item/rooms-for-rent-in-dha-lahore-for-girl-students-and-working-ladies-iid-1117527682,Room,For Rent,,,,2 weeks ago,"Rs 25,000","DHA Phase 7, Lahore",Lahore,OLX
https://www.olx.com.pk/item/1-kanal-house-for-rent-ready-to-move-iid-1118635846,House,For Rent,1 Kanal,3,4,4 days ago,Rs 1.10 Lac,"Chinar Bagh - Shaheen Block, Lahore",Lahore,OLX
https://www.olx.com.pk/item/one-bed-furnished-apartment-on-daily-basis-available-for-rent-in-sector-e-bahria-town-lahore-rejected-iid-1117082711,Apartment,For Rent,450 SQFT,1,1,1 week ago,"Rs 45,000","Bahria Town - Jinnah Block, Lahore",Lahore,OLX
https://www.olx.com.pk/item/swimming-pool-farmhouse-available-for-on-rent-house-enjoy-your-summer-iid-1112778649,House,For Rent,,2,4,2 weeks ago,"Rs 15,000","DHA Phase 6 - Main Boulevard, Lahore",Lahore,OLX
https://www.olx.com.pk/item/makkah-hostels-for-girls-boys-rooms-available-iid-1118011499,Room,For Rent,,,,1 week ago,"Rs 18,000","Muslim Town, Lahore",Lahore,OLX
https://www.olx.com.pk/item/bahria-town-lahore-furnished-apartment-for-rent-3-hours-daily-monthly-daily-basis-short-stay-per-day-weekly-iid-1118307696,Apartment,For Rent,650 SQFT,1,1,7 hours ago,"Rs 3,000","Bahria Town - Jasmine Block, Lahore",Lahore,OLX
https://www.olx.com.pk/item/luxury-furnished-house-for-rent-iid-1117686068,House,For Rent,10 Marla,4,5,3 weeks ago,Rs 4 Lac,"DHA Phase 8 - Ex Air Avenue, Lahore",Lahore,OLX
https://www.olx.com.pk/item/5-brand-new-house-for-rant-aa-block-bahria-town-lahore-iid-1118783834,House,For Rent,5 Marla,3,4,5 hours ago,"Rs 85,000","Bahria Town - Sector D, Lahore",Lahore,OLX
https://www.olx.com.pk/item/1-kanal-new-house-upper-portion-iid-1118783815,Upper Portion,For Rent,1 Kanal,3,3,5 hours ago,Rs 1 Lac,"LDA Avenue, Lahore",Lahore,OLX
https://www.olx.com.pk/item/2-kanal-commerical-coner-building-for-rent-with-basment-iid-1118783632,Building,For Rent,2 Kanal,,4,5 hours ago,Rs 7.50 Lac,"Salamatpura, Lahore",Lahore,OLX
https://www.olx.com.pk/item/1-kanal-single-storey-commerical-warehouse-for-rent-iid-1118783626,House,For Rent,1 Kanal,,4,5 hours ago,Rs 1.20 Lac,"Salamatpura, Lahore",Lahore,OLX
https://www.olx.com.pk/item/13-marla-commerical-hall-for-rent-iid-1118783560,Other,For Rent,13 Marla,,2,5 hours ago,Rs 1.30 Lac,"Salamatpura, Lahore",Lahore,OLX
https://www.olx.com.pk/item/13-marla-commerical-hall-for-rent-iid-1118783500,Other,For Rent,13 Marla,,2,5 hours ago,Rs 1.30 Lac,"Harbanspura, Lahore",Lahore,OLX
https://www.olx.com.pk/item/5-brand-new-house-for-full-furnished-rant-jinnah-block-bahria-town-lahore-iid-1118668081,House,For Rent,5 Marla,3,4,5 hours ago,Rs 1.30 Lac,"Bahria Town - Jinnah Block, Lahore",Lahore,OLX
https://www.olx.com.pk/item/10-marla-brand-new-lower-portion-for-rant-cc-block-bahria-town-lahore-iid-1118668052,Lower Portion,For Rent,10 Marla,2,3,5 hours ago,"Rs 78,000","Bahria Town - Block CC, Lahore",Lahore,OLX
https://www.olx.com.pk/item/10-marla-brand-new-lower-portion-for-rant-chambali-block-bahria-town-lahore-iid-1118668030,Lower Portion,For Rent,10 Marla,2,3,5 hours ago,"Rs 80,000","Bahria Town - Chambelli Block, Lahore",Lahore,OLX
https://www.olx.com.pk/item/10-marla-brand-new-house-for-rant-sector-f-bahria-town-lahore-iid-1118601252,House,For Rent,10 Marla,5,6,5 hours ago,Rs 1.60 Lac,"Bahria Town - Sector F, Lahore",Lahore,OLX
https://www.olx.com.pk/item/10-marla-brand-new-lower-portion-for-rant-cc-block-bahria-town-lahore-iid-1118568067,Lower Portion,For Rent,10 Marla,2,3,5 hours ago,"Rs 75,000","Bahria Town - Sector D, Lahore",Lahore,OLX
https://www.olx.com.pk/item/10-marla-brand-new-lower-portion-for-rant-cc-block-bahria-town-lahore-iid-1118567997,Lower Portion,For Rent,10 Marla,2,3,5 hours ago,"Rs 75,000","Bahria Town - Sector D, Lahore",Lahore,OLX
https://www.olx.com.pk/item/10-marla-brand-new-lower-portion-for-rant-upper-portion-lock-sector-c-jasmine-block-bahria-town-lahore-iid-1118567928,Upper Portion,For Rent,10 Marla,2,3,5 hours ago,"Rs 85,000","Bahria Town - Sector C, Lahore",Lahore,OLX
https://www.olx.com.pk/item/10-marla-brand-new-lower-portion-for-rant-upper-portion-lock-jasmine-block-bahria-town-lahore-iid-1118513284,Upper Portion,For Rent,10 Marla,2,3,5 hours ago,"Rs 78,000","Bahria Town - Sector C, Lahore",Lahore,OLX
https://www.olx.com.pk/item/10-marla-brand-new-lower-portion-for-rant-upper-portion-lock-sector-c-jasmine-block-bahria-town-lahore-iid-1118448037,Upper Portion,For Rent,10 Marla,2,3,5 hours ago,"Rs 75,000","Bahria Town - Sector C, Lahore",Lahore,OLX
https://www.olx.com.pk/item/girls-hostelsharing-rooms-for-rent-garden-town-lahore-iid-1106231062,Room,For Rent,,,,6 days ago,"Rs 15,000","Garden Town - Abu Bakar Block, Lahore",Lahore,OLX
https://www.olx.com.pk/item/1-kanal-brand-new-spanish-house-for-rent-in-dha-phase-7-iid-1117408213,House,For Rent,1 Kanal,5,6,4 days ago,Rs 2.65 Lac,"DHA Phase 7, Lahore",Lahore,OLX
https://www.olx.com.pk/item/your-search-for-house-in-lahore-ends-here-for-rent-iid-1118703787,House,For Rent,3 Marla,3,4,2 days ago,"Rs 55,000","Al-Kabir Town - Phase 2, Lahore",Lahore,OLX
https://www.olx.com.pk/item/hostel-seats-iid-1087997636,Other,For Rent,,,,2 days ago,"Rs 8,000","Johar Town Phase 1, Lahore",Lahore,OLX
https://www.olx.com.pk/item/ali-and-son-girls-hostel-iid-1118457090,Other,For Rent,,,,5 days ago,"Rs 12,500","DHA Phase 2, Lahore",Lahore,OLX
https://www.olx.com.pk/item/1-bed-luxury-apartment-short-stay-bahria-town-03001893480-iid-1117449260,Apartment,For Rent,575 SQFT,1,1,20 hours ago,"Rs 3,000","Bahria Town - Jasmine Block, Lahore",Lahore,OLX
https://www.olx.com.pk/item/abrar-estate-offers-10-marla-ground-floor-fully-furnished-office-for-rent-situated-on-main-collage-road-iid-1117987544,Office,For Rent,10 Marla,,2,13 hours ago,Rs 3 Lac,"College Road, Lahore",Lahore,OLX
https://www.olx.com.pk/item/10-marla-brand-new-house-for-rant-sector-c-jasmine-block-bahria-town-lahore-iid-1118402613,House,For Rent,10 Marla,5,6,5 hours ago,Rs 1.50 Lac,"Bahria Town - Sector C, Lahore",Lahore,OLX
https://www.olx.com.pk/item/5-marla-brand-new-house-for-rant-aa-block-bahria-town-lahore-iid-1118361888,House,For Rent,5 Marla,3,4,5 hours ago,"Rs 80,000","Bahria Town - Block AA, Lahore",Lahore,OLX
https://www.olx.com.pk/item/5-marla-half-double-story-seprate-house-for-rent-iid-1118783478,House,For Rent,5 Marla,3,4,5 hours ago,"Rs 65,000","Canal Bank Housing Scheme, Lahore",Lahore,OLX
https://www.olx.com.pk/item/6-marla-second-upper-protion-for-rent-iid-1118783468,Other,For Rent,6 Marla,2,2,5 hours ago,"Rs 38,000","Canal Bank Housing Scheme, Lahore",Lahore,OLX
https://www.olx.com.pk/item/5-marla-brand-new-full-furnished-upper-portion-for-rant-aa-block-bahria-town-lahore-iid-1118722797,Upper Portion,For Rent,5 Marla,2,2,5 hours ago,"Rs 65,000","Bahria Town - Block AA, Lahore",Lahore,OLX
https://www.olx.com.pk/item/5-marla-brand-new-full-furnished-upper-portion-for-rant-aa-block-bahria-town-lahore-iid-1118722673,Upper Portion,For Rent,5 Marla,2,2,5 hours ago,"Rs 65,000","Bahria Town - Block AA, Lahore",Lahore,OLX
https://www.olx.com.pk/item/10-marla-brand-new-luxury-full-furnished-house-for-rant-sector-c-bahria-town-lahore-iid-1118717390,House,For Rent,10 Marla,5,6,5 hours ago,Rs 2.50 Lac,"Bahria Town - Jasmine Block, Lahore",Lahore,OLX
https://www.olx.com.pk/item/5-brand-new-full-furnished-house-for-rant-jinnah-block-bahria-town-lahore-iid-1118668094,House,For Rent,5 Marla,3,4,5 hours ago,Rs 1.30 Lac,"Bahria Town - Jinnah Block, Lahore",Lahore,OLX
https://www.olx.com.pk/item/55-sadah-marla-double-story-furnshied-house-for-rent-iid-1118783213,House,For Rent,6 Marla,4,4,5 hours ago,Rs 1 Lac,"Jora Pull, Lahore",Lahore,OLX
https://www.olx.com.pk/item/d-h-a-lahore-2-kanal-brand-new-mazher-munir-design-house-fully-furnished-with-100-original-pics-available-for-rent-iid-1118783085,House,For Rent,2 Kanal,6,7,5 hours ago,Rs 18 Lacs,"DHA Phase 1, Lahore",Lahore,OLX
https://www.olx.com.pk/item/3-marla-double-story-seprate-house-for-rent-iid-1118782612,House,For Rent,3 Marla,3,3,5 hours ago,"Rs 50,000","Harbanspura, Lahore",Lahore,OLX
https://www.olx.com.pk/item/3-marla-double-story-new-furnshied-house-for-rent-iid-1118782596,House,For Rent,3 Marla,3,3,5 hours ago,"Rs 45,000","Salamatpura, Lahore",Lahore,OLX
https://www.olx.com.pk/item/3-marla-double-story-house-for-sale-iid-1118782587,House,For Rent,3 Marla,3,3,5 hours ago,"Rs 50,000","Canal Bank Housing Scheme, Lahore",Lahore,OLX
https://www.olx.com.pk/item/daily-basis-room-available-airport-road-iid-1118782576,Room,For Rent,,1,1,5 hours ago,"Rs 4,000","Gulshan Ali Colony, Lahore",Lahore,OLX
https://www.olx.com.pk/item/brand-new-first-entry-studio-non-furnished-apartment-available-for-rent-in-iqbal-block-bahria-town-lahore-iid-1118518874,Apartment,For Rent,270 SQFT,Studio,1,5 hours ago,"Rs 29,000","Bahria Town - Iqbal Block, Lahore",Lahore,OLX
https://www.olx.com.pk/item/3-bedroom-flat-available-for-rent-in-canal-gardens-lahore-iid-1117698660,Room,For Rent,4 Marla,3,2,1 week ago,"Rs 36,000","Canal Garden, Lahore",Lahore,OLX
https://www.olx.com.pk/item/prime-location-showroom-upper-portion-available-for-rent-iid-1117499424,Upper Portion,For Rent,8 Marla,,3,3 weeks ago,Rs 4 Lac,"Model Town Extension, Lahore",Lahore,OLX
https://www.olx.com.pk/item/04-marla-office-space-for-rent-at-phase-08-broadway-iid-1117721823,Office,For Rent,4 Marla,,1,2 weeks ago,"Rs 65,000","DHA Phase 8 - Commercial Broadway, Lahore",Lahore,OLX
https://www.olx.com.pk/item/10-marla-house-for-rent-iid-1118027900,House,For Rent,10 Marla,4,5,2 weeks ago,Rs 1.60 Lac,"Paragon City - Woods Block, Lahore",Lahore,OLX
https://www.olx.com.pk/item/3-kanal-commercial-plot-for-rent-gulberg-iid-1117890857,Commercial Plot,For Rent,3 Kanal,,,2 weeks ago,Rs 14 Lacs,"Gulberg, Lahore",Lahore,OLX
https://www.olx.com.pk/item/brand-new-7-storey-high-rise-commercial-building-for-rent-on-200-ft-road-iid-1118076151,Building,For Rent,1 Kanal,,7,1 week ago,Rs 30 Lacs,"Johar Town, Lahore",Lahore,OLX
https://www.olx.com.pk/item/per-day-luxury-furnished-one-bedroom-apartment-iid-1118782332,Room,For Rent,600 SQFT,1,1,5 hours ago,"Rs 7,000","Bahria Town - Gulbahar Block, Lahore",Lahore,OLX
https://www.olx.com.pk/item/piller-less-13-marla-1st-floor-hall-available-for-rent-for-godown-furniture-work-shop-etc-iid-1118581133,Shop,For Rent,13 Marla,,1,6 hours ago,Rs 1.25 Lac,"Johar Town Phase 1, Lahore",Lahore,OLX
https://www.olx.com.pk/item/5-marla-full-house-for-rent-iid-1118781218,House,For Rent,5 Marla,4,5,6 hours ago,"Rs 80,000","Al Rehman Garden Phase 2, Lahore",Lahore,OLX
https://www.olx.com.pk/item/2-marla-flat-portion-iid-1118781206,Flat,For Rent,2 Marla,1,1,6 hours ago,"Rs 20,000","Al Rehman Garden Phase 2, Lahore",Lahore,OLX
https://www.olx.com.pk/item/4-marla-like-new-double-storey-house-available-for-rent-iid-1118640264,House,For Rent,4 Marla,3,4,6 hours ago,"Rs 80,000","Military Accounts Housing Society, Lahore",Lahore,OLX
https://www.olx.com.pk/item/per-day-luxury-furnished-two-bedroom-apartment-iid-1118780841,Room,For Rent,"1,100 SQFT",2,2,6 hours ago,"Rs 12,000","Bahria Town - Sector E, Lahore",Lahore,OLX
https://www.olx.com.pk/item/per-day-luxury-furnished-one-bedroom-apartment-iid-1118780756,Room,For Rent,550 SQFT,1,1,6 hours ago,"Rs 6,500","Bahria Town - Nishtar Block, Lahore",Lahore,OLX
https://www.olx.com.pk/item/per-day-luxury-furnished-one-bedroom-apartment-iid-1118780670,Room,For Rent,550 SQFT,1,1,6 hours ago,"Rs 6,000","Bahria Town - Sector C, Lahore",Lahore,OLX
https://www.olx.com.pk/item/per-day-facing-eiffel-tower-view-luxury-furnished-studio-apartment-iid-1118780473,Apartment,For Rent,500 SQFT,Studio,1,6 hours ago,"Rs 6,000","Bahria Town - Quaid Block, Lahore",Lahore,OLX
https://www.olx.com.pk/item/5-marla-lower-portion-for-rent-iid-1118780426,Lower Portion,For Rent,5 Marla,2,2,6 hours ago,"Rs 45,000","Eden Boulevard - Block A, Lahore",Lahore,OLX
https://www.olx.com.pk/item/per-day-facing-eiffel-tower-luxury-furnished-one-bedroom-apartment-iid-1118780303,Room,For Rent,600 SQFT,1,1,6 hours ago,"Rs 7,000","Bahria Town - Sector E, Lahore",Lahore,OLX
https://www.olx.com.pk/item/2-bed-non-furnished-apartment-available-for-rent-in-bahria-town-lahore-iid-1118780137,Apartment,For Rent,800 SQFT,2,2,6 hours ago,"Rs 45,000","Bahria Town - Sector C, Lahore",Lahore,OLX
https://www.olx.com.pk/item/1-kanal-spainish-house-fully-furnished-for-rent-iid-1118779756,House,For Rent,1 Kanal,5,7,7 hours ago,Rs 6 Lac,"DHA Phase 7 - Block Q, Lahore",Lahore,OLX
https://www.olx.com.pk/item/peaceful-space-at-main-airport-road-available-iid-1118779668,Other,For Rent,500 SQFT,,1,7 hours ago,"Rs 65,000","Ghazi Road, Lahore",Lahore,OLX
https://www.olx.com.pk/item/5-marla-double-story-house-for-rent-in-johar-town-iid-1118779427,House,For Rent,5 Marla,4,5,7 hours ago,Rs 1.10 Lac,"Johar Town Phase 2 - Block R1, Lahore",Lahore,OLX
https://www.olx.com.pk/item/luxury-apartments-available-for-rent-original-pictures-iid-1117951616,Apartment,For Rent,525 SQFT,1,1,14 hours ago,"Rs 5,000","Bahria Town, Lahore",Lahore,OLX
https://www.olx.com.pk/item/luxury-apartment-available-for-daily-and-weekly-basis-dha-near-airport-iid-1118230713,Apartment,For Rent,"1,024 SQFT",2,2,2 weeks ago,"Rs 13,999","Air Avenue Luxury Apartments, Lahore",Lahore,OLX
https://www.olx.com.pk/item/2-bed-fully-furnished-apartment-iid-1117838037,Apartment,For Rent,980 SQFT,2,2,1 week ago,Rs 1.42 Lac,"Samanabad, Lahore",Lahore,OLX
https://www.olx.com.pk/item/5-marla-modern-bungalow-for-rent-dha-phase-5-lahore-excellent-location-iid-1116796899,Other,For Rent,5 Marla,3,4,3 days ago,Rs 1 Lac,"DHA Phase 5, Lahore",Lahore,OLX
https://www.olx.com.pk/item/farm-house-from-mango-party-iid-1117610357,Farm House,For Rent,8 Kanal,2,1,4 weeks ago,"Rs 25,000","Bedian Road, Lahore",Lahore,OLX
https://www.olx.com.pk/item/daily-and-wekley-basis-luxury-apartments-available-for-rent-at-dha-phase-8-iid-1117902717,Apartment,For Rent,"1,200 SQFT",2,3,1 week ago,"Rs 9,500","Air Avenue Luxury Apartments, Lahore",Lahore,OLX
https://www.olx.com.pk/item/couple-family-rooms-247-available-iid-1116690885,Room,For Rent,,,,3 weeks ago,"Rs 4,000","Johar Town Phase 1, Lahore",Lahore,OLX
https://www.olx.com.pk/item/luxury-1-bedroom-furnished-apartment-for-rent-per-day-in-bahria-town-lahore-vip-short-stay-night-stay-flat-per-day-iid-1117814535,Room,For Rent,600 SQFT,1,1,41 minutes ago,"Rs 3,000","Bahria Town - Block CC, Lahore",Lahore,OLX
https://www.olx.com.pk/item/per-day-apartment-for-rent-in-bahria-town-lahore-available-iid-1118650910,Apartment,For Rent,600 SQFT,1,1,7 hours ago,"Rs 4,500","Bahria Town - Nishtar Block, Lahore",Lahore,OLX
https://www.olx.com.pk/item/per-day-apartment-for-rent-in-bahria-town-lahore-available-iid-1118610147,Apartment,For Rent,550 SQFT,Studio,1,7 hours ago,"Rs 4,000","Bahria Town - Nishtar Block, Lahore",Lahore,OLX
https://www.olx.com.pk/item/per-day-apartment-for-rent-in-bahria-town-lahore-available-iid-1118607839,Apartment,For Rent,550 SQFT,1,1,7 hours ago,"Rs 4,500","Bahria Town - Quaid Block, Lahore",Lahore,OLX
https://www.olx.com.pk/item/per-day-apartment-for-rent-in-bahria-town-lahore-available-iid-1118602943,Apartment,For Rent,600 SQFT,Studio,1,7 hours ago,"Rs 5,000","Bahria Town, Lahore",Lahore,OLX
https://www.olx.com.pk/item/10-marla-upper-portion-available-for-rent-iid-1118049770,Upper Portion,For Rent,10 Marla,3,3,7 hours ago,"Rs 60,000","Central Park Housing Scheme, Lahore",Lahore,OLX
https://www.olx.com.pk/item/a-block-10-marla-upper-portion-independent-facing-park-available-for-rent-iid-1117843035,Upper Portion,For Rent,10 Marla,3,3,7 hours ago,"Rs 70,000","Central Park - Block A, Lahore",Lahore,OLX
https://www.olx.com.pk/item/separate-room-with-attach-bathroom-iid-1118779188,Room,For Rent,,,,7 hours ago,"Rs 13,000","Bostan Colony, Lahore",Lahore,OLX
https://www.olx.com.pk/item/model-town-link-road-location-hot-available-for-rent-iid-1117823878,Other,For Rent,490 SQFT,,1,7 hours ago,"Rs 38,500","Model Town Link Road, Lahore",Lahore,OLX
https://www.olx.com.pk/item/model-town-link-road-location-hot-available-for-rent-iid-1117823858,Other,For Rent,300 SQFT,,1,7 hours ago,"Rs 33,500","Model Town Link Road, Lahore",Lahore,OLX
https://www.olx.com.pk/item/model-town-link-road-location-hot-available-for-rent-iid-1117823841,Other,For Rent,990 SQFT,,2,7 hours ago,"Rs 65,000","Model Town Link Road, Lahore",Lahore,OLX
https://www.olx.com.pk/item/model-town-link-road-location-hot-available-for-rent-full-furnish-iid-1117823834,Other,For Rent,375 SQFT,,1,7 hours ago,"Rs 45,000","Model Town Link Road, Lahore",Lahore,OLX
https://www.olx.com.pk/item/office-for-rent-hot-location-available-college-road-lahore-iid-1118065214,Office,For Rent,"1,200 SQFT",,1,7 hours ago,Rs 1.45 Lac,"College Road, Lahore",Lahore,OLX
https://www.olx.com.pk/item/model-town-link-road-location-hot-available-for-rent-iid-1118065186,Other,For Rent,"2,800 SQFT",,3,7 hours ago,Rs 3.25 Lac,"Model Town Link Road, Lahore",Lahore,OLX
https://www.olx.com.pk/item/model-town-link-road-location-hot-available-for-rent-office-iid-1117823810,Office,For Rent,280 SQFT,,1,7 hours ago,"Rs 28,500","Model Town Link Road, Lahore",Lahore,OLX
https://www.olx.com.pk/item/office-for-rent-hot-location-available-model-town-link-road-lahore-iid-1117823791,Office,For Rent,550 SQFT,,1,7 hours ago,"Rs 39,500","Model Town Link Road, Lahore",Lahore,OLX
https://www.olx.com.pk/item/2-bed-furnished-apartment-for-rent-daily-weekly-monthly-available-in-bahria-town-lahore-iid-1118248773,Apartment,For Rent,"1,100 SQFT",2,2,12 hours ago,"Rs 8,000","Bahria Town - Sector E, Lahore",Lahore,OLX
https://www.olx.com.pk/item/prime-floors-available-for-academies-coaching-institutes-iid-1116259660,Other,For Rent,"8,500 SQFT",,1,4 weeks ago,Rs 20 Lacs,"Bedian, Lahore",Lahore,OLX
https://www.olx.com.pk/item/1-bed-luxury-appartment-for-short-stay-0321-1046192-iid-1117713444,Other,For Rent,600 SQFT,1,1,17 hours ago,"Rs 3,500","Bahria Town - Sector C, Lahore",Lahore,OLX
https://www.olx.com.pk/item/prime-location-iid-1117513009,Other,For Rent,4.5 Marla,4,2,2 weeks ago,"Rs 50,000","Shalamar Square, Lahore",Lahore,OLX
https://www.olx.com.pk/item/4-kanal-farm-house-available-for-in-badian-road-iid-1117604425,Farm House,For Rent,4 Kanal,4,4,19 hours ago,"Rs 15,000","Bedian Road, Lahore",Lahore,OLX
https://www.olx.com.pk/item/zameen-opal-furnished-iid-1117761991,Other,For Rent,5 Marla,2,2,4 weeks ago,Rs 1.90 Lac,"Zameen Opal, Lahore",Lahore,OLX
https://www.olx.com.pk/item/farm-house-swimming-pool-for-rent-iid-1118530054,Farm House,For Rent,,3,4,5 days ago,"Rs 25,000","Saggian City, Lahore",Lahore,OLX
https://www.olx.com.pk/item/model-town-link-road-location-hot-available-for-rent-full-furnish-iid-1117823768,Other,For Rent,490 SQFT,,1,7 hours ago,"Rs 65,000","Model Town Link Road, Lahore",Lahore,OLX
https://www.olx.com.pk/item/model-town-link-road-block-k-location-hot-available-for-rent-iid-1117823730,Other,For Rent,"4,000 SQFT",,2,7 hours ago,Rs 4.50 Lac,"Model Town - Block K, Lahore",Lahore,OLX
https://www.olx.com.pk/item/model-town-link-road-location-hot-available-for-rent-iid-1117823623,Other,For Rent,490 SQFT,,1,7 hours ago,"Rs 62,500","Model Town Link Road, Lahore",Lahore,OLX
https://www.olx.com.pk/item/model-town-link-road-location-hot-available-iid-1118065168,Other,For Rent,375 SQFT,,1,7 hours ago,"Rs 38,000","Model Town Link Road, Lahore",Lahore,OLX
https://www.olx.com.pk/item/model-town-link-road-location-hot-available-for-rent-iid-1118065161,Other,For Rent,490 SQFT,,1,7 hours ago,"Rs 42,000","Model Town Link Road, Lahore",Lahore,OLX
https://www.olx.com.pk/item/model-town-link-road-location-hot-available-for-rent-iid-1118065147,Other,For Rent,550 SQFT,2,1,7 hours ago,"Rs 95,000","Model Town Link Road, Lahore",Lahore,OLX
https://www.olx.com.pk/item/10-marla-full-house-available-for-rent-in-central-park-housing-scheme-lahore-iid-1118778257,House,For Rent,10 Marla,5,6,7 hours ago,Rs 1.35 Lac,"Central Park Housing Scheme, Lahore",Lahore,OLX
https://www.olx.com.pk/item/5-marla-full-house-available-for-rent-in-central-park-housing-scheme-lahore-iid-1118778253,House,For Rent,5 Marla,3,4,7 hours ago,"Rs 80,000","Central Park Housing Scheme, Lahore",Lahore,OLX
https://www.olx.com.pk/item/10-marla-upper-portion-available-for-rent-in-central-park-housing-scheme-lahore-iid-1118778250,Upper Portion,For Rent,10 Marla,3,3,7 hours ago,"Rs 60,000","Central Park Housing Scheme, Lahore",Lahore,OLX
https://www.olx.com.pk/item/10-marla-house-for-rent-in-central-park-housing-scheme-lahore-iid-1118778249,House,For Rent,10 Marla,5,6,7 hours ago,Rs 1.30 Lac,"Central Park Housing Scheme, Lahore",Lahore,OLX
https://www.olx.com.pk/item/2-bed-non-fur-apartment-for-rent-bahria-town-lahore-iid-1118778113,Apartment,For Rent,900 SQFT,2,2,7 hours ago,"Rs 50,000","Bahria Town - Sector D, Lahore",Lahore,OLX
https://www.olx.com.pk/item/near-commercial-market-full-furnished-10-marla-modern-house-for-rent-iid-1118778069,House,For Rent,10 Marla,3,4,7 hours ago,Rs 2.85 Lac,"DHA Phase 4, Lahore",Lahore,OLX
https://www.olx.com.pk/item/10-marla-lower-por-for-rent-bahria-town-lahore-iid-1118778045,Other,For Rent,10 Marla,2,3,7 hours ago,"Rs 72,000","Bahria Town - Sector C, Lahore",Lahore,OLX
https://www.olx.com.pk/item/450-sqft-ground-floorshop-for-rent-bahria-town-lahore-iid-1118778038,Shop,For Rent,400 SQFT,,1,7 hours ago,"Rs 38,000","Bahria Town - Iqbal Block, Lahore",Lahore,OLX
https://www.olx.com.pk/item/4-kanal-beautifully-designed-fully-furnished-house-with-100-original-pictures-available-for-rent-in-dha-lahore-iid-1118778028,House,For Rent,4 Kanal,6,6,7 hours ago,Rs 12.50 Lacs,"DHA Phase 8, Lahore",Lahore,OLX
https://www.olx.com.pk/item/girls-hostel-iid-1115637578,Other,For Rent,,,,2 weeks ago,"Rs 16,000","Johar Town Phase 2, Lahore",Lahore,OLX
https://www.olx.com.pk/item/5-marla-like-a-brand-new-full-luxury-ideal-excellent-good-full-house-for-rent-in-cc-block-bahria-town-lahore-iid-1118597213,House,For Rent,5 Marla,3,4,5 days ago,"Rs 85,000","Bahria Town - Block CC, Lahore",Lahore,OLX
https://www.olx.com.pk/item/short-term-stay-tow-bed-furnished-apartment-for-rent-in-bahria-town-lahore-iid-1117685266,Apartment,For Rent,900 SQFT,2,2,2 days ago,"Rs 12,000","Bahria Town - Sector C, Lahore",Lahore,OLX
https://www.olx.com.pk/item/1-bhk-luxury-gold-crest-apartment-iid-1115792432,Apartment,For Rent,975 SQFT,1,1,1 week ago,"Rs 12,000","Goldcrest Mall & Residency, Lahore",Lahore,OLX
https://www.olx.com.pk/item/hostel-rooms-for-boys-iid-1070914624,Room,For Rent,,6,6,4 weeks ago,"Rs 6,000","Township Sector A2 - Block 2, Lahore",Lahore,OLX
https://www.olx.com.pk/item/furnished-apartment-for-rent-unmarried-couple-not-allowed-iid-1118527539,Apartment,For Rent,,,,2 days ago,"Rs 3,000","Bahria Town - Sector C, Lahore",Lahore,OLX
https://www.olx.com.pk/item/luxury-1-bedroom-furnished-apartment-for-rent-per-day-in-bahria-town-lahore-vip-short-stay-night-stay-flat-per-day-iid-1117765574,Room,For Rent,500 SQFT,Studio,1,41 minutes ago,"Rs 3,000","Bahria Town - Jasmine Block, Lahore",Lahore,OLX
https://www.olx.com.pk/item/fully-furnished-1-bed-apartment-for-rent-in-zameen-quadrangle-iid-1117784118,Apartment,For Rent,692 SQFT,1,1,1 week ago,Rs 1.75 Lac,"Gulberg 5, Lahore",Lahore,OLX
https://www.olx.com.pk/item/1-kanal-upper-portion-new-house-for-rent-bahria-town-lahore-iid-1118778018,Upper Portion,For Rent,1 Kanal,3,4,7 hours ago,"Rs 95,000","Bahria Town - Sector C, Lahore",Lahore,OLX
https://www.olx.com.pk/item/5-marla-luxury-fur-house-for-rent-town-lahore-iid-1118777919,House,For Rent,5 Marla,3,4,7 hours ago,Rs 1.30 Lac,"Bahria Town - Jinnah Block, Lahore",Lahore,OLX
https://www.olx.com.pk/item/dha-lahore-1-kanal-mazher-munir-design-house-with-100-original-pictures-available-for-rent-iid-1118777654,House,For Rent,20 Marla,5,6,7 hours ago,Rs 2.85 Lac,"DHA Phase 5, Lahore",Lahore,OLX
https://www.olx.com.pk/item/dha-lahore-2-kanal-mazher-munir-design-fully-furnished-house-with-swimming-pool-with-100-original-pics-available-for-rent-iid-1118777637,House,For Rent,40 Marla,5,6,7 hours ago,Rs 8.75 Lac,"DHA Phase 5, Lahore",Lahore,OLX
https://www.olx.com.pk/item/1-bed-non-fur-apartment-for-rent-bahria-town-lahore-iid-1118777498,Apartment,For Rent,550 SQFT,1,1,8 hours ago,"Rs 40,000","Bahria Town - Sector B, Lahore",Lahore,OLX
https://www.olx.com.pk/item/5-marla-ground-floor-office-for-rent-bahria-town-lahore-iid-1118777436,Office,For Rent,5 Marla,,1,8 hours ago,Rs 1.20 Lac,"Bahria Town - Sector C, Lahore",Lahore,OLX
https://www.olx.com.pk/item/5-marla-basement-for-rent-bahria-town-lahore-iid-1118777409,Other,For Rent,5 Marla,,1,8 hours ago,"Rs 50,000","Bahria Town - Sector C, Lahore",Lahore,OLX
https://www.olx.com.pk/item/2-bed-fur-apartment-for-rent-bahria-town-lahore-iid-1118777384,Apartment,For Rent,900 SQFT,2,3,8 hours ago,"Rs 95,000","Bahria Town - Sector E, Lahore",Lahore,OLX
https://www.olx.com.pk/item/10-marla-like-new-house-for-rent-bahria-town-lahore-iid-1118777337,House,For Rent,10 Marla,5,6,8 hours ago,Rs 1.50 Lac,"Bahria Town - Sector C, Lahore",Lahore,OLX
https://www.olx.com.pk/item/luxury-fully-furnished-1-bedroom-for-rent-in-gulberg-iid-1118777252,Room,For Rent,800 SQFT,1,1,8 hours ago,Rs 2.10 Lac,"Gulberg, Lahore",Lahore,OLX
https://www.olx.com.pk/item/d-h-a-lahore-2-kanal-mazher-munir-design-house-with-swimming-pool-fully-furnished-100-original-pics-available-for-rent-iid-1118777237,House,For Rent,40 Marla,6,6,8 hours ago,Rs 7.50 Lac,"DHA Phase 6, Lahore",Lahore,OLX
https://www.olx.com.pk/item/d-h-a-lahore-1-kanal-brand-new-stylish-house-with-100-original-pictures-available-for-rent-iid-1118777223,House,For Rent,20 Marla,6,6,8 hours ago,Rs 3.10 Lac,"DHA Phase 4, Lahore",Lahore,OLX
https://www.olx.com.pk/item/d-h-a-lahore-1-kanal-brand-new-stylish-house-with-basement-and-full-furnished-house-with-100-original-pics-available-for-rent-iid-1118777215,House,For Rent,20 Marla,5,6,8 hours ago,Rs 4.50 Lac,"DHA Phase 5, Lahore",Lahore,OLX
https://www.olx.com.pk/item/d-h-a-lahore-1-kanal-mazher-munir-design-house-and-full-basement-with-100-original-pics-available-for-rent-iid-1118777208,House,For Rent,20 Marla,6,6,8 hours ago,Rs 3.30 Lac,"DHA Phase 5, Lahore",Lahore,OLX
https://www.olx.com.pk/item/dha-lahore-2-kanal-brand-new-faisal-rasool-design-house-and-fully-furnished-with-basement-with-100-original-pics-available-for-rent-iid-1118777202,House,For Rent,40 Marla,5,6,8 hours ago,Rs 21 Lacs,"DHA Phase 6, Lahore",Lahore,OLX
https://www.olx.com.pk/item/one-bed-non-furnished-apartment-available-for-rent-in-bahria-town-lahore-iid-1117082502,Apartment,For Rent,550 SQFT,1,1,1 week ago,"Rs 33,000","Bahria Town - Sector D, Lahore",Lahore,OLX
https://www.olx.com.pk/item/lake-city-5-marla-house-available-for-rent-near-to-park-iid-1118142288,House,For Rent,5 Marla,3,4,2 weeks ago,Rs 1.05 Lac,"Lake City - Sector M7 - Block C, Lahore",Lahore,OLX
https://www.olx.com.pk/item/1-bed-fully-luxury-furnished-apartment-super-hot-location-bahria-town-iid-1118106694,Apartment,For Rent,600 SQFT,1,1,11 hours ago,"Rs 50,000","Bahria Town - Sector C, Lahore",Lahore,OLX
https://www.olx.com.pk/item/5-marla-house-available-for-rent-iid-1118593417,House,For Rent,5 Marla,4,4,5 days ago,"Rs 90,000","Park View Villas, Lahore",Lahore,OLX
https://www.olx.com.pk/item/2-kanal-elegant-and-fully-maintained-super-hot-located-bungalow-is-available-in-the-best-block-of-dha-lahore-3-servant-quarters-iid-1117602991,Other,For Rent,2 Kanal,6,7,1 day ago,Rs 4.75 Lac,"DHA Phase 1 - Block A, Lahore",Lahore,OLX
https://www.olx.com.pk/item/chenab-boys-hostel-johar-town-iid-1034224182,Other,For Rent,,,,5 days ago,"Rs 9,500","Johar Town Phase 1, Lahore",Lahore,OLX
https://www.olx.com.pk/item/apartment-for-rent-in-behria-town-lhr-iid-1118406688,Apartment,For Rent,600 Marla,1,1,1 week ago,"Rs 7,000","Bahria Town - Block AA, Lahore",Lahore,OLX
https://www.olx.com.pk/item/portion-available-for-rent-iid-1118719970,Other,For Rent,8 Marla,2,2,8 hours ago,"Rs 65,000","Gulberg 2, Lahore",Lahore,OLX
https://www.olx.com.pk/item/d-h-a-lahore-1-kanal-mazher-munir-design-house-fully-furnished-with-full-basement-with-100-original-pics-available-for-rent-iid-1118777194,House,For Rent,20 Marla,5,6,8 hours ago,Rs 4.50 Lac,"DHA Phase 3, Lahore",Lahore,OLX
https://www.olx.com.pk/item/dha-lahore-1-kanal-brand-new-mazher-munir-design-house-with-full-basement-and-swimming-pool-with-100-original-pictures-available-for-rent-iid-1118777188,House,For Rent,20 Marla,6,6,8 hours ago,Rs 3.50 Lac,"DHA Phase 5, Lahore",Lahore,OLX
https://www.olx.com.pk/item/d-h-a-lahore-1-kanal-brand-new-mazher-munir-design-house-full-basement-with-100-original-pics-available-for-rent-iid-1118777181,House,For Rent,20 Marla,6,6,8 hours ago,Rs 3.75 Lac,"DHA Phase 6, Lahore",Lahore,OLX
https://www.olx.com.pk/item/d-h-a-lahore-2-kanal-brand-new-faisal-rasool-design-house-and-fully-furnished-with-100-original-pics-available-for-rent-iid-1118777177,House,For Rent,40 Marla,6,6,8 hours ago,Rs 11.50 Lacs,"DHA Phase 6, Lahore",Lahore,OLX
https://www.olx.com.pk/item/dha-lahore-1-kanal-owner-build-design-house-with-100-original-pics-available-for-rent-iid-1118777163,House,For Rent,20 Marla,5,6,8 hours ago,Rs 2.75 Lac,"DHA Phase 5, Lahore",Lahore,OLX
https://www.olx.com.pk/item/d-h-a-lahore-1-kanal-brand-new-mazher-munir-design-house-with-100-original-pictures-available-for-rent-iid-1118777159,House,For Rent,20 Marla,5,6,8 hours ago,Rs 2.65 Lac,"DHA Phase 7, Lahore",Lahore,OLX
https://www.olx.com.pk/item/d-h-a-lahore-1-kanal-faisal-rasool-design-house-with-100-original-pictures-available-for-rent-iid-1118777152,House,For Rent,20 Marla,5,6,8 hours ago,Rs 2.29 Lac,"DHA Phase 4, Lahore",Lahore,OLX
https://www.olx.com.pk/item/d-h-a-lahore-1-kanal-stylish-design-house-with-100-original-pics-available-for-rent-iid-1118777138,House,For Rent,20 Marla,5,6,8 hours ago,Rs 2.50 Lac,"DHA Phase 4, Lahore",Lahore,OLX
https://www.olx.com.pk/item/d-h-a-lahore-1-kanal-brand-new-mazher-munir-design-house-with-100-original-pictures-available-for-rent-iid-1118777120,House,For Rent,20 Marla,6,6,8 hours ago,Rs 2.45 Lac,"DHA Phase 6, Lahore",Lahore,OLX
https://www.olx.com.pk/item/d-h-a-lahore-1-kanal-mazhar-munir-design-house-available-for-rent-100-original-pictures-iid-1118777110,House,For Rent,20 Marla,5,6,8 hours ago,Rs 2.45 Lac,"DHA Phase 4, Lahore",Lahore,OLX
https://www.olx.com.pk/item/1-bedroom-apartment-for-rent-in-zameen-quadrangle-in-gulberg-lahore-iid-1118777099,Room,For Rent,3 Marla,1,1,8 hours ago,Rs 1.50 Lac,"Gulberg, Lahore",Lahore,OLX
https://www.olx.com.pk/item/d-h-a-lahore-1-kanal-brand-new-mazher-munir-design-house-with-100-original-pics-available-for-rent-iid-1118777097,House,For Rent,20 Marla,5,6,8 hours ago,Rs 3.35 Lac,"DHA Phase 5, Lahore",Lahore,OLX
https://www.olx.com.pk/item/d-h-a-lahore-1-kanal-semi-furnished-stylish-design-house-with-100-original-pics-available-for-rent-iid-1118777087,House,For Rent,20 Marla,5,6,8 hours ago,Rs 2.45 Lac,"DHA Phase 5, Lahore",Lahore,OLX
https://www.olx.com.pk/item/d-h-a-lahore-1-kanal-faisal-rasool-design-house-with-100-original-pictures-available-for-rent-iid-1118777081,House,For Rent,20 Marla,5,6,8 hours ago,Rs 2.50 Lac,"DHA Phase 5, Lahore",Lahore,OLX
https://www.olx.com.pk/item/ideal-rooms-available-for-rent-main-multan-road-opposite-yateem-khana-iid-1093231642,Room,For Rent,,,,2 weeks ago,"Rs 1,500","Yateem Khana Chowk, Lahore",Lahore,OLX
https://www.olx.com.pk/item/furnished-flat-brand-new-available-for-rent-daily-weekly-monthly-in-park-view-city-lahore-iid-1117772141,Flat,For Rent,5 Marla,1,1,3 weeks ago,"Rs 55,000","Park View Villas, Lahore",Lahore,OLX
https://www.olx.com.pk/item/one-bedroom-vip-apartment-for-rent-on-short-stay-like-2-hours-in-bahria-town-lahore-iid-1118174820,Room,For Rent,550 SQFT,1,1,8 hours ago,"Rs 3,000","Bahria Town - Sector D, Lahore",Lahore,OLX
https://www.olx.com.pk/item/1-bed-luxury-apartment-short-stay-bahria-town-03001893480-iid-1118013203,Apartment,For Rent,575 SQFT,1,1,20 hours ago,"Rs 3,000","Bahria Town - Block BB, Lahore",Lahore,OLX
https://www.olx.com.pk/item/1bed-luxrury-apartment-on-daily-basis-in-bahria-town-lahore-iid-1117317068,Apartment,For Rent,600 SQFT,1,1,17 hours ago,"Rs 3,000","Bahria Town - Sector E, Lahore",Lahore,OLX
https://www.olx.com.pk/item/one-bed-furnished-apartment-daily-weekly-monthly-available-in-bahria-town-lahore-iid-1118273652,Apartment,For Rent,,,,1 day ago,"Rs 4,500","Bahria Town - Sector E, Lahore",Lahore,OLX
https://www.olx.com.pk/item/luxury-studio1-bhk2-bhk-available-on-daily-basis-iid-1117951470,Other,For Rent,525 Marla,1,1,14 hours ago,"Rs 6,000","Bahria Town - Block DD, Lahore",Lahore,OLX
https://www.olx.com.pk/item/upper-portion-of-1-kanal-is-available-for-rent-in-canal-gardens-iid-1117698649,Upper Portion,For Rent,1 Kanal,3,4,1 week ago,"Rs 85,000","Canal Garden - Block A, Lahore",Lahore,OLX
https://www.olx.com.pk/item/office-for-rent-al-hafeez-business-avenue-lahore-iid-1117861368,Office,For Rent,603 SQFT,,1,2 weeks ago,"Rs 95,000","Gulberg 3, Lahore",Lahore,OLX
https://www.olx.com.pk/item/d-h-a-lahore-1-kanal-brand-new-mazher-munir-design-house-with-100-original-pics-available-for-rent-iid-1118777078,House,For Rent,20 Marla,5,6,8 hours ago,Rs 2.50 Lac,"DHA Phase 6, Lahore",Lahore,OLX
https://www.olx.com.pk/item/d-h-a-lahore-1-kanal-mazher-munir-design-house-with-100-original-pictures-available-for-rent-iid-1118777069,House,For Rent,20 Marla,5,6,8 hours ago,Rs 2.50 Lac,"DHA Phase 3, Lahore",Lahore,OLX
https://www.olx.com.pk/item/d-h-a-lahore-1-kanal-owner-build-design-house-with-100-original-pics-available-for-rent-iid-1118777063,House,For Rent,20 Marla,5,6,8 hours ago,Rs 2.45 Lac,"DHA Phase 2, Lahore",Lahore,OLX
https://www.olx.com.pk/item/d-h-a-lahore-1-kanal-owner-build-design-house-with-100-original-pics-available-for-rent-iid-1118777048,House,For Rent,20 Marla,5,6,8 hours ago,Rs 2.85 Lac,"DHA Phase 5, Lahore",Lahore,OLX
https://www.olx.com.pk/item/dha-lahore-1-kanal-brand-new-mazhar-munir-design-house-with-100-original-pictures-available-for-rent-iid-1118777041,House,For Rent,20 Marla,5,6,8 hours ago,Rs 2.50 Lac,"DHA Phase 7, Lahore",Lahore,OLX
https://www.olx.com.pk/item/dha-lahore-1-kanal-mazhar-munir-design-house-with-100-original-pics-available-for-rent-iid-1118777032,House,For Rent,20 Marla,5,6,8 hours ago,Rs 2.65 Lac,"DHA Phase 6, Lahore",Lahore,OLX
https://www.olx.com.pk/item/d-h-a-lahore-2-kanal-faisal-rasool-design-house-fully-furnished-with-swimming-pool-with-100-original-pics-available-for-rent-iid-1118777018,House,For Rent,40 Marla,6,6,8 hours ago,Rs 7.25 Lac,"DHA Phase 2, Lahore",Lahore,OLX
https://www.olx.com.pk/item/per-day-apartment-for-rent-in-bahria-town-lahore-available-iid-1118602966,Apartment,For Rent,1 Kanal,1,1,8 hours ago,"Rs 3,500","Bahria Town - Nishtar Block, Lahore",Lahore,OLX
https://www.olx.com.pk/item/per-day-apartment-for-rent-in-bahria-town-lahore-available-iid-1118602959,Apartment,For Rent,550 SQFT,1,1,8 hours ago,"Rs 3,500","Violet Block, Lahore",Lahore,OLX
https://www.olx.com.pk/item/per-day-apartment-for-rent-in-bahria-town-lahore-available-iid-1118602951,Apartment,For Rent,600 SQFT,Studio,1,8 hours ago,"Rs 5,000","Bahria Town, Lahore",Lahore,OLX
https://www.olx.com.pk/item/1-kanal-ground-floor-available-for-rent-in-pia-society-iid-1118776949,Other,For Rent,1 Kanal,3,3,8 hours ago,Rs 1.45 Lac,"PIA Housing Scheme, Lahore",Lahore,OLX
https://www.olx.com.pk/item/d-h-a-lahore-1-kanal-mazher-munir-design-house-fully-furnished-with-100-original-pictures-available-for-rent-iid-1118776937,House,For Rent,20 Marla,5,6,8 hours ago,Rs 4.25 Lac,"DHA Phase 6, Lahore",Lahore,OLX
https://www.olx.com.pk/item/dha-lahore-2-kanal-mazhar-munir-design-house-with-100-original-pictures-iid-1118776921,House,For Rent,40 Marla,5,6,8 hours ago,Rs 4.70 Lac,"DHA Phase 8 - Ex Park View, Lahore",Lahore,OLX
https://www.olx.com.pk/item/d-h-a-lahore-1-kanal-brand-new-mazher-munir-design-house-with-100-original-pics-available-for-rent-iid-1118776914,House,For Rent,20 Marla,5,6,8 hours ago,Rs 2.85 Lac,"DHA Phase 6, Lahore",Lahore,OLX
https://www.olx.com.pk/item/dha-lahore-1-kanal-mazhar-munir-design-house-with-100-original-pictures-available-for-rent-iid-1118776887,House,For Rent,20 Marla,5,6,8 hours ago,Rs 3.75 Lac,"DHA Phase 5, Lahore",Lahore,OLX
https://www.olx.com.pk/item/lavish-boys-hostel-iid-1118006950,Other,For Rent,,,,3 weeks ago,"Rs 11,000","Gulistan-e-Jauhar Block 11, Karachi",Karachi,OLX
https://www.olx.com.pk/item/shop-available-on-rent-sindhi-muslim-food-street-corner-shop-iid-1118647571,Shop,For Rent,"1,800 SQFT",,1,1 day ago,Rs 8 Lac,"SMCHS - Sindhi Muslim Society, Karachi",Karachi,OLX
https://www.olx.com.pk/item/available-for-independent-house-iid-1118190787,House,For Rent,475 SQYD,6,6,16 hours ago,Rs 3.50 Lac,"Gulshan-e-Iqbal - Block 4A, Karachi",Karachi,OLX
https://www.olx.com.pk/item/precinct-1-272sqy-fully-furnished-ground-portion-available-for-rent-03135549217-iid-1117598119,Other,For Rent,272 SQYD,3,4,9 hours ago,Rs 1.50 Lac,"Bahria Town - Precinct 1, Karachi",Karachi,OLX
https://www.olx.com.pk/item/guest-rooms-iid-1117162087,Room,For Rent,,6,7,1 day ago,"Rs 3,000","Clifton - Block 7, Karachi",Karachi,OLX
https://www.olx.com.pk/item/townhouse-available-for-rent-iid-1118044201,House,For Rent,200 SQYD,4,5,4 days ago,Rs 3.25 Lac,"PECHS Block 6, Karachi",Karachi,OLX
https://www.olx.com.pk/item/only-for-memon-families-duplex-4-bed-duplex-flat-available-for-rent-iid-1118011507,Flat,For Rent,"2,200 SQFT",4,4,3 weeks ago,Rs 1.75 Lac,"Bahadurabad, Karachi",Karachi,OLX
https://www.olx.com.pk/item/a-prime-location-1777-square-feet-flat-in-karachi-is-on-the-market-for-rent-iid-1117754997,Flat,For Rent,"1,777 SQFT",2,2,4 weeks ago,Rs 3 Lac,"Emaar The Views, Karachi",Karachi,OLX
https://www.olx.com.pk/item/girls-hostel-dha-phase-2-working-women-iid-1104920924,Other,For Rent,,,,2 weeks ago,"Rs 15,000","DHA Phase 2 - Sunset Boulevard Commercial Area, Karachi",Karachi,OLX
https://www.olx.com.pk/item/4-bed-dd-500-yds-2nd-floor-for-rent-iid-1118789374,Other,For Rent,500 SQYD,4,5,14 minutes ago,Rs 1.50 Lac,"Federal B Area - Block 6, Karachi",Karachi,OLX
https://www.olx.com.pk/item/600-yds-1st-floor-with-roof-iid-1118789372,Other,For Rent,600 SQYD,3,3,14 minutes ago,Rs 1.70 Lac,"Federal B Area - Block 6, Karachi",Karachi,OLX
https://www.olx.com.pk/item/120-sq-double-story-house-for-rent-iid-1118789197,House,For Rent,120 SQFT,3,4,36 minutes ago,"Rs 95,000","Gulistan-e-Jauhar Block 7, Karachi",Karachi,OLX
https://www.olx.com.pk/item/prime-location-in-gadap-town-3000-kanal-farm-house-for-rent-iid-1118789070,Farm House,For Rent,"3,000 Kanal",Studio,1,50 minutes ago,"Rs 25,000","Gadap Town, Karachi",Karachi,OLX
https://www.olx.com.pk/item/sharing-office-available-for-rent-700sqft-in-shahar-e-faisal-iid-1118788897,Office,For Rent,700 SQFT,,1,1 hour ago,"Rs 45,000","Shahra-e-Faisal, Karachi",Karachi,OLX
https://www.olx.com.pk/item/guest-house-bahria-town-karachi-iid-1118788880,House,For Rent,950 SQFT,2,2,1 hour ago,"Rs 14,000","Bahria Town - Precinct 19, Karachi",Karachi,OLX
https://www.olx.com.pk/item/guest-house-in-bahria-town-karachi-iid-1118788803,House,For Rent,950 SQFT,2,2,1 hour ago,"Rs 15,000","Bahria Town - Precinct 19, Karachi",Karachi,OLX
https://www.olx.com.pk/item/sami-furnished-office-for-rent-600sqft-in-shahar-e-faisal-iid-1118788779,Office,For Rent,600 SQFT,,2,1 hour ago,"Rs 75,000","Shahra-e-Faisal, Karachi",Karachi,OLX
https://www.olx.com.pk/item/airbnb-guest-house-bahria-town-karachi-iid-1118788614,House,For Rent,950 SQFT,2,2,1 hour ago,"Rs 15,000","Bahria Town - Precinct 19, Karachi",Karachi,OLX
https://www.olx.com.pk/item/portion-for-rent-3-bed-drawing-and-lounge-iid-1118636066,Other,For Rent,240 SQYD,6,3,2 hours ago,"Rs 95,000","Gulistan-e-Jauhar Block 4, Karachi",Karachi,OLX
https://www.olx.com.pk/item/flat-for-rent-3-bed-d-d-jauhar-vip-block-2-iid-1118515131,Flat,For Rent,900 SQFT,3,3,2 hours ago,"Rs 50,000","Gulistan-e-Jauhar Block 2, Karachi",Karachi,OLX
https://www.olx.com.pk/item/portion-for-rent-3-bedroom-drawing-and-lounge-vip-block-iid-1118635911,Room,For Rent,240 SQYD,3,3,2 hours ago,"Rs 92,000","Gulistan-e-Jauhar Block 13, Karachi",Karachi,OLX
https://www.olx.com.pk/item/portionfor-rent-3-bed-dd-with-roof-iid-1118433260,Other,For Rent,200 SQYD,3,3,2 hours ago,"Rs 90,000","Gulistan-e-Jauhar Block 5, Karachi",Karachi,OLX
https://www.olx.com.pk/item/shop-available-for-rent-bahadurabad-behind-medicare-hospital-ghos-ul-wara-masjid-iid-1118311561,Shop,For Rent,500 SQFT,,1,2 hours ago,Rs 1.50 Lac,"Bahadurabad, Karachi",Karachi,OLX
https://www.olx.com.pk/item/3-bed-dd-apartment-for-rent-prime-location-of-muslimabad-iid-1118309395,Apartment,For Rent,"2,000 SQFT",3,4,2 hours ago,Rs 1.60 Lac,"Muslimabad Society, Karachi",Karachi,OLX
https://www.olx.com.pk/item/flat-3-bed-dd-for-rent-iid-1117346162,Flat,For Rent,"1,650 SQFT",3,4,4 weeks ago,"Rs 75,000","Saima Residency, Karachi",Karachi,OLX
https://www.olx.com.pk/item/family-couple-guest-house-iid-1117696854,House,For Rent,,6,7,4 weeks ago,"Rs 3,000","Gulistan-e-Jauhar Block 15, Karachi",Karachi,OLX
https://www.olx.com.pk/item/for-rent-fully-furnished-2000-sq-ft-4-bedroom-apartment-front-entrance-iid-1118649665,Room,For Rent,"2,000 SQFT",4,4,2 hours ago,Rs 2.25 Lac,"Nishat Commercial Area, Karachi",Karachi,OLX
https://www.olx.com.pk/item/room-for-rent-couple-iid-1117751741,Room,For Rent,,4,4,4 weeks ago,"Rs 2,500","Al Minal Tower, Karachi",Karachi,OLX
https://www.olx.com.pk/item/precinct-1-272sqy-fully-furnished-ground-portion-available-for-per-day-rent-03135549217-iid-1117701223,Other,For Rent,272 SQYD,3,4,2 days ago,"Rs 20,000","Bahria Town - Precinct 1, Karachi",Karachi,OLX
https://www.olx.com.pk/item/fully-furnished-apartments-flat-for-rent-dha-phase-2-ext-iid-1117995970,Flat,For Rent,"1,000 SQFT",2,2,1 week ago,"Rs 85,000","DHA Phase 2 Extension, Karachi",Karachi,OLX
https://www.olx.com.pk/item/chapal-skymark-3-bed-seafacing-for-rent-iid-1117902154,Other,For Rent,"2,500 SQFT",3,3,4 days ago,Rs 3 Lac,"Clifton - Block 7, Karachi",Karachi,OLX
https://www.olx.com.pk/item/brand-new-fully-furnished-apartment-available-for-rent-dha-karachi-iid-1118649800,Apartment,For Rent,"1,800 SQFT",3,4,3 hours ago,Rs 2.50 Lac,"DHA Phase 6, Karachi",Karachi,OLX
https://www.olx.com.pk/item/luxury-1000-sq-yd-bungalow-for-rent-on-main-khayaban-e-muhafiz-dha-phase-6-karachi-iid-1118649790,Other,For Rent,"1,000 SQYD",6,6,3 hours ago,Rs 13 Lacs,"DHA Phase 6, Karachi",Karachi,OLX
https://www.olx.com.pk/item/500-square-yard-slightly-used-ultra-luxury-corner-bungalow-for-rent-in-dha-phase-8-karachi-iid-1118649788,Other,For Rent,500 SQYD,6,7,3 hours ago,Rs 5.50 Lac,"DHA Phase 8 - Zone A, Karachi",Karachi,OLX
https://www.olx.com.pk/item/brand-new-luxury-2-bedroom-dd-apartment-for-rent-in-bukhari-commercial-dha-phase-6-karachi-iid-1118649782,Room,For Rent,950 SQFT,2,3,3 hours ago,Rs 1.25 Lac,"Bukhari Commercial Area, Karachi",Karachi,OLX
https://www.olx.com.pk/item/brand-new-1000-sq-yd-ultra-luxury-villa-for-rent-in-dha-phase-8-karachi-iid-1118649798,Villa,For Rent,"1,000 SQYD",6,6,3 hours ago,Rs 22 Lacs,"DHA Phase 8, Karachi",Karachi,OLX
https://www.olx.com.pk/item/executive-upper-portion-for-rent-in-dha-phase-6-karachi-iid-1118051152,Upper Portion,For Rent,500 SQYD,3,3,3 hours ago,Rs 3 Lac,"DHA Phase 6, Karachi",Karachi,OLX
https://www.olx.com.pk/item/high-floor-4-bedroom-apartment-for-rent-in-creek-vistas-16th-street-facing-dha-phase-8-karachi-iid-1118650028,Room,For Rent,"3,760 SQFT",4,4,3 hours ago,Rs 4 Lac,"DHA Phase 8, Karachi",Karachi,OLX
https://www.olx.com.pk/item/2-bedroom-ground-floor-portion-for-rent-khayaban-e-jami-dha-phase-7-karachi-iid-1118649908,Room,For Rent,300 SQYD,2,2,3 hours ago,Rs 1.30 Lac,"DHA Phase 7, Karachi",Karachi,OLX
https://www.olx.com.pk/item/fully-furnished-2000-sq-ft-commercial-office-for-rent-main-ittehad-jami-commercial-dha-phase-7-karachi-iid-1118649830,Office,For Rent,"2,000 SQFT",,1,3 hours ago,Rs 3.50 Lac,"Jami Commercial Area, Karachi",Karachi,OLX
https://www.olx.com.pk/item/for-rent-beautiful-250-sq-yd-3-bedroom-upper-portion-with-sea-view-dha-phase-8-karachi-iid-1118649806,Upper Portion,For Rent,250 SQYD,3,4,3 hours ago,Rs 1.80 Lac,"DHA Phase 8 - Zone A, Karachi",Karachi,OLX
https://www.olx.com.pk/item/for-rent-ultra-luxury-3-bedroom-apartment-with-lift-parking-bukhari-commercial-dha-phase-6-karachi-iid-1118649771,Room,For Rent,"1,800 SQFT",3,4,3 hours ago,Rs 1.75 Lac,"Bukhari Commercial Area, Karachi",Karachi,OLX
https://www.olx.com.pk/item/for-rent-lightly-used-300-sq-yd-5-bedroom-bungalow-with-basement-dha-phase-8-zone-a-karachi-iid-1118649767,Room,For Rent,300 SQYD,5,5,3 hours ago,Rs 3.50 Lac,"DHA Phase 8 - Zone A, Karachi",Karachi,OLX
https://www.olx.com.pk/item/for-rent-ultra-luxury-3-bedroom-ground-floor-portion-with-car-parking-khayaban-e-zulfiqar-dha-phase-8-karachi-iid-1118649750,Room,For Rent,500 SQYD,3,4,3 hours ago,Rs 3.70 Lac,"DHA Phase 8 - Zone A, Karachi",Karachi,OLX
https://www.olx.com.pk/item/office-for-rent-iid-1118786807,Office,For Rent,200 SQFT,,1,3 hours ago,"Rs 33,000","DHA Phase 2 Extension, Karachi",Karachi,OLX
https://www.olx.com.pk/item/portion-for-rent-iid-1118727780,Other,For Rent,120 SQYD,2,2,3 hours ago,Rs 1.50 Lac,"Jami Commercial Area, Karachi",Karachi,OLX
https://www.olx.com.pk/item/2bd-dd-flat-for-rent-in-luxury-apartment-of-saima-presidency-safoora-chowrangy-iid-1117250709,Flat,For Rent,"1,100 SQYD",2,2,3 weeks ago,"Rs 55,000","Saima Presidency, Karachi",Karachi,OLX
https://www.olx.com.pk/item/furnished-3-bed-villa-for-daily-rent-ali-block-bahria-town-karachi-13000day-iid-1117942192,Villa,For Rent,125 SQYD,3,3,17 hours ago,"Rs 13,000","Bahria Town - Ali Block, Karachi",Karachi,OLX
https://www.olx.com.pk/item/house-for-rent-on-khayaban-e-sehar-iid-1118539908,House,For Rent,500 SQYD,5,5,11 hours ago,Rs 5 Lac,"DHA Phase 6, Karachi",Karachi,OLX
https://www.olx.com.pk/item/couple-guest-house-iid-1117204587,House,For Rent,,6,7,4 days ago,"Rs 2,500","Millennium Mall, Karachi",Karachi,OLX
https://www.olx.com.pk/item/couples-rooms-available-24-hours-iid-1037647810,Room,For Rent,,6,7,5 days ago,"Rs 3,000","Rashid Minhas Road, Karachi",Karachi,OLX
https://www.olx.com.pk/item/johar-palace-guest-house-room-iid-1117069319,Room,For Rent,,6,7,2 weeks ago,"Rs 2,000","Gulistan-e-Jauhar Block 14, Karachi",Karachi,OLX
https://www.olx.com.pk/item/400-sq-yard-house-for-rent-iid-1118217946,House,For Rent,400 SQYD,6,7,3 days ago,Rs 3.50 Lac,"Gulshan-e-Iqbal Town, Karachi",Karachi,OLX
https://www.olx.com.pk/item/furnished-seperate-office-space-with-common-washroom-available-for-rent-iid-1117352527,Room,For Rent,90 SQFT,,1,1 week ago,"Rs 8,000","Defence View Society, Karachi",Karachi,OLX
https://www.olx.com.pk/item/1000-sq-yards-main-karsaz-road-ground-floor-constructed-with-huge-car-parking-for-silent-commercial-use-iid-1118467169,Other,For Rent,"1,104 SQYD",6,7,1 week ago,Rs 15 Lacs,"Karsaz, Karachi",Karachi,OLX
https://www.olx.com.pk/item/commercial-spaceoffice-space-available-on-rent-iid-1114954765,Office,For Rent,350 SQFT,,1,4 hours ago,"Rs 20,000","New Chali, Karachi",Karachi,OLX
https://www.olx.com.pk/item/2-bed-lounge-portion-iid-1118369655,Other,For Rent,120 SQYD,2,2,4 hours ago,"Rs 45,000","Gulistan-e-Jauhar - Block 16-A, Karachi",Karachi,OLX
https://www.olx.com.pk/item/300-sqy-4-bed-ground-portion-for-rent-in-block-1-johar-hills-iid-1118785237,Other,For Rent,300 SQYD,4,4,4 hours ago,"Rs 90,000","Gulistan-e-Jauhar Block 1, Karachi",Karachi,OLX
https://www.olx.com.pk/item/defence-dha-phase-5-badar-commercial-shop-available-for-rent-iid-1118784215,Shop,For Rent,300 SQFT,,1,5 hours ago,"Rs 25,000","DHA Defence, Karachi",Karachi,OLX
https://www.olx.com.pk/item/defence-dha-phase-5-badar-commercial-shop-available-for-rent-iid-1118784082,Shop,For Rent,300 SQFT,,1,5 hours ago,"Rs 45,000","DHA Phase 5, Karachi",Karachi,OLX
https://www.olx.com.pk/item/defence-dha-phase-5-badar-commercial-brand-new-corner-shop-available-for-rent-iid-1118783946,Shop,For Rent,450 SQFT,,1,5 hours ago,"Rs 35,000","DHA Phase 5, Karachi",Karachi,OLX
https://www.olx.com.pk/item/defence-dha-phase-5-badar-commercial-650-sq-ft-shop-available-for-rent-iid-1118300631,Shop,For Rent,650 SQFT,,1,5 hours ago,"Rs 51,000","DHA Defence, Karachi",Karachi,OLX
https://www.olx.com.pk/item/defence-dha-phase-5-badar-commercial-semi-furnished-apartment-available-for-rent-iid-1118724199,Apartment,For Rent,950 SQFT,2,2,5 hours ago,"Rs 75,000","DHA Phase 5, Karachi",Karachi,OLX
https://www.olx.com.pk/item/defence-dha-phase-5-badar-commercial-shop-available-for-rent-iid-1118575065,Shop,For Rent,600 SQFT,,1,5 hours ago,"Rs 75,000","DHA Phase 5, Karachi",Karachi,OLX
https://www.olx.com.pk/item/sector-11a-beautiful-ground-floor-north-karachi-iid-1118782968,Other,For Rent,240 SQYD,3,3,5 hours ago,"Rs 75,000","North Karachi - Sector 11A, Karachi",Karachi,OLX
https://www.olx.com.pk/item/furnished-office-for-rent-iid-1118744002,Office,For Rent,960 SQFT,,1,7 hours ago,Rs 1.55 Lac,"Shahra-e-Faisal, Karachi",Karachi,OLX
https://www.olx.com.pk/item/ground-floor-for-warehouse-available-iid-1118641778,House,For Rent,400 SQYD,,3,7 hours ago,Rs 1.90 Lac,"Shahra-e-Faisal, Karachi",Karachi,OLX
https://www.olx.com.pk/item/office-for-rent-iid-1118641739,Office,For Rent,"1,360 SQFT",,2,7 hours ago,Rs 2.10 Lac,"Shahra-e-Faisal, Karachi",Karachi,OLX
https://www.olx.com.pk/item/office-for-rent-iid-1118641735,Office,For Rent,800 SQFT,,1,7 hours ago,Rs 1.20 Lac,"Shahra-e-Faisal, Karachi",Karachi,OLX
https://www.olx.com.pk/item/semi-furnished-office-available-on-rent-iid-1118641720,Office,For Rent,500 SQFT,,1,7 hours ago,"Rs 60,000","Shahra-e-Faisal, Karachi",Karachi,OLX
https://www.olx.com.pk/item/private-and-shared-rooms-for-working-professionals-and-bachelors-iid-1118055381,Room,For Rent,,,,1 week ago,"Rs 30,000","Badar Commercial Area, Karachi",Karachi,OLX
https://www.olx.com.pk/item/office-for-rent-iid-1117665987,Office,For Rent,410 SQFT,,1,1 day ago,"Rs 52,000","Gulistan-e-Jauhar Block 12, Karachi",Karachi,OLX
https://www.olx.com.pk/item/portion-available-for-rent-iid-1117958013,Other,For Rent,216 SQYD,3,3,3 weeks ago,"Rs 80,000","Nazimabad 3 - Block D, Karachi",Karachi,OLX
https://www.olx.com.pk/item/fully-furnished-double-story-bungalow-for-rent-in-dha-phase-7-ext-with-full-basement-iid-1118213230,Other,For Rent,100 SQYD,3,3,3 days ago,Rs 2.70 Lac,"DHA Phase 7 Extension, Karachi",Karachi,OLX
https://www.olx.com.pk/item/girls-hostel-in-gulistan-e-johar-ac-rooms-wifi-iid-1116909013,Room,For Rent,,,,2 weeks ago,"Rs 14,000","Gulistan-e-Jauhar Block 18, Karachi",Karachi,OLX
https://www.olx.com.pk/item/luxury-3-bedroom-apartment-for-rent-in-emaar-the-views-dha-phase-8-karachi-iid-1118649503,Room,For Rent,"2,300 SQFT",3,3,2 hours ago,Rs 4.50 Lac,"Emaar The Views, Karachi",Karachi,OLX
https://www.olx.com.pk/item/guest-rooms-iid-1118743406,Room,For Rent,,6,7,1 day ago,"Rs 3,000","Clifton - Block 7, Karachi",Karachi,OLX
https://www.olx.com.pk/item/getaway-farmhouse-iid-1109661362,House,For Rent,,3,3,1 week ago,"Rs 25,000","Saadi Town, Karachi",Karachi,OLX
https://www.olx.com.pk/item/prince-guest-house-iid-1118161714,House,For Rent,,6,7,2 weeks ago,"Rs 2,499","Gulistan-e-Jauhar Block 14, Karachi",Karachi,OLX
https://www.olx.com.pk/item/ground-floor-office-available-on-rent-iid-1118244168,Office,For Rent,"3,500 SQFT",,4,7 hours ago,Rs 3 Lac,"Shahra-e-Faisal, Karachi",Karachi,OLX
https://www.olx.com.pk/item/portion-for-rent-iid-1118777993,Other,For Rent,120 SQYD,3,3,7 hours ago,"Rs 65,000","Federal B Area - Block 14, Karachi",Karachi,OLX
https://www.olx.com.pk/item/office-available-for-rent-iid-1118644507,Office,For Rent,270 SQFT,,1,8 hours ago,"Rs 32,000","New Chali, Karachi",Karachi,OLX
https://www.olx.com.pk/item/commercial-ground-floor-available-for-rent-prime-location-gulshan-e-iqbal-block-13-d1-sehba-akhtar-road-near-new-city-lawn-iid-1118776956,Other,For Rent,200 SQYD,,1,8 hours ago,Rs 1.70 Lac,"Gulshan-e-Iqbal - Block 13/D-1, Karachi",Karachi,OLX
https://www.olx.com.pk/item/silent-commercial-portion-for-rent-gulshan-e-iqbal-block-5-iid-1118627051,Other,For Rent,240 SQYD,,3,8 hours ago,Rs 1.30 Lac,"Gulshan-E-Iqbal Block 5, Karachi",Karachi,OLX
https://www.olx.com.pk/item/office-for-rent-gulshan-e-iqbal-block-13c-professional-office-building-iid-1118627042,Office,For Rent,"1,000 SQFT",,1,8 hours ago,Rs 1.49 Lac,"Gulshan-e-Iqbal - Block 13/C, Karachi",Karachi,OLX
https://www.olx.com.pk/item/silent-commercial-portion-for-rent-gulshan-e-iqbal-block-2-iid-1117918482,Other,For Rent,200 SQYD,,2,8 hours ago,"Rs 78,000","Gulshan-E-Iqbal Block 2, Karachi",Karachi,OLX
https://www.olx.com.pk/item/office-for-rent-prime-location-gulshan-e-iqbal-block-13c-iid-1117913633,Office,For Rent,"1,000 SQFT",,2,8 hours ago,"Rs 95,000","Gulshan-e-Iqbal - Block 13/C, Karachi",Karachi,OLX
https://www.olx.com.pk/item/3-bed-dd-flat-lakhani-excellency-for-rent-in-gulshan-e-iqbal-13-d-iid-1118776469,Flat,For Rent,"1,500 SQFT",3,3,8 hours ago,"Rs 75,000","Gulshan-e-Iqbal - Block 13/D, Karachi",Karachi,OLX
https://www.olx.com.pk/item/brand-new-portion-1st-floor-available-for-rent-4bed-attached-bath-iid-1118649691,Other,For Rent,450 SQYD,4,4,8 hours ago,Rs 2.50 Lac,"North Nazimabad - Block N, Karachi",Karachi,OLX
https://www.olx.com.pk/item/dha-phase-6-1500-square-feet-apartment-for-rent-iid-1118773847,Apartment,For Rent,"1,500 SQFT",3,3,9 hours ago,Rs 2.50 Lac,"DHA Phase 6, Karachi",Karachi,OLX
https://www.olx.com.pk/item/to-rent-you-can-find-spacious-prime-location-lower-portion-in-gulistan-e-jauhar-block-9-iid-1118773676,Lower Portion,For Rent,200 SQYD,2,2,9 hours ago,"Rs 55,000","Gulistan-e-Jauhar Block 9, Karachi",Karachi,OLX
https://www.olx.com.pk/item/buy-a-prime-location-upper-portion-of-240-square-yards-in-government-teacher-society-sector-19-a-iid-1118773670,Upper Portion,For Rent,240 SQYD,3,3,9 hours ago,"Rs 75,000","Government Teacher Society - Sector 19-A, Karachi",Karachi,OLX
https://www.olx.com.pk/item/prime-location-in-government-teacher-society-sector-19-a-house-sized-120-square-yards-for-rent-iid-1118773664,House,For Rent,120 SQYD,4,4,9 hours ago,Rs 1 Lac,"Government Teacher Society - Sector 19-A, Karachi",Karachi,OLX
https://www.olx.com.pk/item/highly-coveted-350-square-feet-shop-is-available-in-clifton-block-4-for-rent-iid-1118773412,Shop,For Rent,350 SQFT,,1,9 hours ago,Rs 1.30 Lac,"Clifton - Block 4, Karachi",Karachi,OLX
https://www.olx.com.pk/item/commercial-bungalow-for-rent-clifton-block-4-karachi-prime-location-ideal-for-restaurant-caf-food-chain-iid-1118782926,Other,For Rent,250 SQYD,Studio,2,5 hours ago,Rs 4.25 Lac,"Clifton - Block 4, Karachi",Karachi,OLX
https://www.olx.com.pk/item/office-available-for-rent-iid-1118044255,Office,For Rent,"1,300 SQFT",,1,4 days ago,Rs 1.60 Lac,"Shahra-e-Faisal, Karachi",Karachi,OLX
https://www.olx.com.pk/item/prime-location-emaar-the-views-flat-for-rent-sized-2700-square-feet-iid-1117754995,Flat,For Rent,"2,700 SQFT",3,3,4 weeks ago,Rs 3.90 Lac,"Emaar The Views, Karachi",Karachi,OLX
https://www.olx.com.pk/item/near-aga-khan-hospital-national-stadium-gulshan-e-iqbal-iid-1097890235,Other,For Rent,,6,6,4 weeks ago,"Rs 5,000","Gulshan-E-Iqbal Block 8, Karachi",Karachi,OLX
https://www.olx.com.pk/item/brand-new-2000-sq-ft-corner-apartments-for-rent-in-clifton-one-block-1-clifton-iid-1118649126,Apartment,For Rent,"2,000 SQFT",3,4,2 hours ago,Rs 2.29 Lac,"Clifton - Block 1, Karachi",Karachi,OLX
https://www.olx.com.pk/item/showroom-available-for-rent-prime-corner-location-iid-1118579792,Room,For Rent,"1,250 SQFT",,1,1 day ago,Rs 7.50 Lac,"Khalid Bin Walid Road, Karachi",Karachi,OLX
https://www.olx.com.pk/item/650-square-2-bed-lounge-high-rise-apartment-block-m-north-nazimabad-iid-1117561872,Apartment,For Rent,"1,060 SQYD",2,2,3 days ago,"Rs 60,000","North Nazimabad - Block M, Karachi",Karachi,OLX
https://www.olx.com.pk/item/houes-for-rent-iid-1118773141,Other,For Rent,120 SQYD,3,3,9 hours ago,"Rs 65,000","Federal B Area - Block 14, Karachi",Karachi,OLX
https://www.olx.com.pk/item/precinct-1-272sq-y-brand-new-fully-furnished-upper-portion-available-for-rent-0313-5549-217-iid-1118665041,Upper Portion,For Rent,272 SQYD,3,3,9 hours ago,Rs 1.40 Lac,"Bahria Town - Precinct 1, Karachi",Karachi,OLX
https://www.olx.com.pk/item/hill-crest-tower-2-beds-brand-new-jinnah-facing-west-open-apartment-available-for-rent-03135549217-iid-1118605121,Apartment,For Rent,"1,180 SQFT",2,3,9 hours ago,"Rs 50,000","Bahria Town - Precinct 19, Karachi",Karachi,OLX
https://www.olx.com.pk/item/precinct-7-1000sq-y-fully-furnished-basementswimming-pool-villa-available-for-rent-03135549217-iid-1118389145,Villa,For Rent,"1,000 SQYD",6,7,9 hours ago,Rs 5.50 Lac,"Bahria Town - Precinct 7, Karachi",Karachi,OLX
https://www.olx.com.pk/item/solaira-luxury-apartments-gulistan-e-jauhar-block-13-apartment-available-for-rent-iid-1118771732,Apartment,For Rent,350 SQFT,1,1,10 hours ago,"Rs 22,000","Gulistan-e-Jauhar Block 13, Karachi",Karachi,OLX
https://www.olx.com.pk/item/haroon-royal-city-iid-1117773551,Other,For Rent,"1,700 SQFT",3,3,10 hours ago,"Rs 55,000","Gulistan-e-Jauhar Block 17, Karachi",Karachi,OLX
https://www.olx.com.pk/item/haroon-royal-city-iid-1117703658,Other,For Rent,"1,600 SQFT",3,3,10 hours ago,"Rs 55,000","Gulistan-e-Jauhar Block 17, Karachi",Karachi,OLX
https://www.olx.com.pk/item/double-story-independent-500squre-yards-available-for-rent-near-abul-hasfahani-road-iid-1118103961,Other,For Rent,500 SQYD,6,6,10 hours ago,Rs 3.70 Lac,"Gulshan-e-Iqbal - Block 4A, Karachi",Karachi,OLX
https://www.olx.com.pk/item/portion-for-commercial-uses-ist-floor-nearest-to-disco-bakery-60-feet-road-iid-1117833043,Other,For Rent,600 SQYD,,1,10 hours ago,Rs 2.50 Lac,"Gulshan-E-Iqbal Block 4, Karachi",Karachi,OLX
https://www.olx.com.pk/item/commercial-huge-hall-1st-floor-opposite-imtiaz-super-market-main-road-iid-1118771579,Other,For Rent,110 SQYD,Studio,1,10 hours ago,Rs 1.55 Lac,"Gulshan-E-Iqbal Block 3, Karachi",Karachi,OLX
https://www.olx.com.pk/item/chance-deal-4500-sqft-modern-architectural-furnished-office-in-prime-location-of-shahrah-e-faisal-at-low-rent-iid-1118557076,Office,For Rent,"4,500 SQFT",,4,11 hours ago,Rs 4.25 Lac,"Shahra-e-Faisal, Karachi",Karachi,OLX
https://www.olx.com.pk/item/upper-portion-for-rent-on-khayaban-e-saadi-iid-1118408043,Upper Portion,For Rent,500 SQYD,4,4,11 hours ago,Rs 2.50 Lac,"DHA Phase 7, Karachi",Karachi,OLX
https://www.olx.com.pk/item/lower-portion-for-rent-on-khayaban-e-iqbal-iid-1118407884,Lower Portion,For Rent,500 SQYD,3,3,11 hours ago,Rs 2.70 Lac,"DHA Phase 8, Karachi",Karachi,OLX
https://www.olx.com.pk/item/house-for-rent-on-khayaban-e-iqbal-iid-1118407936,House,For Rent,120 SQYD,4,4,11 hours ago,Rs 2.80 Lac,"DHA Phase 8, Karachi",Karachi,OLX
https://www.olx.com.pk/item/house-for-rent-on-khayaban-e-iqbal-iid-1118407920,House,For Rent,100 SQYD,4,4,11 hours ago,Rs 2.40 Lac,"DHA Phase 8, Karachi",Karachi,OLX
https://www.olx.com.pk/item/only-for-silent-commerical-portion-available-for-rent-iid-1118244673,Other,For Rent,"2,000 SQFT",4,4,2 weeks ago,Rs 2.75 Lac,"Pechs II, Karachi",Karachi,OLX
https://www.olx.com.pk/item/office-10-x-10-north-nazimabad-mateen-foods-iid-1117562008,Office,For Rent,100 SQFT,,1,3 days ago,"Rs 20,000","North Nazimabad, Karachi",Karachi,OLX
https://www.olx.com.pk/item/luxury-2-bedroom-apartment-for-rent-in-emaar-the-views-dha-phase-8-karachi-iid-1118649511,Room,For Rent,"1,800 SQFT",2,2,2 hours ago,Rs 3.50 Lac,"Emaar The Views, Karachi",Karachi,OLX
https://www.olx.com.pk/item/brand-new-office-available-for-rent-iid-1117691845,Office,For Rent,"4,833 SQFT",,1,4 days ago,Rs 14 Lacs,"Shahra-e-Faisal, Karachi",Karachi,OLX
https://www.olx.com.pk/item/office-available-for-rent-iid-1117691540,Office,For Rent,"3,800 SQFT",,1,4 days ago,Rs 3.15 Lac,"Shahra-e-Faisal, Karachi",Karachi,OLX
https://www.olx.com.pk/item/120-square-yard-double-storey-bungalow-for-rent-in-dha-phase-7-ext-with-full-basement-iid-1116601866,Other,For Rent,120 SQYD,4,4,4 weeks ago,Rs 2.50 Lac,"DHA Phase 7 Extension, Karachi",Karachi,OLX
https://www.olx.com.pk/item/couples-guest-house-gulshan-iid-1114660004,House,For Rent,,6,7,5 days ago,"Rs 2,500","Gulshan-e-Iqbal - Block 10-A, Karachi",Karachi,OLX
https://www.olx.com.pk/item/house-for-rent-on-khayaban-e-badban-iid-1118407880,House,For Rent,500 SQYD,5,5,11 hours ago,Rs 4.80 Lac,"DHA Phase 5, Karachi",Karachi,OLX
https://www.olx.com.pk/item/ideal-house-is-available-for-rent-in-karachi-iid-1117810428,House,For Rent,600 SQYD,6,6,11 hours ago,Rs 4 Lac,"Gulistan-e-Jauhar Block 7, Karachi",Karachi,OLX
https://www.olx.com.pk/item/prominently-located-shop-available-in-gulistan-e-jauhar-block-18-for-rent-iid-1117810415,Shop,For Rent,500 SQFT,,1,11 hours ago,Rs 1.65 Lac,"Gulistan-e-Jauhar Block 18, Karachi",Karachi,OLX
https://www.olx.com.pk/item/flat-for-rent-brand-new-4-floor-4-bad-d-d-lift-car-parking-iid-1118726691,Flat,For Rent,"2,000 Marla",4,4,12 hours ago,Rs 2.25 Lac,"Allama Iqbal Road, Karachi",Karachi,OLX
https://www.olx.com.pk/item/flat-for-rent-brand-new-3-floor-west-open-lift-parking-iid-1118573243,Flat,For Rent,"1,500 Marla",4,3,12 hours ago,Rs 1.50 Lac,"Khalid Bin Walid Road, Karachi",Karachi,OLX
https://www.olx.com.pk/item/flat-for-rent-amil-colony-4-bad-d-d-3-floor-lift-parking-iid-1118295127,Flat,For Rent,"2,000 Marla",4,4,12 hours ago,Rs 1.20 Lac,"Amil Colony, Karachi",Karachi,OLX
https://www.olx.com.pk/item/3500-sq-ft-corporate-building-office-availble-for-office-use-brand-new-building-with-double-glazed-uv-glass-iid-1118765492,Office,For Rent,"3,500 SQFT",,4,12 hours ago,Rs 6.50 Lac,"Shahra-e-Faisal, Karachi",Karachi,OLX
https://www.olx.com.pk/item/prime-location-independent-renovated-house-sized-500-square-yards-available-in-north-nazimabad-iid-1118765464,House,For Rent,400 SQYD,6,6,12 hours ago,Rs 3.75 Lac,"North Nazimabad, Karachi",Karachi,OLX
https://www.olx.com.pk/item/bachelor-silent-commercial-house-for-rent-in-gulistan-e-johar-block-13-iid-1118765337,House,For Rent,80 SQYD,2,1,12 hours ago,"Rs 45,000","Gulistan-e-Jauhar Block 13, Karachi",Karachi,OLX
https://www.olx.com.pk/item/two-bed-dd-new-portion-for-rent-in-johar-iid-1118724395,Other,For Rent,150 SQFT,2,2,13 hours ago,"Rs 65,000","Gulistan-e-Jauhar Block 2, Karachi",Karachi,OLX
https://www.olx.com.pk/item/two-bed-dd-west-open-apartment-for-rent-in-johar-iid-1118724147,Apartment,For Rent,950 SQFT,2,2,13 hours ago,"Rs 47,000","Gulistan-e-Jauhar Block 15, Karachi",Karachi,OLX
https://www.olx.com.pk/item/three-bed-dd-tiled-flooring-portion-for-rent-in-johar-iid-1118637303,Other,For Rent,240 SQYD,3,3,13 hours ago,"Rs 90,000","Gulistan-e-Jauhar Block 15, Karachi",Karachi,OLX
https://www.olx.com.pk/item/sidra-capitol-two-bed-dd-dd-apartment-for-rent-in-johar-iid-1118635924,Apartment,For Rent,"1,100 SQFT",2,2,13 hours ago,"Rs 60,000","Gulistan-e-Jauhar - Block 3-A, Karachi",Karachi,OLX
https://www.olx.com.pk/item/2-beds-drawing-dining-flat-in-boundary-wall-iid-1118763667,Flat,For Rent,900 SQFT,2,2,13 hours ago,"Rs 55,000","Gulshan-e-Iqbal - Block 17, Karachi",Karachi,OLX
https://www.olx.com.pk/item/office-available-for-commercial-use-shara-e-faisal-iid-1118762993,Office,For Rent,"1,400 SQFT",,1,13 hours ago,Rs 1.20 Lac,"Shahra-e-Faisal, Karachi",Karachi,OLX
https://www.olx.com.pk/item/private-offices-shared-co-working-space-3999rs-per-month-iid-1074047972,Office,For Rent,"15,000 SQFT",,7,2 days ago,"Rs 3,000","Federal B Area - Block 4, Karachi",Karachi,OLX
https://www.olx.com.pk/item/main-road-shop-avaiable-for-rent-without-washroom-nearby-meezan-bank-iid-1118249904,Room,For Rent,250 SQFT,,1,1 week ago,"Rs 55,000","DHA Phase 2 Extension, Karachi",Karachi,OLX
https://www.olx.com.pk/item/royal-residency-guest-house-gulshen-e-jamal-karachi-iid-1118750052,House,For Rent,,Studio,7,21 hours ago,"Rs 5,000","Gulshan-e-Jamal - Block B, Karachi",Karachi,OLX
https://www.olx.com.pk/item/brand-new-building-at-shahrah-e-faisal-with-2-speedy-lifts-each-floor-3500-sq-ft-uv-double-glazed-glass-to-control-temp-iid-1117749586,Building,For Rent,"17,500 SQFT",,7,3 weeks ago,Rs 35 Lacs,"Shahra-e-Faisal, Karachi",Karachi,OLX
https://www.olx.com.pk/item/gulshan-e-iqbal-guest-room-couples-families-daily-basis-rs-2500-iid-1118729359,Room,For Rent,,5,6,1 day ago,"Rs 2,500","Gulshan-E-Iqbal Block 3, Karachi",Karachi,OLX
https://www.olx.com.pk/item/couples-rooms-available-iid-1070531330,Room,For Rent,,6,7,1 week ago,"Rs 3,000","Gulshan-E-Iqbal Block 4, Karachi",Karachi,OLX
https://www.olx.com.pk/item/main-rashid-mihnas-2500-sq-ft-mezzanine-floor-office-iid-1118571299,Office,For Rent,"2,500 SQFT",,3,13 hours ago,Rs 2.29 Lac,"Gulshan-E-Iqbal Block 10, Karachi",Karachi,OLX
https://www.olx.com.pk/item/newly-renovated-office-for-rent-main-university-road-13-c-gulshan-e-iqbal-iid-1118762844,Office,For Rent,750 SQFT,,1,13 hours ago,"Rs 37,000","Gulshan-e-Iqbal - Block 13/C, Karachi",Karachi,OLX
https://www.olx.com.pk/item/brand-new-office-for-rent-block-13c-main-university-road-iid-1118762841,Office,For Rent,550 SQFT,,1,13 hours ago,"Rs 65,000","Gulshan-e-Iqbal - Block 13/C, Karachi",Karachi,OLX
https://www.olx.com.pk/item/a-office-of-600-square-feet-in-karachi-for-rent-iid-1118762780,Office,For Rent,600 SQFT,,2,13 hours ago,"Rs 35,000","Gulshan-e-Iqbal - Block 13/C, Karachi",Karachi,OLX
https://www.olx.com.pk/item/buy-a-office-of-375-square-feet-in-gulshan-e-iqbal-block-13b-iid-1118762768,Office,For Rent,375 SQFT,,1,13 hours ago,"Rs 35,000","Gulshan-e-Iqbal - Block 13/B, Karachi",Karachi,OLX
https://www.olx.com.pk/item/commercial-space-gulshan-e-iqbal-block-10-iid-1118372761,Other,For Rent,240 SQYD,3,3,13 hours ago,Rs 2.29 Lac,"Gulshan-E-Iqbal Block 3, Karachi",Karachi,OLX
https://www.olx.com.pk/item/well-maintained-office-for-rent-iid-1118762756,Office,For Rent,"1,400 SQFT",,1,13 hours ago,Rs 1.29 Lac,"Gulshan-e-Iqbal - Block 13/C, Karachi",Karachi,OLX
https://www.olx.com.pk/item/office-available-for-rent-3rd-floor-main-university-road-iid-1118762723,Office,For Rent,900 SQFT,,1,13 hours ago,"Rs 54,000","Gulshan-e-Iqbal - Block 13/C, Karachi",Karachi,OLX
https://www.olx.com.pk/item/2-bed-lounge-flat-for-rent-iid-1118762711,Flat,For Rent,850 SQFT,2,2,13 hours ago,"Rs 40,000","Gulistan-e-Jauhar, Karachi",Karachi,OLX
https://www.olx.com.pk/item/available-for-rent-silent-commercial-iid-1118762353,Other,For Rent,140 SQYD,,1,13 hours ago,"Rs 85,000","Gulshan-E-Iqbal Block 1, Karachi",Karachi,OLX
https://www.olx.com.pk/item/defence-dha-phase-5-badar-commercial-350-sq-ft-shop-available-for-rent-iid-1118466685,Shop,For Rent,350 SQFT,,1,13 hours ago,"Rs 42,000","DHA Defence, Karachi",Karachi,OLX
https://www.olx.com.pk/item/bungalow-portion-available-for-rent-dha-phase-7-khy-badban-lane-iid-1118761431,Other,For Rent,500 SQYD,2,2,14 hours ago,Rs 2 Lac,"DHA Phase 7, Karachi",Karachi,OLX
https://www.olx.com.pk/item/upper-floor-portion-available-for-rent-dha-phase-8-iid-1118761419,Other,For Rent,500 SQYD,3,3,14 hours ago,Rs 3.50 Lac,"DHA Phase 8, Karachi",Karachi,OLX
https://www.olx.com.pk/item/upper-floor-portion-available-for-rent-dha-phase-vi-iid-1118761411,Other,For Rent,500 SQYD,4,4,14 hours ago,Rs 2.50 Lac,"DHA Phase 6, Karachi",Karachi,OLX
https://www.olx.com.pk/item/portion-available-for-rent-dha-phase-7-khy-e-saadi-iid-1118747105,Other,For Rent,300 SQYD,2,2,14 hours ago,Rs 1 Lac,"DHA Phase 7, Karachi",Karachi,OLX
https://www.olx.com.pk/item/d-a-b-boys-hostel-nipa-chorangi-iid-1118259392,Other,For Rent,,,,2 weeks ago,"Rs 17,000","Gulshan-e-Iqbal, Karachi",Karachi,OLX
https://www.olx.com.pk/item/duplex-flat-available-for-rent-3bed-dd-block-f-iid-1117588373,Flat,For Rent,"1,600 SQYD",3,3,5 days ago,Rs 1.25 Lac,"North Nazimabad - Block F, Karachi",Karachi,OLX
https://www.olx.com.pk/item/co-studio-workspace-iid-1115608306,Other,For Rent,"1,000 SQFT",,1,3 weeks ago,"Rs 12,000","Gulshan-E-Iqbal Block 1, Karachi",Karachi,OLX
https://www.olx.com.pk/item/phase-6-vip-lavish-furnished-office-for-rent-with-lift-iid-1118110954,Office,For Rent,"1,000 SQFT",,1,2 days ago,Rs 1.80 Lac,"DHA Phase 6, Karachi",Karachi,OLX
https://www.olx.com.pk/item/city-guest-house-iid-1117203902,House,For Rent,,,,4 days ago,"Rs 2,000","Millennium Mall, Karachi",Karachi,OLX
https://www.olx.com.pk/item/portion-for-rent-in-gulshan-e-iqbal-block-09-iid-1117476281,Other,For Rent,600 SQYD,2,2,4 days ago,Rs 1.25 Lac,"Gulshan-E-Iqbal Block 9, Karachi",Karachi,OLX
https://www.olx.com.pk/item/karachi-guest-house-defence-iid-1117588657,House,For Rent,,6,7,4 weeks ago,"Rs 4,500","DHA Phase 2, Karachi",Karachi,OLX
https://www.olx.com.pk/item/private-and-shared-rooms-for-working-professionals-and-bachelors-iid-1118055618,Room,For Rent,,,,1 week ago,"Rs 27,000","Gulshan-e-Iqbal - Block 14, Karachi",Karachi,OLX
https://www.olx.com.pk/item/upper-floor-portion-available-for-rent-dha-phase-7-khy-rizwan-iid-1117657381,Other,For Rent,300 SQYD,3,3,14 hours ago,Rs 1 Lac,"DHA Phase 7, Karachi",Karachi,OLX
https://www.olx.com.pk/item/upper-floor-portion-available-for-rent-dha-phase-6-iid-1117576684,Other,For Rent,300 SQYD,3,3,14 hours ago,Rs 1.55 Lac,"DHA Phase 6, Karachi",Karachi,OLX
https://www.olx.com.pk/item/independent-house-for-rent-at-prime-location-iid-1118761077,House,For Rent,500 SQYD,6,6,14 hours ago,Rs 4 Lac,"Gulshan-e-Iqbal - Block 4A, Karachi",Karachi,OLX
https://www.olx.com.pk/item/3-bed-dd-4-bed-dd-brand-new-portion-for-rent-in-peaceful-society-iid-1118761056,Other,For Rent,400 SQYD,4,4,14 hours ago,Rs 1.30 Lac,"KESC Housing Society, Karachi",Karachi,OLX
https://www.olx.com.pk/item/commercial-use-bungalow-available-on-rent-shah-faisal-iid-1118760909,Other,For Rent,400 SQYD,,3,14 hours ago,Rs 2.50 Lac,"Shah Faisal Town - Block 1, Karachi",Karachi,OLX
https://www.olx.com.pk/item/globe-residency-fl04-3-bed-dd-iid-1118759650,Other,For Rent,"1,749 SQFT",3,3,14 hours ago,Rs 1.30 Lac,"Naya Nazimabad, Karachi",Karachi,OLX
https://www.olx.com.pk/item/best-deal-1200-sqft-office-with-2-bath-lift-car-parking-in-prime-location-of-shahrah-e-faisal-at-low-rent-iid-1118486547,Office,For Rent,"1,200 SQFT",,2,14 hours ago,"Rs 75,000","Shahra-e-Faisal, Karachi",Karachi,OLX
https://www.olx.com.pk/item/2-bed-lounge-west-open-corner-flat-is-available-for-rent-in-chapel-courtyard-iid-1117938779,Flat,For Rent,700 SQFT,2,2,15 hours ago,"Rs 48,000","Chapal Courtyard, Karachi",Karachi,OLX
https://www.olx.com.pk/item/500-sq-yd-fully-furnished-upper-portion-short-term-for-rent-iid-1118759081,Upper Portion,For Rent,500 SQYD,2,2,15 hours ago,Rs 1.50 Lac,"North Nazimabad - Block J, Karachi",Karachi,OLX
https://www.olx.com.pk/item/private-room-with-attend-both-by-family-guest-house-iid-1059856724,Room,For Rent,,6,7,15 hours ago,"Rs 5,000","Gulshan-e-Iqbal - Block 10-A, Karachi",Karachi,OLX
https://www.olx.com.pk/item/flat-for-rent-iid-1118758008,Flat,For Rent,450 SQFT,1,1,15 hours ago,"Rs 23,000","Gulistan-e-Jauhar Block 13, Karachi",Karachi,OLX
https://www.olx.com.pk/item/therapy-farm-house-farm-house-for-rent-farm-house-on-rent-iid-1118757410,Farm House,For Rent,,2,3,15 hours ago,"Rs 15,000","Falaknaz Dreams, Karachi",Karachi,OLX
https://www.olx.com.pk/item/defence-dha-phase-6-muslim-commercial-furnish-studio-flat-available-for-rent-iid-1118679903,Flat,For Rent,500 SQFT,2,2,15 hours ago,"Rs 65,000","DHA Defence, Karachi",Karachi,OLX
https://www.olx.com.pk/item/defence-dha-phase-8-almurtaza-commercial-brand-new-office-2nd-floor-650-sq-ft-available-for-rent-iid-1118300613,Office,For Rent,650 SQFT,,1,15 hours ago,"Rs 65,000","DHA Defence, Karachi",Karachi,OLX
https://www.olx.com.pk/item/defence-dha-phase-5-badar-commercial-600-sq-ft-shop-available-for-rent-iid-1118300602,Shop,For Rent,600 SQFT,,1,15 hours ago,"Rs 65,000","DHA Defence, Karachi",Karachi,OLX
https://www.olx.com.pk/item/100-sq-yards-ground-available-for-rent-in-ideal-location-of-jami-commercial-iid-1117188232,Other,For Rent,850 SQFT,,1,1 week ago,"Rs 90,000","DHA Phase 7, Karachi",Karachi,OLX
https://www.olx.com.pk/item/family-guest-house-3500-iid-1112555281,House,For Rent,,3,3,6 days ago,"Rs 3,500","Gulshan-E-Iqbal Block 3, Karachi",Karachi,OLX
https://www.olx.com.pk/item/guest-house-iid-1118218510,House,For Rent,,,,2 weeks ago,"Rs 2,000","Gulistan-e-Jauhar, Karachi",Karachi,OLX
https://www.olx.com.pk/item/defence-dha-phase-5-badar-commercial-shop-available-for-rent-iid-1117771299,Shop,For Rent,350 SQFT,,1,15 hours ago,"Rs 42,000","DHA Defence, Karachi",Karachi,OLX
https://www.olx.com.pk/item/available-for-rent-1st-floor-iid-1118072765,Other,For Rent,240 SQYD,3,3,16 hours ago,Rs 1 Lac,"Gulshan-E-Iqbal Block 2, Karachi",Karachi,OLX
https://www.olx.com.pk/item/available-for-rent-flat-iid-1118188877,Flat,For Rent,"1,400 SQFT",3,3,16 hours ago,"Rs 55,000","Gulshan-e-Iqbal - Block 13/D-2, Karachi",Karachi,OLX
https://www.olx.com.pk/item/450-sqrft-2-bed-lounge-studio-apartment-1st-floor-phase-2-ext-dha-iid-1118755577,Apartment,For Rent,450 SQFT,2,2,16 hours ago,"Rs 50,000","DHA Phase 2 Extension, Karachi",Karachi,OLX
https://www.olx.com.pk/item/silent-commercial-furnished-office-space-available-for-rent-gulshan-e-iqbal-block-2-iid-1118754863,Office,For Rent,500 SQYD,,4,16 hours ago,Rs 3.50 Lac,"Gulshan-E-Iqbal Block 2, Karachi",Karachi,OLX
https://www.olx.com.pk/item/silent-commercial-office-space-available-for-rent-gulshan-e-iqbal-block-5-iid-1118754684,Office,For Rent,400 SQYD,,3,16 hours ago,Rs 2.35 Lac,"Gulshan-E-Iqbal Block 5, Karachi",Karachi,OLX
https://www.olx.com.pk/item/prime-location-shadman-town-sector-14b-950-square-feet-flat-up-for-rent-iid-1118754649,Flat,For Rent,950 SQFT,2,2,17 hours ago,"Rs 32,000","Shadman Town - Sector-14/B, Karachi",Karachi,OLX
https://www.olx.com.pk/item/brand-new-silent-commercial-space-available-for-rent-gulshan-e-iqbal-block-5-iid-1118754559,Other,For Rent,500 SQYD,,4,17 hours ago,Rs 3 Lac,"Gulshan-E-Iqbal Block 5, Karachi",Karachi,OLX
https://www.olx.com.pk/item/ideal-120-square-yards-house-available-in-falaknaz-dreams-karachi-iid-1118754500,House,For Rent,120 SQYD,3,1,17 hours ago,"Rs 62,000","Falaknaz Dreams, Karachi",Karachi,OLX
https://www.olx.com.pk/item/silent-commercial-space-available-for-rent-gulshan-e-iqbal-block-2-iid-1118754429,Other,For Rent,400 SQYD,,3,17 hours ago,Rs 1.40 Lac,"Gulshan-E-Iqbal Block 2, Karachi",Karachi,OLX
https://www.olx.com.pk/item/silent-commercial-space-available-for-rent-gulshan-e-iqbal-block-13d1-iid-1118754312,Other,For Rent,400 SQYD,,3,17 hours ago,Rs 2 Lac,"Gulshan-e-Iqbal - Block 13/D, Karachi",Karachi,OLX
https://www.olx.com.pk/item/furnished-corner-villa-200sq-yd-3-bedrooms-luxury-villa-is-available-for-rent-8km-from-entrance-of-btk-3-bed-ddl-1-kitchen-iid-1118641465,Room,For Rent,200 SQYD,3,3,17 hours ago,Rs 1 Lac,"Bahria Town - Precinct 10-A, Karachi",Karachi,OLX
https://www.olx.com.pk/item/1400sq-ft-2bhk-luxurious-apartment-in-paragon-towers-is-available-for-rent-near-precinct-175min-drive-from-main-gate-of-bahria-town-karachi-iid-1118562753,Apartment,For Rent,"1,400 SQFT",2,2,17 hours ago,"Rs 45,000","Paragon Tower, Karachi",Karachi,OLX
https://www.olx.com.pk/item/2-bed-dd-double-balcony-flat-available-for-rent-in-sawera-enclave-iid-1118753607,Flat,For Rent,"1,150 SQFT",2,2,17 hours ago,"Rs 55,000","Sawera Enclave, Karachi",Karachi,OLX
https://www.olx.com.pk/item/portion-for-rent-3-bed-ddcode16920-iid-1118311510,Other,For Rent,240 SQYD,3,3,17 hours ago,Rs 1.10 Lac,"Gulshan-e-Iqbal - Block 10-A, Karachi",Karachi,OLX
https://www.olx.com.pk/item/3-bed-furnished-flat-rs-25000-per-day-iid-1117252307,Flat,For Rent,"1,800 SQFT",3,3,4 days ago,Rs 1.78 Lac,"Dr Daud Pota Road, Karachi",Karachi,OLX
https://www.olx.com.pk/item/prince-guest-house-iid-1118197537,House,For Rent,,Studio,7,2 weeks ago,"Rs 2,999","Gulistan-e-Jauhar Block 14, Karachi",Karachi,OLX
https://www.olx.com.pk/item/short-and-long-stay-guest-house-defence-iid-1117588822,House,For Rent,,6,7,3 weeks ago,"Rs 6,000","DHA Phase 2, Karachi",Karachi,OLX
https://www.olx.com.pk/item/prime-location-brand-new-flat-available-for-rent-in-federal-b-area-block-6-iid-1118578502,Flat,For Rent,"1,400 SQFT",3,3,5 days ago,Rs 1.40 Lac,"Federal B Area - Block 6, Karachi",Karachi,OLX
https://www.olx.com.pk/item/office-available-for-rent-bukhari-commercial-3rd-floor-with-lift-iid-1118166373,Office,For Rent,400 SQFT,,1,2 days ago,"Rs 52,000","DHA Phase 6, Karachi",Karachi,OLX
https://www.olx.com.pk/item/2-bad-d-d-fast-falor-wast-opan-sweet-water-iid-1118055324,Other,For Rent,120 SQYD,3,2,3 hours ago,"Rs 35,000","Gulistan-e-Jauhar Block 4, Karachi",Karachi,OLX
https://www.olx.com.pk/item/450-square-feet-flat-in-nazimabad-best-option-iid-1118753508,Flat,For Rent,450 SQFT,1,1,17 hours ago,"Rs 32,000","Nazimabad, Karachi",Karachi,OLX
https://www.olx.com.pk/item/sawera-enclave-2-bed-dd-double-balcony-flat-for-rent-iid-1118753503,Flat,For Rent,"1,150 SQFT",2,2,17 hours ago,"Rs 55,000","Sawera Enclave, Karachi",Karachi,OLX
https://www.olx.com.pk/item/2-bed-dd-flat-for-rent-iid-1118753491,Flat,For Rent,950 SQFT,2,2,17 hours ago,"Rs 55,000","Nazimabad 4 - Block C, Karachi",Karachi,OLX
https://www.olx.com.pk/item/gulshan-iqbal-block-2240-square-yards-3-bed-dd-rent-demand-750001st-floor-portion-for-rent-code16957-iid-1118753489,Other,For Rent,240 SQYD,3,3,17 hours ago,"Rs 75,000","Gulshan-E-Iqbal Block 2, Karachi",Karachi,OLX
https://www.olx.com.pk/item/want-to-buy-a-prime-location-lower-portion-in-karachi-iid-1118752493,Lower Portion,For Rent,300 SQYD,3,3,18 hours ago,Rs 1.14 Lac,"Gulistan-e-Jauhar Block 15, Karachi",Karachi,OLX
https://www.olx.com.pk/item/stunning-prime-location-400-square-yards-upper-portion-in-gulistan-e-jauhar-block-15-available-iid-1118752492,Upper Portion,For Rent,400 SQYD,3,3,18 hours ago,Rs 1.25 Lac,"Gulistan-e-Jauhar Block 15, Karachi",Karachi,OLX
https://www.olx.com.pk/item/reasonably-priced-prime-location-400-square-yards-lower-portion-in-gulistan-e-jauhar-block-14-karachi-is-available-as-of-now-iid-1118752453,Lower Portion,For Rent,400 SQYD,3,3,18 hours ago,Rs 1.25 Lac,"Gulistan-e-Jauhar Block 14, Karachi",Karachi,OLX
https://www.olx.com.pk/item/240-yards-2nd-floor-3-bed-dd-portion-for-rent-in-gulshan-block-1-iid-1118752261,Other,For Rent,240 SQYD,3,3,18 hours ago,"Rs 95,000","Gulshan-E-Iqbal Block 1, Karachi",Karachi,OLX
https://www.olx.com.pk/item/running-road-shop-10-feet-by-30-feet-size-available-for-rent-in-gulshan-block-1-iid-1118752170,Shop,For Rent,300 SQFT,,1,18 hours ago,"Rs 60,000","Gulshan-E-Iqbal Block 1, Karachi",Karachi,OLX
https://www.olx.com.pk/item/prime-location-gulistan-e-jauhar-block-13-lower-portion-sized-240-square-yards-for-rent-iid-1118751614,Lower Portion,For Rent,240 SQYD,3,3,19 hours ago,"Rs 90,000","Gulistan-e-Jauhar Block 13, Karachi",Karachi,OLX
https://www.olx.com.pk/item/brand-new-west-open-corner-flat-for-rent-iid-1118708175,Flat,For Rent,"1,050 SQFT",2,2,20 hours ago,"Rs 43,000","Daniyal Residency, Karachi",Karachi,OLX
https://www.olx.com.pk/item/brand-new-flat-for-rent-in-daniyal-residency-iid-1118271762,Flat,For Rent,"1,600 SQFT",3,3,20 hours ago,"Rs 52,000","Daniyal Residency, Karachi",Karachi,OLX
https://www.olx.com.pk/item/240-sq-yards-beutyfull-new-portion-for-rent-in-madras-society-iid-1118749642,Other,For Rent,240 SQYD,3,3,22 hours ago,"Rs 75,000","Madras Cooperative Housing Society, Karachi",Karachi,OLX
https://www.olx.com.pk/item/240-sq-yards-beutyfull-portion-with-roof-for-rent-in-metrovil-society-iid-1118749622,Other,For Rent,240 SQYD,3,3,22 hours ago,"Rs 85,000","Abul Hassan Isphani Road, Karachi",Karachi,OLX
https://www.olx.com.pk/item/2-bed-lounge-with-terrace-and-rooftop-for-rent-in-sumaira-bungalows-society-iid-1118601373,Other,For Rent,120 SQYD,2,2,1 day ago,"Rs 30,000","Scheme 33 - Sector 34-A, Karachi",Karachi,OLX
https://www.olx.com.pk/item/daily-weekly-basis-furnished-family-friendly-couple-room-available-iid-1108739114,Room,For Rent,,,,4 weeks ago,"Rs 7,000","Clifton - Block 2, Karachi",Karachi,OLX
https://www.olx.com.pk/item/semi-furnished-office-available-for-rent-iid-1117691823,Office,For Rent,960 SQFT,,1,4 days ago,Rs 1.20 Lac,"Shahra-e-Faisal, Karachi",Karachi,OLX
https://www.olx.com.pk/item/shop-in-nazimabad-no-3-iid-1117980754,Shop,For Rent,250 SQFT,,1,3 weeks ago,"Rs 65,000","Nazimabad 3, Karachi",Karachi,OLX
https://www.olx.com.pk/item/2-bed-drawing-dinning-flat-for-rent-in-city-towers-luxurious-project-iid-1118194486,Flat,For Rent,"1,050 SQFT",2,2,1 day ago,"Rs 60,000","City Tower And Shopping Mall, Karachi",Karachi,OLX
https://www.olx.com.pk/item/2-bed-dd-portion-available-for-rent-in-gulistan-e-johar-iid-1118313512,Other,For Rent,80 SQFT,2,3,1 day ago,"Rs 35,000","Gulistan-e-Jauhar Block 12, Karachi",Karachi,OLX
https://www.olx.com.pk/item/prime-location-flat-of-1300-square-feet-is-available-for-rent-in-federal-b-area-block-6-iid-1118748290,Flat,For Rent,"1,300 SQFT",3,3,1 day ago,Rs 1.20 Lac,"Federal B Area - Block 6, Karachi",Karachi,OLX
https://www.olx.com.pk/item/3-bed-dd-portion-for-rent-iid-1117965518,Other,For Rent,250 SQYD,3,4,1 day ago,Rs 1.10 Lac,"Federal B Area - Block 6, Karachi",Karachi,OLX
https://www.olx.com.pk/item/3-bed-dd-portion-200-yds-iid-1117891739,Other,For Rent,200 SQYD,3,3,1 day ago,Rs 1.10 Lac,"Federal B Area - Block 12, Karachi",Karachi,OLX
https://www.olx.com.pk/item/aesthetic-prime-location-upper-portion-of-400-square-yards-for-rent-is-available-iid-1118194906,Upper Portion,For Rent,400 SQYD,4,4,1 day ago,Rs 1.20 Lac,"Federal B Area - Block 13, Karachi",Karachi,OLX
https://www.olx.com.pk/item/prime-location-200-square-yards-upper-portion-in-central-federal-b-area-block-11-for-rent-iid-1118194903,Upper Portion,For Rent,400 SQYD,3,3,1 day ago,"Rs 90,000","Federal B Area - Block 11, Karachi",Karachi,OLX
https://www.olx.com.pk/item/a-prime-location-400-square-yards-upper-portion-has-landed-on-market-in-federal-b-area-block-10-of-karachi-iid-1118194902,Upper Portion,For Rent,400 SQYD,Studio,1,1 day ago,Rs 1.40 Lac,"Federal B Area - Block 10, Karachi",Karachi,OLX
https://www.olx.com.pk/item/graund-portion-for-rent-2000-yards-dha-phase-5-iid-1118748094,Other,For Rent,"2,000 SQYD",6,6,1 day ago,Rs 10 Lacs,"DHA Phase 5, Karachi",Karachi,OLX
https://www.olx.com.pk/item/apartment-for-rent-3-bed-drawing-dining-1750-sq-feet-clifton-block-3-karachi-iid-1118746211,Apartment,For Rent,"1,750 SQFT",3,4,1 day ago,Rs 1.80 Lac,"Clifton - Block 3, Karachi",Karachi,OLX
https://www.olx.com.pk/item/3-bedroom-apartment-for-rent-dha-phase-6-khayaban-e-ittehad-iid-1118744105,Room,For Rent,"1,200 SQFT",3,3,1 day ago,Rs 1.50 Lac,"DHA Phase 6, Karachi",Karachi,OLX
https://www.olx.com.pk/item/ground-floor-portion-for-rent-iid-1118743885,Other,For Rent,120 SQYD,2,2,1 day ago,"Rs 80,000","DHA Phase 1, Karachi",Karachi,OLX
https://www.olx.com.pk/item/shop-with-furniture-200-feet-main-road-facing-power-house-chowrangi-north-khi-sector-11a-iid-1118535164,House,For Rent,"1,080 SQFT",,1,1 day ago,"Rs 80,000","North Karachi, Karachi",Karachi,OLX
https://www.olx.com.pk/item/shop-with-attached-bath-extra-land-north-karachi-sector-11a-near-power-house-chowrangi-iid-1118535608,House,For Rent,"1,100 SQFT",,1,1 day ago,"Rs 80,000","North Karachi - Sector 11A, Karachi",Karachi,OLX
https://www.olx.com.pk/item/shop-2045-extra-land-200-feet-road-facing-vip-location-north-karachi-sector-11-a-iid-1118477564,Shop,For Rent,240 SQYD,,1,1 day ago,"Rs 85,000","North Karachi - Sector 11A, Karachi",Karachi,OLX
https://www.olx.com.pk/item/luxury-3-bedroom-west-open-apartment-for-rent-in-creek-vistas-iid-1118649260,Room,For Rent,"3,200 SQFT",3,4,2 hours ago,Rs 3.50 Lac,"Creek Vista, Karachi",Karachi,OLX
https://www.olx.com.pk/item/office-available-for-rent-iid-1117691530,Office,For Rent,"1,700 SQFT",,2,4 days ago,Rs 2.35 Lac,"Shahra-e-Faisal, Karachi",Karachi,OLX
https://www.olx.com.pk/item/get-a-1200-square-feet-flat-for-rent-in-emaar-the-views-iid-1118649586,Flat,For Rent,"1,200 SQFT",1,1,2 hours ago,Rs 3 Lac,"Emaar The Views, Karachi",Karachi,OLX
https://www.olx.com.pk/item/available-furnish-commercial-rent-iid-1117992139,Other,For Rent,250 SQYD,,3,16 hours ago,Rs 3.90 Lac,"Gulshan-E-Iqbal Block 2, Karachi",Karachi,OLX
https://www.olx.com.pk/item/house-available-for-rent-in-defense-view-society-karachi-iid-1118742077,House,For Rent,120 SQYD,3,3,1 day ago,Rs 1.14 Lac,"Defence View Society, Karachi",Karachi,OLX
https://www.olx.com.pk/item/upper-portion-for-rent-iid-1118740792,Upper Portion,For Rent,"1,500 SQFT",3,3,1 day ago,Rs 1.50 Lac,"PECHS, Karachi",Karachi,OLX
https://www.olx.com.pk/item/central-information-society-portion-for-rent-scheme-33-near-safora-churangi-rim-jhim-tower-contact-hiba-estate-03-31-83-815-86-iid-1118738739,Other,For Rent,400 SQYD,3,3,1 day ago,Rs 1.30 Lac,"Central Information Cooperative Housing Society, Karachi",Karachi,OLX
https://www.olx.com.pk/item/sami-furnished-office-for-rent-900sqft-in-shahar-e-faisal-iid-1118738325,Office,For Rent,900 SQFT,,2,1 day ago,"Rs 95,000","Shahra-e-Faisal, Karachi",Karachi,OLX
https://www.olx.com.pk/item/2000-sq-ft-office-for-rent-2nd-floor-3-chambers-big-hall-well-maintained-iid-1118736110,Office,For Rent,"2,000 SQFT",,2,1 day ago,Rs 3 Lac,"Al-Murtaza Commercial Area, Karachi",Karachi,OLX
https://www.olx.com.pk/item/588-sq-ft-office-for-rent-alamgir-road-karachi-247-office-building-reserved-parking-iid-1118735576,Office,For Rent,588 SQFT,,1,1 day ago,Rs 1.20 Lac,"Alamgir Road, Karachi",Karachi,OLX
https://www.olx.com.pk/item/spacious-2-bed-drawing-lounge-for-rent-near-imtiaz-express-tv-station-iid-1118735306,Other,For Rent,"1,000 SQFT",2,2,1 day ago,"Rs 80,000","Bahadurabad, Karachi",Karachi,OLX
https://www.olx.com.pk/item/corner-shop-with-double-shutters-north-nazimabad-block-n-iid-1118701940,Shop,For Rent,253 SQFT,,1,1 day ago,"Rs 60,000","North Nazimabad - Block N, Karachi",Karachi,OLX
https://www.olx.com.pk/item/fair-priced-950-square-feet-office-available-in-shahra-e-qaideen-iid-1118735097,Office,For Rent,950 SQFT,,1,1 day ago,Rs 1.70 Lac,"Shahra-e-Qaideen, Karachi",Karachi,OLX
https://www.olx.com.pk/item/a-great-choice-for-a-1400-square-feet-upper-portion-available-in-tariq-road-iid-1118735086,Upper Portion,For Rent,"1,400 SQFT",3,3,1 day ago,Rs 1.50 Lac,"Tariq Road, Karachi",Karachi,OLX
https://www.olx.com.pk/item/brand-new-flat-for-rent-iid-1118735080,Flat,For Rent,"1,400 SQFT",2,2,1 day ago,Rs 1.25 Lac,"Delhi Mercentile Society, Karachi",Karachi,OLX
https://www.olx.com.pk/item/flat-for-rent-3-bed-drawing-iid-1118735076,Flat,For Rent,800 SQFT,3,3,1 day ago,Rs 1.65 Lac,"Pechs II, Karachi",Karachi,OLX
https://www.olx.com.pk/item/office-is-available-for-rent-iid-1118735068,Office,For Rent,700 SQFT,,1,1 day ago,"Rs 65,000","Pechs II, Karachi",Karachi,OLX
https://www.olx.com.pk/item/office-for-rent-iid-1118735056,Office,For Rent,664 SQFT,,1,1 day ago,"Rs 95,000","Khalid Bin Walid Road, Karachi",Karachi,OLX
https://www.olx.com.pk/item/office-for-rent-in-tariq-road-iid-1118735047,Office,For Rent,600 SQFT,,1,1 day ago,"Rs 65,000","Tariq Road, Karachi",Karachi,OLX
https://www.olx.com.pk/item/rooms-available-for-families-and-couples-iid-1100395936,Room,For Rent,,6,7,2 days ago,"Rs 3,000","Gulshan-E-Iqbal Block 3, Karachi",Karachi,OLX
https://www.olx.com.pk/item/private-and-shared-rooms-in-dha-for-working-professionals-and-bachelors-iid-1118055291,Room,For Rent,,,,1 week ago,"Rs 30,000","Bukhari Commercial Area, Karachi",Karachi,OLX
https://www.olx.com.pk/item/fully-furnished-offices-meznine-for-rent-dha-phase-2-ext-iid-1118019355,Office,For Rent,"1,650 SQFT",,2,5 days ago,Rs 2 Lac,"DHA Phase 2 Extension, Karachi",Karachi,OLX
https://www.olx.com.pk/item/office-for-rent-in-tariq-road-iid-1118735015,Office,For Rent,850 SQFT,,1,1 day ago,"Rs 85,000","Tariq Road, Karachi",Karachi,OLX
https://www.olx.com.pk/item/flat-is-available-for-rent-iid-1118735005,Flat,For Rent,900 SQFT,2,2,1 day ago,"Rs 90,000","Pechs II, Karachi",Karachi,OLX
https://www.olx.com.pk/item/shop-for-rent-in-tariq-road-iid-1118735001,Shop,For Rent,300 SQFT,,1,1 day ago,"Rs 85,000","Tariq Road, Karachi",Karachi,OLX
https://www.olx.com.pk/item/shop-for-grabs-in-350-square-feet-karachi-iid-1118734997,Shop,For Rent,350 SQFT,,1,1 day ago,"Rs 75,000","Pechs II, Karachi",Karachi,OLX
https://www.olx.com.pk/item/shop-for-rent-iid-1118734987,Shop,For Rent,300 SQFT,,1,1 day ago,Rs 1.30 Lac,"Pechs II, Karachi",Karachi,OLX
https://www.olx.com.pk/item/sharing-room-available-iid-1118734986,Room,For Rent,,,,1 day ago,"Rs 19,000","Pechs II, Karachi",Karachi,OLX
https://www.olx.com.pk/item/sharing-room-for-rent-iid-1118734985,Room,For Rent,,,,1 day ago,"Rs 19,000","Tariq Road, Karachi",Karachi,OLX
https://www.olx.com.pk/item/600yard-first-floor-4bed-dd-jauhor-block-14-near-darul-sehat-hospital-iid-1118733799,Other,For Rent,600 SQYD,4,4,1 day ago,Rs 1.60 Lac,"Gulistan-e-Jauhar Block 14, Karachi",Karachi,OLX
https://www.olx.com.pk/item/160sq-yard-bungalow-block-d-iid-1118700531,Other,For Rent,160 SQYD,5,5,1 day ago,Rs 1.60 Lac,"Naya Nazimabad, Karachi",Karachi,OLX
https://www.olx.com.pk/item/phase-5-1000-sqft-appartment-for-rent-iid-1118732665,Other,For Rent,"1,000 SQFT",2,2,1 day ago,"Rs 70,000","DHA Phase 5, Karachi",Karachi,OLX
https://www.olx.com.pk/item/full-renovated-flat-for-rent-available-iid-1047125880,Flat,For Rent,"1,000 SQFT",2,2,1 day ago,"Rs 55,000","North Nazimabad, Karachi",Karachi,OLX
https://www.olx.com.pk/item/460-sqyards-fully-renovated-1st-floor-corner-video-available-3bed-dd-planning-200-ft-road-facing-sweet-water-no-load-shedding-parking-best-for-residential-north-nazimabad-block-n-iid-1118729157,Other,For Rent,460 SQYD,3,3,1 day ago,Rs 1.40 Lac,"North Nazimabad - Block N, Karachi",Karachi,OLX
https://www.olx.com.pk/item/office-for-rent-gulistan-e-jauhar-block-14-iid-1118374718,Office,For Rent,400 SQFT,,1,1 day ago,"Rs 40,000","Gulistan-e-Jauhar Block 14, Karachi",Karachi,OLX
https://www.olx.com.pk/item/office-for-rent-in-gulistan-e-jauhar-block-14-iid-1118728440,Office,For Rent,600 SQFT,,1,1 day ago,"Rs 80,000","Gulistan-e-Jauhar Block 14, Karachi",Karachi,OLX
https://www.olx.com.pk/item/office-for-rent-in-gulistan-e-jauhar-block-12-iid-1118467637,Office,For Rent,410 SQFT,,1,1 day ago,"Rs 52,000","Gulistan-e-Jauhar, Karachi",Karachi,OLX
https://www.olx.com.pk/item/king-cottages-phase-ii-3-bed-dd-for-rent-iid-1118552323,Other,For Rent,"1,450 SQFT",3,3,6 days ago,"Rs 65,000","Kings Cottages, Karachi",Karachi,OLX
https://www.olx.com.pk/item/premium-co-working-space-availableearly-time-available-only-iid-1114647377,Other,For Rent,100 SQFT,,1,4 weeks ago,"Rs 10,000","Nazimabad 4 - Block F, Karachi",Karachi,OLX
https://www.olx.com.pk/item/ready-to-buy-a-house-in-dha-phase-7-karachi-iid-1117780927,House,For Rent,500 SQYD,5,5,6 days ago,Rs 6 Lac,"DHA Phase 7, Karachi",Karachi,OLX
https://www.olx.com.pk/item/duplex-available-for-rent-silent-commercial-iid-1118571819,Other,For Rent,"2,200 SQFT",4,4,4 days ago,Rs 2.50 Lac,"Pechs II, Karachi",Karachi,OLX
https://www.olx.com.pk/item/furnished-office-for-rent-gulistan-e-jauhar-block-12-iid-1117778315,Office,For Rent,410 SQFT,,1,1 day ago,"Rs 70,000","Gulistan-e-Jauhar Block 12, Karachi",Karachi,OLX
https://www.olx.com.pk/item/office-for-rent-gulistan-e-jauhar-block-12-iid-1117631026,Office,For Rent,410 SQFT,,1,1 day ago,"Rs 52,000","Gulistan-e-Jauhar Block 12, Karachi",Karachi,OLX
https://www.olx.com.pk/item/office-for-rent-gulistan-e-jauhar-block-14-near-red-apple-iid-1118728434,Office,For Rent,600 SQFT,,1,1 day ago,"Rs 80,000","Gulistan-e-Jauhar Block 14, Karachi",Karachi,OLX
https://www.olx.com.pk/item/office-for-rent-gulistan-e-jauhar-block-14-near-red-apple-iid-1118728345,Office,For Rent,450 SQFT,,1,1 day ago,"Rs 50,000","Gulistan-e-Jauhar Block 14, Karachi",Karachi,OLX
https://www.olx.com.pk/item/office-for-rent-gulistan-e-jauhar-block-14-near-red-apple-iid-1118288749,Office,For Rent,600 SQFT,,1,1 day ago,"Rs 80,000","Gulistan-e-Jauhar Block 14, Karachi",Karachi,OLX
https://www.olx.com.pk/item/office-required-for-rent-gulistan-e-jauhar-direct-owner-contact-iid-1117956122,Office,For Rent,500 SQFT,,1,1 day ago,"Rs 50,000","Gulistan-e-Jauhar, Karachi",Karachi,OLX
https://www.olx.com.pk/item/shop-for-rent-nazimabad-no-4-near-imtiaz-super-store-iid-1117864420,Shop,For Rent,"1,120 SQFT",,1,1 day ago,Rs 2.50 Lac,"Nazimabad 4, Karachi",Karachi,OLX
https://www.olx.com.pk/item/office-for-rent-gulistan-e-jauhar-block-17-near-balochistan-sajji-iid-1117577438,Office,For Rent,600 SQFT,,1,1 day ago,Rs 1 Lac,"Gulistan-e-Jauhar Block 17, Karachi",Karachi,OLX
https://www.olx.com.pk/item/showroom-available-for-rent-prime-location-iid-1118580416,Room,For Rent,"1,250 SQFT",,1,2 days ago,Rs 6.50 Lac,"Khalid Bin Walid Road, Karachi",Karachi,OLX
https://www.olx.com.pk/item/shop-available-for-rent-dolmen-mall-tariq-road-iid-1118567331,Shop,For Rent,760 SQFT,,1,1 day ago,Rs 11 Lacs,"Tariq Road, Karachi",Karachi,OLX
https://www.olx.com.pk/item/shop-for-rent-prime-commercial-location-iid-1118535975,Shop,For Rent,"2,000 SQFT",,1,2 days ago,Rs 5 Lac,"Alamgir Road, Karachi",Karachi,OLX
https://www.olx.com.pk/item/shop-available-on-rent-m-ali-society-iid-1118151235,Shop,For Rent,"1,800 SQFT",,1,1 day ago,Rs 10 Lacs,"Mohammad Ali Society, Karachi",Karachi,OLX
https://www.olx.com.pk/item/house-for-rent-on-saba-avenue-iid-1118411012,House,For Rent,500 SQYD,6,6,2 days ago,Rs 4.50 Lac,"DHA Phase 5, Karachi",Karachi,OLX
https://www.olx.com.pk/item/upper-portion-for-rent-on-khayaban-e-iqbal-iid-1118407972,Upper Portion,For Rent,500 SQYD,3,3,2 days ago,Rs 2.50 Lac,"DHA Phase 8, Karachi",Karachi,OLX
https://www.olx.com.pk/item/beautiful-home-porion-iid-1118726388,Other,For Rent,400 SQYD,3,4,2 days ago,Rs 1.20 Lac,"Pak Ideal Cooperative Housing Society, Karachi",Karachi,OLX
https://www.olx.com.pk/item/3-bed-west-open-apartment-in-chapal-skymark-iid-1117901618,Apartment,For Rent,"2,500 SQFT",3,3,4 days ago,Rs 2.70 Lac,"Clifton - Block 8, Karachi",Karachi,OLX
https://www.olx.com.pk/item/affordable-prime-location-flat-for-rent-in-emaar-the-views-iid-1117755003,Flat,For Rent,"2,700 SQFT",3,3,4 weeks ago,Rs 3.80 Lac,"Emaar The Views, Karachi",Karachi,OLX
https://www.olx.com.pk/item/daily-weekly-basis-furnished-family-friendly-room-for-rent-available-iid-1117747242,Room,For Rent,,,,4 weeks ago,"Rs 8,000","DHA Phase 5, Karachi",Karachi,OLX
https://www.olx.com.pk/item/office-available-for-rent-iid-1117691608,Office,For Rent,"4,000 SQFT",,1,4 days ago,Rs 3.65 Lac,"Shahra-e-Faisal, Karachi",Karachi,OLX
https://www.olx.com.pk/item/vip-new-lavish-furnished-flat-for-rent-fully-renuwated-just-like-new-only-for-long-term-agreement-1-st-floor-iid-1118726312,Flat,For Rent,"1,000 SQFT",2,2,2 days ago,Rs 1.40 Lac,"DHA Phase 5, Karachi",Karachi,OLX
https://www.olx.com.pk/item/full-furnished-office-space-available-on-rent-pechs-iid-1118724927,Office,For Rent,400 SQYD,,3,2 days ago,Rs 6 Lac,"PECHS Block 3, Karachi",Karachi,OLX
https://www.olx.com.pk/item/showroom-available-for-rent-scheme33-iid-1118724829,Room,For Rent,"8,000 SQFT",,3,2 days ago,Rs 30 Lacs,"Madras Cooperative Housing Society, Karachi",Karachi,OLX
https://www.olx.com.pk/item/prime-ground-floor-commercial-space-on-100-ft-road-in-block-15-perfect-for-offices-coaching-centers-businesses-near-main-road-market-public-transport-iid-1118457202,Office,For Rent,240 SQYD,,2,2 days ago,Rs 1.60 Lac,"Gulistan-e-Jauhar Block 15, Karachi",Karachi,OLX
https://www.olx.com.pk/item/premium-silent-commercial-space-available-on-ground-floor-ideal-for-software-houses-it-offices-coaching-centers-corporate-setups-in-a-prime-100-ft-road-facing-location-vip-block-15-johar-iid-1118457179,House,For Rent,240 SQYD,,2,2 days ago,Rs 1.50 Lac,"Gulistan-e-Jauhar Block 15, Karachi",Karachi,OLX
https://www.olx.com.pk/item/ideal-office-in-karachi-available-iid-1117660728,Office,For Rent,240 SQYD,,3,2 days ago,Rs 1.14 Lac,"Gulistan-e-Jauhar Block 15, Karachi",Karachi,OLX
https://www.olx.com.pk/item/commercial-bungalow-available-for-rent-pechs-iid-1118724654,Other,For Rent,600 SQYD,6,3,2 days ago,Rs 7 Lac,"PECHS Block 6, Karachi",Karachi,OLX
https://www.olx.com.pk/item/commercial-bungalow-available-on-rent-clifton-iid-1118724635,Other,For Rent,"1,100 SQYD",6,7,2 days ago,Rs 16 Lacs,"Clifton - Block 6, Karachi",Karachi,OLX
https://www.olx.com.pk/item/furnished-office-for-rent-ideal-location-gulshan-e-iqbal-block-13-b-iid-1118724182,Office,For Rent,"1,000 SQFT",,1,2 days ago,Rs 1.25 Lac,"Gulshan-e-Iqbal - Block 13/B, Karachi",Karachi,OLX
https://www.olx.com.pk/item/shop-for-rent-near-sindhbad-block-10-a-gulshan-e-iqbal-karachi-rashid-minhas-road-iid-1118724180,Shop,For Rent,440 SQFT,,1,2 days ago,"Rs 82,000","Gulshan-e-Iqbal - Block 10-A, Karachi",Karachi,OLX
https://www.olx.com.pk/item/office-for-rent-gulshan-e-iqbal-block-13-c-iid-1118724178,Office,For Rent,"1,100 SQFT",,1,2 days ago,Rs 1.10 Lac,"Gulshan-e-Iqbal - Block 13/C, Karachi",Karachi,OLX
https://www.olx.com.pk/item/subhan-palace-family-guest-house-gulshan-near-millennium-airport-iid-1091135292,House,For Rent,,6,7,2 days ago,"Rs 5,000","Gulshan-E-Iqbal Block 10, Karachi",Karachi,OLX
https://www.olx.com.pk/item/3-bed-dd-only-for-short-term-for-rent-iid-1117634872,Other,For Rent,"1,800 SQFT",3,3,2 days ago,Rs 1.90 Lac,"Clifton - Block 2, Karachi",Karachi,OLX
https://www.olx.com.pk/item/3-bed-d-d-flat-for-rent-iid-1117917163,Flat,For Rent,"1,350 SQFT",3,3,2 days ago,"Rs 95,000","North Nazimabad - Block H, Karachi",Karachi,OLX
https://www.olx.com.pk/item/shop-for-rent-2-side-corner-iid-1117876157,Shop,For Rent,200 SQFT,,1,2 days ago,"Rs 20,000","Grey Noor Tower & Shopping Mall, Karachi",Karachi,OLX
https://www.olx.com.pk/item/ground-floor-shop-for-rent-in-i8-markaz-islamabad-near-roundabout-iid-1116908619,Shop,For Rent,880 SQFT,,1,15 hours ago,Rs 7.50 Lac,"I-8 Markaz, Islamabad",Islamabad,OLX
https://www.olx.com.pk/item/greenfield-cottage-boys-hostel-iid-1080886813,Other,For Rent,,,,4 weeks ago,"Rs 20,000","E-11/4, Islamabad",Islamabad,OLX
https://www.olx.com.pk/item/al-wahab-boys-hostel-paying-guest-iid-1118248563,Other,For Rent,,,,2 weeks ago,"Rs 20,000","F-11/1, Islamabad",Islamabad,OLX
https://www.olx.com.pk/item/commercial-unit-for-rent-iid-1117641187,Other,For Rent,550 SQFT,,1,6 days ago,Rs 1 Lac,"G-8 Markaz, Islamabad",Islamabad,OLX
https://www.olx.com.pk/item/6-kanal-yardwarehouse-available-for-rent-iid-1117411878,House,For Rent,6 Kanal,,1,1 week ago,Rs 2.50 Lac,"Tarnol, Islamabad",Islamabad,OLX
https://www.olx.com.pk/item/royal-islamabad-boys-hostel-multi-branches-iid-1066389241,Other,For Rent,,,,5 days ago,"Rs 14,500","E-11/3, Islamabad",Islamabad,OLX
https://www.olx.com.pk/item/paradise-boys-hostel-g11-islamabad-iid-1117738328,Other,For Rent,,,,4 weeks ago,"Rs 18,500","G-11/2, Islamabad",Islamabad,OLX
https://www.olx.com.pk/item/mahnoor-gm-girls-hostel-iid-1114565176,Other,For Rent,,,,4 weeks ago,"Rs 16,000","I-10/2, Islamabad",Islamabad,OLX
https://www.olx.com.pk/item/3-bed-upper-portion-available-for-rent-in-e-11-iid-1117462367,Upper Portion,For Rent,1 Kanal,3,3,3 weeks ago,Rs 2 Lac,"E-11/3, Islamabad",Islamabad,OLX
https://www.olx.com.pk/item/2-bhk-furnished-luxurious-apartment-daily-basis-and-weekly-available-iid-1118788571,Apartment,For Rent,"1,600 SQFT",2,2,1 hour ago,"Rs 24,000","Skypark One, Islamabad",Islamabad,OLX
https://www.olx.com.pk/item/1-bhk-furnished-apartment-available-for-daily-basis-weekly-iid-1118476267,Apartment,For Rent,"1,250 SQFT",1,1,2 hours ago,"Rs 9,000","Gulberg Greens, Islamabad",Islamabad,OLX
https://www.olx.com.pk/item/daily-basis-2-bad-room-furnished-apartment-available-iid-1118475808,Room,For Rent,"1,250 SQFT",2,2,2 hours ago,"Rs 15,000","Gulberg Greens, Islamabad",Islamabad,OLX
https://www.olx.com.pk/item/2-bhk-furnished-apartment-daily-basis-and-weekly-available-iid-1117859809,Apartment,For Rent,"1,250 SQFT",2,2,2 hours ago,"Rs 15,000","Gulberg Greens, Islamabad",Islamabad,OLX
https://www.olx.com.pk/item/1-bhk-furnished-apartment-available-for-daily-basis-weekly-iid-1118786362,Apartment,For Rent,780 SQFT,1,1,2 hours ago,"Rs 9,000","Gulberg Greens, Islamabad",Islamabad,OLX
https://www.olx.com.pk/item/2-bhk-furnished-apartment-daily-basis-and-weekly-available-in-islamabad-iid-1118678660,Apartment,For Rent,"1,250 SQFT",2,2,2 hours ago,"Rs 15,000","Gulberg Greens, Islamabad",Islamabad,OLX
https://www.olx.com.pk/item/2-bhk-furnished-apartment-daily-basis-and-weekly-available-iid-1118583563,Apartment,For Rent,"1,250 SQFT",2,2,2 hours ago,"Rs 15,000","Gulberg Greens, Islamabad",Islamabad,OLX
https://www.olx.com.pk/item/2-bhk-furnished-apartment-daily-basis-and-weekly-available-iid-1118515429,Apartment,For Rent,"1,400 SQFT",2,2,2 hours ago,"Rs 23,000","Skypark One, Islamabad",Islamabad,OLX
https://www.olx.com.pk/item/5-marla-first-floor-available-for-rent-iid-1118788182,Other,For Rent,5 Marla,2,2,2 hours ago,"Rs 25,000","Ghauri Town Phase 4 C2, Islamabad",Islamabad,OLX
https://www.olx.com.pk/item/5-marla-3rd-floor-available-for-rent-iid-1118788140,Other,For Rent,5 Marla,2,2,2 hours ago,"Rs 20,000","Ghauri Town Phase 5A, Islamabad",Islamabad,OLX
https://www.olx.com.pk/item/par-day-one-bed-fully-furnished-apartment-available-for-rent-in-gulberg-green-islamabad-iid-1118788063,Apartment,For Rent,780 SQFT,1,1,2 hours ago,"Rs 3,000","Gulberg Greens, Islamabad",Islamabad,OLX
https://www.olx.com.pk/item/par-day-one-bed-fully-furnished-apartment-available-for-rent-in-gulberg-green-islamabad-iid-1118787935,Apartment,For Rent,750 SQFT,1,1,2 hours ago,"Rs 7,500","Gulberg Greens, Islamabad",Islamabad,OLX
https://www.olx.com.pk/item/par-day-two-bed-fully-furnished-apartment-available-for-rent-in-gulberg-green-islamabad-iid-1118787830,Apartment,For Rent,780 SQFT,2,2,2 hours ago,"Rs 11,000","Gulberg Greens, Islamabad",Islamabad,OLX
https://www.olx.com.pk/item/two-bedroom-apartment-available-for-in-capital-residencia-iid-1118787696,Room,For Rent,900 SQFT,2,2,2 hours ago,"Rs 66,000","Capital Residencia, Islamabad",Islamabad,OLX
https://www.olx.com.pk/item/par-day-studio-apartment-available-for-rent-in-gulberg-green-islamabad-iid-1118787633,Apartment,For Rent,312 SQFT,Studio,1,2 hours ago,"Rs 5,000","Gulberg Greens, Islamabad",Islamabad,OLX
https://www.olx.com.pk/item/furnished-rooms-for-rent-monthly-right-next-to-g-94-metro-stati-iid-1118683069,Room,For Rent,,,,3 days ago,"Rs 60,000","G-9/4, Islamabad",Islamabad,OLX
https://www.olx.com.pk/item/8-marla-fully-furnished-house-short-term-basis-in-bahria-enclave-islamabad-iid-1117321507,House,For Rent,8 Marla,4,5,7 hours ago,Rs 2.70 Lac,"Bahria Enclave - Sector B1, Islamabad",Islamabad,OLX
https://www.olx.com.pk/item/10-marla-35x70-ground-portion-available-for-rent-g-134-isb-iid-1117585607,Other,For Rent,10 Marla,3,3,2 days ago,Rs 1.25 Lac,"G-13, Islamabad",Islamabad,OLX
https://www.olx.com.pk/item/furnished-studio-apartment-for-daily-rental-in-b17-iid-1117595006,Apartment,For Rent,,Studio,1,4 weeks ago,"Rs 4,000","MPCHS - Multi Gardens, Islamabad",Islamabad,OLX
https://www.olx.com.pk/item/full-house-for-rent-dha-1-iid-1118554194,House,For Rent,8 Marla,4,5,2 days ago,Rs 1.30 Lac,"DHA Defence Phase 1, Islamabad",Islamabad,OLX
https://www.olx.com.pk/item/furnished-apartments-available-iid-1117763543,Apartment,For Rent,"1,775 SQFT",3,3,4 days ago,"Rs 5,000","Ghauri Town Phase 1, Islamabad",Islamabad,OLX
https://www.olx.com.pk/item/gulberg-boys-hostel-gulberg-greens-iid-1110934729,Other,For Rent,,,,4 weeks ago,"Rs 15,000","Gulberg Civic Center, Islamabad",Islamabad,OLX
https://www.olx.com.pk/item/vip-family-guest-house-for-short-stayper-day-apartments-hotel-rooms-in-islamabad-iid-1117656066,Room,For Rent,733 SQFT,1,1,4 weeks ago,"Rs 5,000","Islamabad Expressway, Islamabad",Islamabad,OLX
https://www.olx.com.pk/item/private-team-office-for-rent-iid-1118062967,Office,For Rent,"7,500 SQFT",,7,6 days ago,Rs 3 Lac,"Blue Area, Islamabad",Islamabad,OLX
https://www.olx.com.pk/item/3-marla-ground-floor-for-rent-iid-1118786939,Other,For Rent,3 Marla,2,2,3 hours ago,"Rs 23,000","Ghauri Garden, Islamabad",Islamabad,OLX
https://www.olx.com.pk/item/7-marla-ground-floor-for-rent-iid-1118786930,Other,For Rent,7 Marla,3,3,3 hours ago,"Rs 50,000","Ghauri Town Phase 4A, Islamabad",Islamabad,OLX
https://www.olx.com.pk/item/sami-furnished-studio-flat-for-rent-iid-1118786927,Flat,For Rent,500 SQFT,1,1,3 hours ago,"Rs 35,000","Ghauri Town Phase 5A, Islamabad",Islamabad,OLX
https://www.olx.com.pk/item/2-bed-bachelor-flat-for-rent-iid-1118786923,Flat,For Rent,500 SQFT,3,2,3 hours ago,"Rs 28,000","Ghauri Town Phase 5B, Islamabad",Islamabad,OLX
https://www.olx.com.pk/item/1st-floor-hall-for-rent-iid-1118786918,Other,For Rent,"1,600 SQFT",,2,3 hours ago,"Rs 75,000","Ghauri Town Phase 5A, Islamabad",Islamabad,OLX
https://www.olx.com.pk/item/5-marla-ground-floor-for-rent-iid-1118786913,Other,For Rent,5 Marla,2,3,3 hours ago,"Rs 35,000","Ghauri Town Phase 4A, Islamabad",Islamabad,OLX
https://www.olx.com.pk/item/furnished-room-available-in-g111-for-male-iid-1118786893,Room,For Rent,,,,3 hours ago,"Rs 35,000","G-11/1, Islamabad",Islamabad,OLX
https://www.olx.com.pk/item/5-marla-2nd-floor-for-rent-iid-1118786803,Other,For Rent,5 Marla,2,1,3 hours ago,"Rs 20,000","Ghauri Town Phase 4B, Islamabad",Islamabad,OLX
https://www.olx.com.pk/item/5-marla-duble-story-house-for-rent-iid-1118786526,House,For Rent,5 Marla,4,5,3 hours ago,"Rs 70,000","Ghauri Town Phase 5B, Islamabad",Islamabad,OLX
https://www.olx.com.pk/item/full-furnished-flat-for-rent-iid-1118786443,Flat,For Rent,750 SQFT,2,2,3 hours ago,"Rs 55,000","Ghauri Town Phase 4A, Islamabad",Islamabad,OLX
https://www.olx.com.pk/item/g-132-upper-portion-for-rent-10-marla-iid-1118785691,Upper Portion,For Rent,10 Marla,4,5,4 hours ago,Rs 1.25 Lac,"G-13/2, Islamabad",Islamabad,OLX
https://www.olx.com.pk/item/per-day-weekly-basic-and-monthly-basic-apertment-available-in-gulberg-greens-islamabad-iid-1118785124,Other,For Rent,595 SQFT,1,1,4 hours ago,"Rs 8,000","Gulberg Greens, Islamabad",Islamabad,OLX
https://www.olx.com.pk/item/rent-the-ideally-located-house-for-an-incredible-price-of-pkr-rs-70000-iid-1118785063,House,For Rent,9 Marla,2,2,4 hours ago,"Rs 70,000","Margalla View Society - Block A, Islamabad",Islamabad,OLX
https://www.olx.com.pk/item/per-day-weekly-basic-and-monthly-basic-apertment-available-in-gulberg-greens-islamabad-iid-1118745703,Other,For Rent,655 SQFT,1,1,4 hours ago,"Rs 8,000","Gulberg Greens, Islamabad",Islamabad,OLX
https://www.olx.com.pk/item/family-guest-house-short-stay-per-day-hotel-room-studio-flats-couple-family-hotel-rooms-iid-1118784592,Room,For Rent,,,,4 hours ago,"Rs 6,000","Gulberg Greens, Islamabad",Islamabad,OLX
https://www.olx.com.pk/item/brand-new-groundbasement-up-for-rent-iid-1118430773,Other,For Rent,10 Marla,5,5,4 days ago,Rs 3.50 Lac,"G-9/3, Islamabad",Islamabad,OLX
https://www.olx.com.pk/item/office-space-for-rent-in-islamabad-stock-exchange-building-blue-area-jinaah-avenue-islamabad-iid-1118150394,Office,For Rent,937 SQFT,,1,2 weeks ago,Rs 3.10 Lac,"ISE Tower, Islamabad",Islamabad,OLX
https://www.olx.com.pk/item/royal-heaven-girls-hostel-iid-1118714698,Other,For Rent,,,,2 days ago,"Rs 18,000","G-9/4, Islamabad",Islamabad,OLX
https://www.olx.com.pk/item/girls-hostel-i-8-islamabad-iid-1102176684,Other,For Rent,,,,2 weeks ago,"Rs 18,000","I-8/2, Islamabad",Islamabad,OLX
https://www.olx.com.pk/item/family-and-couple-rooms-for-short-time-per-day-guest-house-hotel-rooms-apartments-iid-1118717101,Room,For Rent,334 SQFT,1,1,2 days ago,"Rs 5,000","Gulberg Greens, Islamabad",Islamabad,OLX
https://www.olx.com.pk/item/daily-weekly-monthly-basice-flat-apartment-house-portion-available-for-rent-full-furnished-apartment-all-facilities-available-for-more-information-contact-me-0314-5326-292-iid-1117121556,Flat,For Rent,619 SQFT,1,1,2 days ago,"Rs 7,500","H-13, Islamabad",Islamabad,OLX
https://www.olx.com.pk/item/2bed-unfurnished-apartment-available-monthly-rent-in-islamabad-e11-2-medical-society-iid-1118579241,Apartment,For Rent,380 SQFT,2,2,5 days ago,"Rs 55,000","E-11/2, Islamabad",Islamabad,OLX
https://www.olx.com.pk/item/tired-of-searching-for-the-right-girls-hostel-visit-us-first-iid-1118457670,Other,For Rent,,,,1 week ago,"Rs 17,999","G-9/4, Islamabad",Islamabad,OLX
https://www.olx.com.pk/item/shaheen-girls-hostel-i-8-near-numl-university-iqra-university-iid-1118770673,Other,For Rent,,,,10 hours ago,"Rs 23,000","I-8/2, Islamabad",Islamabad,OLX
https://www.olx.com.pk/item/rooms-flats-per-day-short-time-stay-best-guest-house-hotel-rooms-in-islamabad-iid-1118784578,Room,For Rent,234 SQFT,1,1,4 hours ago,"Rs 5,000","Ghauri Town Phase 5, Islamabad",Islamabad,OLX
https://www.olx.com.pk/item/family-furnished-rooms-guest-house-flats-studio-apartment-short-time-stay-per-day-iid-1118784572,Room,For Rent,,,,4 hours ago,"Rs 5,000","Ghauri Town Phase 5, Islamabad",Islamabad,OLX
https://www.olx.com.pk/item/family-and-couple-rooms-for-short-time-stay-per-day-guest-house-hotel-rooms-iid-1118784564,Room,For Rent,788 SQFT,1,1,4 hours ago,"Rs 5,000","Islamabad Expressway, Islamabad",Islamabad,OLX
https://www.olx.com.pk/item/family-friendly-guest-house-short-time-per-day-furnished-flats-hotel-rooms-iid-1118784563,Room,For Rent,,,,4 hours ago,"Rs 5,000","Gulberg Greens, Islamabad",Islamabad,OLX
https://www.olx.com.pk/item/rooms-flats-per-day-short-time-stay-best-guest-house-hotel-rooms-iid-1118784552,Room,For Rent,666 SQFT,1,1,4 hours ago,"Rs 6,000","Khanna Pul, Islamabad",Islamabad,OLX
https://www.olx.com.pk/item/g11-minnie-market-ground-floor-1600sq-open-space-available-for-rent-real-piks-iid-1118784506,Other,For Rent,"1,600 SQFT",,1,4 hours ago,Rs 3 Lac,"G-11/3, Islamabad",Islamabad,OLX
https://www.olx.com.pk/item/discounted-rate-for-1st-booking-in-hotel-sartaj-best-guest-house-in-islamabad-iid-1118784505,House,For Rent,,,,4 hours ago,"Rs 4,000","Islamabad Expressway, Islamabad",Islamabad,OLX
https://www.olx.com.pk/item/hotel-sartaj-discount-on-1st-booking-furnished-hotel-rooms-guest-house-1bed-2-bed-flats-iid-1118784496,Room,For Rent,,,,4 hours ago,"Rs 4,000","Gulberg, Islamabad",Islamabad,OLX
https://www.olx.com.pk/item/luxury-hotel-rooms-fully-furnished-family-guest-house-1-bed-2-bed-studio-flats-iid-1118784487,Room,For Rent,,,,4 hours ago,"Rs 4,000","Ghauri Town, Islamabad",Islamabad,OLX
https://www.olx.com.pk/item/studio-apartment-for-rent-daily-weekly-basis-flats-and-rooms-guest-house-in-islamabad-iid-1118784477,Room,For Rent,750 SQFT,1,1,4 hours ago,"Rs 4,500","Ghauri Town, Islamabad",Islamabad,OLX
https://www.olx.com.pk/item/fully-furnished-comfortable-rooms-furnished-flats-guest-house-hotel-rooms-iid-1118784474,Room,For Rent,,,,4 hours ago,"Rs 4,000","Gulberg Greens, Islamabad",Islamabad,OLX
https://www.olx.com.pk/item/rooms-apartments-short-stay-daily-basis-per-day-family-guest-house-hotel-rooms-for-rent-in-islamabad-iid-1118784461,Room,For Rent,377 SQFT,1,1,5 hours ago,"Rs 4,000","Ghauri Town Phase 5, Islamabad",Islamabad,OLX
https://www.olx.com.pk/item/family-guest-house-for-short-time-per-day-apartments-hotel-rooms-for-rent-in-islamabad-iid-1118784447,Room,For Rent,565 SQFT,1,1,5 hours ago,"Rs 5,000","Bhatti Town, Islamabad",Islamabad,OLX
https://www.olx.com.pk/item/furnished-rooms-studio-flat-for-families-short-time-daily-basis-guest-house-hotel-rooms-for-rent-in-islamabad-iid-1118784445,Room,For Rent,,,,5 hours ago,"Rs 5,000","I-8, Islamabad",Islamabad,OLX
https://www.olx.com.pk/item/daily-basis-short-stay-rooms-apartments-in-islamabad-guest-house-hotel-rooms-for-rent-iid-1118784428,Room,For Rent,666 SQFT,1,1,5 hours ago,"Rs 5,000","Bhatti Town, Islamabad",Islamabad,OLX
https://www.olx.com.pk/item/e11-guest-house-iid-1112739275,House,For Rent,,6,7,1 week ago,"Rs 3,000","FECHS, Islamabad",Islamabad,OLX
https://www.olx.com.pk/item/big-size-penthouse-available-for-rent-in-e-11-islamabad-iid-1117672417,Penthouse,For Rent,"1,450 SQFT",2,2,4 weeks ago,"Rs 10,000","E-11/4, Islamabad",Islamabad,OLX
https://www.olx.com.pk/item/1-bed-semi-furnished-flat-available-for-rent-iid-1117949111,Flat,For Rent,150 SQFT,1,1,4 days ago,"Rs 35,000","Ghauri Town Phase 5A, Islamabad",Islamabad,OLX
https://www.olx.com.pk/item/8-marla-luxury-brand-new-house-for-rent-in-faisal-town-islamabad-iid-1117646990,House,For Rent,8 Marla,6,6,2 weeks ago,Rs 1.30 Lac,"Faisal Town Phase 1 - Block A, Islamabad",Islamabad,OLX
https://www.olx.com.pk/item/hourlyshort-stay-rooms-iid-1117564564,Room,For Rent,900 SQFT,1,1,4 weeks ago,"Rs 3,000","E-11/2, Islamabad",Islamabad,OLX
https://www.olx.com.pk/item/commercial-hall-available-for-rent-iid-1117864316,Other,For Rent,"1,300 SQFT",,2,6 days ago,"Rs 75,000","Ghauri Town Phase 5A, Islamabad",Islamabad,OLX
https://www.olx.com.pk/item/al-wahab-boys-hostel-paying-guest-iid-1118193283,Other,For Rent,,,,2 weeks ago,"Rs 20,500","F-11/1, Islamabad",Islamabad,OLX
https://www.olx.com.pk/item/1-bed-fully-furnished-flat-available-for-rent-iid-1118284812,Flat,For Rent,400 SQFT,1,1,2 weeks ago,"Rs 33,000","National Police Foundation O-9 - Block E, Islamabad",Islamabad,OLX
https://www.olx.com.pk/item/rooms-apartments-daily-basis-short-time-per-day-guest-house-rooms-hotel-rooms-for-rent-in-islamabad-iid-1118784417,Room,For Rent,521 SQFT,1,1,5 hours ago,"Rs 5,000","Islamabad Expressway, Islamabad",Islamabad,OLX
https://www.olx.com.pk/item/g-113-2040-full-house-available-for-rent-iid-1118784411,House,For Rent,800 SQFT,3,3,5 hours ago,"Rs 95,000","G-11/3, Islamabad",Islamabad,OLX
https://www.olx.com.pk/item/g11-markaz-new-plaza-vip-location-1st-floor-corner-858sq-fully-furnished-office-available-for-rent-real-piks-iid-1118784333,Office,For Rent,858 SQFT,,1,5 hours ago,Rs 2.29 Lac,"G-11 Markaz, Islamabad",Islamabad,OLX
https://www.olx.com.pk/item/g11-markaz-11x39429sq-margala-face-1st-floor-office-available-for-rent-iid-1118784331,Office,For Rent,429 SQFT,,1,5 hours ago,"Rs 75,000","G-11 Markaz, Islamabad",Islamabad,OLX
https://www.olx.com.pk/item/g11-markaz-ground-floor-margala-face-11x33363sq-shop-available-for-rent-iid-1118784327,Shop,For Rent,726 SQFT,,1,5 hours ago,Rs 1.50 Lac,"G-11 Markaz, Islamabad",Islamabad,OLX
https://www.olx.com.pk/item/g11-markaz-margala-facing-11x39429sq-office-available-for-rent-real-pics-iid-1118784326,Office,For Rent,429 SQFT,,1,5 hours ago,"Rs 45,000","G-11 Markaz, Islamabad",Islamabad,OLX
https://www.olx.com.pk/item/g-11-markaz-new-plaza-vip-location-double-road-corrner-1st-floor-860-square-feet-fully-furnished-office-available-for-rent-real-piks-iid-1118784315,Office,For Rent,860 SQFT,,1,5 hours ago,Rs 2.70 Lac,"G-11 Markaz, Islamabad",Islamabad,OLX
https://www.olx.com.pk/item/faisal-twon-phase1-fully-furnished-9th-floor-1300sq-2bed-flat-available-for-rent-iid-1118784314,Flat,For Rent,"1,300 SQFT",2,2,5 hours ago,Rs 1.20 Lac,"Faisal Town Phase 1, Islamabad",Islamabad,OLX
https://www.olx.com.pk/item/g-11-markaz-margalla-face-1st-floor-corner-620-square-feet-office-space-available-for-rent-real-pics-iid-1118784310,Office,For Rent,620 SQFT,,1,5 hours ago,Rs 1 Lac,"G-11 Markaz, Islamabad",Islamabad,OLX
https://www.olx.com.pk/item/g11-minnie-market-ground-floor-1600sq-open-space-available-for-rent-iid-1118784305,Other,For Rent,"1,600 SQFT",,1,5 hours ago,Rs 3 Lac,"G-11/1, Islamabad",Islamabad,OLX
https://www.olx.com.pk/item/g11-markaz-vip-location-858sq-fully-furnished-1st-floor-corner-office-available-for-rent-real-piks-lift-available-iid-1118784279,Office,For Rent,858 SQFT,,1,5 hours ago,Rs 2.29 Lac,"G-11 Markaz, Islamabad",Islamabad,OLX
https://www.olx.com.pk/item/g11-markaz-3th-floor-429sq-office-available-for-rent-lift-available-iid-1118784275,Office,For Rent,429 SQFT,,1,5 hours ago,"Rs 70,000","G-11 Markaz, Islamabad",Islamabad,OLX
https://www.olx.com.pk/item/60x100-with-basment-available-for-rent-with-all-basic-necessities-iid-1118784267,Other,For Rent,24 Marla,3,3,5 hours ago,Rs 1.50 Lac,"G-13, Islamabad",Islamabad,OLX
https://www.olx.com.pk/item/10-marla-ground-floor-with-all-basic-necessities-iid-1118784266,Other,For Rent,10 Marla,3,3,5 hours ago,Rs 1.25 Lac,"G-13, Islamabad",Islamabad,OLX
https://www.olx.com.pk/item/44-lower-portion-for-rent-for-small-family-iid-1118784261,Lower Portion,For Rent,"1,000 SQFT",2,2,5 hours ago,"Rs 62,000","G-13, Islamabad",Islamabad,OLX
https://www.olx.com.pk/item/10-marla-3beds-first-floor-available-for-rent-iid-1117561375,Other,For Rent,10 Marla,3,3,3 weeks ago,"Rs 60,000","Ghauri Town Phase 5A, Islamabad",Islamabad,OLX
https://www.olx.com.pk/item/royal-heaven-girls-hostel-iid-1118713569,Other,For Rent,,,,2 days ago,"Rs 17,500","I-8/2, Islamabad",Islamabad,OLX
https://www.olx.com.pk/item/123-bed-apartment-for-rent-per-day-daily-weekly-monthly-basis-b17faisal-margalla-cityg15-iid-1117581308,Apartment,For Rent,250 SQFT,1,1,4 weeks ago,"Rs 4,500","B-17, Islamabad",Islamabad,OLX
https://www.olx.com.pk/item/independent-full-house-for-rent-at-g-10-iid-1118331094,House,For Rent,12 Marla,5,5,3 days ago,Rs 3.50 Lac,"G-10, Islamabad",Islamabad,OLX
https://www.olx.com.pk/item/1-bed-perday-for-couples-families-f-11-iid-1115035624,Other,For Rent,3 Marla,1,1,2 weeks ago,"Rs 10,000","Executive Heights, Islamabad",Islamabad,OLX
https://www.olx.com.pk/item/fully-furnished-office-floor-for-rent-in-islamabad-it-mnc-call-center-oil-companies-ingos-iid-1118181379,Office,For Rent,"5,400 SQFT",,7,2 weeks ago,Rs 30 Lacs,"ISE Tower, Islamabad",Islamabad,OLX
https://www.olx.com.pk/item/f7-main-margala-furnished-house-for-rent-iid-1118221395,House,For Rent,500 SQYD,4,5,2 weeks ago,Rs 11.50 Lacs,"F-7/3, Islamabad",Islamabad,OLX
https://www.olx.com.pk/item/7-marla-ground-floor-for-rent-iid-1118784256,Other,For Rent,7 Marla,2,2,5 hours ago,"Rs 90,000","G-13, Islamabad",Islamabad,OLX
https://www.olx.com.pk/item/20-marla-upper-portion-with-all-basic-necessities-iid-1118784245,Upper Portion,For Rent,20 Marla,3,3,5 hours ago,Rs 1.50 Lac,"G-14, Islamabad",Islamabad,OLX
https://www.olx.com.pk/item/office-for-rent-in-rs-35000-iid-1118784244,Office,For Rent,450 SQFT,,1,5 hours ago,"Rs 35,000","Margalla View Housing Society, Islamabad",Islamabad,OLX
https://www.olx.com.pk/item/44-marla-full-house-with-all-basic-necessies-iid-1118784241,House,For Rent,990 SQFT,4,4,5 hours ago,Rs 1.14 Lac,"G-13, Islamabad",Islamabad,OLX
https://www.olx.com.pk/item/14-marla-portion-with-all-basic-necessities-iid-1118784236,Other,For Rent,14 Marla,4,3,5 hours ago,Rs 1.25 Lac,"G-13, Islamabad",Islamabad,OLX
https://www.olx.com.pk/item/1-bedroom-apartment-available-par-day-empire-heights-2-phase-6-iid-1118783854,Room,For Rent,700 SQFT,1,1,5 hours ago,"Rs 3,000","Bahria Town, Islamabad",Islamabad,OLX
https://www.olx.com.pk/item/1-bedroom-apartment-available-par-day-empire-heights-2-phase-6-iid-1118783843,Room,For Rent,700 SQFT,1,1,5 hours ago,"Rs 3,000","Bahria Town, Islamabad",Islamabad,OLX
https://www.olx.com.pk/item/g-11-fgeha-d-type-fully-renovated-ground-floor-flat-for-rent-iid-1118783840,Flat,For Rent,"1,000 SQFT",3,2,5 hours ago,Rs 1.10 Lac,"G-11/4, Islamabad",Islamabad,OLX
https://www.olx.com.pk/item/g-11-fgeha-d-type-fully-renovated-ground-floor-flat-for-rent-iid-1118783835,Flat,For Rent,"1,000 SQFT",3,2,5 hours ago,Rs 1.10 Lac,"G-11/3, Islamabad",Islamabad,OLX
https://www.olx.com.pk/item/g-11-fgeha-d-type-fully-renovated-ground-floor-flat-for-rent-iid-1118783824,Flat,For Rent,"1,000 SQFT",3,2,5 hours ago,Rs 1.10 Lac,"G-11/3, Islamabad",Islamabad,OLX
https://www.olx.com.pk/item/g-113-capital-heights-brand-new-apartment-flat-for-rent-iid-1118783810,Flat,For Rent,"2,150 SQFT",3,3,5 hours ago,Rs 1.55 Lac,"G-11, Islamabad",Islamabad,OLX
https://www.olx.com.pk/item/g-11-size-3060-ground-floor-portion-for-rent-iid-1118783790,Other,For Rent,8 Marla,3,3,5 hours ago,"Rs 90,000","G-11, Islamabad",Islamabad,OLX
https://www.olx.com.pk/item/1-bedroom-apartment-available-par-day-empire-heights-2-phase-6-iid-1118783787,Room,For Rent,700 SQFT,,,5 hours ago,"Rs 3,500","Bahria Town, Islamabad",Islamabad,OLX
https://www.olx.com.pk/item/one-bedroom-luxurious-furnished-apartment-available-for-rent-yearly-or-monthly-or-daily-basis-iid-1118320290,Room,For Rent,750 SQFT,1,1,5 hours ago,"Rs 60,000","Diamond Mall & Residency, Islamabad",Islamabad,OLX
https://www.olx.com.pk/item/two-bedroom-luxurious-furnished-apartment-available-for-rent-iid-1118783581,Room,For Rent,900 SQFT,2,3,5 hours ago,"Rs 75,000","Smama Star Mall & Residency, Islamabad",Islamabad,OLX
https://www.olx.com.pk/item/f-10-markaz-fully-furnished-48-rooms-with-attach-bath-hotel-building-available-for-rent-iid-1117472810,Room,For Rent,"16,000 SQFT",,1,3 days ago,Rs 80 Lacs,"F-10 Markaz, Islamabad",Islamabad,OLX
https://www.olx.com.pk/item/par-day-and-short-time-one-and-two-bed-room-appaertment-available-for-rent-bahria-town-phase-4-and-6-empire-heights-2-family-apartment-any-time-available-iid-1117958933,Room,For Rent,700 SQFT,1,1,3 weeks ago,"Rs 3,000","Bahria Town, Islamabad",Islamabad,OLX
https://www.olx.com.pk/item/office-for-rent-in-high-rise-towers-blue-area-jinnah-avenue-islamabad-iid-1118181783,Office,For Rent,"3,350 SQFT",,7,2 weeks ago,Rs 12 Lacs,"ISE Tower, Islamabad",Islamabad,OLX
https://www.olx.com.pk/item/9000-sqft-2-floor-commercial-rooftop-space-available-for-rent-in-f-8-markaz-islamabad-at-very-prime-location-iid-1117030556,Other,For Rent,"6,000 SQFT",,6,4 weeks ago,Rs 13 Lacs,"F-8, Islamabad",Islamabad,OLX
https://www.olx.com.pk/item/1-bedroom-fully-furnished-apartment-for-rent-in-zarkon-heights-islamabad-iid-1118718107,Room,For Rent,619 SQFT,1,1,1 day ago,"Rs 75,000","Zarkon Heights, Islamabad",Islamabad,OLX
https://www.olx.com.pk/item/two-bedroom-phr-day-sort-time-for-available-iid-1118466369,Room,For Rent,"1,100 SQFT",2,2,1 day ago,"Rs 6,000","Bahria Town, Islamabad",Islamabad,OLX
https://www.olx.com.pk/item/air-bahira-boys-hostel-islamabad-iid-1021925697,Other,For Rent,,,,1 week ago,"Rs 19,500","E-11/2, Islamabad",Islamabad,OLX
https://www.olx.com.pk/item/ground-floor-shop-for-rent-in-i8-markaz-islamabad-iid-1116908615,Shop,For Rent,"1,040 SQFT",,1,4 weeks ago,Rs 9.50 Lac,"I-8 Markaz, Islamabad",Islamabad,OLX
https://www.olx.com.pk/item/samama-mall-gulberg-greens-islamabad-one-bed-apartment-two-bed-apartments-available-for-rent-iid-1118320359,Apartment,For Rent,750 SQFT,1,1,5 hours ago,"Rs 60,000","Smama Star Mall & Residency, Islamabad",Islamabad,OLX
https://www.olx.com.pk/item/diamond-mall-arena-mall-or-gulberg-heights-and-residencia-shop-for-rent-at-prime-location-in-gulberg-green-islamabad-iid-1118320348,Shop,For Rent,500 SQFT,,1,5 hours ago,"Rs 55,000","Diamond Mall & Residency, Islamabad",Islamabad,OLX
https://www.olx.com.pk/item/one-bedroom-luxurious-furnished-apartment-available-for-rent-yearly-or-monthly-or-daily-basis-iid-1118320337,Room,For Rent,750 SQFT,1,1,5 hours ago,"Rs 60,000","Gulberg Heights, Islamabad",Islamabad,OLX
https://www.olx.com.pk/item/g-113-capital-heights-brand-new-apartment-flat-for-rent-iid-1118783418,Flat,For Rent,"1,500 SQFT",2,2,5 hours ago,Rs 1.25 Lac,"G-11/3, Islamabad",Islamabad,OLX
https://www.olx.com.pk/item/1-kanal-ground-portion-for-rent-iid-1118783015,Other,For Rent,1 Kanal,3,4,5 hours ago,Rs 1.20 Lac,"MPCHS - Block B, Islamabad",Islamabad,OLX
https://www.olx.com.pk/item/brand-new-house-for-rent-sector-f-17-islamabad-iid-1118781965,House,For Rent,8 Marla,2,3,5 hours ago,"Rs 45,000","F-17/2, Islamabad",Islamabad,OLX
https://www.olx.com.pk/item/7-marla-ground-floor-for-rent-in-g-15-iid-1118643316,Other,For Rent,7 Marla,2,3,5 hours ago,"Rs 60,000","G-15, Islamabad",Islamabad,OLX
https://www.olx.com.pk/item/upper-portion-available-no-water-iid-1118643185,Upper Portion,For Rent,12 Marla,3,3,5 hours ago,"Rs 80,000","G-15, Islamabad",Islamabad,OLX
https://www.olx.com.pk/item/upper-portion-new-available-for-rent-iid-1118643175,Upper Portion,For Rent,1 Kanal,3,3,5 hours ago,Rs 1.01 Lac,"G-15, Islamabad",Islamabad,OLX
https://www.olx.com.pk/item/brand-new-house-for-rent-in-g15-size-14-marla-double-story-with-15kv-solar-system-installed-near-to-markaz-masjid-park-more-five-options-available-iid-1118359761,House,For Rent,14 Marla,6,6,5 hours ago,Rs 2 Lac,"G-15, Islamabad",Islamabad,OLX
https://www.olx.com.pk/item/brand-new-house-for-rent-in-g15-size-1-kanal-double-story-with-15kv-solar-system-installed-near-to-markaz-masjid-park-more-five-options-available-iid-1118359742,House,For Rent,1 Kanal,6,6,5 hours ago,Rs 3 Lac,"G-15, Islamabad",Islamabad,OLX
https://www.olx.com.pk/item/bed-breakfast-furnished-hotel-rooms-apartments-and-guest-house-islamabad-iid-1118782047,Room,For Rent,,,,6 hours ago,"Rs 4,000","Islamabad Expressway, Islamabad",Islamabad,OLX
https://www.olx.com.pk/item/family-guest-house-rooms-short-stay-daily-basis-hotel-rooms-apartments-in-islamabad-iid-1118782036,Room,For Rent,388 SQFT,1,1,6 hours ago,"Rs 4,000","Khanna Pul, Islamabad",Islamabad,OLX
https://www.olx.com.pk/item/rooms-apartments-for-families-and-couples-guest-house-hote-rooms-for-rent-in-islamabad-iid-1118781981,Room,For Rent,888 SQFT,1,1,6 hours ago,"Rs 5,000","Islamabad Expressway, Islamabad",Islamabad,OLX
https://www.olx.com.pk/item/rooms-apartments-short-stay-daily-basis-per-day-family-guest-house-hotel-rooms-for-rent-in-islamabad-iid-1118781977,Room,For Rent,766 SQFT,1,1,6 hours ago,"Rs 4,000","Ghauri Town Phase 5, Islamabad",Islamabad,OLX
https://www.olx.com.pk/item/zee-societe-boys-hostel-in-pwd-iid-1070320182,Other,For Rent,,,,4 weeks ago,"Rs 15,000","National Police Foundation O-9 - Block A, Islamabad",Islamabad,OLX
https://www.olx.com.pk/item/2-bed-room-furnished-apartment-iid-1117932509,Room,For Rent,"1,200 SQFT",2,2,2 days ago,"Rs 11,000","Ghauri Town Phase 2, Islamabad",Islamabad,OLX
https://www.olx.com.pk/item/brand-new-7-marla-portion-for-rent-first-entry-in-g-132-islamabad-iid-1116820386,Other,For Rent,7 Marla,2,2,3 days ago,"Rs 90,000","G-13/2, Islamabad",Islamabad,OLX
https://www.olx.com.pk/item/experience-comfortable-premium-and-affordable-living-in-the-heart-of-bahria-enclave-islamabad-an-ideal-choice-for-individuals-or-small-families-seeking-a-peaceful-and-well-maintained-lifestyle-iid-1118467761,Other,For Rent,700 SQFT,1,2,3 days ago,"Rs 48,000","Bahria Enclave, Islamabad",Islamabad,OLX
https://www.olx.com.pk/item/premium-office-floor-for-rent-islamabad-stock-exchange-building-blue-area-margalla-hills-jinnah-avenue-view-iid-1118181565,Office,For Rent,"4,050 SQFT",,1,2 weeks ago,Rs 17 Lacs,"ISE Tower, Islamabad",Islamabad,OLX
https://www.olx.com.pk/item/executive-furnished-family-apartments-1-2-3-bedrooms-available-iid-1111969284,Room,For Rent,"2,800 SQFT",6,7,4 weeks ago,"Rs 6,000","Mall Of Islamabad, Islamabad",Islamabad,OLX
https://www.olx.com.pk/item/family-and-couple-rooms-for-short-time-per-day-guest-house-hotel-rooms-apartments-iid-1118781740,Room,For Rent,,,,6 hours ago,"Rs 5,000","Islamabad Expressway, Islamabad",Islamabad,OLX
https://www.olx.com.pk/item/short-time-daily-weekly-furnished-rooms-studio-apartment-guest-house-hotel-rooms-in-islamabad-iid-1118781706,Room,For Rent,878 SQFT,1,1,6 hours ago,"Rs 5,000","Gulberg Greens, Islamabad",Islamabad,OLX
https://www.olx.com.pk/item/luxury-furnished-rooms-apartments-short-time-daily-basis-guest-house-hotel-rooms-in-islamabad-iid-1118781698,Room,For Rent,,,,6 hours ago,"Rs 5,000","Bhatti Town, Islamabad",Islamabad,OLX
https://www.olx.com.pk/item/family-and-couple-rooms-for-short-time-per-day-guest-house-hotel-rooms-apartments-iid-1118781674,Room,For Rent,656 SQFT,1,1,6 hours ago,"Rs 5,000","Islamabad Expressway, Islamabad",Islamabad,OLX
https://www.olx.com.pk/item/luxury-guest-house-room-hotel-room-single-room-vip-apartment-furnished-for-rent-iid-1118780894,Room,For Rent,,,,6 hours ago,"Rs 1,900","Khanna East, Islamabad",Islamabad,OLX
https://www.olx.com.pk/item/hotel-rooms-available-for-rent-daily-weekly-or-monthly-iid-1118780891,Room,For Rent,370 SQFT,2,1,6 hours ago,"Rs 3,000","Soan Garden, Islamabad",Islamabad,OLX
https://www.olx.com.pk/item/luxury-guest-house-room-hotel-room-single-room-vip-apartment-furnished-for-rent-iid-1118780884,Room,For Rent,,,,6 hours ago,"Rs 2,000","Bilal Town, Islamabad",Islamabad,OLX
https://www.olx.com.pk/item/luxury-guest-house-room-hotel-room-single-room-vip-apartment-furnished-for-rent-iid-1118780879,Room,For Rent,,,,6 hours ago,"Rs 2,500","Iqbal Town, Islamabad",Islamabad,OLX
https://www.olx.com.pk/item/room-available-for-rent-and-par-and-wakely-and-monthly-good-location-near-tmcngman-service-road-khana-pull-near-reet-marriage-hall-iid-1118780864,Room,For Rent,,,,6 hours ago,"Rs 3,000","Islamabad Expressway, Islamabad",Islamabad,OLX
https://www.olx.com.pk/item/family-friendly-hotel-rooms-for-rent-on-daily-weekly-and-monthly-basis-iid-1118780857,Room,For Rent,,,,6 hours ago,"Rs 2,000","Islamabad Expressway, Islamabad",Islamabad,OLX
https://www.olx.com.pk/item/family-friendly-hotel-rooms-for-rent-on-daily-weekly-and-monthly-basis-iid-1118780847,Room,For Rent,,,,6 hours ago,"Rs 2,000","Islamabad Expressway, Islamabad",Islamabad,OLX
https://www.olx.com.pk/item/skyline-boys-hostel-gulberg-green-iid-1110686374,Other,For Rent,,,,6 hours ago,"Rs 15,000","Gulberg Business Center, Islamabad",Islamabad,OLX
https://www.olx.com.pk/item/1-kanal-upper-portion-for-rent-sector-a-bahria-enclave-islamabad-iid-1117857946,Upper Portion,For Rent,20 Marla,3,4,7 hours ago,Rs 1.30 Lac,"Bahria Enclave - Sector A, Islamabad",Islamabad,OLX
https://www.olx.com.pk/item/kanal-ground-fully-furnished-portion-available-for-rent-in-bahria-enclave-islamabad-iid-1117704853,Other,For Rent,1 Kanal,2,2,7 hours ago,Rs 1.50 Lac,"Bahria Enclave - Sector C, Islamabad",Islamabad,OLX
https://www.olx.com.pk/item/one-bedroom-apartment-per-day-available-gulbug-green-islamabad-full-furnished-apartment-iid-1118778763,Room,For Rent,820 SQFT,1,1,7 hours ago,"Rs 6,500","Gulberg Greens, Islamabad",Islamabad,OLX
https://www.olx.com.pk/item/22-marla-house-available-for-rent-in-g-15-iid-1118138403,House,For Rent,22 Marla,6,7,5 hours ago,Rs 3 Lac,"G-15, Islamabad",Islamabad,OLX
https://www.olx.com.pk/item/rbh-group-of-boys-hostels-iid-1060383306,Other,For Rent,,,,1 week ago,"Rs 18,000","E-11/2, Islamabad",Islamabad,OLX
https://www.olx.com.pk/item/5-marla-full-house-available-for-rent-in-g-153-iid-1117944753,House,For Rent,5 Marla,4,4,2 days ago,Rs 1 Lac,"G-15, Islamabad",Islamabad,OLX
https://www.olx.com.pk/item/own-a-house-in-533-square-yards-islamabad-iid-1117073306,House,For Rent,533 SQYD,4,4,2 days ago,Rs 4.50 Lac,"G-6/4, Islamabad",Islamabad,OLX
https://www.olx.com.pk/item/par-day-and-short-time-one-and-two-bed-room-appaertment-available-bahria-town-phase-4-and-6-empire-heights-2-family-apartment-any-time-available-iid-1117928365,Room,For Rent,699 SQFT,1,1,1 day ago,"Rs 3,500","Bahria Town, Islamabad",Islamabad,OLX
https://www.olx.com.pk/item/furnished-apartments-for-rent-islamabad-e112-iid-1117615058,Apartment,For Rent,"1,300 SQFT",2,2,4 weeks ago,"Rs 5,000","E-11/2, Islamabad",Islamabad,OLX
https://www.olx.com.pk/item/ground-portion-available-for-rent-in-e-111islamabad-iid-1117558063,Other,For Rent,"2,800 SQFT",2,3,3 weeks ago,Rs 1.40 Lac,"E-11/1, Islamabad",Islamabad,OLX
https://www.olx.com.pk/item/one-bedroom-apartment-per-day-available-gulbug-green-islamabad-luxury-furnished-apartment-iid-1118778529,Room,For Rent,820 SQFT,1,1,7 hours ago,"Rs 7,000","Gulberg Greens, Islamabad",Islamabad,OLX
https://www.olx.com.pk/item/6-marla-first-floor-for-rent-iid-1118778026,Other,For Rent,6 Marla,2,2,7 hours ago,"Rs 35,000","Ghauri Town Phase 5B, Islamabad",Islamabad,OLX
https://www.olx.com.pk/item/single-room-paying-guest-accommodation-comfortable-secure-iid-1118777176,Room,For Rent,,,,8 hours ago,"Rs 35,000","G-11/3, Islamabad",Islamabad,OLX
https://www.olx.com.pk/item/ghouri-town-ph-4c2-upr-15-story-house-for-rent-water-tanker-electrity-available-iid-1118777074,House,For Rent,5 Marla,3,4,8 hours ago,"Rs 40,000","Ghauri Town Phase 4 C2, Islamabad",Islamabad,OLX
https://www.olx.com.pk/item/one-bed-appartment-available-for-rent-in-e11-apolo-tower-daily-basis-iid-1118775633,Other,For Rent,650 SQFT,1,1,8 hours ago,"Rs 6,500","Apollo Towers, Islamabad",Islamabad,OLX
https://www.olx.com.pk/item/new-1-kanal-upper-portion-house-is-available-for-rent-with-15kv-sollar-system-in-g16-islamabad-iid-1118775602,Upper Portion,For Rent,1 Kanal,3,4,8 hours ago,Rs 1.14 Lac,"G-15, Islamabad",Islamabad,OLX
https://www.olx.com.pk/item/brand-new-3-bedroom-apartment-for-rent-in-sukh-chayn-residence-f-10-islamabad-iid-1118775450,Room,For Rent,"2,100 SQFT",3,3,8 hours ago,Rs 4.09 Lac,"Sukh Chayn Residence, Islamabad",Islamabad,OLX
https://www.olx.com.pk/item/brand-new-3-bedroom-apartment-for-rent-in-sukh-chayn-residence-f-10-islamabad-iid-1118775445,Room,For Rent,"2,100 SQFT",3,3,8 hours ago,Rs 3.80 Lac,"F-10, Islamabad",Islamabad,OLX
https://www.olx.com.pk/item/luxury-3-bed-apartment-with-prime-location-11-central-g-11-islamabad-iid-1118775442,Apartment,For Rent,"2,000 SQFT",3,3,8 hours ago,Rs 1.90 Lac,"11 Central Apartments, Islamabad",Islamabad,OLX
https://www.olx.com.pk/item/fully-furnished-2-bed-apartment-for-rent-in-sughra-tower-f-11-markaz-islamabad-prime-location-iid-1118775438,Apartment,For Rent,"1,800 SQFT",2,2,8 hours ago,Rs 1.80 Lac,"F-11 Markaz, Islamabad",Islamabad,OLX
https://www.olx.com.pk/item/2-bed-luxury-furnished-apartment-for-rent-makkah-tower-e-11-iid-1118775433,Apartment,For Rent,"1,450 SQFT",2,2,8 hours ago,Rs 1.20 Lac,"Makkah Tower, Islamabad",Islamabad,OLX
https://www.olx.com.pk/item/2-bed-luxury-furnished-apartment-with-study-servant-quarter-in-centaurus-available-for-3-to-4-months-stay-in-centaurus-iid-1118775427,Apartment,For Rent,"2,450 SQFT",2,4,8 hours ago,Rs 5.30 Lac,"The Centaurus, Islamabad",Islamabad,OLX
https://www.olx.com.pk/item/cozy-fully-furnished-1-bed-apartment-capital-residencia-e-11-iid-1118775423,Apartment,For Rent,750 SQFT,1,1,8 hours ago,"Rs 85,000","Capital Residencia, Islamabad",Islamabad,OLX
https://www.olx.com.pk/item/stylish-2-bed-furnished-apartment-for-rent-golden-heights-prime-f-11-location-iid-1118775419,Apartment,For Rent,"2,100 SQFT",2,2,8 hours ago,Rs 1.70 Lac,"F-11, Islamabad",Islamabad,OLX
https://www.olx.com.pk/item/2-bed-fully-furnished-apartment-for-rent-in-f-11-islamabad-iid-1118775417,Apartment,For Rent,"2,100 SQFT",2,2,8 hours ago,Rs 1.50 Lac,"F-11, Islamabad",Islamabad,OLX
https://www.olx.com.pk/item/f-10-islamabad-premium-restaurant-commercial-space-for-rent-5000-sq-ft-brand-ready-commercial-floor-iid-1118131993,Other,For Rent,"5,000 SQFT",,4,2 days ago,Rs 11 Lacs,"F-10 Markaz, Islamabad",Islamabad,OLX
https://www.olx.com.pk/item/b-17-capital-square-vip-2-bed-fully-furnished-flat-available-for-family-iid-1118288746,Flat,For Rent,"1,050 SQFT",2,3,2 days ago,"Rs 70,000","B-17, Islamabad",Islamabad,OLX
https://www.olx.com.pk/item/guest-house-in-islamabad-iid-1112738748,House,For Rent,,6,7,1 week ago,"Rs 3,500","E-11/2, Islamabad",Islamabad,OLX
https://www.olx.com.pk/item/brand-new-house-for-rent-in-f-7-iid-1117855581,House,For Rent,667 SQYD,6,1,4 hours ago,Rs 10 Lacs,"F-7, Islamabad",Islamabad,OLX
https://www.olx.com.pk/item/fully-furnished-1bhk-apartment-self-check-in-netflix-iid-1114331125,Apartment,For Rent,8 Marla,1,1,1 week ago,"Rs 5,000","MPCHS - Block C1, Islamabad",Islamabad,OLX
https://www.olx.com.pk/item/8-marla-brand-new-full-house-avaliable-for-rent-in-bahria-enclave-islamabad-sector-b1-iid-1118717129,House,For Rent,8 Marla,5,6,2 days ago,Rs 1.55 Lac,"Bahria Enclave - Sector B1, Islamabad",Islamabad,OLX
https://www.olx.com.pk/item/perday-room-available-for-rent-iid-1118445374,Room,For Rent,14 Marla,1,1,1 week ago,"Rs 4,500","G-13/1, Islamabad",Islamabad,OLX
https://www.olx.com.pk/item/per-day-1-bed-luxury-apartment-in-e11-iid-1118079059,Apartment,For Rent,800 SQFT,1,1,1 day ago,"Rs 4,000","E-11, Islamabad",Islamabad,OLX
https://www.olx.com.pk/item/2-bed-fully-furnished-apartment-for-rent-in-f-11-islamabad-prime-location-comfortable-living-iid-1118775416,Apartment,For Rent,"1,800 SQFT",2,2,8 hours ago,Rs 1.60 Lac,"F-11, Islamabad",Islamabad,OLX
https://www.olx.com.pk/item/luxury-3-bedroom-fully-furnished-apartment-available-for-rent-in-f-11-markaz-islamabad-iid-1118775383,Room,For Rent,"2,600 SQFT",3,3,8 hours ago,Rs 2.50 Lac,"F-11, Islamabad",Islamabad,OLX
https://www.olx.com.pk/item/luxury-3-bedroom-fully-furnished-apartment-available-for-rent-in-f-11-markaz-islamabad-iid-1118775378,Room,For Rent,"2,600 SQFT",3,3,8 hours ago,Rs 2.50 Lac,"F-11, Islamabad",Islamabad,OLX
https://www.olx.com.pk/item/2-bed-unfurnished-apartment-for-rent-in-18-west-f-11-markaz-iid-1118775376,Apartment,For Rent,"1,850 SQFT",2,2,8 hours ago,Rs 1.30 Lac,"F-11 Markaz, Islamabad",Islamabad,OLX
https://www.olx.com.pk/item/2-bedroom-fully-furnished-apartment-with-study-for-rent-in-centaurus-tower-b-islamabad-iid-1118775370,Room,For Rent,"2,150 SQFT",2,2,8 hours ago,Rs 4.25 Lac,"The Centaurus, Islamabad",Islamabad,OLX
https://www.olx.com.pk/item/fully-furnished-1-bed-with-study-for-rent-in-the-centaurus-islamabad-iid-1118775365,Other,For Rent,"1,550 SQFT",1,2,8 hours ago,Rs 3.20 Lac,"The Centaurus, Islamabad",Islamabad,OLX
https://www.olx.com.pk/item/2-bed-fully-furnished-apartment-for-rent-in-veranda-residence-e-111-iid-1118775361,Apartment,For Rent,"1,700 SQFT",2,2,8 hours ago,Rs 2 Lac,"The Veranda Residence, Islamabad",Islamabad,OLX
https://www.olx.com.pk/item/4-bed-fully-furnished-apartment-for-rent-in-hamza-tower-f-11-markaz-iid-1118775359,Apartment,For Rent,"3,700 SQFT",4,4,8 hours ago,Rs 3.70 Lac,"F-11, Islamabad",Islamabad,OLX
https://www.olx.com.pk/item/2-bed-furnished-apartment-for-rent-in-veranda-residence-e-11-islamabad-iid-1118775355,Apartment,For Rent,"1,700 SQFT",2,2,8 hours ago,Rs 2 Lac,"The Veranda Residence, Islamabad",Islamabad,OLX
https://www.olx.com.pk/item/elegant-2-bed-fully-furnished-apartment-for-rent-in-f-11-markaz-islamabad-iid-1118775351,Apartment,For Rent,"1,650 SQFT",2,2,8 hours ago,Rs 1.65 Lac,"F-11 Markaz, Islamabad",Islamabad,OLX
https://www.olx.com.pk/item/modern-2-bedroom-apartment-available-in-g-11-islamabad-premium-feel-for-rent-iid-1118775347,Room,For Rent,"1,600 SQFT",2,2,8 hours ago,Rs 1.60 Lac,"11 Central Apartments, Islamabad",Islamabad,OLX
https://www.olx.com.pk/item/fully-furnished-1-bedroom-apartment-for-rent-abu-dhabi-tower-f-11-islamabad-iid-1118775316,Room,For Rent,"1,200 SQFT",1,1,8 hours ago,Rs 1.35 Lac,"F-11 Markaz, Islamabad",Islamabad,OLX
https://www.olx.com.pk/item/brand-new-2-bed-fully-furnished-apartment-for-rent-in-capital-heights-g-113-islamabad-iid-1118775315,Apartment,For Rent,"1,435 SQFT",2,2,8 hours ago,Rs 1.75 Lac,"Capital Heights, Islamabad",Islamabad,OLX
https://www.olx.com.pk/item/1-bed-fully-furnished-apartment-for-rent-in-f-11-markaz-islamabad-iid-1118775312,Apartment,For Rent,"1,100 SQFT",1,1,8 hours ago,Rs 1.25 Lac,"F-11 Markaz, Islamabad",Islamabad,OLX
https://www.olx.com.pk/item/4-bed-fully-furnished-apartment-for-rent-in-karakoram-enclave-2-f-11-markaz-iid-1118775311,Apartment,For Rent,"4,400 SQFT",4,4,8 hours ago,Rs 4.59 Lac,"F-11 Markaz, Islamabad",Islamabad,OLX
https://www.olx.com.pk/item/furnished-apartments-available-iid-1117619584,Apartment,For Rent,"1,500 SQFT",2,2,4 days ago,"Rs 7,000","Ghauri Town Phase 1, Islamabad",Islamabad,OLX
https://www.olx.com.pk/item/studio-phr-day-sort-time-available-iid-1118466333,Other,For Rent,500 SQFT,Studio,1,1 day ago,"Rs 3,000","Bahria Town, Islamabad",Islamabad,OLX
https://www.olx.com.pk/item/3-bedrooms-portion-of-1-kanal-house-iid-1118059041,Room,For Rent,1 Kanal,3,3,3 days ago,Rs 1.60 Lac,"G-10, Islamabad",Islamabad,OLX
https://www.olx.com.pk/item/10-marla-lower-portion-in-stunning-g-13-is-available-for-rent-iid-1118181196,Lower Portion,For Rent,10 Marla,3,3,3 days ago,Rs 1.25 Lac,"G-13, Islamabad",Islamabad,OLX
https://www.olx.com.pk/item/40x80-upper-portion-for-rent-in-g-151-islamabad-iid-1117129592,Upper Portion,For Rent,12 Marla,4,3,4 days ago,"Rs 80,000","G-15/1, Islamabad",Islamabad,OLX
https://www.olx.com.pk/item/brand-new-3-bed-apartment-for-rent-in-capital-heights-2-g-113-islamabad-iid-1118775310,Apartment,For Rent,"1,850 SQFT",3,3,8 hours ago,Rs 1.50 Lac,"Capital Heights, Islamabad",Islamabad,OLX
https://www.olx.com.pk/item/brand-new-2-bed-apartment-for-rent-in-capital-heights-2-g-113-islamabad-iid-1118775308,Apartment,For Rent,"1,550 SQFT",2,2,8 hours ago,Rs 1.25 Lac,"Capital Heights, Islamabad",Islamabad,OLX
https://www.olx.com.pk/item/3-bed-brand-new-apartment-with-drawing-room-for-rent-in-capital-heights-2-g-113-iid-1118775305,Room,For Rent,"1,800 SQFT",3,3,8 hours ago,Rs 1.60 Lac,"G-11/3, Islamabad",Islamabad,OLX
https://www.olx.com.pk/item/2-bed-brand-new-fully-furnished-apartment-for-rent-in-capital-heights-g-11-iid-1118775268,Apartment,For Rent,"1,650 SQFT",2,2,8 hours ago,Rs 2 Lac,"G-11/3, Islamabad",Islamabad,OLX
https://www.olx.com.pk/item/luxury-3-bed-fully-furnished-apartment-for-rent-in-11-central-apartments-2100-sqft-prime-islamabad-location-iid-1118775264,Apartment,For Rent,"2,100 SQFT",3,4,8 hours ago,Rs 2.70 Lac,"11 Central Apartments, Islamabad",Islamabad,OLX
https://www.olx.com.pk/item/luxury-3-bed-apartment-for-rent-in-tariq-hieghts-islamabad-2800-sqft-open-ventilation-iid-1118775259,Apartment,For Rent,"2,800 SQFT",3,3,8 hours ago,Rs 1.80 Lac,"F-11 Markaz, Islamabad",Islamabad,OLX
https://www.olx.com.pk/item/1-bhk-non-furnished-apartment-available-for-rent-iid-1118775257,Apartment,For Rent,450 SQFT,Studio,1,8 hours ago,"Rs 32,000","E-11/2, Islamabad",Islamabad,OLX
https://www.olx.com.pk/item/furnished-apartment-available-for-rent-iid-1118636802,Apartment,For Rent,"1,880 SQFT",2,2,8 hours ago,"Rs 85,000","Islamabad Heights, Islamabad",Islamabad,OLX
https://www.olx.com.pk/item/1-bhk-furnished-apartment-available-for-rent-iid-1118775110,Apartment,For Rent,550 SQFT,1,1,9 hours ago,"Rs 55,000","E-11/2, Islamabad",Islamabad,OLX
https://www.olx.com.pk/item/1-bedroom-apartment-available-par-day-empire-heights-2-phase-6-iid-1118774297,Room,For Rent,700 SQFT,1,1,9 hours ago,"Rs 4,000","Bahria Town, Islamabad",Islamabad,OLX
https://www.olx.com.pk/item/1-bedroom-apartment-available-par-day-empire-heights-2-phase-6-iid-1118774294,Room,For Rent,700 SQFT,1,1,9 hours ago,"Rs 3,500","Bahria Town, Islamabad",Islamabad,OLX
https://www.olx.com.pk/item/family-guest-house-rooms-apartments-short-stay-per-day-hotel-rooms-in-islamabad-iid-1118773858,Room,For Rent,898 SQFT,1,1,9 hours ago,"Rs 5,000","Gulberg Greens, Islamabad",Islamabad,OLX
https://www.olx.com.pk/item/family-furnished-rooms-guest-house-flats-studio-apartment-short-time-stay-per-day-iid-1118773843,Room,For Rent,,,,9 hours ago,"Rs 5,000","Gulberg Greens, Islamabad",Islamabad,OLX
https://www.olx.com.pk/item/6-marla-3rd-floor-available-for-rent-iid-1118772661,Other,For Rent,6 Marla,1,1,10 hours ago,"Rs 17,000","Ghauri Town Phase 5B, Islamabad",Islamabad,OLX
https://www.olx.com.pk/item/g-11-2560-basement-portion-for-rent-out-class-iid-1118772561,Other,For Rent,6 Marla,2,2,10 hours ago,"Rs 80,000","G-11/1, Islamabad",Islamabad,OLX
https://www.olx.com.pk/item/corner-sprte-upper-portion-boring-electricity-and-gass-gate-sprt-kfc-iid-1118381367,Upper Portion,For Rent,22 Marla,4,4,2 days ago,Rs 1.25 Lac,"PWD Housing Society - Block B, Islamabad",Islamabad,OLX
https://www.olx.com.pk/item/furnished-room-for-daily-weekly-rental-in-b17-islamabad-iid-1117595834,Room,For Rent,,1,1,4 weeks ago,"Rs 3,000","MPCHS - Multi Gardens, Islamabad",Islamabad,OLX
https://www.olx.com.pk/item/rooms-available-on-daily-basis-in-islamabad-hotel-g11-guest-house-iid-1118503203,Room,For Rent,,,,1 week ago,"Rs 3,500","G-11/3, Islamabad",Islamabad,OLX
https://www.olx.com.pk/item/tulip-boys-hostelliving-spaceaccomodationroom-in-e11-iid-1111520015,Room,For Rent,,,,2 weeks ago,"Rs 17,500","E-11/4, Islamabad",Islamabad,OLX
https://www.olx.com.pk/item/2-bed-non-furnished-luxury-apartment-karakoram-greens-iid-1118338070,Apartment,For Rent,"1,562 SQFT",2,2,2 weeks ago,Rs 1.45 Lac,"Gulberg Greens, Islamabad",Islamabad,OLX
https://www.olx.com.pk/item/brand-new-9-marla-upper-portion-for-rent-in-i-10-iid-1118387722,Upper Portion,For Rent,9 Marla,2,4,1 week ago,"Rs 90,000","I-10/1, Islamabad",Islamabad,OLX
https://www.olx.com.pk/item/5-marla-2nd-floor-available-for-rent-in-ghauri-town-phase-4b-iid-1118720051,Other,For Rent,5 Marla,2,2,10 hours ago,"Rs 25,000","Ghauri Town Phase 4B, Islamabad",Islamabad,OLX
https://www.olx.com.pk/item/single-room-with-attached-washroom-kitchen-available-for-rent-in-ghauri-town-phase-5b-near-dua-chowk-iid-1118675900,Room,For Rent,6 Marla,1,1,10 hours ago,"Rs 15,000","Ghauri Town Phase 5B, Islamabad",Islamabad,OLX
https://www.olx.com.pk/item/5-marla-ground-portion-for-rent-in-ghauri-town-phase-5b-iid-1118636999,Other,For Rent,6 Marla,2,3,10 hours ago,"Rs 30,000","Ghauri Town Phase 5B, Islamabad",Islamabad,OLX
https://www.olx.com.pk/item/50-22-hall-avalivle-for-rent-plz-read-description-plz-03203531760-iid-1118772334,Other,For Rent,5 Marla,,1,10 hours ago,"Rs 45,000","G-13/4, Islamabad",Islamabad,OLX
https://www.olx.com.pk/item/4-marla-ground-floor-portion-for-3-4-bachelors-for-rent-in-i-101-iid-1118771991,Other,For Rent,4 Marla,3,1,10 hours ago,"Rs 40,000","I-10/1, Islamabad",Islamabad,OLX
https://www.olx.com.pk/item/family-rooms-and-apartments-for-short-time-or-daily-basis-guest-house-hotel-rooms-iid-1118771654,Room,For Rent,600 SQFT,1,1,10 hours ago,"Rs 6,000","Gulberg Greens, Islamabad",Islamabad,OLX
https://www.olx.com.pk/item/furnished-rooms-guest-house-flats-studio-apartment-short-time-hotel-rooms-iid-1118771636,Room,For Rent,,,,10 hours ago,"Rs 6,000","Gulberg Greens, Islamabad",Islamabad,OLX
https://www.olx.com.pk/item/1-bedroom-apartment-available-par-day-empire-heights-2-phase-6-iid-1118771443,Room,For Rent,700 SQFT,1,1,10 hours ago,"Rs 3,000","Bahria Town, Islamabad",Islamabad,OLX
https://www.olx.com.pk/item/discounted-rate-for-1st-booking-in-hotel-sartaj-best-guest-house-in-islamabad-iid-1118770866,House,For Rent,,,,10 hours ago,"Rs 4,000","Islamabad Expressway, Islamabad",Islamabad,OLX
https://www.olx.com.pk/item/ac-room-fully-furnished-guest-house-hotel-rooms-furnished-flats-apartments-2-bed-1-bed-iid-1118770859,Room,For Rent,,,,10 hours ago,"Rs 4,000","Islamabad Expressway, Islamabad",Islamabad,OLX
https://www.olx.com.pk/item/plaza-available-for-rent-in-islamabad-iid-1118770822,Other,For Rent,"40,000 SQFT",,7,10 hours ago,Rs 95 Lacs,"I-10/2, Islamabad",Islamabad,OLX
https://www.olx.com.pk/item/ac-room-fully-furnished-discounted-newly-open-guest-house-hotel-rooms-furnished-flats-daily-basis-iid-1118770785,Room,For Rent,,,,10 hours ago,"Rs 4,000","Khanna Pul, Islamabad",Islamabad,OLX
https://www.olx.com.pk/item/comfortable-rooms-apartments-short-stay-per-day-in-islamabad-guest-house-hotel-rooms-iid-1118770710,Room,For Rent,511 SQFT,1,1,10 hours ago,"Rs 5,000","PWD Road, Islamabad",Islamabad,OLX
https://www.olx.com.pk/item/family-and-couple-rooms-for-short-time-per-day-guest-house-hotel-rooms-apartments-iid-1118770699,Room,For Rent,,,,10 hours ago,"Rs 5,000","Islamabad Expressway, Islamabad",Islamabad,OLX
https://www.olx.com.pk/item/vip-family-guest-house-for-short-stayper-day-apartments-hotel-rooms-in-islamabad-iid-1118770685,Room,For Rent,456 SQFT,1,1,10 hours ago,"Rs 6,000","Khanna Pul, Islamabad",Islamabad,OLX
https://www.olx.com.pk/item/boys-hostel-in-i-8-near-szabist-numl-iqra-shifa-preston-university-iid-1104935498,Other,For Rent,,,,3 weeks ago,"Rs 24,000","I-8/4, Islamabad",Islamabad,OLX
https://www.olx.com.pk/item/galleria-3-bed-apartment-available-for-rent-on-prime-location-and-reasonable-price-iid-1118471068,Apartment,For Rent,"1,695 SQFT",3,3,3 days ago,"Rs 55,000","Bahria Enclave, Islamabad",Islamabad,OLX
https://www.olx.com.pk/item/full-house-available-for-rent-with-original-picture-attached-iid-1117377265,House,For Rent,12 Marla,6,6,3 weeks ago,Rs 3.50 Lac,"I-8, Islamabad",Islamabad,OLX
https://www.olx.com.pk/item/prime-office-elegance-explore-exclusive-spaces-for-rent-in-newly-built-plaza-at-pwd-housing-society-ideal-for-a-varietyofbusinesses-iid-1116987747,Office,For Rent,300 SQFT,,3,15 hours ago,"Rs 15,000","PWD Road, Islamabad",Islamabad,OLX
https://www.olx.com.pk/item/1500-sqft-semi-furnished-office-space-available-for-rent-in-blue-area-islamabad-at-prime-location-iid-1116337823,Office,For Rent,"1,500 SQFT",,2,4 weeks ago,Rs 3.50 Lac,"Blue Area, Islamabad",Islamabad,OLX
https://www.olx.com.pk/item/brand-new-10-marla-ground-portion-available-for-rent-on-prime-location-and-reasonable-price-iid-1118521804,Other,For Rent,10 Marla,2,3,3 days ago,"Rs 90,000","Bahria Enclave, Islamabad",Islamabad,OLX
https://www.olx.com.pk/item/short-time-daily-weekly-furnished-rooms-studio-apartment-guest-house-hotel-rooms-in-islamabad-iid-1118770680,Room,For Rent,390 SQFT,1,1,10 hours ago,"Rs 5,000","Gulberg Greens, Islamabad",Islamabad,OLX
https://www.olx.com.pk/item/ideal-for-families-and-couples-furnished-room-flats-guest-house-hotel-room-iid-1118769889,Room,For Rent,298 SQFT,1,1,11 hours ago,"Rs 4,500","Gulberg Greens, Islamabad",Islamabad,OLX
https://www.olx.com.pk/item/paying-guest-facility-iid-1118161448,Other,For Rent,,,,11 hours ago,"Rs 23,000","G-11 Markaz, Islamabad",Islamabad,OLX
https://www.olx.com.pk/item/i82-ground-floor-for-rent-iid-1118769250,Other,For Rent,11 Marla,3,3,11 hours ago,Rs 1.60 Lac,"I-8/2, Islamabad",Islamabad,OLX
https://www.olx.com.pk/item/f-10-excellent-666-sqy-triple-storey-house-beautiful-fully-furnished-house-along-with-basement-all-new-proper-7-bedrooms-proper-7-attached-bathrooms-modern-fittings-along-with-marbled-flooring-drawing-dining-tv-lounge-all-new-kitchen-iid-1118769215,Room,For Rent,666 SQYD,6,7,11 hours ago,Rs 14 Lacs,"F-10, Islamabad",Islamabad,OLX
https://www.olx.com.pk/item/50x90-kanal-upper-portion-for-rent-g-143-iid-1118769017,Upper Portion,For Rent,1 Kanal,3,3,11 hours ago,Rs 1.25 Lac,"G-14/3, Islamabad",Islamabad,OLX
https://www.olx.com.pk/item/per-day-one-bed-fully-furnished-apartment-available-in-islamabad-iid-1118768975,Apartment,For Rent,500 SQFT,1,1,11 hours ago,"Rs 5,000","E-11/2, Islamabad",Islamabad,OLX
https://www.olx.com.pk/item/per-day-one-bed-fully-furnished-apartment-available-in-islamabad-iid-1118768811,Apartment,For Rent,500 SQFT,1,1,11 hours ago,"Rs 5,000","E-11/2, Islamabad",Islamabad,OLX
https://www.olx.com.pk/item/hall-available-for-office-space-in-central-commercial-dha-5-islamabad-iid-1118768066,Office,For Rent,"1,350 SQFT",,1,11 hours ago,Rs 1.20 Lac,"DHA Defence Phase 5, Islamabad",Islamabad,OLX
https://www.olx.com.pk/item/office-for-rent-in-1st-floor-dha-2-iid-1118768046,Office,For Rent,800 SQFT,,1,11 hours ago,"Rs 55,000","DHA Defence Phase 2, Islamabad",Islamabad,OLX
https://www.olx.com.pk/item/1-kanal-brand-new-first-entry-upper-portion-available-for-rent-in-fgeha-sector-g-143-islambad-nearly-kashmir-highway-iid-1118768036,Upper Portion,For Rent,"4,500 Kanal",4,5,11 hours ago,Rs 1.30 Lac,"G-14/3, Islamabad",Islamabad,OLX
https://www.olx.com.pk/item/comfortable-rooms-apartment-shor-stay-per-day-in-islamabad-guest-house-hotel-rooms-iid-1118767362,Room,For Rent,,,,12 hours ago,"Rs 4,000","Bhatti Town, Islamabad",Islamabad,OLX
https://www.olx.com.pk/item/furnished-rooms-for-rent-in-islamabad-short-time-daily-basis-best-for-families-guest-house-hotel-rooms-iid-1118767357,Room,For Rent,656 SQFT,1,1,12 hours ago,"Rs 4,000","Murree Road, Islamabad",Islamabad,OLX
https://www.olx.com.pk/item/vip-furnished-rooms-for-short-stay-per-day-guest-house-hotel-rooms-apartments-iid-1118767333,Room,For Rent,,,,12 hours ago,"Rs 4,000","Khanna Pul, Islamabad",Islamabad,OLX
https://www.olx.com.pk/item/daily-basis-short-stay-rooms-apartments-in-islamabad-guest-house-hotel-rooms-iid-1118767317,Room,For Rent,944 SQFT,1,1,12 hours ago,"Rs 4,000","Islamabad Expressway, Islamabad",Islamabad,OLX
https://www.olx.com.pk/item/f-8-boys-hostel-iid-1113316616,Other,For Rent,,,,1 week ago,"Rs 22,000","F-8/3, Islamabad",Islamabad,OLX
https://www.olx.com.pk/item/1347sft-commercial-space-for-rent-at-prime-loc-g-10-markaz-islamabad-iid-1116834239,Other,For Rent,"1,347 SQFT",,2,2 weeks ago,Rs 2.04 Lac,"G-10 Markaz, Islamabad",Islamabad,OLX
https://www.olx.com.pk/item/get-in-touch-now-to-buy-a-flat-in-f-11-f-11-iid-1117650858,Flat,For Rent,"1,100 SQFT",1,1,2 weeks ago,"Rs 13,000","F-11, Islamabad",Islamabad,OLX
https://www.olx.com.pk/item/separate-gate-1-kanal-groundbesment-for-rent-in-i-83-tile-marble-renovatet-house-iid-1117375112,House,For Rent,1 Kanal,5,5,3 weeks ago,Rs 4.50 Lac,"I-8/3, Islamabad",Islamabad,OLX
https://www.olx.com.pk/item/one-bhk-luxury-per-day-weekly-monthly-short-stay-for-rent-iid-1117997178,Other,For Rent,"1,050 SQFT",1,1,3 days ago,"Rs 7,000","Gulberg Greens - Block A, Islamabad",Islamabad,OLX
https://www.olx.com.pk/item/furnished-apartment-for-daily-rent-in-g-11-islamabad-family-envi-iid-1118459520,Apartment,For Rent,5 Marla,2,2,1 week ago,"Rs 6,000","G-11/3, Islamabad",Islamabad,OLX
https://www.olx.com.pk/item/2-bed-furnished-apartment-daily-basis-rent-rs-9000-iid-1117854180,Apartment,For Rent,"1,000 SQFT",2,2,3 weeks ago,"Rs 9,000","Faisal Town Phase 1 - Block A, Islamabad",Islamabad,OLX
https://www.olx.com.pk/item/beautiful-semi-furnished-office-available-for-rent-in-bahria-town-phase-7-rawalpindi-rejected-iid-1118032084,Office,For Rent,10 Marla,,2,12 hours ago,Rs 1.50 Lac,"Bahria Town, Islamabad",Islamabad,OLX
https://www.olx.com.pk/item/beautiful-1-kanal-upper-portion-available-for-rent-in-dha-phase-1-islamabad-iid-1117639712,Upper Portion,For Rent,20 Marla,4,4,12 hours ago,Rs 1 Lac,"DHA Phase 1 - Sector E, Islamabad",Islamabad,OLX
https://www.olx.com.pk/item/full-house-for-rent-in-i-8-iid-1118766705,House,For Rent,14 Marla,6,7,12 hours ago,Rs 6 Lac,"I-8, Islamabad",Islamabad,OLX
https://www.olx.com.pk/item/renovated-office-for-rent-iid-1118675692,Office,For Rent,"1,100 SQFT",,1,12 hours ago,Rs 1.55 Lac,"Top City 1 - Kanwar Moiz Block, Islamabad",Islamabad,OLX
https://www.olx.com.pk/item/office-for-rent-iid-1118067078,Office,For Rent,429 SQFT,,1,12 hours ago,"Rs 95,000","G-11 Markaz, Islamabad",Islamabad,OLX
https://www.olx.com.pk/item/3-bedrooms-furnished-appartment-available-for-rent-in-e11-4-iid-1118765872,Room,For Rent,"2,000 SQFT",3,3,12 hours ago,Rs 1.25 Lac,"E-11/4, Islamabad",Islamabad,OLX
https://www.olx.com.pk/item/one-bedroom-apartment-per-day-short-stay-weekly-for-rent-iid-1118765529,Room,For Rent,890 SQFT,1,1,12 hours ago,"Rs 7,000","Gulberg Greens, Islamabad",Islamabad,OLX
https://www.olx.com.pk/item/beautiful-ground-portion-for-family-in-g-10-iid-1118765438,Other,For Rent,6 Marla,2,3,12 hours ago,"Rs 90,000","G-10, Islamabad",Islamabad,OLX
https://www.olx.com.pk/item/brand-new-commercial-space-for-rent-in-g-9-markaz-iid-1118727438,Other,For Rent,400 SQFT,,1,12 hours ago,Rs 1.50 Lac,"G-9 Markaz, Islamabad",Islamabad,OLX
https://www.olx.com.pk/item/fully-furnished-upper-portion-for-working-females-in-g-8-iid-1118727357,Upper Portion,For Rent,800 SQFT,2,1,12 hours ago,"Rs 70,000","G-8, Islamabad",Islamabad,OLX
https://www.olx.com.pk/item/open-basement-for-family-in-g-11-iid-1118727352,Other,For Rent,"1,500 SQFT",2,2,12 hours ago,"Rs 75,000","G-11/1, Islamabad",Islamabad,OLX
https://www.olx.com.pk/item/beautiful-renovated-3570-ground-portion-for-family-in-g-9-iid-1118727346,Other,For Rent,10 Marla,2,3,12 hours ago,Rs 1.20 Lac,"G-9/4, Islamabad",Islamabad,OLX
https://www.olx.com.pk/item/flat-available-for-rent-in-g-9-iid-1118727336,Flat,For Rent,"1,000 SQFT",2,2,12 hours ago,"Rs 67,000","G-9/4, Islamabad",Islamabad,OLX
https://www.olx.com.pk/item/brand-new-beautiful-2550-double-storey-corner-house-for-rent-in-g-11-iid-1118727372,House,For Rent,"1,250 SQFT",5,6,12 hours ago,Rs 2.50 Lac,"G-11/1, Islamabad",Islamabad,OLX
https://www.olx.com.pk/item/ground-portion-available-for-hiring-in-g-10-iid-1118727366,Other,For Rent,6 Marla,2,2,12 hours ago,"Rs 82,000","G-10, Islamabad",Islamabad,OLX
https://www.olx.com.pk/item/skyline-boys-hostel-i11-i-11-iid-1113865640,Other,For Rent,,,,3 weeks ago,"Rs 17,000","I-11/1, Islamabad",Islamabad,OLX
https://www.olx.com.pk/item/per-day-one-bedroom-available-for-rent-in-e11-islamabad-iid-1117775861,Room,For Rent,550 SQFT,1,1,6 hours ago,"Rs 5,000","E-11/2, Islamabad",Islamabad,OLX
https://www.olx.com.pk/item/skyline-boys-hostel-gulberg-green-iid-1105915268,Other,For Rent,,,,6 days ago,"Rs 15,000","Gulberg Business Center, Islamabad",Islamabad,OLX
https://www.olx.com.pk/item/fully-furnished-office-available-for-rent-in-blue-area-islamabad-ideal-location-near-metro-iid-1117862497,Office,For Rent,800 SQFT,,2,1 week ago,Rs 2.29 Lac,"Blue Area, Islamabad",Islamabad,OLX
https://www.olx.com.pk/item/fully-furnished-flat-for-rent-iid-1118765083,Flat,For Rent,3 Marla,2,1,12 hours ago,"Rs 50,000","Ghauri Town Phase 4A, Islamabad",Islamabad,OLX
https://www.olx.com.pk/item/one-bed-flat-available-for-rent-in-newmal-kuri-road-islamabad-iid-1118061590,Flat,For Rent,888 SQFT,1,1,12 hours ago,"Rs 22,000","Kuri Road, Islamabad",Islamabad,OLX
https://www.olx.com.pk/item/one-bed-flat-available-for-rent-in-newmal-kuri-road-islamabad-iid-1117572709,Flat,For Rent,789 SQFT,1,1,12 hours ago,"Rs 22,000","Kuri Road, Islamabad",Islamabad,OLX
https://www.olx.com.pk/item/office-space-for-rent-iid-1118764997,Office,For Rent,280 SQFT,,1,12 hours ago,"Rs 40,000","Ghauri Town Phase 5, Islamabad",Islamabad,OLX
https://www.olx.com.pk/item/furnished-flat-for-rent-iid-1118764740,Flat,For Rent,3 Marla,2,1,13 hours ago,"Rs 50,000","Ghauri Town Phase 4A, Islamabad",Islamabad,OLX
https://www.olx.com.pk/item/office-for-rent-in-i-8-markaz-islamabad-iid-1118320114,Office,For Rent,418 SQFT,,1,12 hours ago,"Rs 60,000","I-8 Markaz, Islamabad",Islamabad,OLX
https://www.olx.com.pk/item/lower-portion-of-1-kanal-available-for-rent-in-i-84-iid-1118320074,Lower Portion,For Rent,1 Kanal,3,3,12 hours ago,Rs 2.70 Lac,"I-8/4, Islamabad",Islamabad,OLX
https://www.olx.com.pk/item/get-in-touch-now-to-rent-a-upper-portion-in-i-83-iid-1118320069,Upper Portion,For Rent,"3,200 SQFT",3,4,12 hours ago,Rs 1.80 Lac,"I-8/3, Islamabad",Islamabad,OLX
https://www.olx.com.pk/item/change-your-address-to-i-83-islamabad-for-a-reasonable-price-of-rs-350000-iid-1118320064,Other,For Rent,"3,200 SQFT",6,6,12 hours ago,Rs 3.50 Lac,"I-8/3, Islamabad",Islamabad,OLX
https://www.olx.com.pk/item/ready-to-rent-a-office-1000-square-feet-in-islamabad-iid-1118320049,Office,For Rent,"1,000 SQFT",,1,12 hours ago,Rs 1.65 Lac,"I-8 Markaz, Islamabad",Islamabad,OLX
https://www.olx.com.pk/item/office-for-rent-in-i-8-markaz-islamabad-iid-1118320045,Office,For Rent,"1,000 SQFT",,1,12 hours ago,Rs 1.80 Lac,"I-8 Markaz, Islamabad",Islamabad,OLX
https://www.olx.com.pk/item/1000-square-feet-office-for-rent-in-i-8-markaz-islamabad-iid-1118320042,Office,For Rent,"1,000 SQFT",,1,12 hours ago,Rs 1.70 Lac,"I-8 Markaz, Islamabad",Islamabad,OLX
https://www.olx.com.pk/item/reserve-a-house-now-in-i-84-iid-1118319897,House,For Rent,"3,200 SQFT",6,6,12 hours ago,Rs 4 Lac,"I-8/4, Islamabad",Islamabad,OLX
https://www.olx.com.pk/item/3200-square-feet-spacious-house-available-in-i-84-for-rent-iid-1118319894,House,For Rent,"3,200 SQFT",6,6,12 hours ago,Rs 3.80 Lac,"I-8/4, Islamabad",Islamabad,OLX
https://www.olx.com.pk/item/affordable-house-for-rent-in-i-84-iid-1118319863,House,For Rent,1 Kanal,6,6,12 hours ago,Rs 5.50 Lac,"I-8/4, Islamabad",Islamabad,OLX
https://www.olx.com.pk/item/brand-new-fully-furnished-apartment-available-for-rent-iid-1118288980,Apartment,For Rent,770 SQFT,1,1,6 days ago,"Rs 55,000","B-17, Islamabad",Islamabad,OLX
https://www.olx.com.pk/item/ground-floor-office-with-attached-washrooms-for-rent-jinnah-avenue-islamabad-high-rise-tower-ideal-for-banks-mncs-it-corporate-financial-companies-iid-1118182692,Room,For Rent,"4,762 SQFT",,1,1 week ago,Rs 17 Lacs,"Blue Area, Islamabad",Islamabad,OLX
https://www.olx.com.pk/item/pakistan-boys-hostel-g-10-4-islamabad-iid-1117490678,Other,For Rent,1 Kanal,6,7,4 weeks ago,"Rs 25,000","G-10/4, Islamabad",Islamabad,OLX
https://www.olx.com.pk/item/in-i-84-of-islamabad-a-1-kanal-house-is-available-iid-1118319856,House,For Rent,1 Kanal,6,6,12 hours ago,Rs 5.80 Lac,"I-8/4, Islamabad",Islamabad,OLX
https://www.olx.com.pk/item/best-options-for-upper-portion-is-available-for-rent-in-i-83-iid-1118319854,Upper Portion,For Rent,1 Kanal,3,3,12 hours ago,Rs 2.50 Lac,"I-8/3, Islamabad",Islamabad,OLX
https://www.olx.com.pk/item/a-centrally-located-upper-portion-is-available-for-rent-in-islamabad-iid-1118319848,Upper Portion,For Rent,1 Kanal,3,3,12 hours ago,Rs 1.60 Lac,"I-8/3, Islamabad",Islamabad,OLX
https://www.olx.com.pk/item/1-kanal-upper-portion-in-central-i-83-for-rent-iid-1118319846,Upper Portion,For Rent,1 Kanal,3,3,12 hours ago,Rs 2.25 Lac,"I-8/3, Islamabad",Islamabad,OLX
https://www.olx.com.pk/item/family-furnished-rooms-apartments-for-daily-basis-best-guest-house-hotel-rooms-in-islamabad-iid-1118764726,Room,For Rent,343 SQFT,1,1,13 hours ago,"Rs 4,500","Gulberg Greens, Islamabad",Islamabad,OLX
https://www.olx.com.pk/item/fair-priced-3200-square-feet-lower-portion-available-in-i-82-iid-1118319842,Lower Portion,For Rent,"3,200 SQFT",3,3,13 hours ago,Rs 1.60 Lac,"I-8/2, Islamabad",Islamabad,OLX
https://www.olx.com.pk/item/reserve-a-centrally-located-lower-portion-of-3200-square-feet-in-i-82-iid-1118319838,Lower Portion,For Rent,"3,200 SQFT",3,3,13 hours ago,Rs 1.70 Lac,"I-8/2, Islamabad",Islamabad,OLX
https://www.olx.com.pk/item/spacious-3200-square-feet-lower-portion-available-for-rent-in-i-82-iid-1118319835,Lower Portion,For Rent,"3,200 SQFT",3,3,13 hours ago,Rs 1.80 Lac,"I-8/2, Islamabad",Islamabad,OLX
https://www.olx.com.pk/item/6-marla-first-floor-availabile-for-rent-iid-1118764468,Other,For Rent,"1,400 SQFT",2,3,13 hours ago,"Rs 32,000","Ghauri Town Phase 5B, Islamabad",Islamabad,OLX
https://www.olx.com.pk/item/a-960-square-feet-shop-is-up-for-grabs-in-g-15-iid-1118764383,Shop,For Rent,960 SQFT,,1,13 hours ago,"Rs 80,000","G-15 Markaz, Islamabad",Islamabad,OLX
https://www.olx.com.pk/item/only-bachelors-room-for-rent-in-i-10-iid-1118183130,Room,For Rent,4 Marla,1,1,13 hours ago,"Rs 28,000","I-10, Islamabad",Islamabad,OLX
https://www.olx.com.pk/item/new-marble-flooring-open-basement-for-rent-in-i-10-iid-1117914964,Other,For Rent,7 Marla,2,2,13 hours ago,"Rs 68,000","I-10/1, Islamabad",Islamabad,OLX
https://www.olx.com.pk/item/brand-new-tile-flooring-first-floor-for-rent-in-i-11-iid-1118419025,Other,For Rent,4 Marla,2,2,13 hours ago,"Rs 60,000","I-11, Islamabad",Islamabad,OLX
https://www.olx.com.pk/item/vip-family-furnished-rooms-short-time-daily-basis-guest-house-flats-apartments-for-rent-in-islamabad-iid-1118764189,Room,For Rent,567 SQFT,1,1,13 hours ago,"Rs 4,000","Islamabad Expressway, Islamabad",Islamabad,OLX
https://www.olx.com.pk/item/short-time-daily-weekly-furnished-rooms-apartment-guest-house-hotel-rooms-in-islamabad-iid-1118764169,Room,For Rent,787 SQFT,1,1,13 hours ago,"Rs 4,000","Ghauri Town Phase 5, Islamabad",Islamabad,OLX
https://www.olx.com.pk/item/prime-commercial-space-for-lease-former-samba-bank-premises-iid-1116908397,Other,For Rent,"1,800 SQFT",,1,2 weeks ago,Rs 5 Lac,"Bahria Town Phase 7, Rawalpindi",Rawalpindi,OLX
https://www.olx.com.pk/item/affordable-hostel-for-boys-near-arid-university-gct-college-iid-1117659512,Other,For Rent,,,,4 weeks ago,"Rs 12,000","Farooq-e-Azam Road, Rawalpindi",Rawalpindi,OLX
https://www.olx.com.pk/item/office-space-available-for-rent-at-ideal-location-iid-1116316048,Office,For Rent,182 SQFT,,1,2 weeks ago,"Rs 60,000","Rizwan Arcade, Rawalpindi",Rawalpindi,OLX
https://www.olx.com.pk/item/short-time-1bed-rom-full-furnished-apartments-safe-and-scour-100coupe-allow-iid-1117687541,Apartment,For Rent,700 SQFT,1,1,4 weeks ago,"Rs 5,000","Bahria Town Phase 7, Rawalpindi",Rawalpindi,OLX
https://www.olx.com.pk/item/par-day-and-short-time-one-and-two-bed-room-appaertment-available-bahria-town-phase-4-and-6-empire-heights-2-family-apartment-any-time-available-iid-1117944015,Room,For Rent,699 SQFT,1,1,1 day ago,"Rs 3,500","Bahria Town Phase 6, Rawalpindi",Rawalpindi,OLX
https://www.olx.com.pk/item/guest-house-room-for-rent-bahria-town-phase-8-rwp-iid-1118113949,Room,For Rent,,,,4 days ago,"Rs 6,000","Bahria Town Phase 8, Rawalpindi",Rawalpindi,OLX
https://www.olx.com.pk/item/daily-short-term-iid-1118068350,Other,For Rent,700 SQFT,1,1,13 hours ago,"Rs 5,000","Bahria Town - Civic Centre, Rawalpindi",Rawalpindi,OLX
https://www.olx.com.pk/item/luxury-2bed-rom-full-furnished-apartments-available-for-short-time-bahria-town-islamabad-iid-1117732091,Apartment,For Rent,"1,200 SQFT",2,2,4 weeks ago,"Rs 10,000","Bahria Town Phase 7, Rawalpindi",Rawalpindi,OLX
https://www.olx.com.pk/item/tow-bedroom-furnished-per-day-weekly-monthly-short-stay-for-rent-iid-1118019594,Room,For Rent,"1,650 SQFT",2,2,4 days ago,"Rs 13,000","Bahria Town Phase 4, Rawalpindi",Rawalpindi,OLX
https://www.olx.com.pk/item/cloth-shop-iid-1118788697,Shop,For Rent,1 Marla,,1,1 hour ago,Rs 8.50 Lac,"Satellite Town - Block E, Rawalpindi",Rawalpindi,OLX
https://www.olx.com.pk/item/portion-for-rent-in-shally-valley-iid-1118438831,Other,For Rent,7 Marla,2,2,2 hours ago,"Rs 60,000","Shalley Valley, Rawalpindi",Rawalpindi,OLX
https://www.olx.com.pk/item/portion-for-rent-in-range-road-iid-1118212436,Other,For Rent,6 Marla,2,2,2 hours ago,"Rs 55,000","Range Road, Rawalpindi",Rawalpindi,OLX
https://www.olx.com.pk/item/a-brand-new-house-is-available-for-rent-iid-1117848443,House,For Rent,10 Marla,5,7,2 hours ago,Rs 1.40 Lac,"Misryal Road, Rawalpindi",Rawalpindi,OLX
https://www.olx.com.pk/item/2-bad-room-furnished-apartment-short-stay-daily-basis-and-weekly-available-iid-1118788221,Room,For Rent,"1,250 SQFT",2,2,2 hours ago,"Rs 15,000","Bahria Town Phase 4, Rawalpindi",Rawalpindi,OLX
https://www.olx.com.pk/item/flat-available-for-rent-in-range-road-iid-1117940355,Flat,For Rent,800 SQFT,2,2,2 hours ago,"Rs 55,000","Range Road, Rawalpindi",Rawalpindi,OLX
https://www.olx.com.pk/item/par-day-short-stay-2-badroom-furnished-apartment-available-iid-1118788395,Room,For Rent,"1,400 SQFT",2,2,2 hours ago,"Rs 15,000","Blue World City, Rawalpindi",Rawalpindi,OLX
https://www.olx.com.pk/item/house-for-rent-in-range-road-iid-1118483176,House,For Rent,7 Marla,2,3,2 hours ago,"Rs 50,000","Range Road, Rawalpindi",Rawalpindi,OLX
https://www.olx.com.pk/item/portion-for-rent-in-range-road-iid-1118483172,Other,For Rent,6 Marla,3,2,2 hours ago,"Rs 60,000","Range Road, Rawalpindi",Rawalpindi,OLX
https://www.olx.com.pk/item/a-brand-new-house-is-available-for-rent-iid-1118169087,House,For Rent,7 Marla,2,3,2 hours ago,"Rs 65,000","Range Road, Rawalpindi",Rawalpindi,OLX
https://www.olx.com.pk/item/par-day-short-time-phase-6-iid-1118787572,Other,For Rent,700 SQFT,1,1,2 hours ago,"Rs 3,500","Bahria Town Phase 6, Rawalpindi",Rawalpindi,OLX
https://www.olx.com.pk/item/bahria-twon-empair-hait-phase-6-iid-1118787548,Other,For Rent,700 SQFT,1,1,2 hours ago,"Rs 3,000","Bahria Town Rawalpindi, Rawalpindi",Rawalpindi,OLX
https://www.olx.com.pk/item/bahria-twon-empair-hait-phase-6-iid-1118787541,Other,For Rent,700 SQFT,1,1,2 hours ago,"Rs 3,000","Bahria Town Rawalpindi, Rawalpindi",Rawalpindi,OLX
https://www.olx.com.pk/item/bahria-twon-empair-hait-phase-6-iid-1118787539,Other,For Rent,700 SQFT,1,1,2 hours ago,"Rs 3,000","Bahria Town Rawalpindi, Rawalpindi",Rawalpindi,OLX
https://www.olx.com.pk/item/bahria-twon-empair-hait-phase-6-iid-1118787537,Other,For Rent,700 SQFT,1,1,2 hours ago,"Rs 3,000","Bahria Town Rawalpindi, Rawalpindi",Rawalpindi,OLX
https://www.olx.com.pk/item/one-bed-flat-available-for-daily-rent-in-bahria-town-iid-1117775814,Flat,For Rent,560 SQFT,1,1,2 weeks ago,"Rs 3,000","Bahria Town Phase 7, Rawalpindi",Rawalpindi,OLX
https://www.olx.com.pk/item/2bed-rom-full-furnished-apartments-available-for-short-time-bahria-town-islamabad-iid-1117690293,Apartment,For Rent,"1,200 SQFT",2,2,1 week ago,"Rs 10,000","Bahria Town Phase 8, Rawalpindi",Rawalpindi,OLX
https://www.olx.com.pk/item/daily-basis-apartment-for-rent-bahria-town-iid-1118301588,Apartment,For Rent,700 SQFT,1,1,15 hours ago,"Rs 7,000","Bahria Business District, Rawalpindi",Rawalpindi,OLX
https://www.olx.com.pk/item/1-bed-luxurious-apartment-available-for-rent-iid-1117620905,Apartment,For Rent,"1,475 SQFT",1,2,4 weeks ago,Rs 1.14 Lac,"Bahria Town Phase 7, Rawalpindi",Rawalpindi,OLX
https://www.olx.com.pk/item/daily-basis-apartment-for-rent-bahria-town-iid-1118180090,Apartment,For Rent,600 SQFT,1,1,15 hours ago,"Rs 7,000","Bahria Business District, Rawalpindi",Rawalpindi,OLX
https://www.olx.com.pk/item/daily-basis-furnished-apartment-bahria-town-ph-7-familycouple-welcome-iid-1117640530,Apartment,For Rent,600 SQFT,1,1,1 day ago,"Rs 6,000","Bahria Town Phase 7, Rawalpindi",Rawalpindi,OLX
https://www.olx.com.pk/item/short-stay-daily-basis-apartment-for-rent-bahria-town-iid-1118336267,Apartment,For Rent,500 SQFT,1,1,15 hours ago,"Rs 5,000","Bahria Business District, Rawalpindi",Rawalpindi,OLX
https://www.olx.com.pk/item/2-bed-flat-available-for-monthly-bases-bahria-town-phase-7-rawalpindi-iid-1116909637,Flat,For Rent,"1,250 SQFT",2,2,2 weeks ago,"Rs 70,000","Bahria Town Phase 7, Rawalpindi",Rawalpindi,OLX
https://www.olx.com.pk/item/daily-basis-apartment-for-rent-bahria-town-rawalpindi-islamabad-iid-1118301358,Apartment,For Rent,"1,000 SQFT",2,2,15 hours ago,"Rs 12,000","Bahria Business District, Rawalpindi",Rawalpindi,OLX
https://www.olx.com.pk/item/par-day-and-short-time-one-and-two-bed-room-appaertment-available-bahria-town-phase-4-and-6-empire-heights-2-family-apartment-any-time-available-iid-1118784622,Room,For Rent,699 SQFT,1,1,4 hours ago,"Rs 3,000","Bahria Town Phase 6, Rawalpindi",Rawalpindi,OLX
https://www.olx.com.pk/item/par-day-and-short-time-one-and-two-bed-room-appaertment-available-bahria-town-phase-4-and-6-empire-heights-2-family-apartment-any-time-available-iid-1118784614,Room,For Rent,900 SQFT,2,2,4 hours ago,"Rs 8,000","Bahria Town Phase 6, Rawalpindi",Rawalpindi,OLX
https://www.olx.com.pk/item/par-day-and-short-time-one-and-two-bed-room-appaertment-available-bahria-town-phase-4-and-6-empire-heights-2-family-apartment-any-time-available-iid-1118784608,Room,For Rent,699 SQFT,1,1,4 hours ago,"Rs 3,000","Bahria Town Phase 6, Rawalpindi",Rawalpindi,OLX
https://www.olx.com.pk/item/par-day-and-short-time-one-and-two-bed-room-appaertment-available-bahria-town-phase-4-and-6-empire-heights-2-family-apartment-any-time-available-iid-1118784606,Room,For Rent,699 SQFT,1,1,4 hours ago,"Rs 3,000","Bahria Town Phase 4, Rawalpindi",Rawalpindi,OLX
https://www.olx.com.pk/item/par-day-and-short-time-one-and-two-bed-room-appaertment-available-bahria-town-phase-4-and-6-empire-heights-2-family-apartment-any-time-available-iid-1118784604,Room,For Rent,699 SQFT,1,1,4 hours ago,"Rs 3,000","Bahria Town Phase 4, Rawalpindi",Rawalpindi,OLX
https://www.olx.com.pk/item/par-day-and-short-time-one-and-two-bed-room-appaertment-available-bahria-town-phase-4-and-6-empire-heights-2-family-apartment-any-time-available-iid-1118784597,Room,For Rent,699 SQFT,1,1,4 hours ago,"Rs 3,000","Bahria Town Phase 4, Rawalpindi",Rawalpindi,OLX
https://www.olx.com.pk/item/short-time-daily-weekly-furnished-flats-guest-house-rooms-hotel-rooms-in-islamabad-iid-1118784588,Room,For Rent,466 SQFT,1,1,4 hours ago,"Rs 5,000","Islamabad Highway, Rawalpindi",Rawalpindi,OLX
https://www.olx.com.pk/item/vip-hotel-rooms-guest-house-1bed-2bed-studio-furnished-apartment-near-gulberg-green-iid-1118784490,Room,For Rent,,,,5 hours ago,"Rs 4,000","Ghauri Town, Rawalpindi",Rawalpindi,OLX
https://www.olx.com.pk/item/family-guest-house-rooms-short-time-per-day-hotel-rooms-for-rent-in-islamabad-iid-1118784442,Room,For Rent,,,,5 hours ago,"Rs 5,000","Murree Road, Rawalpindi",Rawalpindi,OLX
https://www.olx.com.pk/item/studio-apartment-for-short-stay-bahria-town-phase-7-rwp-iid-1118784440,Apartment,For Rent,1 Kanal,Studio,1,5 hours ago,"Rs 3,000","Bahria Town Phase 7, Rawalpindi",Rawalpindi,OLX
https://www.olx.com.pk/item/1-bedroom-apartment-available-par-day-empire-heights-2-phase-6-iid-1118783796,Room,For Rent,700 SQFT,1,1,5 hours ago,"Rs 3,500","Bahria Town Rawalpindi, Rawalpindi",Rawalpindi,OLX
https://www.olx.com.pk/item/short-time-stay-family-guest-house-apartments-hotel-rooms-for-rent-in-islamabad-iid-1118782061,Room,For Rent,567 SQFT,1,1,6 hours ago,"Rs 5,000","Faizabad, Rawalpindi",Rawalpindi,OLX
https://www.olx.com.pk/item/furnished-rooms-apartments-for-short-stay-per-day-guest-house-hotel-rooms-for-rent-in-islamabad-iid-1118782013,Room,For Rent,500 SQFT,1,1,6 hours ago,"Rs 5,000","Murree Road, Rawalpindi",Rawalpindi,OLX
https://www.olx.com.pk/item/vip-family-guest-house-for-short-stayper-day-apartments-hotel-rooms-in-islamabad-iid-1118782003,Room,For Rent,699 SQFT,1,1,6 hours ago,"Rs 4,000","Ghauri Town, Rawalpindi",Rawalpindi,OLX
https://www.olx.com.pk/item/vip-family-guest-house-for-short-stayper-day-apartments-hotel-rooms-in-islamabad-iid-1118781984,Room,For Rent,666 SQFT,1,1,6 hours ago,"Rs 5,000","Airport Road, Rawalpindi",Rawalpindi,OLX
https://www.olx.com.pk/item/1-bed-luxury-furnished-flat-on-per-day-rent-iid-1117753272,Flat,For Rent,1 Kanal,1,1,1 week ago,"Rs 5,000","Bahria Town Phase 7, Rawalpindi",Rawalpindi,OLX
https://www.olx.com.pk/item/luxury-furnished-apartments-in-a-prime-and-secure-location-one-bed-iid-1115378144,Apartment,For Rent,800 SQFT,1,1,5 days ago,"Rs 8,000","Bahria Mini Commercial Center, Rawalpindi",Rawalpindi,OLX
https://www.olx.com.pk/item/luxury-furnished-onebedapartment-for-rent-daily-weekly-monthly-prime-location-fully-equipped-iid-1117730546,Apartment,For Rent,600 SQFT,1,1,14 hours ago,"Rs 4,500","Bahria Town Phase 7, Rawalpindi",Rawalpindi,OLX
https://www.olx.com.pk/item/luxury-furnished-apartment-for-rent-bahria-town-phase-7-iid-1116221507,Apartment,For Rent,500 SQFT,1,1,4 weeks ago,"Rs 4,500","Bahria Square Commercial, Rawalpindi",Rawalpindi,OLX
https://www.olx.com.pk/item/bahria-twon-empair-hait-2phase-6-iid-1117713209,Other,For Rent,700 SQFT,1,1,4 weeks ago,"Rs 3,000","Bahria Town Phase 6, Rawalpindi",Rawalpindi,OLX
https://www.olx.com.pk/item/one-bedroom-apartment-for-short-term-stay-3hour-iid-1117508292,Room,For Rent,600 SQFT,1,1,6 days ago,"Rs 3,000","Bahria Town - Civic Centre, Rawalpindi",Rawalpindi,OLX
https://www.olx.com.pk/item/flat-for-rent-1bed-rom-full-furnished-apartments-safe-and-scour-100coupe-allow-iid-1117767565,Flat,For Rent,700 SQFT,1,1,2 weeks ago,"Rs 5,000","Bahria Town Phase 8, Rawalpindi",Rawalpindi,OLX
https://www.olx.com.pk/item/5-marla-furnished-house-available-for-rent-iid-1118556313,House,For Rent,5 Marla,3,4,6 days ago,Rs 1 Lac,"Bahria Town Phase 8, Rawalpindi",Rawalpindi,OLX
https://www.olx.com.pk/item/family-friendly-guest-house-short-timeper-day-furnished-rooms-apartments-hotel-rooms-iid-1118781731,Room,For Rent,,,,6 hours ago,"Rs 6,000","Faizabad, Rawalpindi",Rawalpindi,OLX
https://www.olx.com.pk/item/vip-furnished-rooms-for-short-stay-per-day-guest-house-hotel-rooms-apartments-in-islamabad-iid-1118781724,Room,For Rent,656 SQFT,1,1,6 hours ago,"Rs 5,000","Murree Road, Rawalpindi",Rawalpindi,OLX
https://www.olx.com.pk/item/family-friendly-hotel-rooms-for-rent-on-a-daily-weekly-and-monthly-basis-iid-1118780904,Room,For Rent,,,,6 hours ago,"Rs 2,000","Islamabad Highway, Rawalpindi",Rawalpindi,OLX
https://www.olx.com.pk/item/family-friendly-hotel-rooms-for-rent-on-a-daily-weekly-and-monthly-basis-iid-1118780899,Room,For Rent,,,,6 hours ago,"Rs 3,000","Islamabad Highway, Rawalpindi",Rawalpindi,OLX
https://www.olx.com.pk/item/luxury-guest-house-room-hotel-room-single-room-vip-apartment-furnished-for-rent-iid-1118780873,Room,For Rent,,,,6 hours ago,"Rs 2,500","Dhok Kala Khan, Rawalpindi",Rawalpindi,OLX
https://www.olx.com.pk/item/luxury-guest-house-room-hotel-room-single-room-vip-apartment-furnished-for-rent-iid-1118780869,Room,For Rent,,,,6 hours ago,"Rs 2,000","Muslim Town, Rawalpindi",Rawalpindi,OLX
https://www.olx.com.pk/item/family-friendly-hotel-rooms-for-rent-on-daily-weekly-and-monthly-basis-iid-1118780851,Room,For Rent,,,,6 hours ago,"Rs 2,000","Islamabad Highway, Rawalpindi",Rawalpindi,OLX
https://www.olx.com.pk/item/7-marla-brand-new-house-available-for-rent-in-bahria-town-phase-8-rawalpindi-iid-1118778432,House,For Rent,7 Marla,5,6,7 hours ago,"Rs 90,000","Bahria Town Phase 8, Rawalpindi",Rawalpindi,OLX
https://www.olx.com.pk/item/7-marla-house-available-for-rent-in-bahria-town-phase-8-rawalpindi-with-water-bor-iid-1118778375,House,For Rent,7 Marla,5,6,7 hours ago,Rs 1 Lac,"Bahria Town Phase 8, Rawalpindi",Rawalpindi,OLX
https://www.olx.com.pk/item/7-marla-house-available-for-rent-in-bahria-town-phase-8-rawalpindi-iid-1117796817,House,For Rent,7 Marla,4,5,7 hours ago,"Rs 90,000","Bahria Town Phase 8, Rawalpindi",Rawalpindi,OLX
https://www.olx.com.pk/item/1-bedroom-apartment-available-par-day-empire-heights-2-phase-6-iid-1118774284,Room,For Rent,700 SQFT,1,1,9 hours ago,"Rs 3,000","Bahria Town Phase 6, Rawalpindi",Rawalpindi,OLX
https://www.olx.com.pk/item/1-bedroom-apartment-available-par-day-empire-heights-2-phase-6-iid-1118774277,Room,For Rent,700 SQFT,1,1,9 hours ago,"Rs 3,500","Bahria Town Phase 6, Rawalpindi",Rawalpindi,OLX
https://www.olx.com.pk/item/school-building-available-for-rent-on-six-road-iid-1118774114,Building,For Rent,60 Marla,,7,9 hours ago,Rs 7.50 Lac,"Satellite Town - 6th Road, Rawalpindi",Rawalpindi,OLX
https://www.olx.com.pk/item/space-available-for-rent-on-muree-road-iid-1118772179,Other,For Rent,"5,000 SQFT",,7,10 hours ago,Rs 6 Lac,"Murree Road, Rawalpindi",Rawalpindi,OLX
https://www.olx.com.pk/item/one-bed-luxury-furnished-apartment-for-per-day-rent-iid-1118672711,Apartment,For Rent,1 Kanal,1,1,10 hours ago,"Rs 3,500","Bahria Town Phase 7, Rawalpindi",Rawalpindi,OLX
https://www.olx.com.pk/item/one-bedroom-apartment-daily-rent-wifi-ac-kitchen-iid-1117329578,Room,For Rent,850 SQFT,1,1,1 day ago,"Rs 4,500","Bahria Town Phase 7, Rawalpindi",Rawalpindi,OLX
https://www.olx.com.pk/item/global-boys-hostel-near-chae-chobara6th-roadsatelite-townrawalpindi-iid-1092356932,Other,For Rent,,,,4 weeks ago,"Rs 13,000","Satellite Town - Block D, Rawalpindi",Rawalpindi,OLX
https://www.olx.com.pk/item/safari-valley-lodges-luxury-apartments-hotel-bahria-town-phase-8-iid-1117876918,Apartment,For Rent,600 SQFT,1,1,3 weeks ago,"Rs 5,000","Bahria Town Phase 8, Rawalpindi",Rawalpindi,OLX
https://www.olx.com.pk/item/professional-office-space-for-rent-fully-furnished-iid-1116543401,Office,For Rent,180 SQFT,,1,3 weeks ago,Rs 3.25 Lac,"Satellite Town - Block E, Rawalpindi",Rawalpindi,OLX
https://www.olx.com.pk/item/2bed-rom-full-furnished-apartments-available-for-short-time-bahria-town-islamabad-iid-1117768193,Apartment,For Rent,700 SQFT,1,1,3 weeks ago,"Rs 5,000","Bahria Town Phase 7, Rawalpindi",Rawalpindi,OLX
https://www.olx.com.pk/item/par-day-short-time-bahria-town-phase-6-iid-1117687662,Other,For Rent,700 SQFT,1,1,4 weeks ago,"Rs 3,000","Bahria Town Phase 6, Rawalpindi",Rawalpindi,OLX
https://www.olx.com.pk/item/short-stay-apartment-for-rent-bahria-town-iid-1118230114,Apartment,For Rent,700 SQFT,1,1,15 hours ago,"Rs 7,000","Bahria Business District, Rawalpindi",Rawalpindi,OLX
https://www.olx.com.pk/item/1-bed-luxury-furnished-flat-on-per-day-rent-iid-1118672115,Flat,For Rent,2 Marla,1,1,10 hours ago,"Rs 4,000","Bahria Town Phase 4, Rawalpindi",Rawalpindi,OLX
https://www.olx.com.pk/item/1-bed-luxury-furnished-flat-on-per-day-rent-iid-1118576833,Flat,For Rent,1 Kanal,1,1,10 hours ago,"Rs 3,000","Bahria Town Phase 7, Rawalpindi",Rawalpindi,OLX
https://www.olx.com.pk/item/furnished-1-bed-apartment-on-short-term-basis-iid-1118523003,Apartment,For Rent,1 Kanal,1,1,10 hours ago,"Rs 4,000","Bahria Town Phase 7, Rawalpindi",Rawalpindi,OLX
https://www.olx.com.pk/item/one-bed-luxury-furnished-apartment-for-per-day-rent-iid-1118522662,Apartment,For Rent,1 Kanal,1,1,10 hours ago,"Rs 3,500","Bahria Town Phase 7, Rawalpindi",Rawalpindi,OLX
https://www.olx.com.pk/item/1-bed-luxury-furnished-flat-on-per-day-rent-iid-1118522511,Flat,For Rent,1 Kanal,1,1,10 hours ago,"Rs 4,000","Bahria Town Phase 1, Rawalpindi",Rawalpindi,OLX
https://www.olx.com.pk/item/1-bed-luxury-furnished-flat-on-per-day-rent-iid-1118510167,Flat,For Rent,1 Kanal,1,1,10 hours ago,"Rs 3,000","Bahria Town Phase 7, Rawalpindi",Rawalpindi,OLX
https://www.olx.com.pk/item/family-friendly-hotel-rooms-for-rent-on-daily-weekly-and-monthly-basis-iid-1118600223,Room,For Rent,,,,10 hours ago,"Rs 2,500","Islamabad Highway, Rawalpindi",Rawalpindi,OLX
https://www.olx.com.pk/item/discounted-rate-for-short-time-stay-furnished-rooms-flats-best-guest-house-hotel-rooms-iid-1118771664,Room,For Rent,,,,10 hours ago,"Rs 4,000","Islamabad Highway, Rawalpindi",Rawalpindi,OLX
https://www.olx.com.pk/item/1-bedroom-apartment-available-par-day-empire-heights-2-phase-6-iid-1118771474,Room,For Rent,700 SQFT,1,1,10 hours ago,"Rs 3,000","Bahria Town Phase 6, Rawalpindi",Rawalpindi,OLX
https://www.olx.com.pk/item/par-day-apartment-available-han-empire-heights-2-phase-6-iid-1118771451,Apartment,For Rent,700 SQFT,1,1,10 hours ago,"Rs 3,500","Bahria Town Phase 6, Rawalpindi",Rawalpindi,OLX
https://www.olx.com.pk/item/10-marla-upper-portion-available-for-rent-in-bahria-town-phase-3-iid-1118771388,Upper Portion,For Rent,10 Marla,2,2,10 hours ago,"Rs 70,000","Bahria Town Phase 3, Rawalpindi",Rawalpindi,OLX
https://www.olx.com.pk/item/vip-ac-room-fully-furnished-guest-house-hotel-rooms-furnished-flats-daily-basis-iid-1118770774,Room,For Rent,,,,10 hours ago,"Rs 4,000","Faizabad, Rawalpindi",Rawalpindi,OLX
https://www.olx.com.pk/item/luxury-furnished-apartments-available-iid-1118166933,Apartment,For Rent,850 SQFT,1,1,10 hours ago,"Rs 11,000","Bahria Town Phase 1, Rawalpindi",Rawalpindi,OLX
https://www.olx.com.pk/item/shop-for-rent-on-muree-road-rawalpindi-iid-1118770148,Shop,For Rent,"1,700 SQFT",,4,11 hours ago,Rs 4 Lac,"Murree Road, Rawalpindi",Rawalpindi,OLX
https://www.olx.com.pk/item/bahria-twon-empair-hait-phase-6-iid-1118769401,Other,For Rent,700 SQFT,1,1,11 hours ago,"Rs 3,000","Bahria Town Rawalpindi, Rawalpindi",Rawalpindi,OLX
https://www.olx.com.pk/item/furnished-2bed-apartment-for-rent-in-bahria-town-phase-2-iid-1118466017,Apartment,For Rent,950 SQFT,2,2,1 week ago,"Rs 75,000","Bahria Town Phase 2, Rawalpindi",Rawalpindi,OLX
https://www.olx.com.pk/item/5-marla-full-furnished-house-available-for-rent-near-park-musjid-or-commercial-iid-1117896672,House,For Rent,5 Marla,4,4,1 week ago,Rs 1.40 Lac,"Bahria Town Phase 8 - Sector E-3, Rawalpindi",Rawalpindi,OLX
https://www.olx.com.pk/item/shared-workspace-flexible-coworking-space-iid-1117876152,Other,For Rent,180 SQFT,,1,3 weeks ago,"Rs 12,000","Saidpur Road, Rawalpindi",Rawalpindi,OLX
https://www.olx.com.pk/item/ground-poction-available-for-rent-in-range-road-rwp-iid-1117842459,Other,For Rent,8 Marla,2,3,2 weeks ago,"Rs 65,000","Range Road, Rawalpindi",Rawalpindi,OLX
https://www.olx.com.pk/item/per-day-1bed-rom-full-furnished-apartments-safe-and-scour-100coupe-allow-iid-1117690563,Apartment,For Rent,700 SQFT,1,1,4 weeks ago,"Rs 5,000","Bahria Town Phase 7, Rawalpindi",Rawalpindi,OLX
https://www.olx.com.pk/item/single-story-house-awami-villa-2-bahria-town-phase-8-iid-1118682132,House,For Rent,5 Marla,2,1,3 days ago,"Rs 32,000","Bahria Town Phase 8 - Awami Villas 2, Rawalpindi",Rawalpindi,OLX
https://www.olx.com.pk/item/bahria-twon-empair-hait-phase-6-iid-1118769368,Other,For Rent,700 SQFT,1,1,11 hours ago,"Rs 3,000","Bahria Town Rawalpindi, Rawalpindi",Rawalpindi,OLX
https://www.olx.com.pk/item/bahria-twon-empair-hait-phase-6-iid-1118769360,Other,For Rent,700 SQFT,1,1,11 hours ago,"Rs 3,000","Bahria Town Phase 6, Rawalpindi",Rawalpindi,OLX
https://www.olx.com.pk/item/bahria-twon-empair-hait-phase-6-iid-1118769353,Other,For Rent,700 SQFT,1,1,11 hours ago,"Rs 3,000","Bahria Town Phase 6, Rawalpindi",Rawalpindi,OLX
https://www.olx.com.pk/item/bahria-twon-empair-hait-phase-6-iid-1118769343,Other,For Rent,700 SQFT,1,1,11 hours ago,"Rs 3,000","Bahria Town Phase 6, Rawalpindi",Rawalpindi,OLX
https://www.olx.com.pk/item/bahria-twon-empair-hait-phase-6-iid-1118769336,Other,For Rent,700 SQFT,1,1,11 hours ago,"Rs 3,000","Bahria Town Phase 6, Rawalpindi",Rawalpindi,OLX
https://www.olx.com.pk/item/bahria-twon-empair-hait-phase-6-iid-1118769333,Other,For Rent,700 SQFT,1,1,11 hours ago,"Rs 3,000","Bahria Town Phase 6, Rawalpindi",Rawalpindi,OLX
https://www.olx.com.pk/item/bahria-twon-empair-hait-phase-6-iid-1118769326,Other,For Rent,700 SQFT,1,1,11 hours ago,"Rs 3,000","Bahria Town Phase 6, Rawalpindi",Rawalpindi,OLX
https://www.olx.com.pk/item/officecall-centerhall-for-rent-0330-5364555-iid-1118769320,Office,For Rent,"1,200 SQFT",,2,11 hours ago,Rs 1.85 Lac,"Murree Road, Rawalpindi",Rawalpindi,OLX
https://www.olx.com.pk/item/officecall-centerhall-for-rent-0330-5364555-iid-1118769248,Office,For Rent,"2,500 SQFT",,2,11 hours ago,Rs 4.50 Lac,"Commercial Market, Rawalpindi",Rawalpindi,OLX
https://www.olx.com.pk/item/call-center-for-rent-iid-1118769090,Other,For Rent,"2,200 SQFT",,2,11 hours ago,Rs 3 Lac,"Murree Road, Rawalpindi",Rawalpindi,OLX
https://www.olx.com.pk/item/80-seater-furnished-call-centerofficehall-for-rent-iid-1118769057,Office,For Rent,"3,000 SQFT",,4,11 hours ago,Rs 6.50 Lac,"Murree Road, Rawalpindi",Rawalpindi,OLX
https://www.olx.com.pk/item/furnished-70-seater-call-centerofficehall-for-rent-iid-1118769021,Office,For Rent,"3,000 SQFT",,4,11 hours ago,Rs 5.50 Lac,"Murree Road, Rawalpindi",Rawalpindi,OLX
https://www.olx.com.pk/item/space-for-officecall-centerithall-hostel-for-rent-iid-1118768999,Office,For Rent,"1,500 SQFT",,1,11 hours ago,Rs 1.85 Lac,"Murree Road, Rawalpindi",Rawalpindi,OLX
https://www.olx.com.pk/item/space-for-officecall-centerithall-for-rent-iid-1118768974,Office,For Rent,"1,000 SQFT",,1,11 hours ago,Rs 1.50 Lac,"Murree Road, Rawalpindi",Rawalpindi,OLX
https://www.olx.com.pk/item/officecall-centerhall-for-rent-0330-5364555-iid-1118768965,Office,For Rent,"1,500 SQFT",,2,11 hours ago,Rs 2 Lac,"Murree Road, Rawalpindi",Rawalpindi,OLX
https://www.olx.com.pk/item/air-condtitioning-with-ac-private-pod-single-pod-hotel-iid-1118048121,Other,For Rent,,,,2 weeks ago,"Rs 1,000","Khayaban-e-Sir Syed, Rawalpindi",Rawalpindi,OLX
https://www.olx.com.pk/item/bahria-heights-3-one-bed-fully-furnished-apartment-for-rent-iid-1117404710,Apartment,For Rent,660 SQFT,1,1,2 weeks ago,"Rs 65,000","Bahria Town Phase 4, Rawalpindi",Rawalpindi,OLX
https://www.olx.com.pk/item/1-bedroom-apartment-available-par-day-empire-heights-2-phase-6-iid-1118768889,Room,For Rent,700 SQFT,1,1,11 hours ago,"Rs 3,500","Bahria Town Phase 6, Rawalpindi",Rawalpindi,OLX
https://www.olx.com.pk/item/1-bedroom-apartment-available-par-day-empire-heights-2-phase-6-iid-1118768879,Room,For Rent,700 SQFT,1,1,11 hours ago,"Rs 3,000","Bahria Town Phase 6, Rawalpindi",Rawalpindi,OLX
https://www.olx.com.pk/item/1-bedroom-apartment-available-par-day-empire-heights-2-phase-6-iid-1118768876,Room,For Rent,700 SQFT,1,1,11 hours ago,"Rs 3,000","Bahria Town Phase 6, Rawalpindi",Rawalpindi,OLX
https://www.olx.com.pk/item/1-bedroom-apartment-available-par-day-empire-heights-2-phase-6-iid-1118768862,Room,For Rent,700 SQFT,1,1,11 hours ago,"Rs 3,500","Bahria Town Phase 6, Rawalpindi",Rawalpindi,OLX
https://www.olx.com.pk/item/5-marla-safari-home-iid-1118768620,Other,For Rent,5 Marla,2,2,11 hours ago,"Rs 60,000","Bahria Town Phase 8, Rawalpindi",Rawalpindi,OLX
https://www.olx.com.pk/item/7-marla-brand-new-full-furnished-house-available-for-rent-iid-1118767094,House,For Rent,7 Marla,3,3,12 hours ago,Rs 1.20 Lac,"Bahria Town Phase 8, Rawalpindi",Rawalpindi,OLX
https://www.olx.com.pk/item/beautiful-corner-space-available-for-rent-in-bahria-town-islamabad-rawalpindi-iid-1118030566,Other,For Rent,"1,400 SQFT",,2,12 hours ago,Rs 1.50 Lac,"Bahria Town Phase 7, Rawalpindi",Rawalpindi,OLX
https://www.olx.com.pk/item/beautiful-ground-floor-office-available-for-rent-in-bahria-paradise-commercial-iid-1117668242,Office,For Rent,"1,200 SQFT",,1,12 hours ago,Rs 2.50 Lac,"Bahria Paradise, Rawalpindi",Rawalpindi,OLX
https://www.olx.com.pk/item/brand-new-10-marla-floor-available-for-rent-in-bahria-paradise-commercial-iid-1117667904,Other,For Rent,"2,400 SQFT",,1,12 hours ago,Rs 2.50 Lac,"Bahria Paradise, Rawalpindi",Rawalpindi,OLX
https://www.olx.com.pk/item/brand-new-floors-available-for-rent-at-very-reasonable-price-iid-1117667214,Other,For Rent,"1,400 SQFT",,1,12 hours ago,Rs 1.30 Lac,"Bahria Paradise, Rawalpindi",Rawalpindi,OLX
https://www.olx.com.pk/item/1bhk-luxury-safe-secure-newly-furnished-iid-1118333014,Other,For Rent,700 SQFT,1,1,12 hours ago,"Rs 7,500","Bahria Town Phase 4, Rawalpindi",Rawalpindi,OLX
https://www.olx.com.pk/item/safe-secure-luxury-flat-for-per-day-iid-1118085942,Flat,For Rent,700 SQFT,1,1,12 hours ago,"Rs 9,000","Bahria Town Phase 4, Rawalpindi",Rawalpindi,OLX
https://www.olx.com.pk/item/luxury-safe-secure-flat-avail-for-per-day-iid-1117828073,Flat,For Rent,650 SQFT,1,1,12 hours ago,"Rs 6,500","Bahria Town Phase 4, Rawalpindi",Rawalpindi,OLX
https://www.olx.com.pk/item/1-bedroom-apartment-available-par-day-empire-heights-2-phase-6-iid-1118764539,Room,For Rent,700 SQFT,,,13 hours ago,"Rs 3,500","Bahria Town Phase 6, Rawalpindi",Rawalpindi,OLX
https://www.olx.com.pk/item/bahria-town-empire-heights-2-phase-6-iid-1118764525,Other,For Rent,700 SQFT,1,1,13 hours ago,"Rs 3,000","Bahria Town Phase 6, Rawalpindi",Rawalpindi,OLX
https://www.olx.com.pk/item/room-for-boys-on-rent-boys-hostel-without-mess-and-with-mess-both-iid-1071745058,Room,For Rent,,,,3 weeks ago,"Rs 5,500","Ayub National Park, Rawalpindi",Rawalpindi,OLX
https://www.olx.com.pk/item/fully-furnished-10-marla-5-house-available-for-rent-in-phase-4-bahria-town-rawalpindi-iid-1117938046,House,For Rent,10 Marla,5,7,2 weeks ago,Rs 3.50 Lac,"Bahria Town Phase 4, Rawalpindi",Rawalpindi,OLX
https://www.olx.com.pk/item/family-friendly-hotel-rooms-for-rent-on-daily-weekly-and-monthly-basis-iid-1117584245,Room,For Rent,,,,14 hours ago,"Rs 4,500","Islamabad Highway, Rawalpindi",Rawalpindi,OLX
https://www.olx.com.pk/item/flat-for-rent-1bed-rom-full-furnished-apartments-safe-and-scour-100coupe-allow-iid-1117647059,Flat,For Rent,700 SQFT,1,1,3 weeks ago,"Rs 6,000","Bahria Town Phase 8, Rawalpindi",Rawalpindi,OLX
https://www.olx.com.pk/item/daily-basis-stay12-bad-room-furnished-apartment-available-iid-1117801514,Room,For Rent,"1,250 SQFT",2,2,2 hours ago,"Rs 14,000","Bahria Paradise, Rawalpindi",Rawalpindi,OLX
https://www.olx.com.pk/item/1-bedroom-apartment-available-par-day-empire-heights-2-phase-6-iid-1118764505,Room,For Rent,700 SQFT,1,1,13 hours ago,"Rs 3,500","Bahria Town Phase 6, Rawalpindi",Rawalpindi,OLX
https://www.olx.com.pk/item/1-bedroom-apartment-available-par-day-empire-heights-2-phase-6-iid-1118764501,Room,For Rent,700 SQFT,1,1,13 hours ago,"Rs 3,500","Bahria Town Phase 6, Rawalpindi",Rawalpindi,OLX
https://www.olx.com.pk/item/family-room-short-time-per-day-flats-studio-guest-house-hotel-rooms-in-islamabad-iid-1118764165,Room,For Rent,,,,13 hours ago,"Rs 4,000","Airport Housing Society, Rawalpindi",Rawalpindi,OLX
https://www.olx.com.pk/item/vip-family-furnished-rooms-guest-house-apartment-short-time-stay-per-day-iid-1118763928,Room,For Rent,,,,13 hours ago,"Rs 4,000","Faizabad, Rawalpindi",Rawalpindi,OLX
https://www.olx.com.pk/item/family-and-couple-rooms-for-short-time-per-day-guest-house-hotel-rooms-apartments-iid-1118763796,Room,For Rent,,,,13 hours ago,"Rs 5,000","Islamabad Highway, Rawalpindi",Rawalpindi,OLX
https://www.olx.com.pk/item/comfortable-rooms-apartment-short-stay-per-day-in-islamabad-guest-house-hotel-rooms-iid-1118763702,Room,For Rent,,,,13 hours ago,"Rs 4,000","Saddar, Rawalpindi",Rawalpindi,OLX
https://www.olx.com.pk/item/vip-family-rooms-short-stay-daily-weekly-guest-house-rooms-hotel-rooms-in-islamabad-iid-1118763654,Room,For Rent,544 SQFT,1,1,13 hours ago,"Rs 5,000","Faizabad, Rawalpindi",Rawalpindi,OLX
https://www.olx.com.pk/item/comfortable-rooms-apartments-best-guest-house-hotel-rooms-in-islamabad-iid-1118763440,Room,For Rent,655 SQFT,1,1,13 hours ago,"Rs 5,000","Saddar, Rawalpindi",Rawalpindi,OLX
https://www.olx.com.pk/item/family-furnished-rooms-guest-house-flats-studio-apartment-short-time-stay-per-day-iid-1118763420,Room,For Rent,,,,13 hours ago,"Rs 5,000","Faizabad, Rawalpindi",Rawalpindi,OLX
https://www.olx.com.pk/item/prime-location-upper-portion-for-rent-in-shallavelly-near-range-road-iid-1118763388,Upper Portion,For Rent,6 Marla,2,2,13 hours ago,"Rs 55,000","Range Road, Rawalpindi",Rawalpindi,OLX
https://www.olx.com.pk/item/1700-sq-ft-hall-available-for-rent-at-prime-location-of-6th-road-rwp-iid-1118483537,Other,For Rent,"1,700 SQFT",,2,13 hours ago,Rs 2 Lac,"Murree Road, Rawalpindi",Rawalpindi,OLX
https://www.olx.com.pk/item/space-for-any-kind-of-offices-for-call-center-software-institutes-etc-at-chandni-chowk-iid-1117966979,Office,For Rent,"4,500 SQFT",,3,13 hours ago,Rs 4 Lac,"Murree Road, Rawalpindi",Rawalpindi,OLX
https://www.olx.com.pk/item/space-for-any-kind-of-offices-for-call-center-software-institutes-etc-iid-1117966965,Office,For Rent,"1,000 SQFT",,2,13 hours ago,Rs 1.50 Lac,"Satellite Town, Rawalpindi",Rawalpindi,OLX
https://www.olx.com.pk/item/28-seater-furnished-call-center-for-lease-on-murree-road-including-all-amenities-iid-1117966916,Other,For Rent,600 SQFT,,1,13 hours ago,Rs 1.80 Lac,"Murree Road, Rawalpindi",Rawalpindi,OLX
https://www.olx.com.pk/item/5000-sq-ft-office-space-at-prime-location-for-rent-for-any-kind-of-business-iid-1118335356,Office,For Rent,"5,000 SQFT",,3,13 hours ago,Rs 3.60 Lac,"Murree Road, Rawalpindi",Rawalpindi,OLX
https://www.olx.com.pk/item/flat-for-rent-1bed-rom-full-furnished-apartments-safe-and-scour-100coupe-allow-iid-1117731932,Flat,For Rent,700 SQFT,1,1,4 weeks ago,"Rs 5,000","Bahria Town Phase 7, Rawalpindi",Rawalpindi,OLX
https://www.olx.com.pk/item/space-for-any-kind-of-offices-for-call-center-software-institutes-etc-iid-1117966912,Office,For Rent,500 SQFT,,1,13 hours ago,"Rs 60,000","Murree Road, Rawalpindi",Rawalpindi,OLX
https://www.olx.com.pk/item/8000-sq-ft-spacious-floors-available-at-prime-location-suitable-for-corporate-offices-iid-1117966886,Office,For Rent,"8,000 SQFT",,7,13 hours ago,Rs 8 Lac,"Murree Road, Rawalpindi",Rawalpindi,OLX
https://www.olx.com.pk/item/1000-sq-ft-space-for-any-kind-of-offices-for-call-center-software-institutes-saloons-et-iid-1117966877,Office,For Rent,"1,000 SQFT",,1,13 hours ago,Rs 1.50 Lac,"Murree Road, Rawalpindi",Rawalpindi,OLX
https://www.olx.com.pk/item/office-space-for-rent-in-commercial-market-for-call-center-software-house-institutes-etc-iid-1117966862,House,For Rent,400 SQFT,,1,13 hours ago,"Rs 50,000","Murree Road, Rawalpindi",Rawalpindi,OLX
https://www.olx.com.pk/item/corner-fully-renovated-safari-homes-double-storey-house-available-for-rent-on-prime-location-iid-1118762280,House,For Rent,8 Marla,3,3,13 hours ago,"Rs 75,000","Bahria Safari Valley - Sector B, Rawalpindi",Rawalpindi,OLX
https://www.olx.com.pk/item/daily-weekly-iid-1118584813,Other,For Rent,700 SQFT,1,1,13 hours ago,"Rs 4,500","Bahria Town - Civic Centre, Rawalpindi",Rawalpindi,OLX
https://www.olx.com.pk/item/prime-location-2-bedroom-apartment-available-for-rent-with-all-facilities-iid-1118762347,Room,For Rent,850 SQFT,2,2,13 hours ago,"Rs 35,000","C Junction Commercial, Rawalpindi",Rawalpindi,OLX
https://www.olx.com.pk/item/10-marla-luxury-uk-designed-upper-portion-double-heighted-lounge-10-kva-solar-installed-prime-location-iid-1118762341,Upper Portion,For Rent,10 Marla,3,3,13 hours ago,"Rs 65,000","Bahria Town Phase 8, Rawalpindi",Rawalpindi,OLX
https://www.olx.com.pk/item/ground-portion-lock-10-marla-upper-portion-available-for-rent-on-prime-location-iid-1118762333,Upper Portion,For Rent,10 Marla,3,3,13 hours ago,"Rs 80,000","Bahria Town Phase 8 - Block E, Rawalpindi",Rawalpindi,OLX
https://www.olx.com.pk/item/10-marla-ground-portion-available-for-rent-in-prime-location-bahria-town-ph-8-rwp-iid-1118762322,Other,For Rent,10 Marla,2,2,13 hours ago,"Rs 50,000","Bahria Town Phase 8 - Block I, Rawalpindi",Rawalpindi,OLX
https://www.olx.com.pk/item/10-marla-ground-portion-gas-water-electricity-available-for-rent-iid-1118762318,Other,For Rent,10 Marla,2,3,13 hours ago,"Rs 60,000","Bahria Town Phase 8, Rawalpindi",Rawalpindi,OLX
https://www.olx.com.pk/item/12-marla-upper-portion-for-rent-iid-1118762316,Upper Portion,For Rent,12 Marla,3,3,13 hours ago,"Rs 60,000","Bahria Town Phase 8, Rawalpindi",Rawalpindi,OLX
https://www.olx.com.pk/item/25-marla-luxury-ground-portion-for-rent-iid-1118762309,Other,For Rent,25 Marla,2,3,13 hours ago,Rs 1.25 Lac,"Bahria Greens - Overseas Enclave - Sector 1, Rawalpindi",Rawalpindi,OLX
https://www.olx.com.pk/item/10-marla-upper-portion-fully-solar-operated-iid-1118762302,Upper Portion,For Rent,10 Marla,3,3,13 hours ago,"Rs 80,000","Bahria Town Phase 8, Rawalpindi",Rawalpindi,OLX
https://www.olx.com.pk/item/1-bedroom-apartment-for-rent-in-prime-location-iid-1118762294,Room,For Rent,650 SQFT,1,1,13 hours ago,"Rs 25,000","Bahria Town Phase 8, Rawalpindi",Rawalpindi,OLX
https://www.olx.com.pk/item/a-suitable-title-would-be-1-kanal-furnished-ground-portion-for-rent-10-kva-solar-installed-reasonable-rent-iid-1118762289,Other,For Rent,1 Kanal,3,3,13 hours ago,Rs 1.45 Lac,"Bahria Town Phase 8 - Block C, Rawalpindi",Rawalpindi,OLX
https://www.olx.com.pk/item/1-kanal-slightly-used-like-a-brand-new-condition-upper-portion-for-rent-on-prime-location-iid-1118762285,Upper Portion,For Rent,1 Kanal,3,3,13 hours ago,"Rs 92,000","Bahria Town Phase 8 - Block C, Rawalpindi",Rawalpindi,OLX
https://www.olx.com.pk/item/15-marla-upper-portion-for-rent-corner-house-3-bedrooms-drawing-room-gas-installed-iid-1118278418,Upper Portion,For Rent,15 Marla,3,3,13 hours ago,"Rs 70,000","Bahria Town Phase 8 - Block C, Rawalpindi",Rawalpindi,OLX
https://www.olx.com.pk/item/daily-rent-luxury-1-bedroom-apartment-best-deal-iid-1118729620,Room,For Rent,700 SQFT,1,1,14 hours ago,"Rs 5,000","Bahria Town Phase 8, Rawalpindi",Rawalpindi,OLX
https://www.olx.com.pk/item/short-stay-luxury-apartment-with-wifi-netflix-iid-1118315445,Apartment,For Rent,700 SQFT,1,1,14 hours ago,"Rs 5,000","Bahria Town Phase 7, Rawalpindi",Rawalpindi,OLX
https://www.olx.com.pk/item/best-daily-rent-apartment-in-bahria-town-phase-8-luxury-1-bedroom-iid-1118087281,Room,For Rent,800 SQFT,1,1,14 hours ago,"Rs 5,000","Bahria Town Phase 7, Rawalpindi",Rawalpindi,OLX
https://www.olx.com.pk/item/2-bed-room-family-ground-protion-gulraiz-face-2-iid-1118760003,Room,For Rent,700 SQFT,2,2,14 hours ago,"Rs 28,000","Gulraiz Housing Society Phase 2, Rawalpindi",Rawalpindi,OLX
https://www.olx.com.pk/item/bahria-twon-empair-hait-phase-6-iid-1118759751,Other,For Rent,700 SQFT,1,1,14 hours ago,"Rs 3,000","Bahria Town Phase 6, Rawalpindi",Rawalpindi,OLX
https://www.olx.com.pk/item/bahria-twon-empair-hait-phase-6-iid-1118759742,Other,For Rent,700 SQFT,1,1,14 hours ago,"Rs 3,000","Bahria Town Phase 6, Rawalpindi",Rawalpindi,OLX
https://www.olx.com.pk/item/bahria-twon-empair-hait-phase-6-iid-1118759739,Other,For Rent,700 SQFT,1,1,14 hours ago,"Rs 3,000","Bahria Town Phase 6, Rawalpindi",Rawalpindi,OLX
https://www.olx.com.pk/item/bahria-twon-empair-hait-phase-6-iid-1118759727,Other,For Rent,700 SQFT,1,1,14 hours ago,"Rs 3,000","Bahria Town Phase 6, Rawalpindi",Rawalpindi,OLX
https://www.olx.com.pk/item/bahria-twon-empair-hait-phase-6-iid-1118759719,Other,For Rent,700 SQFT,1,1,14 hours ago,"Rs 3,000","Bahria Town Phase 6, Rawalpindi",Rawalpindi,OLX
https://www.olx.com.pk/item/bahria-twon-empair-hait-phase-6-iid-1118759716,Other,For Rent,650 SQFT,1,1,14 hours ago,"Rs 3,000","Bahria Town Phase 6, Rawalpindi",Rawalpindi,OLX
https://www.olx.com.pk/item/bahria-twon-empair-hait-phase-6-iid-1118759713,Other,For Rent,700 SQFT,1,1,14 hours ago,"Rs 3,000","Bahria Town Phase 6, Rawalpindi",Rawalpindi,OLX
https://www.olx.com.pk/item/bahria-town-umpire-height-phase-2-iid-1118759688,Other,For Rent,750 SQFT,1,1,14 hours ago,"Rs 3,000","Bahria Town Rawalpindi, Rawalpindi",Rawalpindi,OLX
https://www.olx.com.pk/item/1-bed-bachler-3rd-protion-iid-1118759472,Other,For Rent,600 SQFT,1,1,15 hours ago,"Rs 22,000","Gulraiz Housing Society Phase 3, Rawalpindi",Rawalpindi,OLX
https://www.olx.com.pk/item/apartment-available-for-daily-basis-1bed-rom-full-furnished-apartments-safe-and-scour-place-iid-1117768315,Apartment,For Rent,700 SQFT,1,1,15 hours ago,"Rs 5,000","Bahria Town Phase 7, Rawalpindi",Rawalpindi,OLX
https://www.olx.com.pk/item/rom-full-furnished-apartments-safe-and-scour-100coupe-allow-iid-1117768269,Apartment,For Rent,700 SQFT,1,1,15 hours ago,"Rs 5,000","Bahria Town Phase 7, Rawalpindi",Rawalpindi,OLX
https://www.olx.com.pk/item/apartment-available-for-daily-basis-1bed-rom-full-furnished-apartments-safe-and-scour-place-iid-1117767808,Apartment,For Rent,"1,200 SQFT",1,1,15 hours ago,"Rs 10,000","Bahria Town Phase 7, Rawalpindi",Rawalpindi,OLX
https://www.olx.com.pk/item/apartment-available-for-daily-basis-1bed-rom-full-furnished-apartments-safe-and-scour-place-iid-1117767754,Apartment,For Rent,700 SQFT,1,1,15 hours ago,"Rs 5,000","Bahria Town Phase 7, Rawalpindi",Rawalpindi,OLX
https://www.olx.com.pk/item/2-bed-non-furnished-apartment-available-for-rent-in-phase-7-river-view-commercial-iid-1118759157,Apartment,For Rent,850 SQFT,2,2,15 hours ago,"Rs 45,000","Bahria Town Phase 7, Rawalpindi",Rawalpindi,OLX
https://www.olx.com.pk/item/5-marla-luxury-furnished-house-available-for-rent-in-phase-8-ali-block-iid-1117742101,House,For Rent,5 Marla,3,4,15 hours ago,Rs 1.60 Lac,"Bahria Town Phase 8, Rawalpindi",Rawalpindi,OLX
https://www.olx.com.pk/item/one-bed-luxury-furnished-apartment-available-for-rent-in-phase-8-b3-height-iid-1117742095,Apartment,For Rent,850 SQFT,1,1,15 hours ago,"Rs 80,000","Bahria Town Phase 8, Rawalpindi",Rawalpindi,OLX
https://www.olx.com.pk/item/one-bed-luxury-furnished-apartment-available-for-rent-in-business-district-iid-1117742086,Apartment,For Rent,700 SQFT,1,1,15 hours ago,"Rs 65,000","Bahria Town Phase 8, Rawalpindi",Rawalpindi,OLX
https://www.olx.com.pk/item/5-marla-luxury-furnished-house-available-for-rent-in-phase-8-ali-block-iid-1117742070,House,For Rent,5 Marla,3,4,15 hours ago,Rs 1.60 Lac,"Bahria Town Phase 8, Rawalpindi",Rawalpindi,OLX
https://www.olx.com.pk/item/two-bedroom-luxury-furnished-apartment-for-rent-iid-1117742228,Room,For Rent,"1,000 SQFT",2,2,15 hours ago,Rs 1 Lac,"Bahria Heights 5, Rawalpindi",Rawalpindi,OLX
https://www.olx.com.pk/item/one-bed-room-luxury-furnished-apartment-for-rent-phase-7-iid-1117742209,Room,For Rent,900 SQFT,1,1,15 hours ago,"Rs 70,000","Bahria Town Phase 7, Rawalpindi",Rawalpindi,OLX
https://www.olx.com.pk/item/height-5-semi-furnished-corner-or-beautiful-view-one-bed-room-apartment-for-rent-iid-1117742203,Room,For Rent,"1,500 SQFT",1,2,15 hours ago,"Rs 70,000","Bahria Heights 5, Rawalpindi",Rawalpindi,OLX
https://www.olx.com.pk/item/office-purpose-one-bed-room-brand-new-available-for-rent-iid-1117742192,Room,For Rent,650 SQFT,1,1,15 hours ago,"Rs 35,000","Bahria Town Phase 7, Rawalpindi",Rawalpindi,OLX
https://www.olx.com.pk/item/one-bed-room-luxury-furnished-apartment-for-rent-iid-1117742183,Room,For Rent,600 SQFT,1,1,15 hours ago,"Rs 60,000","Bahria Town Phase 7, Rawalpindi",Rawalpindi,OLX
https://www.olx.com.pk/item/2-bed-rooms-luxury-furnished-penthouse-available-for-rent-iid-1117742177,Penthouse,For Rent,"2,000 SQFT",2,3,15 hours ago,Rs 1.60 Lac,"Bahria Town Phase 7, Rawalpindi",Rawalpindi,OLX
https://www.olx.com.pk/item/one-bed-furnished-apartment-available-for-rent-in-phase-8-iid-1117741909,Apartment,For Rent,600 SQFT,1,1,15 hours ago,"Rs 70,000","Bahria Business District, Rawalpindi",Rawalpindi,OLX
https://www.olx.com.pk/item/one-bed-semi-furnished-apartment-available-for-rent-in-phase-8-bussniss-district-iid-1117741907,Apartment,For Rent,655 SQFT,1,1,15 hours ago,"Rs 40,000","Bahria Town Phase 8, Rawalpindi",Rawalpindi,OLX
https://www.olx.com.pk/item/bahria-town-phase-8-business-district-02-bedroom-apartments-for-rent-available-iid-1117742316,Room,For Rent,900 SQFT,2,2,15 hours ago,"Rs 35,000","Bahria Business District, Rawalpindi",Rawalpindi,OLX
https://www.olx.com.pk/item/2-bed-furnished-apartment-for-rent-in-bahria-town-phase-7-bin-chirag-height-iid-1117742313,Apartment,For Rent,"1,000 SQFT",2,2,15 hours ago,Rs 1 Lac,"Bahria Town Phase 7, Rawalpindi",Rawalpindi,OLX
https://www.olx.com.pk/item/12-marla-upper-portion-for-rent-in-media-town-block-d-iid-1118276951,Upper Portion,For Rent,350 SQYD,3,3,15 hours ago,"Rs 95,000","Media Town - Block D, Rawalpindi",Rawalpindi,OLX
https://www.olx.com.pk/item/rawalpindi-bahria-town-phase-7-river-hills-2-bedroom-luxury-furnished-apartment-available-for-rent-iid-1117742328,Room,For Rent,"1,600 SQFT",2,2,15 hours ago,Rs 1.20 Lac,"Bahria Town Phase 7, Rawalpindi",Rawalpindi,OLX
https://www.olx.com.pk/item/one-bed-flat-bahria-town-phase-7-iid-1117742324,Flat,For Rent,600 SQFT,1,1,15 hours ago,"Rs 50,000","Bahria Town Phase 7, Rawalpindi",Rawalpindi,OLX
https://www.olx.com.pk/item/bahria-town-phase-7-one-bed-brand-new-luxury-furnished-apartments-for-rent-bahria-height-05-iid-1117742320,Apartment,For Rent,"1,481 SQFT",1,2,15 hours ago,Rs 1 Lac,"Bahria Heights 5, Rawalpindi",Rawalpindi,OLX
https://www.olx.com.pk/item/one-bedroom-luxury-furnished-apartment-iid-1117742238,Room,For Rent,800 SQFT,1,1,15 hours ago,"Rs 70,000","Bahria Town Phase 7, Rawalpindi",Rawalpindi,OLX
https://www.olx.com.pk/item/two-bedroom-luxury-apartment-for-rent-iid-1117742233,Room,For Rent,"1,200 SQFT",2,2,15 hours ago,"Rs 90,000","Bahria Town Phase 7, Rawalpindi",Rawalpindi,OLX
https://www.olx.com.pk/item/short-time-daily-weekly-furnished-flats-guest-house-rooms-hotel-rooms-in-islamabad-flats-iid-1118757974,Room,For Rent,,,,15 hours ago,"Rs 4,000","Islamabad Highway, Rawalpindi",Rawalpindi,OLX
https://www.olx.com.pk/item/short-stay-studio-apartments-in-bahria-town-rawalpindi-iid-1118230647,Apartment,For Rent,500 SQFT,Studio,1,15 hours ago,"Rs 5,000","Bahria Business District, Rawalpindi",Rawalpindi,OLX
https://www.olx.com.pk/item/short-stay-apartment-for-rent-bahria-town-iid-1118336069,Apartment,For Rent,500 SQFT,1,1,15 hours ago,"Rs 5,000","Bahria Business District, Rawalpindi",Rawalpindi,OLX
https://www.olx.com.pk/item/one-bed-fully-furnished-apartment-iid-1117742309,Apartment,For Rent,500 SQFT,1,1,15 hours ago,"Rs 50,000","Bahria Town Phase 7, Rawalpindi",Rawalpindi,OLX
https://www.olx.com.pk/item/600-square-feet-flat-for-rent-in-bahria-town-rawalpindi-iid-1117741949,Flat,For Rent,600 SQFT,1,1,15 hours ago,"Rs 65,000","Bahria Business District, Rawalpindi",Rawalpindi,OLX
https://www.olx.com.pk/item/one-bed-luxury-furnished-apartment-available-for-rent-in-phase-8-iid-1117741922,Apartment,For Rent,635 SQFT,1,1,15 hours ago,"Rs 65,000","Bahria Town Phase 8, Rawalpindi",Rawalpindi,OLX
https://www.olx.com.pk/item/two-bed-semi-furnished-apartment-available-for-rent-in-phase-iid-1117741918,Apartment,For Rent,"1,200 SQFT",2,2,15 hours ago,"Rs 65,000","Bahria Town Phase 8, Rawalpindi",Rawalpindi,OLX
https://www.olx.com.pk/item/one-bedroom-luxury-furnished-apartment-for-rent-iid-1117741912,Room,For Rent,800 SQFT,1,1,15 hours ago,"Rs 70,000","Bahria Town Phase 7, Rawalpindi",Rawalpindi,OLX
https://www.olx.com.pk/item/10-marla-brand-new-desighner-ground-portion-available-for-rent-in-sector-e-upper-portion-mostly-locked-iid-1118430298,Upper Portion,For Rent,10 Marla,2,3,15 hours ago,"Rs 80,000","Bahria Town Phase 8 - Usman Block, Rawalpindi",Rawalpindi,OLX
https://www.olx.com.pk/item/10-marla-brand-new-full-portion-available-for-rent-iid-1118430291,Other,For Rent,10 Marla,5,6,15 hours ago,"Rs 85,000","Bahria Town Phase 8, Rawalpindi",Rawalpindi,OLX
https://www.olx.com.pk/item/5-marla-brand-new-house-for-rent-please-only-call-iid-1118714589,House,For Rent,5 Marla,3,4,15 hours ago,"Rs 70,000","Bahria Town Phase 8 - Block M, Rawalpindi",Rawalpindi,OLX
https://www.olx.com.pk/item/par-day-and-short-time-one-and-two-bed-room-appaertment-available-bahria-town-phase-4-and-6-empire-heights-2-family-apartment-any-time-available-iid-1118756954,Room,For Rent,699 SQFT,1,1,15 hours ago,"Rs 3,000","Bahria Town Phase 6, Rawalpindi",Rawalpindi,OLX
https://www.olx.com.pk/item/par-day-and-short-time-one-and-two-bed-room-appaertment-available-bahria-town-phase-4-and-6-empire-heights-2-family-apartment-any-time-available-iid-1118756952,Room,For Rent,699 SQFT,1,1,15 hours ago,"Rs 3,000","Bahria Town Phase 6, Rawalpindi",Rawalpindi,OLX
https://www.olx.com.pk/item/par-day-and-short-time-one-and-two-bed-room-appaertment-available-bahria-town-phase-4-and-6-empire-heights-2-family-apartment-any-time-available-iid-1118756951,Room,For Rent,699 SQFT,1,1,15 hours ago,"Rs 3,000","Bahria Town Phase 6, Rawalpindi",Rawalpindi,OLX
https://www.olx.com.pk/item/par-day-and-short-time-one-and-two-bed-room-appaertment-available-bahria-town-phase-4-and-6-empire-heights-2-family-apartment-any-time-available-iid-1118756945,Room,For Rent,699 SQFT,1,1,15 hours ago,"Rs 3,000","Bahria Town Phase 6, Rawalpindi",Rawalpindi,OLX
https://www.olx.com.pk/item/par-day-and-short-time-one-and-two-bed-room-appaertment-available-bahria-town-phase-4-and-6-empire-heights-2-family-apartment-any-time-available-iid-1118756941,Room,For Rent,699 SQFT,1,1,15 hours ago,"Rs 3,000","Bahria Town Phase 6, Rawalpindi",Rawalpindi,OLX
https://www.olx.com.pk/item/par-day-and-short-time-one-and-two-bed-room-appaertment-available-bahria-town-phase-4-and-6-empire-heights-2-family-apartment-any-time-available-iid-1118756935,Room,For Rent,699 SQFT,1,1,15 hours ago,"Rs 3,000","Bahria Town Phase 6, Rawalpindi",Rawalpindi,OLX
https://www.olx.com.pk/item/very-spacious-10-marla-2-bed-upper-portion-available-for-rent-in-gulraiz-iid-1118756728,Upper Portion,For Rent,10 Marla,2,2,16 hours ago,"Rs 45,000","Gulraiz Housing Scheme, Rawalpindi",Rawalpindi,OLX
https://www.olx.com.pk/item/newly-built-ground-floor-available-for-rent-in-gulraiz-for-small-family-iid-1118756723,Other,For Rent,5 Marla,2,2,16 hours ago,"Rs 40,000","Gulraiz Housing Scheme, Rawalpindi",Rawalpindi,OLX
https://www.olx.com.pk/item/1-kanal-independent-full-house-available-for-rent-in-gulraiz-with-all-facilities-iid-1118355305,House,For Rent,7 Marla,6,6,16 hours ago,Rs 1.50 Lac,"Gulraiz Housing Scheme, Rawalpindi",Rawalpindi,OLX
https://www.olx.com.pk/item/very-prime-located-2-bed-upper-portion-available-for-rent-in-gulraiz-for-small-family-iid-1118227407,Upper Portion,For Rent,5 Marla,2,2,16 hours ago,"Rs 40,000","Gulraiz Housing Scheme, Rawalpindi",Rawalpindi,OLX
https://www.olx.com.pk/item/10-marla-3-bed-ground-floor-available-for-rent-in-gulraiz-only-for-small-family-iid-1118756603,Other,For Rent,5 Marla,3,3,16 hours ago,"Rs 45,000","Gulraiz Housing Scheme, Rawalpindi",Rawalpindi,OLX
https://www.olx.com.pk/item/5-marla-2-bed-upper-portion-available-for-rent-in-gulraiz-iid-1118756570,Upper Portion,For Rent,5 Marla,2,2,16 hours ago,"Rs 45,000","Gulraiz Housing Scheme, Rawalpindi",Rawalpindi,OLX
https://www.olx.com.pk/item/2-bed-ground-floor-available-for-rent-in-gulraiz-for-small-family-iid-1118355302,Other,For Rent,5 Marla,2,2,16 hours ago,"Rs 30,000","Gulraiz Housing Scheme, Rawalpindi",Rawalpindi,OLX
https://www.olx.com.pk/item/10-marla-3-bed-ground-floor-available-for-rent-in-gulraiz-with-all-facilities-iid-1118756536,Other,For Rent,10 Marla,3,3,16 hours ago,"Rs 45,000","Gulraiz Housing Scheme, Rawalpindi",Rawalpindi,OLX
https://www.olx.com.pk/item/10-marla-2-bed-upper-portion-available-for-rent-in-gulraiz-phase-2-iid-1118756527,Upper Portion,For Rent,10 Marla,2,2,16 hours ago,"Rs 45,000","Gulraiz Housing Scheme, Rawalpindi",Rawalpindi,OLX
https://www.olx.com.pk/item/neat-clean-10-marla-ground-floor-available-for-rent-in-bahria-town-phase-3-iid-1118756511,Other,For Rent,10 Marla,2,2,16 hours ago,"Rs 75,000","Bahria Town Phase 2, Rawalpindi",Rawalpindi,OLX
https://www.olx.com.pk/item/2-beds-1760-sqft-apartment-in-minara-residence-rawalpindi-iid-1118559416,Apartment,For Rent,"1,760 SQFT",2,3,16 hours ago,"Rs 60,000","GT Road, Rawalpindi",Rawalpindi,OLX
https://www.olx.com.pk/item/1-bedroom-apartment-available-par-day-empire-heights-2-phase-6-iid-1118755666,Room,For Rent,700 SQFT,1,1,16 hours ago,"Rs 3,500","Bahria Town Rawalpindi, Rawalpindi",Rawalpindi,OLX
https://www.olx.com.pk/item/1-bedroom-apartment-available-par-day-empire-heights-2-phase-6-iid-1118755655,Room,For Rent,700 SQFT,1,1,16 hours ago,"Rs 4,000","Bahria Town Rawalpindi, Rawalpindi",Rawalpindi,OLX
https://www.olx.com.pk/item/family-and-couple-room-for-rent-short-time-flat-guest-house-room-per-day-iid-1118754034,Room,For Rent,555 SQFT,1,1,17 hours ago,"Rs 4,000","Airport Road, Rawalpindi",Rawalpindi,OLX
https://www.olx.com.pk/item/2-bed-apartment-for-rent-3rd-floor-corner-building-separate-electricity-meter-247-water-supply-iid-1118754014,Apartment,For Rent,700 SQFT,2,2,17 hours ago,"Rs 45,000","Satellite Town - Block B, Rawalpindi",Rawalpindi,OLX
https://www.olx.com.pk/item/300-sq-ft-first-floor-office-for-rent-semi-furnished-ac-installed-office-furniture-included-prime-commercial-location-iid-1118754001,Office,For Rent,300 SQFT,,1,17 hours ago,"Rs 17,000","Hub Commercial, Rawalpindi",Rawalpindi,OLX
https://www.olx.com.pk/item/portion-available-for-rent-iid-1118753989,Other,For Rent,7 Marla,3,3,17 hours ago,"Rs 90,000","Satellite Town, Rawalpindi",Rawalpindi,OLX
https://www.olx.com.pk/item/7-marla-triple-storey-house-for-rent-8-bedrooms-5-car-parking-near-haidry-chowk-3-electricity-meters-2-gas-meters-iid-1118753986,Room,For Rent,7 Marla,6,6,17 hours ago,Rs 2.70 Lac,"Satellite Town - Block D, Rawalpindi",Rawalpindi,OLX
https://www.olx.com.pk/item/furnished-rooms-apartments-short-long-stay-guest-house-hotel-rooms-iid-1118753810,Room,For Rent,,,,17 hours ago,"Rs 5,000","Airport Road, Rawalpindi",Rawalpindi,OLX
https://www.olx.com.pk/item/family-guest-house-short-stay-per-day-hotel-room-studio-flats-couple-family-hotel-rooms-iid-1118753779,Room,For Rent,,,,17 hours ago,"Rs 5,000","Faizabad, Rawalpindi",Rawalpindi,OLX
https://www.olx.com.pk/item/family-friendly-guest-house-short-timeper-day-furnished-rooms-apartments-hotel-rooms-iid-1118753750,Room,For Rent,,,,17 hours ago,"Rs 4,000","Islamabad Highway, Rawalpindi",Rawalpindi,OLX
https://www.olx.com.pk/item/short-time-daily-weekly-rooms-apartments-guest-house-hotel-rooms-for-rent-in-islamabad-iid-1118753740,Room,For Rent,511 SQFT,1,1,17 hours ago,"Rs 4,000","Faizabad, Rawalpindi",Rawalpindi,OLX
https://www.olx.com.pk/item/furnished-rooms-apartments-short-stay-daily-basis-guest-house-rooms-hotel-rooms-iid-1118753727,Room,For Rent,,,,17 hours ago,"Rs 4,000","Islamabad Highway, Rawalpindi",Rawalpindi,OLX
https://www.olx.com.pk/item/bahria-twon-empair-hait-phase-6-iid-1118753697,Other,For Rent,700 SQFT,1,1,17 hours ago,"Rs 3,000","Bahria Town Phase 6, Rawalpindi",Rawalpindi,OLX
https://www.olx.com.pk/item/bahria-twon-empair-hait-phase-6-iid-1118753689,Other,For Rent,700 SQFT,1,1,17 hours ago,"Rs 3,000","Bahria Town Phase 6, Rawalpindi",Rawalpindi,OLX
https://www.olx.com.pk/item/par-day-short-time-falt-available-haa-iid-1118753681,Other,For Rent,650 SQFT,1,1,17 hours ago,"Rs 3,000","Bahria Town Rawalpindi, Rawalpindi",Rawalpindi,OLX
https://www.olx.com.pk/item/par-day-short-time-falt-available-haa-iid-1118753640,Other,For Rent,700 SQFT,1,1,17 hours ago,"Rs 3,000","Bahria Town Phase 6, Rawalpindi",Rawalpindi,OLX
https://www.olx.com.pk/item/par-day-short-time-iid-1118753632,Other,For Rent,700 SQFT,1,1,17 hours ago,"Rs 3,000","Bahria Town Phase 6, Rawalpindi",Rawalpindi,OLX
https://www.olx.com.pk/item/family-guest-house-rooms-short-stay-daily-basis-hotel-rooms-apartments-in-islamabad-iid-1118753519,Room,For Rent,567 SQFT,1,1,17 hours ago,"Rs 5,000","Bahria Town Phase 4, Rawalpindi",Rawalpindi,OLX
https://www.olx.com.pk/item/rooms-for-rent-in-islamabad-daily-basis-short-stay-guest-house-hotel-rooms-flats-iid-1118753492,Room,For Rent,877 SQFT,1,1,17 hours ago,"Rs 5,000","Faizabad, Rawalpindi",Rawalpindi,OLX
https://www.olx.com.pk/item/family-and-couple-rooms-for-short-time-per-day-guest-house-hotel-rooms-apartments-iid-1118753480,Room,For Rent,,,,17 hours ago,"Rs 5,000","Faizabad, Rawalpindi",Rawalpindi,OLX
https://www.olx.com.pk/item/luxury-furnished-rooms-apartments-short-time-daily-basis-guest-house-hotel-rooms-in-islamabad-iid-1118753466,Room,For Rent,,,,17 hours ago,"Rs 5,000","Saddar, Rawalpindi",Rawalpindi,OLX
https://www.olx.com.pk/item/family-guest-house-rooms-short-stay-daily-basis-hotel-rooms-apartments-in-islamabad-iid-1118753455,Room,For Rent,,,,17 hours ago,"Rs 5,000","Islamabad Highway, Rawalpindi",Rawalpindi,OLX
https://www.olx.com.pk/item/furnished-hotel-rooms-apartments-and-guest-house-islamabad-iid-1118753446,Room,For Rent,,,,17 hours ago,"Rs 5,000","Murree Road, Rawalpindi",Rawalpindi,OLX
https://www.olx.com.pk/item/chaklala-scheme-3-boys-hostel-rawalpindi-iid-1118752860,Other,For Rent,,,,18 hours ago,"Rs 10,000","Chaklala Scheme 3, Rawalpindi",Rawalpindi,OLX
https://www.olx.com.pk/item/par-day-and-short-time-one-and-two-bed-room-appaertment-available-bahria-town-phase-4-and-6-empire-heights-2-family-apartment-any-time-available-iid-1118752818,Room,For Rent,699 SQFT,1,1,18 hours ago,"Rs 3,000","Bahria Town Phase 6, Rawalpindi",Rawalpindi,OLX
https://www.olx.com.pk/item/par-day-and-short-time-one-and-two-bed-room-appaertment-available-bahria-town-phase-4-and-6-empire-heights-2-family-apartment-any-time-available-iid-1118752815,Room,For Rent,699 SQFT,1,1,18 hours ago,"Rs 3,000","Bahria Town Phase 6, Rawalpindi",Rawalpindi,OLX
https://www.olx.com.pk/item/par-day-and-short-time-one-and-two-bed-room-appaertment-available-bahria-town-phase-4-and-6-empire-heights-2-family-apartment-any-time-available-iid-1118752811,Room,For Rent,699 SQFT,1,1,18 hours ago,"Rs 3,000","Bahria Town Phase 6, Rawalpindi",Rawalpindi,OLX
https://www.olx.com.pk/item/par-day-and-short-time-one-and-two-bed-room-appaertment-available-bahria-town-phase-4-and-6-empire-heights-2-family-apartment-any-time-available-iid-1118752808,Room,For Rent,699 SQFT,1,1,18 hours ago,"Rs 3,000","Bahria Town Phase 6, Rawalpindi",Rawalpindi,OLX
https://www.olx.com.pk/item/par-day-and-short-time-one-and-two-bed-room-appaertment-available-bahria-town-phase-4-and-6-empire-heights-2-family-apartment-any-time-available-iid-1118752807,Room,For Rent,699 SQFT,1,1,18 hours ago,"Rs 3,000","Bahria Town Phase 6, Rawalpindi",Rawalpindi,OLX
https://www.olx.com.pk/item/bahria-town-phase-4-boys-hostel-rawalpindi-iid-1118752729,Other,For Rent,,,,18 hours ago,"Rs 12,000","Five Star Arcade, Rawalpindi",Rawalpindi,OLX
https://www.olx.com.pk/item/bahria-town-phase-8-boys-hostel-rawalpindi-iid-1118752501,Other,For Rent,,,,18 hours ago,"Rs 15,000","Bahria Town Phase 8 - Rafi Block, Rawalpindi",Rawalpindi,OLX
https://www.olx.com.pk/item/par-day-and-short-time-one-and-two-bed-room-appaertment-available-for-rent-bahria-town-phase-4-and-6-empire-heights-2-family-apartment-any-time-available-iid-1118752267,Room,For Rent,700 SQFT,1,1,18 hours ago,"Rs 3,000","Bahria Town Rawalpindi, Rawalpindi",Rawalpindi,OLX
https://www.olx.com.pk/item/1-bed-furnished-studio-apartment-available-for-rent-in-bahri-town-phase-8-iid-1118751382,Apartment,For Rent,400 SQFT,1,1,19 hours ago,"Rs 30,000","Bahria Town Phase 8, Rawalpindi",Rawalpindi,OLX
https://www.olx.com.pk/item/1bhk-luxury-safe-secure-flat-for-daily-basis-iid-1118356655,Flat,For Rent,700 SQFT,1,1,19 hours ago,"Rs 7,500","Bahria Town Phase 4, Rawalpindi",Rawalpindi,OLX
https://www.olx.com.pk/item/luxury-furnished-flats-available-for-daily-basis-iid-1117938428,Flat,For Rent,700 SQFT,1,1,19 hours ago,"Rs 9,000","Bahria Town - Civic Centre, Rawalpindi",Rawalpindi,OLX
https://www.olx.com.pk/item/luxurious-apartment-available-for-daily-basis-iid-1117810998,Apartment,For Rent,800 SQFT,1,1,19 hours ago,"Rs 13,000","Bahria Paradise, Rawalpindi",Rawalpindi,OLX
https://www.olx.com.pk/item/furnished-ground-portion-for-rent-iid-1117660489,Other,For Rent,10 Marla,2,3,20 hours ago,Rs 1.50 Lac,"Bahria Town Phase 3, Rawalpindi",Rawalpindi,OLX
https://www.olx.com.pk/item/studio-phr-day-sort-time-available-iid-1118750371,Other,For Rent,500 SQFT,Studio,1,20 hours ago,"Rs 3,000","Bahria Town Rawalpindi, Rawalpindi",Rawalpindi,OLX
https://www.olx.com.pk/item/vip-apartment-phr-day-sort-time-available-iid-1118750366,Apartment,For Rent,600 SQFT,1,1,20 hours ago,"Rs 3,000","Bahria Town Rawalpindi, Rawalpindi",Rawalpindi,OLX
https://www.olx.com.pk/item/two-bedroom-phr-day-sort-time-for-available-iid-1118750363,Room,For Rent,"1,100 SQFT",2,2,20 hours ago,"Rs 6,000","Bahria Town Rawalpindi, Rawalpindi",Rawalpindi,OLX
https://www.olx.com.pk/item/studio-phr-day-sort-time-available-iid-1118750362,Other,For Rent,500 SQFT,Studio,1,20 hours ago,"Rs 3,000","Bahria Town Rawalpindi, Rawalpindi",Rawalpindi,OLX
https://www.olx.com.pk/item/vip-apartment-phr-day-sort-time-available-iid-1118750356,Apartment,For Rent,600 SQFT,1,1,20 hours ago,"Rs 3,000","Bahria Town Rawalpindi, Rawalpindi",Rawalpindi,OLX
https://www.olx.com.pk/item/vip-apartment-phr-day-sort-time-available-iid-1118750355,Apartment,For Rent,600 SQFT,1,1,20 hours ago,"Rs 3,000","Bahria Town Rawalpindi, Rawalpindi",Rawalpindi,OLX
https://www.olx.com.pk/item/two-bedroom-phr-day-sort-time-for-available-iid-1118750353,Room,For Rent,"1,100 SQFT",2,2,20 hours ago,"Rs 6,000","Bahria Town Rawalpindi, Rawalpindi",Rawalpindi,OLX
https://www.olx.com.pk/item/executive-warehouse-for-rent-prime-location-ample-space-parking-iid-1118750264,House,For Rent,"10,000 SQFT",,1,20 hours ago,Rs 6 Lac,"Bahria Business District, Rawalpindi",Rawalpindi,OLX
https://www.olx.com.pk/item/furnished-rooms-apartments-short-stay-daily-basis-guest-house-rooms-hotel-rooms-iid-1118749875,Room,For Rent,,,,21 hours ago,"Rs 4,000","Islamabad Highway, Rawalpindi",Rawalpindi,OLX
https://www.olx.com.pk/item/furnished-rooms-apartments-short-stay-daily-basis-guest-house-rooms-hotel-rooms-iid-1118749868,Room,For Rent,,,,21 hours ago,"Rs 5,000","Airport Road, Rawalpindi",Rawalpindi,OLX
https://www.olx.com.pk/item/comfortable-rooms-apartment-short-stay-per-day-in-islamabad-guest-house-hotel-rooms-iid-1118749858,Room,For Rent,,,,21 hours ago,"Rs 5,000","Saddar, Rawalpindi",Rawalpindi,OLX
https://www.olx.com.pk/item/500-square-feet-flat-for-rent-in-bahria-town-rawalpindi-iid-1118749754,Flat,For Rent,500 SQFT,1,1,22 hours ago,"Rs 55,000","Bahria Business District, Rawalpindi",Rawalpindi,OLX
https://www.olx.com.pk/item/rawalpindi-bahria-town-phase-8-1-kanal-ground-portion-available-for-rent-iid-1118749752,Other,For Rent,1 Kanal,2,2,22 hours ago,Rs 1 Lac,"Bahria Town Phase 8, Rawalpindi",Rawalpindi,OLX
https://www.olx.com.pk/item/rawalpindi-bahria-town-phase-8-2-bed-non-furnished-apartment-available-for-rent-iid-1118749750,Apartment,For Rent,850 SQFT,2,2,22 hours ago,"Rs 35,000","Bahria Town Phase 8, Rawalpindi",Rawalpindi,OLX
https://www.olx.com.pk/item/rawalpindi-bahria-town-phase-8-1-kanal-upper-portion-available-for-rent-iid-1118749748,Upper Portion,For Rent,1 Kanal,3,3,22 hours ago,"Rs 90,000","Bahria Town Phase 8, Rawalpindi",Rawalpindi,OLX
https://www.olx.com.pk/item/rawalpindi-bahria-town-phase8-10-marla-upper-portion-available-for-rent-iid-1118749747,Upper Portion,For Rent,10 Marla,3,3,22 hours ago,"Rs 60,000","Bahria Town Phase 8, Rawalpindi",Rawalpindi,OLX
https://www.olx.com.pk/item/rawalpindi-bahria-town-phase-8-1-kanal-brand-new-house-available-for-rent-iid-1118749744,House,For Rent,1 Kanal,5,5,22 hours ago,Rs 2 Lac,"Bahria Town Phase 8, Rawalpindi",Rawalpindi,OLX
https://www.olx.com.pk/item/rawalpindi-bahria-town-phase8-10-marla-brand-new-condition-house-available-for-rent-10kv-solar-system-install-iid-1118749742,House,For Rent,10 Marla,5,5,22 hours ago,Rs 1.50 Lac,"Bahria Town Phase 8, Rawalpindi",Rawalpindi,OLX
https://www.olx.com.pk/item/bahria-town-phase-8-7-marla-furnished-ground-portion-available-for-rent-iid-1118749738,Other,For Rent,7 Marla,2,2,22 hours ago,"Rs 80,000","Bahria Town Phase 8, Rawalpindi",Rawalpindi,OLX
https://www.olx.com.pk/item/rawalpindi-bahria-town-phase8-1-bed-apartment-available-for-rent-iid-1118749729,Apartment,For Rent,700 SQFT,1,1,22 hours ago,"Rs 25,000","Bahria Town Phase 8, Rawalpindi",Rawalpindi,OLX
https://www.olx.com.pk/item/rawalpindi-bahria-town-phase-8-7-marla-marla-beautiful-furnished-upper-portion-available-for-rent-iid-1118749710,Upper Portion,For Rent,7 Marla,3,3,22 hours ago,"Rs 90,000","Bahria Town Phase 8, Rawalpindi",Rawalpindi,OLX
https://www.olx.com.pk/item/rawalpindi-bahria-town-phase-7-2-bed-non-furnished-brand-new-laxuary-apartment-for-rent-iid-1118749709,Apartment,For Rent,"1,000 SQFT",2,2,22 hours ago,"Rs 52,000","Bahria Town Phase 7, Rawalpindi",Rawalpindi,OLX
https://www.olx.com.pk/item/rawalpindi-bahria-town-phase8-domous-height-1-bed-room-laxuary-apartment-available-for-rent-iid-1118749705,Room,For Rent,800 SQFT,1,1,22 hours ago,"Rs 52,000","Bahria Town Phase 8, Rawalpindi",Rawalpindi,OLX
https://www.olx.com.pk/item/rawalpindi-bahria-town-phase8-7-marla-house-available-for-rent-iid-1118749690,House,For Rent,7 Marla,4,4,22 hours ago,"Rs 90,000","Bahria Town Phase 8, Rawalpindi",Rawalpindi,OLX
https://www.olx.com.pk/item/rawalpindi-bahria-town-phase8-2bed-furnished-apartment-available-for-rent-near-to-commercial-park-masjid-school-iid-1118749682,Apartment,For Rent,900 SQFT,2,2,22 hours ago,"Rs 50,000","Bahria Town Phase 8, Rawalpindi",Rawalpindi,OLX
https://www.olx.com.pk/item/rawalpindi-bahria-town-phase8-3bed-apartment-available-for-rent-iid-1118749667,Apartment,For Rent,"1,400 SQFT",3,3,22 hours ago,"Rs 55,000","Bahria Town Phase 8, Rawalpindi",Rawalpindi,OLX
https://www.olx.com.pk/item/3-bed-room-full-furnished-potion-ground-floor-iid-1118747682,Room,For Rent,5 Marla,3,2,1 day ago,"Rs 10,000","Chaklala Scheme 3, Rawalpindi",Rawalpindi,OLX
https://www.olx.com.pk/item/1-bedroom-apartment-available-par-day-empire-heights-2-phase-6-iid-1118747736,Room,For Rent,700 SQFT,1,1,1 day ago,"Rs 3,000","Bahria Town Rawalpindi, Rawalpindi",Rawalpindi,OLX
https://www.olx.com.pk/item/1-bedroom-apartment-available-par-day-empire-heights-2-phase-6-iid-1118747724,Room,For Rent,700 SQFT,1,1,1 day ago,"Rs 3,500","Bahria Town Rawalpindi, Rawalpindi",Rawalpindi,OLX
https://www.olx.com.pk/item/1-kanal-ground-floor-available-for-rent-iid-1118747072,Other,For Rent,1 Kanal,6,5,1 day ago,Rs 1.35 Lac,"Airport Housing Society - Sector 2, Rawalpindi",Rawalpindi,OLX
https://www.olx.com.pk/item/par-day-and-short-time-one-and-two-bed-room-appaertment-available-bahria-town-phase-4-and-6-empire-heights-2-family-apartment-any-time-available-iid-1118746867,Room,For Rent,699 SQFT,1,1,1 day ago,"Rs 3,000","Bahria Town Phase 6, Rawalpindi",Rawalpindi,OLX
https://www.olx.com.pk/item/par-day-and-short-time-one-and-two-bed-room-appaertment-available-bahria-town-phase-4-and-6-empire-heights-2-family-apartment-any-time-available-iid-1118746863,Room,For Rent,699 SQFT,1,1,1 day ago,"Rs 3,000","Bahria Town Phase 6, Rawalpindi",Rawalpindi,OLX
https://www.olx.com.pk/item/par-day-and-short-time-one-and-two-bed-room-appaertment-available-bahria-town-phase-4-and-6-empire-heights-2-family-apartment-any-time-available-iid-1118746862,Room,For Rent,699 SQFT,1,1,1 day ago,"Rs 3,000","Bahria Town Phase 6, Rawalpindi",Rawalpindi,OLX
https://www.olx.com.pk/item/par-day-and-short-time-one-and-two-bed-room-appaertment-available-bahria-town-phase-4-and-6-empire-heights-2-family-apartment-any-time-available-iid-1118746856,Room,For Rent,699 SQFT,1,1,1 day ago,"Rs 3,000","Bahria Town Phase 6, Rawalpindi",Rawalpindi,OLX
https://www.olx.com.pk/item/par-day-and-short-time-one-and-two-bed-room-appaertment-available-bahria-town-phase-4-and-6-empire-heights-2-family-apartment-any-time-available-iid-1118746853,Room,For Rent,699 SQFT,1,1,1 day ago,"Rs 3,000","Bahria Town Phase 6, Rawalpindi",Rawalpindi,OLX
https://www.olx.com.pk/item/par-day-and-short-time-one-and-two-bed-room-appaertment-available-bahria-town-phase-4-and-6-empire-heights-2-family-apartment-any-time-available-iid-1118746849,Room,For Rent,699 SQFT,1,1,1 day ago,"Rs 3,000","Bahria Town Phase 6, Rawalpindi",Rawalpindi,OLX
https://www.olx.com.pk/item/bahria-town-umpire-height-phase-2-iid-1118746181,Other,For Rent,700 SQFT,Studio,1,1 day ago,"Rs 3,000","Bahria Town Rawalpindi, Rawalpindi",Rawalpindi,OLX
https://www.olx.com.pk/item/bahria-town-umpire-height-phase-2-iid-1118746175,Other,For Rent,750 SQFT,1,1,1 day ago,"Rs 3,000","Bahria Town Rawalpindi, Rawalpindi",Rawalpindi,OLX
https://www.olx.com.pk/item/5marla-ground-floor-house-avaible-for-rent-with-boring-iid-1118746013,House,For Rent,5 SQFT,2,3,1 day ago,"Rs 35,000","Airport Housing Society - Sector 4, Rawalpindi",Rawalpindi,OLX
https://www.olx.com.pk/item/1-bedroom-apartment-available-par-day-empire-heights-2-phase-6-iid-1118745491,Room,For Rent,700 SQFT,1,1,1 day ago,"Rs 3,500","Bahria Town Rawalpindi, Rawalpindi",Rawalpindi,OLX
https://www.olx.com.pk/item/1-bedroom-apartment-available-par-day-empire-heights-2-phase-6-iid-1118745482,Room,For Rent,700 SQFT,1,1,1 day ago,"Rs 3,500","Bahria Town Rawalpindi, Rawalpindi",Rawalpindi,OLX
https://www.olx.com.pk/item/a-furnished-office-space-with-acs-on-1st-floor-on-murree-rd-faizabad-iid-1092084576,Office,For Rent,"1,200 SQFT",,2,1 day ago,Rs 1.40 Lac,"Satellite Town - Block D, Rawalpindi",Rawalpindi,OLX
https://www.olx.com.pk/item/par-day-and-short-time-one-and-two-bed-room-appaertment-available-bahria-town-phase-4-and-6-empire-heights-2-family-apartment-any-time-available-iid-1118743041,Room,For Rent,699 SQFT,1,1,1 day ago,"Rs 3,000","Bahria Town Phase 6, Rawalpindi",Rawalpindi,OLX
https://www.olx.com.pk/item/par-day-and-short-time-one-and-two-bed-room-appaertment-available-bahria-town-phase-4-and-6-empire-heights-2-family-apartment-any-time-available-iid-1118743037,Room,For Rent,699 SQFT,1,1,1 day ago,"Rs 3,000","Bahria Town Phase 6, Rawalpindi",Rawalpindi,OLX
https://www.olx.com.pk/item/par-day-and-short-time-one-and-two-bed-room-appaertment-available-bahria-town-phase-4-and-6-empire-heights-2-family-apartment-any-time-available-iid-1118743032,Room,For Rent,699 SQFT,1,1,1 day ago,"Rs 3,000","Bahria Town Phase 6, Rawalpindi",Rawalpindi,OLX
https://www.olx.com.pk/item/par-day-and-short-time-one-and-two-bed-room-appaertment-available-bahria-town-phase-4-and-6-empire-heights-2-family-apartment-any-time-available-iid-1118743023,Room,For Rent,699 SQFT,1,1,1 day ago,"Rs 3,000","Bahria Town Phase 6, Rawalpindi",Rawalpindi,OLX
https://www.olx.com.pk/item/par-day-and-short-time-one-and-two-bed-room-appaertment-available-bahria-town-phase-4-and-6-empire-heights-2-family-apartment-any-time-available-iid-1118743019,Room,For Rent,900 SQFT,2,2,1 day ago,"Rs 8,000","Bahria Town Phase 6, Rawalpindi",Rawalpindi,OLX
https://www.olx.com.pk/item/par-day-and-short-time-one-and-two-bed-room-appaertment-available-bahria-town-phase-4-and-6-empire-heights-2-family-apartment-any-time-available-iid-1118743015,Room,For Rent,699 SQFT,1,1,1 day ago,"Rs 3,000","Bahria Town Phase 6, Rawalpindi",Rawalpindi,OLX
https://www.olx.com.pk/item/short-time-1bed-rom-full-furnished-apartments-safe-and-scour-100coupe-allow-iid-1118624489,Apartment,For Rent,700 SQFT,1,1,1 day ago,"Rs 5,000","Bahria Town Phase 8, Rawalpindi",Rawalpindi,OLX
https://www.olx.com.pk/item/daily-basis-1bed-rom-full-furnished-apartments-safe-and-scour-100coupe-allow-iid-1118551969,Apartment,For Rent,700 SQFT,1,1,1 day ago,"Rs 5,000","Bahria Town Phase 7, Rawalpindi",Rawalpindi,OLX
https://www.olx.com.pk/item/short-time-1bed-rom-full-furnished-apartments-safe-and-scour-100coupe-allow-iid-1118519238,Apartment,For Rent,700 SQFT,1,1,1 day ago,"Rs 5,000","Bahria Town Phase 8, Rawalpindi",Rawalpindi,OLX
https://www.olx.com.pk/item/short-time-1bed-rom-full-furnished-apartments-safe-and-scour-100coupe-allow-iid-1118087711,Apartment,For Rent,700 SQFT,1,1,1 day ago,"Rs 5,000","Bahria Town Phase 8, Rawalpindi",Rawalpindi,OLX
https://www.olx.com.pk/item/flat-for-rent-1bed-rom-full-furnished-apartments-safe-and-scour-100coupe-allow-iid-1118050578,Flat,For Rent,700 SQFT,1,1,1 day ago,"Rs 5,000","Bahria Town Phase 7, Rawalpindi",Rawalpindi,OLX
https://www.olx.com.pk/item/bahria-town-umpire-height-phase-2-iid-1118740614,Other,For Rent,700 SQFT,Studio,1,1 day ago,"Rs 3,000","Bahria Town Phase 6, Rawalpindi",Rawalpindi,OLX
https://www.olx.com.pk/item/1-kansas-upper-portion-is-available-for-rent-at-gulshan-abad-rawalpindi-iid-1118739446,Upper Portion,For Rent,22 Marla,3,4,1 day ago,"Rs 80,000","Gulshan Abad, Rawalpindi",Rawalpindi,OLX
https://www.olx.com.pk/item/upper-portion-for-rent-iid-1118738806,Upper Portion,For Rent,5 Marla,2,2,1 day ago,"Rs 30,000","Walayat Colony, Rawalpindi",Rawalpindi,OLX
https://www.olx.com.pk/item/4-marla-flat-at-second-storey-is-available-for-rent-at-gulshan-abad-iid-1118738752,Flat,For Rent,"1,000 SQFT",3,2,1 day ago,"Rs 26,000","Gulshan Abad, Rawalpindi",Rawalpindi,OLX
https://www.olx.com.pk/item/1-kanal-lower-portions-for-rent-in-airport-housing-society-rawalpindi-iid-1069250226,Lower Portion,For Rent,1 Kanal,3,3,1 day ago,"Rs 75,000","Airport Housing Society - Sector 3, Rawalpindi",Rawalpindi,OLX
https://www.olx.com.pk/item/two-bed-fully-furnished-luxury-apartment-for-rent-iid-1118049589,Apartment,For Rent,"1,900 SQFT",2,2,1 day ago,Rs 1.70 Lac,"Bahria Town Phase 3, Rawalpindi",Rawalpindi,OLX
https://www.olx.com.pk/item/for-rent-1-kanal-house-in-bahria-town-phase-3-iid-1118049576,House,For Rent,1 Kanal,5,6,1 day ago,Rs 2.40 Lac,"Bahria Town Phase 3, Rawalpindi",Rawalpindi,OLX
https://www.olx.com.pk/item/for-rent-two-bed-luxury-apartment-in-bahria-heights-e-block-iid-1118049552,Apartment,For Rent,"2,100 SQFT",2,3,1 day ago,Rs 1.50 Lac,"Bahria Heights 1, Rawalpindi",Rawalpindi,OLX
https://www.olx.com.pk/item/for-rent-two-bed-luxury-furnished-apartment-in-bahria-town-phase-2-iid-1118049546,Apartment,For Rent,"1,700 SQFT",2,2,1 day ago,Rs 1.35 Lac,"Bahria Town - Safari Villas 3, Rawalpindi",Rawalpindi,OLX
https://www.olx.com.pk/item/rent-kanal-house-like-brand-new-in-bahria-town-phase-6-iid-1118049700,House,For Rent,1 Kanal,5,6,1 day ago,Rs 2.65 Lac,"Bahria Town Phase 6, Rawalpindi",Rawalpindi,OLX
https://www.olx.com.pk/item/kanal-house-for-rent-bahria-town-phase-3-original-pictures-attached-iid-1118049648,House,For Rent,1 Kanal,6,7,1 day ago,Rs 2.20 Lac,"Bahria Town Phase 3, Rawalpindi",Rawalpindi,OLX
https://www.olx.com.pk/item/for-rent-1-kanal-house-in-bahria-town-phase-3-iid-1118049572,House,For Rent,1 Kanal,6,7,1 day ago,Rs 2.40 Lac,"Bahria Town Phase 3, Rawalpindi",Rawalpindi,OLX
https://www.olx.com.pk/item/two-bed-luxury-fully-furnished-apartment-for-rent-in-bahria-heights-1ex-iid-1118049567,Apartment,For Rent,"1,900 SQFT",2,3,1 day ago,Rs 1.80 Lac,"Bahria Heights 1, Rawalpindi",Rawalpindi,OLX
https://www.olx.com.pk/item/for-rent-fully-furnished-two-bed-apartment-in-bahria-heights-1-ex-iid-1118049561,Apartment,For Rent,"2,100 SQFT",2,3,1 day ago,Rs 1.50 Lac,"Bahria Heights 1, Rawalpindi",Rawalpindi,OLX
https://www.olx.com.pk/item/co-work-space-for-rent-iid-1116461610,Other,For Rent,"5,200 SQFT",,6,4 weeks ago,"Rs 10,000","Abdullah Gardens, Faisalabad",Faisalabad,OLX
https://www.olx.com.pk/item/16-marla-house-for-rent-madina-town-near-susan-road-iid-1118053614,House,For Rent,16 Marla,6,6,14 hours ago,Rs 2.50 Lac,"Madina Town, Faisalabad",Faisalabad,OLX
https://www.olx.com.pk/item/fully-furnished-with-furniture-house-available-for-rent-eden-valley-canal-road-faisalabad-iid-1118635804,House,For Rent,7 Marla,4,5,14 hours ago,Rs 2.29 Lac,"Eden Valley, Faisalabad",Faisalabad,OLX
https://www.olx.com.pk/item/fully-furnished-with-furniture-house-available-model-city-canal-road-faisalabad-iid-1118635795,House,For Rent,5 Marla,3,4,14 hours ago,Rs 1.90 Lac,"Model City 1, Faisalabad",Faisalabad,OLX
https://www.olx.com.pk/item/massage-centre-guest-house-available-for-rent-canal-road-faisalabad-iid-1118635762,House,For Rent,25 Marla,,7,14 hours ago,Rs 3.50 Lac,"Canal Road, Faisalabad",Faisalabad,OLX
https://www.olx.com.pk/item/25-marla-triple-storey-house-for-rent-10-room-near-kashmir-pull-faisalabad-iid-1118635754,Room,For Rent,25 Marla,6,7,14 hours ago,Rs 3.50 Lac,"Canal Road, Faisalabad",Faisalabad,OLX
https://www.olx.com.pk/item/office-available-for-rent-vip-location-kohinoor-faisalabad-iid-1118635738,Office,For Rent,5 Marla,,1,14 hours ago,Rs 1.20 Lac,"Kohinoor One, Faisalabad",Faisalabad,OLX
https://www.olx.com.pk/item/6-marla-triple-story-building-for-rent-property-massage-centre-guest-house-ke-liye-available-vip-location-iid-1118635706,House,For Rent,6 Marla,,7,14 hours ago,Rs 1.50 Lac,"Susan Road, Faisalabad",Faisalabad,OLX
https://www.olx.com.pk/item/fully-furnished-triple-story-house-for-rent-guest-house-massage-centre-ke-liye-ideal-location-madina-town-iid-1118635701,House,For Rent,6 Marla,6,7,14 hours ago,Rs 1.50 Lac,"Susan Road, Faisalabad",Faisalabad,OLX
https://www.olx.com.pk/item/5-marla-brand-new-third-floor-for-rent-kohinoor-near-to-susan-road-madina-town-faisalabad-iid-1118635694,Other,For Rent,5 Marla,,2,14 hours ago,"Rs 95,000","Susan Road, Faisalabad",Faisalabad,OLX
https://www.olx.com.pk/item/abdullahpur-10-marla-double-story-house-for-rent-near-to-jhumra-road-canal-road-fsd-iid-1118383521,House,For Rent,10 Marla,4,5,14 hours ago,Rs 1.10 Lac,"Canal Road, Faisalabad",Faisalabad,OLX
https://www.olx.com.pk/item/25-marla-triple-storey-house-for-rent-massage-centre-guest-house-ke-liye-canal-road-faisalabad-iid-1118239858,House,For Rent,25 Marla,6,7,14 hours ago,Rs 3.50 Lac,"Canal Road, Faisalabad",Faisalabad,OLX
https://www.olx.com.pk/item/25-marla-triple-storey-house-for-rent-main-canal-road-faisalabad-iid-1118239834,House,For Rent,25 Marla,6,7,14 hours ago,Rs 3.50 Lac,"Canal Road, Faisalabad",Faisalabad,OLX
https://www.olx.com.pk/item/building-for-rent-25-marla-main-canal-road-faisalabad-iid-1118239824,Building,For Rent,25 Marla,,7,14 hours ago,Rs 3.50 Lac,"Canal Road, Faisalabad",Faisalabad,OLX
https://www.olx.com.pk/item/fully-furnished-with-furniture-house-available-for-rent-iid-1117698614,House,For Rent,5 Marla,3,4,14 hours ago,Rs 1.90 Lac,"Model City 1, Faisalabad",Faisalabad,OLX
https://www.olx.com.pk/item/fully-furnished-with-furniture-house-available-for-rent-iid-1117698608,House,For Rent,7 Marla,4,5,14 hours ago,Rs 2.29 Lac,"Eden Valley, Faisalabad",Faisalabad,OLX
https://www.olx.com.pk/item/18-marla-house-for-rent-location-civil-line-near-state-bank-faisalabad-iid-1118635674,House,For Rent,18 Marla,5,7,14 hours ago,Rs 2.80 Lac,"Civil Lines, Faisalabad",Faisalabad,OLX
https://www.olx.com.pk/item/18-marla-house-for-rent-location-civil-line-near-state-bank-faisalabad-iid-1118635668,House,For Rent,18 Marla,,7,14 hours ago,Rs 2.80 Lac,"Civil Lines, Faisalabad",Faisalabad,OLX
https://www.olx.com.pk/item/fully-furnished-house-available-for-rent-10-marla-hous-location-ameen-town-canal-road-faisalabad-iid-1118635651,House,For Rent,10 Marla,4,5,14 hours ago,Rs 2 Lac,"Amin Town, Faisalabad",Faisalabad,OLX
https://www.olx.com.pk/item/20-marla-house-guest-house-massage-centre-ke-liye-available-vip-location-canal-road-fsd-iid-1118239671,House,For Rent,20 Marla,,7,14 hours ago,Rs 3 Lac,"Canal Road, Faisalabad",Faisalabad,OLX
https://www.olx.com.pk/item/20-marla-house-guest-house-massage-centre-ke-liye-available-vip-location-canal-road-fsd-iid-1118239665,House,For Rent,20 Marla,6,7,14 hours ago,Rs 3 Lac,"Canal Road, Faisalabad",Faisalabad,OLX
https://www.olx.com.pk/item/6-marla-fuli-furnish-building-available-for-rent-madina-town-faisalabad-iid-1118239627,Building,For Rent,6 Marla,6,7,14 hours ago,Rs 1.50 Lac,"Madina Town, Faisalabad",Faisalabad,OLX
https://www.olx.com.pk/item/6-marla-fuli-furnished-building-available-for-rent-madina-town-faisalabad-iid-1118239606,Building,For Rent,6 Marla,,7,14 hours ago,Rs 1.50 Lac,"Madina Town, Faisalabad",Faisalabad,OLX
https://www.olx.com.pk/item/fully-furnished-house-available-for-rent-model-city-canal-road-faisalabad-iid-1118239540,House,For Rent,5 Marla,3,4,14 hours ago,Rs 1.90 Lac,"Model City 1, Faisalabad",Faisalabad,OLX
https://www.olx.com.pk/item/600-sq-ft-ground-floor-office-available-for-rent-at-susan-road-iid-1118049296,Office,For Rent,600 SQFT,,1,2 days ago,"Rs 60,000","Susan Road, Faisalabad",Faisalabad,OLX
https://www.olx.com.pk/item/1500-square-feet-shop-available-for-rent-at-kohinoor-city-faisalabad-iid-1118049180,Shop,For Rent,"1,500 SQFT",,2,2 days ago,Rs 1.60 Lac,"Kohinoor City, Faisalabad",Faisalabad,OLX
https://www.olx.com.pk/item/500-sq-feet-office-available-for-rent-at-kohinoor-city-iid-1118049154,Office,For Rent,450 SQFT,,1,2 days ago,"Rs 35,000","Kohinoor City, Faisalabad",Faisalabad,OLX
https://www.olx.com.pk/item/1000-sqft-office-available-for-rent-at-kohinoor-city-iid-1118049152,Office,For Rent,"1,000 SQFT",,1,2 days ago,"Rs 60,000","Kohinoor City, Faisalabad",Faisalabad,OLX
https://www.olx.com.pk/item/1200-sqft-office-available-for-rent-at-kohinoor-city-iid-1118049149,Office,For Rent,"1,200 SQFT",,2,2 days ago,"Rs 55,000","Kohinoor City, Faisalabad",Faisalabad,OLX
https://www.olx.com.pk/item/fully-furnished-room-available-for-rent-at-kohinoor-city-iid-1118049141,Room,For Rent,,,,2 days ago,"Rs 26,000","Kohinoor City, Faisalabad",Faisalabad,OLX
https://www.olx.com.pk/item/360-square-feet-to-4500-square-feet-office-available-for-rent-at-faisalabad-city-iid-1118049122,Office,For Rent,360 SQFT,,1,2 days ago,"Rs 16,000","Kohinoor City, Faisalabad",Faisalabad,OLX
https://www.olx.com.pk/item/50000-sq-ft-covered-warehouse-available-for-rent-at-canal-road-iid-1118049118,House,For Rent,"50,000 SQFT",,6,2 days ago,Rs 20 Lacs,"Canal Expressway, Faisalabad",Faisalabad,OLX
https://www.olx.com.pk/item/650-sq-ft-ready-office-available-for-rent-at-kohinoor-one-plaza-iid-1118049096,Office,For Rent,650 SQFT,,1,2 days ago,"Rs 35,000","Kohinoor One, Faisalabad",Faisalabad,OLX
https://www.olx.com.pk/item/3000-sq-feet-office-available-for-rent-at-jinnah-colony-iid-1118049065,Office,For Rent,"3,000 SQFT",,2,2 days ago,Rs 1.30 Lac,"Jinnah Colony, Faisalabad",Faisalabad,OLX
https://www.olx.com.pk/item/360-square-feet-to-4500-square-feet-office-available-for-rent-at-faisalabad-city-iid-1118049060,Office,For Rent,360 SQFT,,1,2 days ago,"Rs 16,000","Kohinoor City, Faisalabad",Faisalabad,OLX
https://www.olx.com.pk/item/300-square-feet-office-available-for-rent-at-kohinoor-one-plaza-iid-1118049052,Office,For Rent,300 SQFT,,1,2 days ago,"Rs 14,000","Kohinoor One, Faisalabad",Faisalabad,OLX
https://www.olx.com.pk/item/3000-square-feet-office-available-for-rent-on-main-susan-road-iid-1118049045,Office,For Rent,"3,000 SQFT",,1,2 days ago,Rs 1.75 Lac,"Susan Road, Faisalabad",Faisalabad,OLX
https://www.olx.com.pk/item/360-square-feet-to-4500-square-feet-office-available-for-rent-at-faisalabad-city-iid-1118049039,Office,For Rent,360 SQFT,,1,2 days ago,"Rs 16,000","Kohinoor City, Faisalabad",Faisalabad,OLX
https://www.olx.com.pk/item/650-sq-ft-ready-office-available-for-rent-at-kohinoor-one-plaza-iid-1118049027,Office,For Rent,650 SQFT,,1,2 days ago,"Rs 35,000","Kohinoor One, Faisalabad",Faisalabad,OLX
https://www.olx.com.pk/item/office-available-for-rent-at-civil-lines-faisalabad-iid-1118049018,Office,For Rent,"2,500 SQFT",,1,2 days ago,Rs 1.50 Lac,"Civil Lines, Faisalabad",Faisalabad,OLX
https://www.olx.com.pk/item/fully-furnished-office-available-for-rent-at-kohinoor-one-plaza-iid-1118049010,Office,For Rent,450 SQFT,,1,2 days ago,"Rs 85,000","Kohinoor City, Faisalabad",Faisalabad,OLX
https://www.olx.com.pk/item/1600-square-feet-offices-available-for-rent-at-kohinoor-city-iid-1118049002,Office,For Rent,"1,650 SQFT",,2,2 days ago,"Rs 80,000","Kohinoor City, Faisalabad",Faisalabad,OLX
https://www.olx.com.pk/item/325-square-feet-room-available-for-rent-at-kohinoor-one-plaza-iid-1118048995,Room,For Rent,,,,2 days ago,"Rs 25,000","Kohinoor One, Faisalabad",Faisalabad,OLX
https://www.olx.com.pk/item/2700-square-feet-offices-available-for-rent-at-susan-road-iid-1118048989,Office,For Rent,"2,700 SQFT",,2,2 days ago,Rs 1.50 Lac,"Susan Road, Faisalabad",Faisalabad,OLX
https://www.olx.com.pk/item/prime-3-story-commercial-plaza-for-rent-in-small-d-ground-faislabad-iid-1118712914,Other,For Rent,"2,150 SQFT",,3,2 days ago,Rs 5 Lac,"Punjab Small Industries Estate, Faisalabad",Faisalabad,OLX
https://www.olx.com.pk/item/7-marla-portion-available-for-rent-at-jhang-road-iid-1118224271,Other,For Rent,7 Marla,2,3,2 days ago,"Rs 30,000","Jhang Road, Faisalabad",Faisalabad,OLX
https://www.olx.com.pk/item/25-marla-house-rent-iid-1118699417,House,For Rent,3 SQFT,2,2,2 days ago,"Rs 24,000","Jaranwala Road, Faisalabad",Faisalabad,OLX
https://www.olx.com.pk/item/house-portion-for-rent-03096652300-iid-1118699308,House,For Rent,6 Marla,5,3,2 days ago,"Rs 35,000","Jaranwala Road, Faisalabad",Faisalabad,OLX
https://www.olx.com.pk/item/fully-ready-office-available-for-rent-best-for-software-house-and-multinationals-companies-iid-1118696160,House,For Rent,"2,000 SQFT",,2,2 days ago,Rs 1.90 Lac,"Canal Road, Faisalabad",Faisalabad,OLX
https://www.olx.com.pk/item/ideal-office-available-2000-square-feet-office-is-available-in-kohinoor-city-iid-1118141318,Office,For Rent,"2,000 SQFT",,3,2 days ago,Rs 1.90 Lac,"Kohinoor City, Faisalabad",Faisalabad,OLX
https://www.olx.com.pk/item/gorgeous-2000-square-feet-office-for-rent-available-in-kohinoor-city-iid-1118141310,Office,For Rent,"2,000 SQFT",,1,2 days ago,Rs 1.20 Lac,"Kohinoor City, Faisalabad",Faisalabad,OLX
https://www.olx.com.pk/item/a-well-designed-office-is-up-for-rent-in-an-ideal-location-in-susan-road-iid-1118141296,Office,For Rent,"1,300 SQFT",,2,2 days ago,Rs 1.20 Lac,"Susan Road, Faisalabad",Faisalabad,OLX
https://www.olx.com.pk/item/ideal-location-office-available-for-rent-best-for-visa-consultancy-travel-agency-multinational-companies-etc-iid-1118141281,Office,For Rent,"1,800 SQFT",,3,2 days ago,Rs 2 Lac,"D Ground, Faisalabad",Faisalabad,OLX
https://www.olx.com.pk/item/fully-furnished-office-available-for-rent-best-for-multinational-campines-etc-iid-1118141378,Office,For Rent,"5,000 SQFT",,5,2 days ago,Rs 2.90 Lac,"Kohinoor City, Faisalabad",Faisalabad,OLX
https://www.olx.com.pk/item/fully-ready-office-for-rent-best-for-multinational-companies-etc-iid-1118141233,Office,For Rent,"2,000 SQFT",,3,2 days ago,Rs 1.80 Lac,"Kohinoor City, Faisalabad",Faisalabad,OLX
https://www.olx.com.pk/item/ideal-location-available-for-rent-best-for-visa-consultancy-travel-agency-multinational-companies-etc-iid-1118141221,Other,For Rent,"1,100 SQFT",,2,2 days ago,Rs 1 Lac,"Kohinoor City, Faisalabad",Faisalabad,OLX
https://www.olx.com.pk/item/360-square-feet-spacious-office-is-available-in-kohinoor-city-for-rent-iid-1118141204,Office,For Rent,"2,000 SQFT",,1,2 days ago,Rs 1.50 Lac,"Kohinoor City, Faisalabad",Faisalabad,OLX
https://www.olx.com.pk/item/get-a-5000-square-feet-office-for-rent-in-kohinoor-city-iid-1118141193,Office,For Rent,"5,000 SQFT",,1,2 days ago,Rs 3.50 Lac,"Kohinoor City, Faisalabad",Faisalabad,OLX
https://www.olx.com.pk/item/ideal-office-for-rent-in-kohinoor-city-iid-1118141175,Office,For Rent,"3,500 SQFT",,3,2 days ago,Rs 2 Lac,"Kohinoor City, Faisalabad",Faisalabad,OLX
https://www.olx.com.pk/item/ideal-ready-office-available-for-rent-best-for-visa-consultancy-and-multinational-companies-iid-1118141162,Office,For Rent,"1,500 SQFT",,1,2 days ago,"Rs 80,000","Kohinoor City, Faisalabad",Faisalabad,OLX
https://www.olx.com.pk/item/ready-office-available-for-rent-best-for-software-house-call-center-etc-iid-1118695424,House,For Rent,"2,000 SQFT",,2,2 days ago,Rs 1.80 Lac,"Kohinoor City, Faisalabad",Faisalabad,OLX
https://www.olx.com.pk/item/fully-furnished-office-available-for-rent-kohinoor-city-office-sized-2000-square-feet-is-available-iid-1118141361,Office,For Rent,"2,000 SQFT",,3,2 days ago,Rs 4.20 Lac,"Kohinoor City, Faisalabad",Faisalabad,OLX
https://www.olx.com.pk/item/ready-office-available-for-rent-kohinoor-city-office-sized-1200-square-feet-is-available-iid-1118141335,Office,For Rent,"1,200 SQFT",,3,2 days ago,"Rs 95,000","Kohinoor City, Faisalabad",Faisalabad,OLX
https://www.olx.com.pk/item/ideal-office-space-available-for-rent-best-for-multinational-companies-etc-iid-1118141106,Office,For Rent,"1,500 SQFT",,3,2 days ago,Rs 1 Lac,"Susan Road, Faisalabad",Faisalabad,OLX
https://www.olx.com.pk/item/7-marla-tripal-storey-plaza-available-for-rent-best-for-brand-outlet-hospital-and-multinational-companies-etc-iid-1118141099,Other,For Rent,"8,000 SQFT",,6,2 days ago,Rs 8 Lac,"D Ground, Faisalabad",Faisalabad,OLX
https://www.olx.com.pk/item/fully-furnished-office-available-for-rent-best-for-multinational-campines-etc-iid-1118141067,Office,For Rent,"1,500 SQFT",,3,2 days ago,Rs 2.50 Lac,"D Ground, Faisalabad",Faisalabad,OLX
https://www.olx.com.pk/item/fully-plaza-available-for-rent-best-for-hospital-and-multinational-companies-etc-iid-1118141042,Other,For Rent,"10,000 SQFT",,1,2 days ago,Rs 8 Lac,"Canal Road, Faisalabad",Faisalabad,OLX
https://www.olx.com.pk/item/fully-furnished-office-available-for-rent-best-for-multinational-campines-etc-iid-1118141023,Office,For Rent,"2,500 SQFT",,3,2 days ago,Rs 2 Lac,"Kohinoor City, Faisalabad",Faisalabad,OLX
https://www.olx.com.pk/item/a-stunning-prime-location-office-is-up-for-grabs-in-susan-road-susan-road-iid-1118141000,Office,For Rent,"1,300 SQFT",,1,2 days ago,Rs 1.20 Lac,"Susan Road, Faisalabad",Faisalabad,OLX
https://www.olx.com.pk/item/40-marla-hall-available-for-rent-best-for-multinational-companies-it-center-iid-1118140910,Other,For Rent,"9,000 SQFT",,1,2 days ago,Rs 6.50 Lac,"Canal Road, Faisalabad",Faisalabad,OLX
https://www.olx.com.pk/item/furnished-office-available-for-rent-at-canal-road-faisalabad-iid-1118140899,Office,For Rent,"1,800 SQFT",,1,2 days ago,Rs 2 Lac,"Canal Road, Faisalabad",Faisalabad,OLX
https://www.olx.com.pk/item/fully-furnished-office-available-for-rent-best-for-software-house-it-call-center-multinationals-companies-iid-1118140885,House,For Rent,"2,500 SQFT",,1,2 days ago,Rs 2.50 Lac,"Kohinoor City, Faisalabad",Faisalabad,OLX
https://www.olx.com.pk/item/5000-sq-ft-ready-hall-available-for-rent-best-for-multinational-companies-etc-iid-1118140871,Other,For Rent,"5,000 SQFT",,3,2 days ago,Rs 4.50 Lac,"Kohinoor City, Faisalabad",Faisalabad,OLX
https://www.olx.com.pk/item/ideal-ready-to-use-office-available-for-rent-best-for-software-house-call-center-multinational-companies-iid-1118140864,House,For Rent,"3,000 SQFT",,2,2 days ago,Rs 2 Lac,"D Ground, Faisalabad",Faisalabad,OLX
https://www.olx.com.pk/item/fully-furnished-office-available-for-rent-best-for-multinational-campines-etc-iid-1118141130,Office,For Rent,"1,200 SQFT",,2,2 days ago,Rs 1 Lac,"D Ground, Faisalabad",Faisalabad,OLX
https://www.olx.com.pk/item/find-your-ideal-office-in-kohinoor-city-under-rs-170000-iid-1118141120,Office,For Rent,"1,500 SQFT",,3,2 days ago,Rs 1.70 Lac,"Kohinoor City, Faisalabad",Faisalabad,OLX
https://www.olx.com.pk/item/ready-building-available-for-rent-best-for-restaurant-hospital-etc-iid-1118140963,Building,For Rent,20 Marla,,4,2 days ago,Rs 5.50 Lac,"Canal Road, Faisalabad",Faisalabad,OLX
https://www.olx.com.pk/item/ready-building-available-for-rent-best-for-aesthetic-clinic-hospital-academy-and-multinational-companies-iid-1118140942,Building,For Rent,10 Marla,,5,2 days ago,Rs 2.50 Lac,"Millat Chowk, Faisalabad",Faisalabad,OLX
https://www.olx.com.pk/item/commercial-shop-for-rent-iid-1118687653,Shop,For Rent,420 SQFT,,1,2 days ago,Rs 2 Lac,"Clock Tower, Faisalabad",Faisalabad,OLX
https://www.olx.com.pk/item/studio-apartment-for-rent-iid-1118684781,Apartment,For Rent,272 SQFT,1,1,3 days ago,"Rs 70,000","Abdullah Gardens, Faisalabad",Faisalabad,OLX
https://www.olx.com.pk/item/edan-garden-canal-road-iid-1117985983,Other,For Rent,4 Marla,3,3,3 days ago,"Rs 70,000","Eden Garden - Block D, Faisalabad",Faisalabad,OLX
https://www.olx.com.pk/item/edanvalley-beautiful-house-canal-road-iid-1117778427,House,For Rent,7 Marla,4,5,3 days ago,Rs 1.50 Lac,"Eden Valley - Block D, Faisalabad",Faisalabad,OLX
https://www.olx.com.pk/item/edanvalley-beautiful-house-iid-1117771535,House,For Rent,5 Marla,3,4,3 days ago,Rs 1 Lac,"Eden Valley - Block E, Faisalabad",Faisalabad,OLX
https://www.olx.com.pk/item/03211777676-house-for-rent-eidden-valley-iid-1118676148,House,For Rent,5 SQFT,4,4,3 days ago,"Rs 85,000","Adan Valley, Faisalabad",Faisalabad,OLX
https://www.olx.com.pk/item/5-marla-house-available-for-rent-iid-1118676142,House,For Rent,5 Marla,5,5,3 days ago,"Rs 60,000","Officers Colony 2, Faisalabad",Faisalabad,OLX
https://www.olx.com.pk/item/03211777676-house-for-rent-women-university-near-about-iid-1118676133,House,For Rent,4 SQFT,4,3,3 days ago,"Rs 50,000","Madina Town, Faisalabad",Faisalabad,OLX
https://www.olx.com.pk/item/03211777676-house-for-rent-madina-town-y-block-iid-1118676129,House,For Rent,4 SQFT,4,3,3 days ago,"Rs 50,000","Madina Town, Faisalabad",Faisalabad,OLX
https://www.olx.com.pk/item/03211777676-full-furnished-room-for-rent-iid-1118676123,Room,For Rent,,,,3 days ago,"Rs 30,000","Madina Town, Faisalabad",Faisalabad,OLX
https://www.olx.com.pk/item/03211777676-house-for-rent-near-madina-town-women-university-iid-1118676118,House,For Rent,5 SQFT,5,3,3 days ago,"Rs 55,000","Madina Town, Faisalabad",Faisalabad,OLX
https://www.olx.com.pk/item/03211777676-vip-rooms-available-for-rent-near-about-women-university-madina-town-faisalabad-iid-1118676113,Room,For Rent,,,,3 days ago,"Rs 25,000","Madina Town, Faisalabad",Faisalabad,OLX
https://www.olx.com.pk/item/03211777676-house-for-rent-madina-town-y-block-iid-1118676107,House,For Rent,5 SQFT,5,3,3 days ago,"Rs 60,000","Madina Town, Faisalabad",Faisalabad,OLX
https://www.olx.com.pk/item/03211777676-upper-portion-for-rent-near-bismillah-chowk-main-road-iid-1118676087,Upper Portion,For Rent,4 SQFT,3,2,3 days ago,"Rs 23,000","Madina Town, Faisalabad",Faisalabad,OLX
https://www.olx.com.pk/item/03211777676-house-for-rent-kohinoor-town-iid-1118676062,House,For Rent,11 SQFT,4,4,3 days ago,Rs 1.50 Lac,"Kohinoor Town, Faisalabad",Faisalabad,OLX
https://www.olx.com.pk/item/03211777676indirect-7marla-house-in-khayaban-coloney-14bedrooms-double-kitchen-double-tv-lounge-store-drawing-dinning-rent-100k-iid-1118676041,Room,For Rent,7 SQFT,4,4,3 days ago,Rs 1 Lac,"Khayaban Colony, Faisalabad",Faisalabad,OLX
https://www.olx.com.pk/item/03211777676-house-for-rent-vip-location-iid-1118676037,House,For Rent,20 SQFT,6,6,3 days ago,Rs 1.60 Lac,"Officers Colony 2, Faisalabad",Faisalabad,OLX
https://www.olx.com.pk/item/03211777676-upper-washing-for-rent-iid-1118676029,Other,For Rent,10 SQFT,3,3,3 days ago,"Rs 55,000","Khayaban Colony, Faisalabad",Faisalabad,OLX
https://www.olx.com.pk/item/03211777676-rooms-for-rent-per-day-8000-per-day-iid-1118676024,Room,For Rent,,,,3 days ago,"Rs 8,000","Madina Town, Faisalabad",Faisalabad,OLX
https://www.olx.com.pk/item/room-for-rent-iid-1118643151,Room,For Rent,1 Marla,Studio,1,4 days ago,"Rs 22,000","Sitara Gold City, Faisalabad",Faisalabad,OLX
https://www.olx.com.pk/item/0321-86-10-688-brand-new-beautiful-20-marla-1st-floor-available-for-rent-with-big-car-garage-iid-1117595625,Other,For Rent,20 Marla,2,2,4 days ago,"Rs 75,000","Khayaban Colony 2, Faisalabad",Faisalabad,OLX
https://www.olx.com.pk/item/0321-86-10-688-beautiful-44-marla-furnished-house-with-8bed-room-available-in-eden-valley-iid-1117681250,Room,For Rent,44 Marla,6,7,4 days ago,Rs 7.80 Lac,"Eden Valley - Block A, Faisalabad",Faisalabad,OLX
https://www.olx.com.pk/item/0321-86-10-688-beautiful-10-marla-1st-floor-with-3bedroom-available-for-rent-iid-1118195734,Room,For Rent,10 Marla,3,3,4 days ago,"Rs 55,000","Khayaban Colony 2, Faisalabad",Faisalabad,OLX
https://www.olx.com.pk/item/0321-86-10-688-beautiful-7-marla-3-story-house-with-7bedrooms-available-for-rent-in-eden-valley-iid-1118194307,Room,For Rent,7 Marla,6,7,4 days ago,Rs 1.70 Lac,"Eden Valley - Block D, Faisalabad",Faisalabad,OLX
https://www.olx.com.pk/item/0321-86-10-688-for-rent-beautiful-house-in-abdullah-garden-with-5-bedrooms-iid-1117680145,Room,For Rent,11 Marla,5,5,4 days ago,Rs 2.65 Lac,"Abdullah Gardens, Faisalabad",Faisalabad,OLX
https://www.olx.com.pk/item/0321-86-10-688-beautiful-5-marla-ground-floor-with-2-bed-rooms-tv-lounge-kitchen-motor-bike-garage-available-for-rent-in-park-facing-location-madina-town-iid-1118572756,Room,For Rent,5 Marla,2,2,4 days ago,"Rs 37,000","Madina Town, Faisalabad",Faisalabad,OLX
https://www.olx.com.pk/item/0321-86-10-688-hot-location-main-canal-road-pr-9-marla-1st-floor-office-or-commercial-use-k-liay-available-for-rent-iid-1118533146,Office,For Rent,9 Marla,,2,4 days ago,Rs 1.60 Lac,"Canal Road, Faisalabad",Faisalabad,OLX
https://www.olx.com.pk/item/0321-86-10-688-rasool-park-ma-25-marla-ghar-2-electric-meter-1-suigas-meter-available-for-rent-3-room-2bath-motor-bike-garage-iid-1118532399,Room,For Rent,2 Marla,3,2,4 days ago,"Rs 27,000","Rasool Park, Faisalabad",Faisalabad,OLX
https://www.olx.com.pk/item/0321-86-10-688-brand-new-35-marla-k-2-house-for-rent-available-hn-har-ghar-ma-3-bedroom-1-drawing-room-tv-lounge-car-garage-iid-1118476284,Room,For Rent,3 Marla,3,3,4 days ago,"Rs 65,000","Saeed Colony, Faisalabad",Faisalabad,OLX
https://www.olx.com.pk/item/0321-86-10-688-house-with-7rooms-3-bath-suigas-available-available-for-rent-in-madina-town-iid-1118475893,Room,For Rent,4 Marla,6,4,4 days ago,"Rs 45,000","Madina Town, Faisalabad",Faisalabad,OLX
https://www.olx.com.pk/item/0321-86-10-688-furnished-house-with-4bedrooms-in-eden-executive-available-for-rent-iid-1118475731,Room,For Rent,5 Marla,4,4,4 days ago,Rs 1.25 Lac,"Eden Executive, Faisalabad",Faisalabad,OLX
https://www.olx.com.pk/item/0321-86-10-688-beautiful-13-marla-house-available-for-rent-in-eden-valley-with-5-bedrooms-double-kitchen-double-tv-lounge-big-car-garage-store-iid-1118475489,Room,For Rent,13 Marla,5,5,4 days ago,Rs 2.60 Lac,"Eden Valley - Block F, Faisalabad",Faisalabad,OLX
https://www.olx.com.pk/item/0321-86-10-688-hot-location-pr-5-marla-like-single-story-house-1-electric-1-suigas-meter-3-room-1store-2bathrom-car-garage-iid-1118467476,Room,For Rent,5 Marla,3,2,4 days ago,"Rs 38,000","Officers Colony 2, Faisalabad",Faisalabad,OLX
https://www.olx.com.pk/item/0321-86-10-688-beautiful-55-marla-house-with-5bedrooms-double-kitchen-double-tv-lounge-2-store-1-laundry-1-powder-washroom-vailable-for-rent-iid-1118398467,Room,For Rent,5 Marla,5,5,4 days ago,"Rs 78,000","Al Noor Garden, Faisalabad",Faisalabad,OLX
https://www.olx.com.pk/item/0321-86-10-688-beautiful-5-marla-house-available-for-rent-in-eden-garden-sui-gas-available-iid-1118639396,House,For Rent,5 Marla,3,4,4 days ago,"Rs 73,000","Eden Garden - Block B, Faisalabad",Faisalabad,OLX
https://www.olx.com.pk/item/0321-86-10-688-hot-location-45-marla-corner-house-available-for-rent-with-3bedroom-1-drawing-room-big-car-garage-kitchen-double-tv-lounge-iid-1118636181,Room,For Rent,4 Marla,3,4,4 days ago,"Rs 65,000","Makkah Garden, Faisalabad",Faisalabad,OLX
https://www.olx.com.pk/item/0321-86-10-688-eden-valley-ma-brand-25-marla-house-available-for-rent-with-3bedroom-1store-tv-lounge-1-garage-iid-1118635961,Room,For Rent,2 Marla,3,3,4 days ago,"Rs 65,000","Eden Valley - Block C, Faisalabad",Faisalabad,OLX
https://www.olx.com.pk/item/fully-furnished-house-for-rent-kohinoor-city-faisalabad-iid-1118635778,House,For Rent,20 Marla,5,7,4 days ago,Rs 7 Lac,"Kohinoor City, Faisalabad",Faisalabad,OLX
https://www.olx.com.pk/item/2-marla-house-furnished-for-rent-madina-town-near-susan-road-iid-1118407352,House,For Rent,2 Marla,2,2,4 days ago,"Rs 35,000","Madina Town, Faisalabad",Faisalabad,OLX
https://www.olx.com.pk/item/house-for-rent-0309-665-2300-iid-1118617449,House,For Rent,3 Marla,4,1,4 days ago,"Rs 42,000","Sitara Gold City, Faisalabad",Faisalabad,OLX
https://www.olx.com.pk/item/portion-for-rent-iid-1118608550,Other,For Rent,7 Marla,2,2,4 days ago,"Rs 25,000","Yaseen Abad, Faisalabad",Faisalabad,OLX
https://www.olx.com.pk/item/ground-floor-for-rent-iid-1118592617,Other,For Rent,12 Marla,3,3,5 days ago,"Rs 70,000","Satiana Road, Faisalabad",Faisalabad,OLX
https://www.olx.com.pk/item/madinatown-furnished-apartment-2-rooms-y-block-for-rent-03018660465-iid-1118591173,Room,For Rent,,,,5 days ago,"Rs 45,000","Madina Town, Faisalabad",Faisalabad,OLX
https://www.olx.com.pk/item/furnished-rooms-for-rent-at-reasonable-prices-iid-1116397776,Room,For Rent,,,,5 days ago,"Rs 22,000","Officers Colony No 1, Faisalabad",Faisalabad,OLX
https://www.olx.com.pk/item/furnished-1-bed-flat-in-35k-at-ideal-location-canalroad-edenvalley-fsd-iid-1109998350,Flat,For Rent,2 Marla,1,1,5 days ago,"Rs 37,000","Eden Valley, Faisalabad",Faisalabad,OLX
https://www.olx.com.pk/item/13-marla-house-available-for-rent-iid-1118575821,House,For Rent,13 Marla,5,5,5 days ago,Rs 2.50 Lac,"Eden Valley - Block D, Faisalabad",Faisalabad,OLX
https://www.olx.com.pk/item/luxury-furnished-apartment-for-rent-iid-1118575291,Apartment,For Rent,3 Marla,2,2,5 days ago,"Rs 95,000","Makkah Commercial Market, Faisalabad",Faisalabad,OLX
https://www.olx.com.pk/item/13-marla-available-iid-1118574726,Other,For Rent,13 Marla,5,5,5 days ago,Rs 2.50 Lac,"Eden Valley - Block F, Faisalabad",Faisalabad,OLX
https://www.olx.com.pk/item/5-marla-house-available-for-rent-iid-1118570899,House,For Rent,5 Marla,3,4,5 days ago,"Rs 90,000","Ghalib City, Faisalabad",Faisalabad,OLX
https://www.olx.com.pk/item/10-marla-house-available-for-rent-d-block-iid-1118193351,House,For Rent,10 Marla,5,6,5 days ago,Rs 1.10 Lac,"City Housing Society - Phase 1, Faisalabad",Faisalabad,OLX
https://www.olx.com.pk/item/05-marla-house-available-for-rent-c-block-iid-1118193343,House,For Rent,5 Marla,3,4,5 days ago,"Rs 55,000","City Housing Society - Phase 1, Faisalabad",Faisalabad,OLX
https://www.olx.com.pk/item/5-marla-for-rent-in-a-good-location-iid-1118566908,Other,For Rent,5 Marla,5,1,6 days ago,"Rs 58,000","Lyallpur Avenue, Faisalabad",Faisalabad,OLX
https://www.olx.com.pk/item/house-available-for-rent-5-marla-iid-1118564771,House,For Rent,5 Marla,4,6,6 days ago,"Rs 65,000","Officers Colony 2, Faisalabad",Faisalabad,OLX
https://www.olx.com.pk/item/ground-floor-for-rent-ground-floor-for-rent-iid-1118551206,Other,For Rent,8 Marla,3,2,6 days ago,"Rs 80,000","Peoples Colony - Block B, Faisalabad",Faisalabad,OLX
https://www.olx.com.pk/item/0321-86-10-688-beautiful-55-marla-house-with-5-bedroom-6-bath-1-drawing-double-kitchen-double-tv-lounge-big-car-garage-2-store-iid-1117905192,Room,For Rent,5 Marla,5,6,6 days ago,"Rs 78,000","Al Noor Garden, Faisalabad",Faisalabad,OLX
https://www.olx.com.pk/item/0321-86-10-688-fully-furnished-5-marla-house-with-4bedrooms-available-for-rent-in-eden-executive-iid-1117785180,Room,For Rent,5 Marla,4,4,6 days ago,Rs 1.80 Lac,"Eden Executive, Faisalabad",Faisalabad,OLX
https://www.olx.com.pk/item/0321-86-10-688-beautiful-airy-wide-10-marla-1st-floor-available-for-rent-in-amin-town-iid-1117766903,Other,For Rent,10 Marla,3,3,6 days ago,"Rs 48,000","Amir Town, Faisalabad",Faisalabad,OLX
https://www.olx.com.pk/item/0321-86-10-688-beautiful-45-marla-house-2-electric-1-suigas-meter-available-for-rent-in-madina-atown-iid-1118195588,House,For Rent,4 Marla,3,3,6 days ago,"Rs 53,000","Madina Town, Faisalabad",Faisalabad,OLX
https://www.olx.com.pk/item/0321-86-10-688-beautiful-10-marla-house-available-4bedrooms-drawing-dinning-tv-lounge-2-car-garage-sui-gas-available-iid-1118058400,Room,For Rent,10 Marla,4,4,6 days ago,Rs 1.10 Lac,"Khayaban Colony, Faisalabad",Faisalabad,OLX
https://www.olx.com.pk/item/0321-86-10-688-ground-floor-of-22-marla-available-on-204-chak-road-with-5-rooms-iid-1118057156,Room,For Rent,22 Marla,5,4,6 days ago,Rs 1.50 Lac,"Khayaban Colony 2, Faisalabad",Faisalabad,OLX
https://www.olx.com.pk/item/0321-86-10-688-beautiful-4-marla-house-sui-gas-available-with-3bedroom-1-drawing-1-kitchen-1-store-big-car-garage-available-for-rent-in-eden-garden-iid-1117910577,Room,For Rent,4 Marla,3,3,6 days ago,"Rs 70,000","Eden Garden - Block C, Faisalabad",Faisalabad,OLX
https://www.olx.com.pk/item/0321-86-10-688-beautiful-look-like-a-new-house-with-3bedroom-2-drawing-room-big-car-garage-available-for-rent-in-eden-valley-iid-1117908717,Room,For Rent,5 Marla,3,4,6 days ago,Rs 1.10 Lac,"Eden Valley - Block D, Faisalabad",Faisalabad,OLX
https://www.olx.com.pk/item/brand-new-5-marla-house-in-eden-executive-block-canal-road-faisalabad-iid-1118532779,House,For Rent,5 Marla,3,4,1 week ago,Rs 1 Lac,"Eden Executive, Faisalabad",Faisalabad,OLX
https://www.olx.com.pk/item/m-block-10-marla-upper-portion-available-for-rent-iid-1118528475,Upper Portion,For Rent,10 Marla,3,3,1 week ago,"Rs 60,000","Wapda City, Faisalabad",Faisalabad,OLX
https://www.olx.com.pk/item/5-marla-house-available-for-rent-iid-1118130462,House,For Rent,5 Marla,3,4,1 week ago,"Rs 80,000","Wapda City - Block L, Faisalabad",Faisalabad,OLX
https://www.olx.com.pk/item/furnished-apartment-per-day-wifi-ac-03000757917-iid-1116688545,Apartment,For Rent,,,,1 week ago,"Rs 8,500","Oasis One, Faisalabad",Faisalabad,OLX
https://www.olx.com.pk/item/offic-for-travel-agency-location-iid-1118493810,Other,For Rent,560 SQFT,,1,1 week ago,"Rs 60,000","Regency Plaza, Faisalabad",Faisalabad,OLX
https://www.olx.com.pk/item/house-portion-for-rent-iid-1118490591,House,For Rent,5 Marla,3,2,1 week ago,"Rs 45,000","Sitara Gold City, Faisalabad",Faisalabad,OLX
https://www.olx.com.pk/item/office-rent-available-iid-1118490265,Office,For Rent,300 SQFT,,1,1 week ago,"Rs 22,000","Kohinoor One, Faisalabad",Faisalabad,OLX
https://www.olx.com.pk/item/6-marla-hall-available-for-rent-iid-1118455387,Other,For Rent,6 Marla,Studio,1,1 week ago,Rs 1.50 Lac,"Hassan Villas, Faisalabad",Faisalabad,OLX
https://www.olx.com.pk/item/3-marla-furnished-apartment-available-for-rent-iid-1118455273,Apartment,For Rent,3 Marla,2,2,1 week ago,"Rs 70,000","Hassan Villas, Faisalabad",Faisalabad,OLX
https://www.olx.com.pk/item/flat-available-for-rent-at-jaranwala-road-faisalabad-iid-1118453215,Flat,For Rent,325 SQFT,1,1,1 week ago,"Rs 30,000","Kohinoor One, Faisalabad",Faisalabad,OLX
https://www.olx.com.pk/item/a-office-of-300-square-feet-in-kohinoor-city-iid-1118453105,Office,For Rent,300 SQFT,,1,1 week ago,"Rs 20,000","Kohinoor City, Faisalabad",Faisalabad,OLX
https://www.olx.com.pk/item/office-available-for-rent-at-sussan-road-faisalabad-iid-1118453090,Office,For Rent,650 SQFT,,1,1 week ago,"Rs 50,000","Susan Road, Faisalabad",Faisalabad,OLX
https://www.olx.com.pk/item/office-available-for-rent-at-sussan-road-faisalabad-iid-1118453067,Office,For Rent,"1,000 SQFT",,1,1 week ago,"Rs 90,000","Susan Road, Faisalabad",Faisalabad,OLX
https://www.olx.com.pk/item/ready-to-move-office-available-for-rent-at-d-ground-faisalabad-iid-1118452814,Office,For Rent,"2,000 SQFT",,2,1 week ago,"Rs 90,000","D Ground, Faisalabad",Faisalabad,OLX
https://www.olx.com.pk/item/ready-to-buy-a-office-in-kohinoor-city-kohinoor-city-iid-1118452643,Office,For Rent,800 SQFT,,1,1 week ago,"Rs 45,000","Kohinoor City, Faisalabad",Faisalabad,OLX
https://www.olx.com.pk/item/a-office-of-300-square-feet-in-kohinoor-city-iid-1118452585,Office,For Rent,300 SQFT,,1,1 week ago,"Rs 25,000","Kohinoor City, Faisalabad",Faisalabad,OLX
https://www.olx.com.pk/item/1500-sq-feet-office-available-for-rent-at-main-canal-road-iid-1118049249,Office,For Rent,"1,500 SQFT",,1,1 week ago,Rs 1.30 Lac,"Canal Road, Faisalabad",Faisalabad,OLX
https://www.olx.com.pk/item/700-sq-feet-office-available-for-rent-at-susan-road-iid-1118049191,Office,For Rent,700 SQFT,,2,1 week ago,"Rs 38,000","Susan Road, Faisalabad",Faisalabad,OLX
https://www.olx.com.pk/item/house-for-rent-madina-town-near-susan-road-gc-university-iid-1118053619,House,For Rent,5 Marla,6,4,1 week ago,"Rs 95,000","Madina Town, Faisalabad",Faisalabad,OLX
https://www.olx.com.pk/item/0321-86-10-688-beautiful-10-marla-1st-floor-with-3-bedrooms-1-store-tv-lounge-kitchen-iid-1117787935,Room,For Rent,10 Marla,3,3,1 week ago,"Rs 60,000","Sitara Gold City, Faisalabad",Faisalabad,OLX
https://www.olx.com.pk/item/shops-available-for-rent-iid-1118395995,Shop,For Rent,750 SQFT,,1,1 week ago,"Rs 15,000","Peoples Colony - Block A, Faisalabad",Faisalabad,OLX
https://www.olx.com.pk/item/10-marla-brand-new-house-for-rent-model-city-1-faisalabad-vip-location-park-facing-iid-1118383736,House,For Rent,10 Marla,5,6,1 week ago,Rs 1.40 Lac,"Model City 1, Faisalabad",Faisalabad,OLX
https://www.olx.com.pk/item/office-available-for-rent-1500-square-foot-kohinoor-1-plaza-faisalabad-iid-1118383659,Office,For Rent,"1,500 SQFT",,1,1 week ago,"Rs 70,000","Kohinoor City, Faisalabad",Faisalabad,OLX
https://www.olx.com.pk/item/fully-furnished-apartment-flat-for-rent-madina-town-college-road-faisalabad-iid-1118383638,Flat,For Rent,5 Marla,3,2,1 week ago,"Rs 50,000","Madina Town, Faisalabad",Faisalabad,OLX
https://www.olx.com.pk/item/eden-garden-society-boundary-wall-canal-road-6-marla-house-for-rent-double-storey-iid-1118383451,House,For Rent,"1,350 SQFT",5,6,1 week ago,"Rs 70,000","Eden Gardens, Faisalabad",Faisalabad,OLX
https://www.olx.com.pk/item/saeed-colony-canal-road-faisalabad-society-boundary-wall-40-marla-house-ka-uper-portion-for-rent-iid-1118383425,House,For Rent,40 Marla,3,4,1 week ago,Rs 1.14 Lac,"Saeed Colony, Faisalabad",Faisalabad,OLX
https://www.olx.com.pk/item/new-garden-block-society-area-boundary-wall-canal-road-faisalaba-20-marla-double-storey-house-for-rent-iid-1118383403,House,For Rent,20 Marla,5,6,1 week ago,Rs 1.80 Lac,"Saeed Colony - New Garden Block, Faisalabad",Faisalabad,OLX
https://www.olx.com.pk/item/6-acre-triple-storey-factory-for-rent-small-estate-sargodha-road-faisalabad-1-basement-floor-covered-area-29136-square-feet-iid-1118383394,Factory,For Rent,48 Kanal,,6,1 week ago,Rs 45 Lacs,"Punjab Small Industries Estate, Faisalabad",Faisalabad,OLX
https://www.olx.com.pk/item/6-acre-triple-storey-factory-for-rent-small-estate-sargodha-road-faisalabad-1-basement-floor-covered-area-29136-sq-ft-iid-1118383387,Factory,For Rent,"10,800 SQFT",,6,1 week ago,Rs 45 Lacs,"Punjab Small Industries Estate, Faisalabad",Faisalabad,OLX
https://www.olx.com.pk/item/saeed-colony-no-1-society-boundary-wall-canal-road-faisalabad-niche-wala-portion-lock-hai-30-marla-house-ka-upar-wala-portion-for-rent-iid-1118383383,House,For Rent,30 Marla,3,5,1 week ago,"Rs 90,000","Saeed Colony, Faisalabad",Faisalabad,OLX
https://www.olx.com.pk/item/shadman-colony-society-peoples-colony-faisalabad-property-for-rent-multinational-company-office-plus-family-rehash-kelly-iid-1118383374,Office,For Rent,"3,375 SQFT",4,6,1 week ago,Rs 1.25 Lac,"Shadman Colony, Faisalabad",Faisalabad,OLX
https://www.olx.com.pk/item/portion-in-sitara-park-on-rent-iid-1118379791,Other,For Rent,7 Marla,Studio,1,1 week ago,"Rs 45,000","Sitara Park City, Faisalabad",Faisalabad,OLX
https://www.olx.com.pk/item/house-for-rent-khayaban-colony-no-3-eden-garden-road-faisalabad-15-marla-ground-floor-double-basement-hall-iid-1118374160,House,For Rent,"3,375 SQFT",,7,2 weeks ago,"Rs 90,000","204 Chak Road, Faisalabad",Faisalabad,OLX
https://www.olx.com.pk/item/10-marla-house-available-for-rent-in-citi-housing-sargodha-road-faislalabad-iid-1118039475,House,For Rent,10 Marla,5,6,2 weeks ago,Rs 1.05 Lac,"City Housing Society - Phase 1, Faisalabad",Faisalabad,OLX
https://www.olx.com.pk/item/10-marla-house-available-for-rent-in-citi-housing-sargodha-road-faislalabad-iid-1118039371,House,For Rent,10 Marla,5,6,2 weeks ago,Rs 1 Lac,"City Housing Society - Phase 1, Faisalabad",Faisalabad,OLX
https://www.olx.com.pk/item/5-marla-house-available-for-rent-in-citi-housing-sargodha-road-faislalabad-iid-1118039244,House,For Rent,5 Marla,3,4,2 weeks ago,"Rs 57,000","City Housing Society - Phase 1, Faisalabad",Faisalabad,OLX
https://www.olx.com.pk/item/5-marla-house-available-for-rent-in-citi-housing-sargodha-road-faislalabad-iid-1118039185,House,For Rent,5 Marla,3,4,2 weeks ago,"Rs 55,000","City Housing Society - Phase 1, Faisalabad",Faisalabad,OLX
https://www.olx.com.pk/item/co-working-space-for-rent-iid-1118368001,Other,For Rent,180 SQFT,,6,2 weeks ago,"Rs 10,000","Abdullah Gardens, Faisalabad",Faisalabad,OLX
https://www.olx.com.pk/item/amin-town-canal-road-iid-1118193407,Other,For Rent,3 Marla,2,2,2 weeks ago,"Rs 45,000","Amin Town, Faisalabad",Faisalabad,OLX
https://www.olx.com.pk/item/madinatown-y-block-5-marla-lower-porstion-for-rent-03018660465-iid-1118355274,Other,For Rent,5 Marla,2,2,2 weeks ago,"Rs 30,000","Madina Town, Faisalabad",Faisalabad,OLX
https://www.olx.com.pk/item/madinatown-y-block-10-marla-upper-porstion-for-rent-03018660465-iid-1118355188,Other,For Rent,10 Marla,3,3,2 weeks ago,"Rs 45,000","Madina Town, Faisalabad",Faisalabad,OLX
https://www.olx.com.pk/item/office-for-rent-available-iid-1118344694,Office,For Rent,350 SQFT,,1,2 weeks ago,"Rs 21,000","Kohinoor One, Faisalabad",Faisalabad,OLX
https://www.olx.com.pk/item/1-kanal-uper-portion-available-for-rent-iid-1118132957,Other,For Rent,20 Marla,3,3,2 weeks ago,"Rs 95,000","Wapda City, Faisalabad",Faisalabad,OLX
https://www.olx.com.pk/item/eden-valley-e-block-canal-road-faisalabad-7-marla-double-storey-vip-beautiful-house-for-rent-iid-1118326306,House,For Rent,"1,575 SQFT",4,5,2 weeks ago,Rs 1 Lac,"Eden Valley - Block E, Faisalabad",Faisalabad,OLX
https://www.olx.com.pk/item/1-kanal-double-storey-house-for-rent-haven-habitat-canal-road-faisalabad-iid-1118326294,House,For Rent,20 Marla,5,6,2 weeks ago,Rs 2.25 Lac,"Heaven Habitat, Faisalabad",Faisalabad,OLX
https://www.olx.com.pk/item/ideal-location-canal-road-madina-town-faisalabad-specification-about-house-12-marla-double-story-new-house-for-rent-iid-1118326283,House,For Rent,"2,700 SQFT",6,6,2 weeks ago,Rs 2.10 Lac,"Canal Road, Faisalabad",Faisalabad,OLX
https://www.olx.com.pk/item/house-for-rent-12-marla-double-storey-canal-road-faisalabad-iid-1118326272,House,For Rent,12 Marla,,6,2 weeks ago,Rs 2.10 Lac,"Canal Road, Faisalabad",Faisalabad,OLX
https://www.olx.com.pk/item/16-marla-double-storey-building-house-for-rent-canal-road-faisalabad-iid-1118326255,House,For Rent,16 Marla,6,6,2 weeks ago,Rs 1.10 Lac,"Canal Road, Faisalabad",Faisalabad,OLX
https://www.olx.com.pk/item/10-kanal-bungalow-for-rent-canal-road-near-kashmir-pul-faisalabad-iid-1118326243,Other,For Rent,10 Kanal,6,6,2 weeks ago,Rs 12 Lacs,"Canal Road, Faisalabad",Faisalabad,OLX
https://www.olx.com.pk/item/peoples-colony-no-1-30-marla-house-for-rent-vip-location-easy-approach-to-d-ground-satiana-road-jarawala-road-faisalabad-iid-1118326233,House,For Rent,30 Marla,4,6,2 weeks ago,Rs 3.50 Lac,"Peoples Colony No 1, Faisalabad",Faisalabad,OLX
https://www.olx.com.pk/item/ideal-location-50-marla-commercial-building-commercial-for-rent-daewoo-road-main-location-faisalabad-iid-1118326221,Building,For Rent,50 Marla,,6,2 weeks ago,Rs 5.50 Lac,"Daewoo Road, Faisalabad",Faisalabad,OLX
https://www.olx.com.pk/item/22-marla-1st-floor-hall-for-rent-d-ground-near-chenone-road-peoples-colony-faisalabad-iid-1118326216,Other,For Rent,22 Marla,,6,2 weeks ago,Rs 4 Lac,"D Ground, Faisalabad",Faisalabad,OLX
https://www.olx.com.pk/item/ideal-location-13-marla-double-storey-commercial-house-for-near-treat-bakery-main-canal-road-faisalabad-iid-1118326205,House,For Rent,13 Marla,6,6,2 weeks ago,Rs 2.20 Lac,"Canal Road, Faisalabad",Faisalabad,OLX
https://www.olx.com.pk/item/22-marla-hall-6000-sq-ft-second-floor-for-rent-near-mujahid-hospital-susan-road-madina-town-faisalabad-vip-location-iid-1118326191,Other,For Rent,22 Marla,,2,2 weeks ago,"Rs 80,000","Madina Town, Faisalabad",Faisalabad,OLX
https://www.olx.com.pk/item/canal-road-aamir-town-canal-road-faisalabad-25-marla-kothi-bangla-for-rent-iid-1118326186,Other,For Rent,25 Marla,,6,2 weeks ago,Rs 2.20 Lac,"Amir Town, Faisalabad",Faisalabad,OLX
https://www.olx.com.pk/item/5-kanal-commercial-house-for-rent-in-zia-town-faisalabad-iid-1118326177,House,For Rent,5 Kanal,6,6,2 weeks ago,Rs 7 Lac,"Zia Town, Faisalabad",Faisalabad,OLX
https://www.olx.com.pk/item/vip-fully-furnished-apartment-available-for-rent-main-susan-road-madina-town-faisalabad-iid-1118326165,Apartment,For Rent,"1,125 SQFT",3,3,2 weeks ago,Rs 1.50 Lac,"Susan Road, Faisalabad",Faisalabad,OLX
https://www.olx.com.pk/item/for-rent-ideal-location-12-marla-double-storey-commercial-house-iid-1118326159,House,For Rent,"2,700 SQFT",6,6,2 weeks ago,Rs 1.50 Lac,"Susan Road, Faisalabad",Faisalabad,OLX
https://www.olx.com.pk/item/eden-garden-society-boundary-wall-faisalabad-6-marla-brand-new-house-for-rent-iid-1118326135,House,For Rent,"1,350 SQFT",5,6,2 weeks ago,"Rs 80,000","Eden Gardens, Faisalabad",Faisalabad,OLX
https://www.olx.com.pk/item/8-kanal-factory-for-rent-main-jaranwala-road-faisalabad-iid-1118326107,Factory,For Rent,"36,000 SQFT",,7,2 weeks ago,Rs 8 Lac,"Jaranwala Road, Faisalabad",Faisalabad,OLX
https://www.olx.com.pk/item/staiana-road-batala-colony-faisalabad-3-kanal-house-fully-furnished-for-rent-iid-1118326093,House,For Rent,"13,500 SQFT",6,7,2 weeks ago,Rs 8 Lac,"Batala Colony, Faisalabad",Faisalabad,OLX
https://www.olx.com.pk/item/commercial-plaza-for-rent-susan-road-madina-town-chanab-market-faisalabad-iid-1118326088,Other,For Rent,"1,125 SQFT",,6,2 weeks ago,Rs 21 Lacs,"Susan Road, Faisalabad",Faisalabad,OLX
https://www.olx.com.pk/item/7-marla-triple-storey-commercial-building-for-rent-main-satiana-road-near-fish-farm-faisalabad-iid-1118326082,Building,For Rent,"1,575 SQFT",,7,2 weeks ago,Rs 2.50 Lac,"Satiana Road, Faisalabad",Faisalabad,OLX
https://www.olx.com.pk/item/satiana-road-main-location-nadeem-mcdonald-hotel-faisalabad-iid-1118326076,Other,For Rent,"18,000 SQFT",6,7,2 weeks ago,Rs 6 Lac,"Batala Colony, Faisalabad",Faisalabad,OLX
https://www.olx.com.pk/item/hall-first-floor-10-marla-30-100-for-rent-main-susan-road-madina-town-faisalabad-vip-location-iid-1118326054,Other,For Rent,"2,250 SQFT",,1,2 weeks ago,Rs 1.80 Lac,"Susan Road, Faisalabad",Faisalabad,OLX
https://www.olx.com.pk/item/10-marla-brand-new-double-storey-house-for-rent-in-saeed-colony-new-garden-block-faisalabad-iid-1118326045,House,For Rent,10 Marla,5,7,2 weeks ago,Rs 1 Lac,"Saeed Colony - New Garden Block, Faisalabad",Faisalabad,OLX
https://www.olx.com.pk/item/khyaban-colony-no-2-imran-road-canal-road-vip-location-easy-to-approach-13-marla-double-storey-house-for-rent-iid-1118326041,House,For Rent,"2,925 SQFT",5,6,2 weeks ago,Rs 1 Lac,"Khayaban Colony 2, Faisalabad",Faisalabad,OLX
https://www.olx.com.pk/item/house-for-rent-iid-1118317474,House,For Rent,,,,2 weeks ago,"Rs 15,000","Gulshan-e-Subhan, Faisalabad",Faisalabad,OLX
https://www.olx.com.pk/item/house-for-rent-madina-town-03211777676-iid-1118317134,House,For Rent,5 SQFT,6,3,2 weeks ago,"Rs 60,000","Madina Town, Faisalabad",Faisalabad,OLX
https://www.olx.com.pk/item/house-for-for-rent-madina-town-03211777676-madina-town-iid-1118296378,House,For Rent,5 SQFT,4,3,2 weeks ago,"Rs 70,000","Madina Town, Faisalabad",Faisalabad,OLX
https://www.olx.com.pk/item/4-marla-lower-portion-in-raza-town-canal-road-faisalabad-iid-1117833899,Lower Portion,For Rent,4 Marla,2,2,2 weeks ago,"Rs 40,000","Raza Town, Faisalabad",Faisalabad,OLX
https://www.olx.com.pk/item/10-marla-upper-portion-in-zia-town-canal-road-faisalabad-iid-1117833868,Upper Portion,For Rent,10 Marla,2,2,2 weeks ago,"Rs 40,000","Zia Town, Faisalabad",Faisalabad,OLX
https://www.olx.com.pk/item/20-marla-upper-portion-in-raza-town-canal-road-faisalabad-iid-1117834997,Upper Portion,For Rent,20 Marla,3,3,2 weeks ago,"Rs 50,000","Raza Town, Faisalabad",Faisalabad,OLX
https://www.olx.com.pk/item/11-marla-like-brand-new-double-storey-house-available-for-rent-in-eden-orchard-lasani-pulli-sargodha-road-iid-1118288786,House,For Rent,11 Marla,6,6,2 weeks ago,Rs 1.60 Lac,"Eden Orchard, Faisalabad",Faisalabad,OLX
https://www.olx.com.pk/item/42-marla-double-storey-house-available-university-town-sargodha-road-faisalabad-iid-1118288763,House,For Rent,945 SQFT,4,4,2 weeks ago,"Rs 55,000","University Town, Faisalabad",Faisalabad,OLX
https://www.olx.com.pk/item/2-canal-house-for-rent-officers-colony-near-canal-road-iid-1118053642,House,For Rent,40 Marla,5,7,2 weeks ago,Rs 3.25 Lac,"Officers Colony No 1, Faisalabad",Faisalabad,OLX
https://www.olx.com.pk/item/21-marla-upper-portion-up-for-rent-in-eden-executive-iid-1118242851,Upper Portion,For Rent,21 Marla,Studio,1,2 weeks ago,Rs 1 Lac,"Eden Executive, Faisalabad",Faisalabad,OLX
https://www.olx.com.pk/item/12-marla-double-storey-office-building-for-rent-susan-road-madina-town-faisalabad-iid-1118240358,Office,For Rent,12 Marla,,1,2 weeks ago,Rs 1.20 Lac,"Susan Road, Faisalabad",Faisalabad,OLX
https://www.olx.com.pk/item/building-for-rent-main-location-officer-colony-no-2-madina-town-faisalabad-iid-1118240349,Office,For Rent,20 Marla,,6,2 weeks ago,Rs 1.50 Lac,"Officers Colony 2, Faisalabad",Faisalabad,OLX
https://www.olx.com.pk/item/eden-executive-society-boundary-wall-canal-road-faisalabad-8-marla-double-storey-house-for-rent-iid-1118240344,House,For Rent,8 Marla,5,6,2 weeks ago,"Rs 85,000","Eden Executive, Faisalabad",Faisalabad,OLX
https://www.olx.com.pk/item/12-marla-double-storey-new-house-for-susan-road-madina-town-faisalabad-iid-1118240338,House,For Rent,12 Marla,5,6,2 weeks ago,Rs 1.20 Lac,"Susan Road, Faisalabad",Faisalabad,OLX
https://www.olx.com.pk/item/fully-furnished-new-house-for-rent-model-city-royal-villas-lawyer-canal-road-faisalabad-iid-1118240330,House,For Rent,12 Marla,5,6,2 weeks ago,Rs 3 Lac,"Model City Royal Villas, Faisalabad",Faisalabad,OLX
https://www.olx.com.pk/item/8-marla-brand-new-house-for-rent-model-city-1-canal-road-faisalabad-iid-1118240315,House,For Rent,8 Marla,4,5,2 weeks ago,Rs 1.20 Lac,"Model City 1, Faisalabad",Faisalabad,OLX
https://www.olx.com.pk/item/saeed-colony-canal-road-faisalabad-society-boundary-wall-40-marla-upper-portion-for-rent-gate-garage-separate-iid-1118240311,Upper Portion,For Rent,40 Marla,3,4,2 weeks ago,Rs 1.14 Lac,"Saeed Colony, Faisalabad",Faisalabad,OLX
https://www.olx.com.pk/item/fully-furnished-office-for-rent-vip-fully-furnished-brand-new-office-for-rent-peoples-colony-near-d-ground-faisalabad-iid-1118240297,Office,For Rent,"1,000 SQFT",4,4,2 weeks ago,Rs 1.50 Lac,"D Ground, Faisalabad",Faisalabad,OLX
https://www.olx.com.pk/item/building-45000-square-feet-for-rent-in-canal-road-iid-1118240288,Building,For Rent,"45,000 SQFT",,6,2 weeks ago,Rs 12 Lacs,"Canal Road, Faisalabad",Faisalabad,OLX
https://www.olx.com.pk/item/house-property-available-for-rent-madina-town-faisalabad-iid-1118240282,House,For Rent,"1,300 SQFT",1,1,2 weeks ago,"Rs 80,000","Susan Road, Faisalabad",Faisalabad,OLX
https://www.olx.com.pk/item/property-available-for-rent-iid-1118240272,Other,For Rent,12 Marla,,6,2 weeks ago,Rs 2.20 Lac,"Canal Road, Faisalabad",Faisalabad,OLX
https://www.olx.com.pk/item/5-marla-second-floor-big-hall-for-rent-main-susan-road-chanab-market-madina-town-faisalabad-iid-1118240266,Other,For Rent,"1,125 SQFT",,1,2 weeks ago,"Rs 60,000","Susan Road, Faisalabad",Faisalabad,OLX
https://www.olx.com.pk/item/eden-valley-society-boundary-wall-canal-road-faisalabad-12-marla-brand-new-luxury-house-for-rent-iid-1118240234,House,For Rent,12 Marla,5,6,2 weeks ago,Rs 2 Lac,"Eden Valley, Faisalabad",Faisalabad,OLX
https://www.olx.com.pk/item/7-marla-vip-fully-furnished-brand-new-house-for-rent-model-city-1-society-area-boundary-wall-canal-road-faisalabad-iid-1118240224,House,For Rent,8 Marla,5,6,2 weeks ago,Rs 2 Lac,"Model City 1, Faisalabad",Faisalabad,OLX
https://www.olx.com.pk/item/fully-furnished-luxury-house-for-rent-in-batala-colony-d-ground-satiyana-road-faisalabad-iid-1118240157,House,For Rent,20 Marla,5,6,2 weeks ago,Rs 3 Lac,"Batala Colony, Faisalabad",Faisalabad,OLX
https://www.olx.com.pk/item/saeed-colony-no-2-society-boundary-wall-canal-road-faisalabad-16-marla-double-store-house-for-rent-iid-1118240148,House,For Rent,16 Marla,3,5,2 weeks ago,Rs 1 Lac,"Saeed Colony, Faisalabad",Faisalabad,OLX
https://www.olx.com.pk/item/plaza-for-rent-located-at-susan-road-near-faizan-e-madina-chowk-faisalabad-iid-1118240061,Other,For Rent,3 Marla,,5,2 weeks ago,Rs 1 Lac,"Susan Road, Faisalabad",Faisalabad,OLX
https://www.olx.com.pk/item/10-marla-double-storey-house-for-rent-khayaban-colony-no-1-madina-town-faisalabad-iid-1118240001,House,For Rent,10 Marla,5,6,2 weeks ago,Rs 1.50 Lac,"Madina Town, Faisalabad",Faisalabad,OLX
https://www.olx.com.pk/item/building-for-rent-civiline-near-iqbal-stadium-faisalabad-iid-1118239991,Building,For Rent,3 Kanal,,6,2 weeks ago,Rs 5 Lac,"Civil Lines, Faisalabad",Faisalabad,OLX
https://www.olx.com.pk/item/fully-furnished-with-all-furniture-house-available-for-rent-eden-valley-society-canal-road-faisalabad-iid-1118239932,House,For Rent,7 Marla,4,5,2 weeks ago,Rs 2.29 Lac,"Eden Valley, Faisalabad",Faisalabad,OLX
https://www.olx.com.pk/item/fully-furnished-with-furniture-luxury-house-for-rent-eden-valley-society-area-boundary-wall-canal-road-faisalabad-iid-1118239898,House,For Rent,7 Marla,4,5,2 weeks ago,Rs 2.29 Lac,"Eden Valley, Faisalabad",Faisalabad,OLX
https://www.olx.com.pk/item/fully-furnished-luxury-house-for-rent-5-marla-double-story-lalpur-avenue-society-jadawala-road-faisalabad-iid-1118239885,House,For Rent,5 Marla,4,5,2 weeks ago,Rs 1.90 Lac,"Lyallpur Avenue, Faisalabad",Faisalabad,OLX
https://www.olx.com.pk/item/for-rent-iid-1118224032,Other,For Rent,3 Marla,2,2,2 weeks ago,"Rs 20,000","Jhang Road, Faisalabad",Faisalabad,OLX
https://www.olx.com.pk/item/a-office-of-300-square-feet-in-kohinoor-city-iid-1117713925,Office,For Rent,300 SQFT,,1,2 weeks ago,"Rs 25,000","Kohinoor City, Faisalabad",Faisalabad,OLX
https://www.olx.com.pk/item/upper-portion-available-for-small-family-iid-1118169254,Upper Portion,For Rent,6 Marla,1,1,2 weeks ago,"Rs 18,000","Sitara Valley, Faisalabad",Faisalabad,OLX
https://www.olx.com.pk/item/beautiful-portions-available-for-rent-iid-1118169201,Other,For Rent,8 Marla,4,3,2 weeks ago,"Rs 45,000","Sitara Valley, Faisalabad",Faisalabad,OLX
https://www.olx.com.pk/item/lower-portion-available-for-rent-iid-1118169200,Lower Portion,For Rent,11 Marla,3,3,2 weeks ago,"Rs 55,000","Sitara Valley, Faisalabad",Faisalabad,OLX
https://www.olx.com.pk/item/10-marla-hall-rent-py-available-iid-1118163311,Other,For Rent,10 Marla,,1,2 weeks ago,"Rs 75,000","Jaranwala Road, Faisalabad",Faisalabad,OLX
https://www.olx.com.pk/item/3marla-house-available-for-rent-iid-1118153486,House,For Rent,3 Marla,3,4,2 weeks ago,"Rs 50,000","Ghalib City, Faisalabad",Faisalabad,OLX
https://www.olx.com.pk/item/5-marla-house-available-for-rent-iid-1118153348,House,For Rent,5 Marla,3,4,2 weeks ago,"Rs 80,000","Eden Garden - Block D, Faisalabad",Faisalabad,OLX
https://www.olx.com.pk/item/5-marla-house-available-for-rent-iid-1118153066,House,For Rent,5 Marla,3,4,2 weeks ago,"Rs 80,000","Eden Villas, Faisalabad",Faisalabad,OLX
https://www.olx.com.pk/item/7marla-house-available-for-rent-iid-1118152759,House,For Rent,7 Marla,4,5,2 weeks ago,Rs 1.20 Lac,"Eden Executive, Faisalabad",Faisalabad,OLX
https://www.olx.com.pk/item/furnished-apartment-available-for-rent-iid-1118149963,Apartment,For Rent,325 SQFT,1,1,2 weeks ago,"Rs 22,500","Kohinoor City, Faisalabad",Faisalabad,OLX
https://www.olx.com.pk/item/semi-furnished-office-for-rent-kohinoor-one-plaza-faisalabad-iid-1118149466,Office,For Rent,340 SQFT,,1,2 weeks ago,"Rs 24,500","Kohinoor City, Faisalabad",Faisalabad,OLX
https://www.olx.com.pk/item/centrally-located-office-in-chen-one-road-is-available-for-rent-iid-1118141248,Office,For Rent,"2,000 SQFT",,1,2 weeks ago,Rs 2 Lac,"Chen One Road, Faisalabad",Faisalabad,OLX
https://www.olx.com.pk/item/ideal-shop-for-rent-for-at-link-canal-road-clinic-ice-bar-fast-food-point-mart-cafe-companies-pharmacy-iid-1118140794,Shop,For Rent,3 Marla,,1,2 weeks ago,Rs 1 Lac,"Canal Road, Faisalabad",Faisalabad,OLX
https://www.olx.com.pk/item/ideal-ready-600-sq-ft-office-for-rent-at-kohinoor-city-jarranwala-road-faisalabad-iid-1118140740,Office,For Rent,600 SQFT,,1,2 weeks ago,"Rs 49,000","Kohinoor City, Faisalabad",Faisalabad,OLX
https://www.olx.com.pk/item/ideal-325sqft-semi-furnished-office-for-rent-at-kohinoor-city-jaranwala-road-faisalabad-iid-1118140642,Office,For Rent,325 SQFT,,1,2 weeks ago,"Rs 22,000","Kohinoor City, Faisalabad",Faisalabad,OLX
https://www.olx.com.pk/item/ideal-shop-for-rent-for-fast-food-garments-shoes-brand-pharmacy-at-jhangh-road-faisalabad-iid-1118140600,Shop,For Rent,300 SQFT,,1,2 weeks ago,"Rs 75,000","Jhang Road, Faisalabad",Faisalabad,OLX
https://www.olx.com.pk/item/office-for-rent-ready-to-use-at-canal-road-faisalabad-iid-1118140458,Office,For Rent,650 SQFT,,1,2 weeks ago,"Rs 80,000","Canal Road, Faisalabad",Faisalabad,OLX
https://www.olx.com.pk/item/ideal-1000sqft-office-for-rent-at-sataina-road-faisalabad-iid-1118140342,Office,For Rent,"1,000 SQFT",,1,2 weeks ago,"Rs 90,000","Satiana Road, Faisalabad",Faisalabad,OLX
https://www.olx.com.pk/item/offices-available-for-rent-at-jhang-road-faisalabad-best-for-national-multinational-companies-iid-1118140300,Office,For Rent,300 SQFT,,1,2 weeks ago,"Rs 40,000","Jhang Road, Faisalabad",Faisalabad,OLX
https://www.olx.com.pk/item/upper-portion-available-for-rent-separate-entrance-brand-new-house-iid-1118124214,Upper Portion,For Rent,2.5 Marla,2,2,2 weeks ago,"Rs 24,000","Yousafabad, Faisalabad",Faisalabad,OLX
https://www.olx.com.pk/item/15-marla-house-available-for-rent-iid-1118132242,House,For Rent,15 Marla,5,6,2 weeks ago,Rs 2 Lac,"Wapda City, Faisalabad",Faisalabad,OLX
https://www.olx.com.pk/item/m-block-10-marla-lower-portion-available-for-rent-iid-1117803156,Lower Portion,For Rent,10 Marla,2,2,2 weeks ago,"Rs 65,000","Wapda City, Faisalabad",Faisalabad,OLX
https://www.olx.com.pk/item/10-marla-new-house-available-for-rent-iid-1118130522,House,For Rent,10 Marla,5,6,2 weeks ago,Rs 1.55 Lac,"Wapda City, Faisalabad",Faisalabad,OLX
https://www.olx.com.pk/item/girls-and-boys-hostel-iid-1118110532,Other,For Rent,,,,2 weeks ago,"Rs 5,000","Jinnah Colony, Faisalabad",Faisalabad,OLX
https://www.olx.com.pk/item/upper-porshion-for-rent-iid-1118089837,Other,For Rent,4 Marla,2,1,2 weeks ago,"Rs 23,000","Peoples Colony - Block D, Faisalabad",Faisalabad,OLX
https://www.olx.com.pk/item/per-head-rooms-for-students-and-working-boys-iid-1115640885,Room,For Rent,,,,2 weeks ago,"Rs 5,500","Rex City, Faisalabad",Faisalabad,OLX
https://www.olx.com.pk/item/shop-avaialable-for-rent-iid-1118065914,Shop,For Rent,156 SQFT,,1,2 weeks ago,"Rs 25,000","Officers Colony No 1, Faisalabad",Faisalabad,OLX
https://www.olx.com.pk/item/12-marla-house-avialable-for-rent-iid-1118065695,House,For Rent,12 Marla,2,2,2 weeks ago,"Rs 50,000","Khayaban Colony 2, Faisalabad",Faisalabad,OLX
https://www.olx.com.pk/item/7-marla-llower-portion-available-for-rent-iid-1118065597,Lower Portion,For Rent,7 Marla,3,4,2 weeks ago,"Rs 45,000","Madina Town, Faisalabad",Faisalabad,OLX
https://www.olx.com.pk/item/10-marla-house-for-rent-iid-1118065454,House,For Rent,10 Marla,3,4,2 weeks ago,Rs 1 Lac,"Madina Town, Faisalabad",Faisalabad,OLX
https://www.olx.com.pk/item/16-marla-house-available-for-rent-iid-1118065248,House,For Rent,16 Marla,5,5,2 weeks ago,Rs 1.10 Lac,"Madina Town, Faisalabad",Faisalabad,OLX
https://www.olx.com.pk/item/10-marla-portion-available-for-rent-iid-1118065103,Other,For Rent,10 Marla,3,4,2 weeks ago,"Rs 45,000","Madina Town, Faisalabad",Faisalabad,OLX
https://www.olx.com.pk/item/6-marla-lower-portion-available-for-rent-iid-1118064983,Lower Portion,For Rent,6 Marla,Studio,1,2 weeks ago,"Rs 40,000","Saeed Colony, Faisalabad",Faisalabad,OLX
https://www.olx.com.pk/item/7-marla-house-portion-available-for-rent-iid-1118064817,House,For Rent,7 Marla,3,4,2 weeks ago,"Rs 40,000","Madina Town, Faisalabad",Faisalabad,OLX
https://www.olx.com.pk/item/10-marla-house-available-for-rent-iid-1118064573,House,For Rent,10 Marla,3,4,2 weeks ago,"Rs 90,000","Madina Town, Faisalabad",Faisalabad,OLX
https://www.olx.com.pk/item/6-marla-house-available-for-rent-iid-1118064444,House,For Rent,6 Marla,4,4,2 weeks ago,"Rs 75,000","Madina Town, Faisalabad",Faisalabad,OLX
https://www.olx.com.pk/item/1-kanal-house-available-for-rent-iid-1118064371,House,For Rent,1 Kanal,4,4,2 weeks ago,"Rs 50,000","Madina Town, Faisalabad",Faisalabad,OLX
https://www.olx.com.pk/item/2-kanal-house-available-for-rent-iid-1118064124,House,For Rent,2 Kanal,4,4,2 weeks ago,Rs 3 Lac,"Officers Colony No 1, Faisalabad",Faisalabad,OLX
https://www.olx.com.pk/item/foxx-boys-hostel-iid-1117503486,Other,For Rent,,,,3 weeks ago,"Rs 5,000","Jinnah Colony, Faisalabad",Faisalabad,OLX
https://www.olx.com.pk/item/30-marly-for-rent-iid-1117986285,Other,For Rent,30 Marla,6,7,3 weeks ago,Rs 4 Lac,"Madina Town, Faisalabad",Faisalabad,OLX
https://www.olx.com.pk/item/house-for-rent-at-jhang-road-gulfishan-colony-iid-1117967720,House,For Rent,4 Marla,6,4,3 weeks ago,"Rs 50,000","Jhang Road, Faisalabad",Faisalabad,OLX
https://www.olx.com.pk/item/13-marla-house-available-for-rent-in-abdullah-gardens-canal-road-faisalabad-iid-1118013371,House,For Rent,13 Marla,5,7,3 weeks ago,Rs 2.90 Lac,"Abdullah Garden, Faisalabad",Faisalabad,OLX
https://www.olx.com.pk/item/commercial-building-available-for-rent-in-green-avenue-1-canal-road-faisalabad-iid-1118013300,Building,For Rent,2 Marla,,3,3 weeks ago,Rs 2.50 Lac,"Green Avenue Commercial, Faisalabad",Faisalabad,OLX
https://www.olx.com.pk/item/reserve-a-centrally-located-office-in-kohinoor-city-iid-1118013278,Office,For Rent,850 SQFT,,1,3 weeks ago,"Rs 90,000","Kohinoor City, Faisalabad",Faisalabad,OLX
https://www.olx.com.pk/item/1st-floor-commercial-apartment-ghalib-city-society-iid-1118010262,Apartment,For Rent,3 Marla,1,1,3 weeks ago,"Rs 31,000","Hajra Tower, Faisalabad",Faisalabad,OLX
https://www.olx.com.pk/item/5-marla-house-for-rent-in-eden-orchard-iid-1117883401,House,For Rent,5 Marla,3,4,3 weeks ago,"Rs 85,000","Eden Orchard, Faisalabad",Faisalabad,OLX
https://www.olx.com.pk/item/55-marla-house-available-for-rent-iid-1117990935,House,For Rent,5 Marla,4,5,3 weeks ago,Rs 1 Lac,"Model City 1, Faisalabad",Faisalabad,OLX
https://www.olx.com.pk/item/5-marla-house-available-for-rent-iid-1117990755,House,For Rent,5 Marla,3,4,3 weeks ago,"Rs 80,000","Chak 208 Road, Faisalabad",Faisalabad,OLX
https://www.olx.com.pk/item/4marla-upper-portion-available-for-rent-at-jhang-road-iid-1117589744,Upper Portion,For Rent,4 Marla,3,2,3 weeks ago,"Rs 30,000","Jhang Road, Faisalabad",Faisalabad,OLX
https://www.olx.com.pk/item/ideal-400-sqft-office-for-rent-at-susan-road-faisalabad-best-for-softwarehouseit-call-center-iid-1117980740,House,For Rent,800 SQFT,,1,3 weeks ago,"Rs 45,000","Susan Road, Faisalabad",Faisalabad,OLX
https://www.olx.com.pk/item/warehouse-available-for-rent-iid-1117975769,House,For Rent,20 Kanal,,1,3 weeks ago,Rs 8.50 Lac,"Sargodha Road, Faisalabad",Faisalabad,OLX
https://www.olx.com.pk/item/factory-available-for-rent-iid-1117975766,Factory,For Rent,2 Kanal,,1,3 weeks ago,Rs 2.75 Lac,"Chak 208 Road, Faisalabad",Faisalabad,OLX
https://www.olx.com.pk/item/factory-available-for-rent-buy-your-ideal-9000-square-feet-factory-in-a-prime-location-of-millat-road-iid-1117975761,Factory,For Rent,40 Marla,,1,3 weeks ago,Rs 2.50 Lac,"Millat Road, Faisalabad",Faisalabad,OLX
https://www.olx.com.pk/item/reserve-a-factory-of-90000-square-feet-now-in-jaranwala-road-iid-1117975749,Factory,For Rent,"90,000 SQFT",,1,3 weeks ago,Rs 15 Lacs,"Jaranwala Road, Faisalabad",Faisalabad,OLX
https://www.olx.com.pk/item/house-for-rent-03096652300-iid-1117964152,House,For Rent,6 Marla,6,1,3 weeks ago,"Rs 70,000","Satiana Road, Faisalabad",Faisalabad,OLX
https://www.olx.com.pk/item/20-marla-fully-furnished-house-available-for-rent-kanal-furnished-house-iid-1117959950,House,For Rent,20 Marla,5,6,3 weeks ago,Rs 5 Lac,"City Housing Society - Phase 2, Faisalabad",Faisalabad,OLX
https://www.olx.com.pk/item/1st-floor-commercial-apartment-for-rent-in-ghalib-city-society-iid-1117945866,Apartment,For Rent,3 Marla,1,1,3 weeks ago,"Rs 32,000","Hajra Tower, Faisalabad",Faisalabad,OLX
https://www.olx.com.pk/item/madinatown-furnished-room-for-rent-03018660465-iid-1117936402,Room,For Rent,,,,3 weeks ago,"Rs 25,000","Madina Town, Faisalabad",Faisalabad,OLX
https://www.olx.com.pk/item/herbal-medicine-laboratory-for-rent-lease-faisalaba-form-6-approve-iid-1117889429,Other,For Rent,80 Marla,,3,3 weeks ago,"Rs 11,333","Faisalabad Square, Faisalabad",Faisalabad,OLX
https://www.olx.com.pk/item/madinatown-y-block-furnished-2-rooms-for-rent-03018660465-iid-1117906878,Room,For Rent,,,,3 weeks ago,"Rs 50,000","Madina Town, Faisalabad",Faisalabad,OLX
https://www.olx.com.pk/item/canal-road-link-edan-vally-7-marla-tripple-story-house-for-rent-03018660465-iid-1117892429,House,For Rent,7 Marla,6,7,3 weeks ago,Rs 1.75 Lac,"Eden Valley - Block D, Faisalabad",Faisalabad,OLX
https://www.olx.com.pk/item/prime-location-house-20-marla-for-rent-in-madina-town-iid-1117868997,House,For Rent,20 Marla,5,5,3 weeks ago,Rs 3 Lac,"Madina Town, Faisalabad",Faisalabad,OLX
https://www.olx.com.pk/item/get-in-touch-now-to-buy-a-prime-location-house-in-faisalabad-iid-1117868961,House,For Rent,20 Marla,Studio,1,3 weeks ago,Rs 5 Lac,"Abdullah Gardens, Faisalabad",Faisalabad,OLX
https://www.olx.com.pk/item/prime-location-20-marla-lower-portion-for-rent-in-khayaban-colony-iid-1117868111,Lower Portion,For Rent,20 Marla,Studio,1,3 weeks ago,"Rs 75,000","Khayaban Colony, Faisalabad",Faisalabad,OLX
https://www.olx.com.pk/item/buy-a-prime-location-10-marla-house-for-rent-in-khayaban-colony-iid-1117868109,House,For Rent,10 Marla,Studio,1,3 weeks ago,Rs 1.10 Lac,"Khayaban Colony, Faisalabad",Faisalabad,OLX
https://www.olx.com.pk/item/beautifully-constructed-prime-location-lower-portion-is-available-for-rent-in-amin-town-iid-1117868108,Lower Portion,For Rent,20 Marla,3,3,3 weeks ago,Rs 1.50 Lac,"Amin Town, Faisalabad",Faisalabad,OLX
https://www.olx.com.pk/item/prime-location-ideal-house-for-rent-in-makkah-garden-iid-1117868107,House,For Rent,5 Marla,Studio,1,3 weeks ago,"Rs 50,000","Makkah Garden, Faisalabad",Faisalabad,OLX
https://www.olx.com.pk/item/prominently-located-prime-location-10-marla-house-available-in-kohinoor-city-iid-1117868105,House,For Rent,10 Marla,Studio,1,3 weeks ago,Rs 3 Lac,"Kohinoor City, Faisalabad",Faisalabad,OLX
https://www.olx.com.pk/item/shop-for-rent-at-jaranwala-road-best-for-garments-boutique-iid-1117863699,Shop,For Rent,325 SQFT,,1,3 weeks ago,"Rs 30,000","Jaranwala Road, Faisalabad",Faisalabad,OLX
https://www.olx.com.pk/item/shop-for-rent-for-pharmecy-clinic-store-mart-tailor-office-at-main-jhangh-road-iid-1117863694,Office,For Rent,300 SQFT,,1,3 weeks ago,"Rs 75,000","Jhang Road, Faisalabad",Faisalabad,OLX
https://www.olx.com.pk/item/ideal-shop-for-rent-for-pharmacy-mobile-center-brand-outlets-at-main-link-susan-road-faisalabad-iid-1117863664,Shop,For Rent,550 SQFT,,1,3 weeks ago,Rs 1.10 Lac,"Susan Road, Faisalabad",Faisalabad,OLX
https://www.olx.com.pk/item/ideal-600-sqft-furnished-or-semi-furnished-offices-available-for-rent-at-faisalabad-punjab-iid-1117863400,Office,For Rent,600 SQFT,,1,3 weeks ago,"Rs 60,000","Jaranwala Road, Faisalabad",Faisalabad,OLX
https://www.olx.com.pk/item/ideal-furnished-semi-furnished-offices-for-rent-at-faisalabad-iid-1117863388,Office,For Rent,500 SQFT,,1,3 weeks ago,"Rs 35,000","Kohinoor City, Faisalabad",Faisalabad,OLX
https://www.olx.com.pk/item/ideal-1350-sq-feet-office-for-rent-at-near-d-ground-faisalabad-for-national-multinational-companies-iid-1117863376,Office,For Rent,"1,350 SQFT",,1,3 weeks ago,"Rs 70,000","D Ground, Faisalabad",Faisalabad,OLX
https://www.olx.com.pk/item/ideal-ready-600-sq-ft-office-for-rent-at-kohinoor-city-jarranwala-road-faisalabad-iid-1117863365,Office,For Rent,600 SQFT,,1,3 weeks ago,"Rs 49,000","Kohinoor City, Faisalabad",Faisalabad,OLX
https://www.olx.com.pk/item/ideal-2500sqft-office-for-rent-at-civil-lines-faisalabad-iid-1117863349,Office,For Rent,"2,500 SQFT",,1,3 weeks ago,Rs 1.45 Lac,"Civil Lines, Faisalabad",Faisalabad,OLX
https://www.olx.com.pk/item/ideal-500-sq-ft-office-for-rent-at-d-ground-faisalabad-iid-1117863337,Office,For Rent,500 SQFT,,1,3 weeks ago,"Rs 45,000","D Ground, Faisalabad",Faisalabad,OLX
https://www.olx.com.pk/item/idea-1000-sqft-ready-to-use-office-for-rent-near-susan-road-faisalabad-iid-1117863330,Office,For Rent,"1,000 SQFT",,1,3 weeks ago,"Rs 40,000","Susan Road, Faisalabad",Faisalabad,OLX
https://www.olx.com.pk/item/ideal-furnished-semi-furnished-offices-for-rent-in-faisalabad-city-iid-1117863303,Office,For Rent,250 SQFT,,1,3 weeks ago,"Rs 14,000","Kohinoor City, Faisalabad",Faisalabad,OLX
https://www.olx.com.pk/item/ali-girls-hostel-iid-1111670142,Other,For Rent,,,,3 weeks ago,"Rs 9,000","D Ground, Faisalabad",Faisalabad,OLX
https://www.olx.com.pk/item/affordable-upper-portion-of-5-marla-is-available-for-rent-iid-1117779245,Upper Portion,For Rent,5 Marla,Studio,1,4 weeks ago,"Rs 35,000","Eden Garden - Block C, Faisalabad",Faisalabad,OLX
https://www.olx.com.pk/item/building-for-rent-iid-1117770039,Building,For Rent,10 Marla,,1,4 weeks ago,Rs 8 Lac,"East Canal Road, Faisalabad",Faisalabad,OLX
https://www.olx.com.pk/item/full-furnished-beutiful-home-for-rent-iid-1117767823,Other,For Rent,5 Marla,4,5,4 weeks ago,Rs 1.40 Lac,"Executive Block, Faisalabad",Faisalabad,OLX
https://www.olx.com.pk/item/ground-floor-for-rent-iid-1117689064,Other,For Rent,5 Marla,3,2,4 weeks ago,"Rs 45,000","Al Najaf Colony, Faisalabad",Faisalabad,OLX
https://www.olx.com.pk/item/full-furnished-officers-rooms-available-for-rent-iid-1112883514,Room,For Rent,,,,4 weeks ago,"Rs 35,000","Makkah Commercial Centre, Faisalabad",Faisalabad,OLX
https://www.olx.com.pk/item/lower-portion-for-rent-iid-1117656238,Lower Portion,For Rent,5 Marla,3,3,4 weeks ago,"Rs 32,000","Satiana Road, Faisalabad",Faisalabad,OLX
https://www.olx.com.pk/item/10-marla-house-available-for-rent-on-canal-road-society-iid-1117650214,House,For Rent,10 Marla,5,6,4 weeks ago,Rs 2 Lac,"Canal Road, Faisalabad",Faisalabad,OLX
https://www.olx.com.pk/item/beautiful-10-marla-house-available-for-rent-in-kohinoor-city-faisalabad-iid-1117650189,House,For Rent,10 Marla,5,6,4 weeks ago,Rs 2.70 Lac,"Kohinoor City, Faisalabad",Faisalabad,OLX
https://www.olx.com.pk/item/commercial-office-space-available-for-rent-in-kohinoor-city-faisalabad-iid-1117650186,Office,For Rent,"3,500 SQFT",,2,4 weeks ago,Rs 2.50 Lac,"Kohinoor City, Faisalabad",Faisalabad,OLX
https://www.olx.com.pk/item/10-marla-house-available-for-rent-in-abdullah-gardens-canal-road-fsd-iid-1117650135,House,For Rent,20 Marla,5,5,4 weeks ago,Rs 2.60 Lac,"Abdullah Gardens, Faisalabad",Faisalabad,OLX
https://www.olx.com.pk/item/semi-furnished-office-available-for-rent-in-kohinoor-city-faisalabad-iid-1117650126,Office,For Rent,"1,200 SQFT",,1,4 weeks ago,"Rs 90,000","Kohinoor One, Faisalabad",Faisalabad,OLX
https://www.olx.com.pk/item/fully-furnished-ground-floor-ready-to-move-1000-sq-ft-office-in-kohinoor-city-faisalabad-iid-1117650120,Office,For Rent,"1,000 SQFT",,2,4 weeks ago,Rs 2.25 Lac,"Kohinoor City, Faisalabad",Faisalabad,OLX
https://www.olx.com.pk/item/ready-to-move-office-space-available-for-rent-in-kohinoor-city-faisalabad-iid-1117650103,Office,For Rent,200 SQFT,,1,4 weeks ago,"Rs 15,000","Kohinoor City, Faisalabad",Faisalabad,OLX
https://www.olx.com.pk/item/semi-furnished-office-available-for-rent-in-kohinoor-city-faisalabad-iid-1117650098,Office,For Rent,"1,200 SQFT",,1,4 weeks ago,"Rs 90,000","Kohinoor One, Faisalabad",Faisalabad,OLX
https://www.olx.com.pk/item/200-sqft-office-available-for-rent-jinnah-colony-faisalabad-iid-1117650093,Office,For Rent,200 SQFT,,1,4 weeks ago,"Rs 12,000","Jinnah Colony, Faisalabad",Faisalabad,OLX
https://www.olx.com.pk/item/furnished-office-available-for-rent-in-kohinoor-one-plaza-jaranwala-road-faisalabad-iid-1117650089,Office,For Rent,325 SQFT,,1,4 weeks ago,"Rs 28,000","Kohinoor One, Faisalabad",Faisalabad,OLX
https://www.olx.com.pk/item/fully-furnished-office-for-rent-in-kohinoor-city-faisalabad-iid-1117650084,Office,For Rent,"1,500 SQFT",,1,4 weeks ago,"Rs 95,000","Kohinoor City, Faisalabad",Faisalabad,OLX
https://www.olx.com.pk/item/whatsapp-03131706506furnishedmalefemaledailymonthlyyear-iid-1112579366,Other,For Rent,2 Kanal,4,6,4 weeks ago,"Rs 25,000","Kohinoor Town, Faisalabad",Faisalabad,OLX
https://www.olx.com.pk/item/portion-for-rent-madina-town-x-block-iid-1117616359,Other,For Rent,5 Marla,3,3,4 weeks ago,"Rs 35,000","Madina Town, Faisalabad",Faisalabad,OLX
https://www.olx.com.pk/item/upper-portion-for-rent-iid-1117616018,Upper Portion,For Rent,5 Marla,2,2,4 weeks ago,"Rs 30,000","Jaranwala Road, Faisalabad",Faisalabad,OLX
https://www.olx.com.pk/item/apartment-for-rent-iid-1117587419,Apartment,For Rent,3 Marla,2,2,4 weeks ago,"Rs 35,000","Eden Valley - Block E, Faisalabad",Faisalabad,OLX
https://www.olx.com.pk/item/brand-new-commercial-area-shop-for-rent-prime-location-ghalib-city-iid-1117586507,Shop,For Rent,245 SQFT,,1,4 weeks ago,"Rs 15,000","Hajra Tower, Faisalabad",Faisalabad,OLX
https://www.olx.com.pk/item/beautiful-office-hall-3rd-floor-available-for-rent-6-marla-1500-sq-feet-area-kohinoor-plaza-jarawanwala-road-faisalabad-vip-location-iid-1117584794,Office,For Rent,"1,500 SQFT",,1,4 weeks ago,Rs 1 Lac,"Kohinoor City, Faisalabad",Faisalabad,OLX
https://www.olx.com.pk/item/1-kanal-house-for-rent-iid-1117470034,House,For Rent,1 Kanal,5,7,4 weeks ago,Rs 3.50 Lac,"Tech Town Canal Road, Faisalabad",Faisalabad,OLX
https://www.olx.com.pk/item/dairy-farm-near-pattoki-toll-station-iid-1108228793,Other,For Rent,24 Kanal,,,2 days ago,Rs 1.75 Lac,"Multan Road, Pattoki",Faisalabad,OLX
https://www.olx.com.pk/item/5-marla-house-for-rent-new-lahore-city-near-bahria-town-lahore-iid-1118599610,House,For Rent,5 Marla,3,4,3 days ago,"Rs 75,000","New Lahore City, Lahore",Faisalabad,OLX
https://www.olx.com.pk/item/5-marla-upper-portion-for-rent-new-lahore-city-near-bahria-town-lahore-iid-1118594857,Upper Portion,For Rent,5 Marla,1,1,3 days ago,"Rs 32,000","New Lahore City, Lahore",Faisalabad,OLX
https://www.olx.com.pk/item/5-marla-upper-portion-for-rent-new-lahore-city-near-bahria-town-lahore-iid-1118594218,Upper Portion,For Rent,5 Marla,2,2,3 days ago,"Rs 32,000","New Lahore City, Lahore",Faisalabad,OLX
https://www.olx.com.pk/item/furnished-apartment-for-rent-unmarried-couple-not-allowed-iid-1118642069,Apartment,For Rent,,,,4 days ago,"Rs 3,500","Manga Mandi, Lahore",Faisalabad,OLX
https://www.olx.com.pk/item/furnished-room-with-attached-washroom-kitchen-for-familyjob-person-iid-1110633163,Room,For Rent,,,,4 days ago,"Rs 22,000","Others, Sahiwal",Faisalabad,OLX
https://www.olx.com.pk/item/5-kanal-boundary-wall-dairy-farm-available-for-rent-iid-1118579506,Other,For Rent,100 Marla,,,4 days ago,"Rs 40,000","Chak No. 136-9L, Sahiwal",Faisalabad,OLX
https://www.olx.com.pk/item/house-available-for-rent-iid-1118562071,House,For Rent,7 Marla,Studio,1,6 days ago,"Rs 80,000","Sun City, Sheikhüpura",Faisalabad,OLX
https://www.olx.com.pk/item/furnished-apartment-for-rent-unmarried-couple-not-allowed-iid-1118527275,Apartment,For Rent,550 SQFT,1,1,1 week ago,"Rs 3,500","Manga Mandi, Lahore",Faisalabad,OLX
https://www.olx.com.pk/item/5-marla-brand-new-house-available-for-rent-in-a-block-phase-2-main-60ft-road-iid-1118489972,House,For Rent,5 Marla,3,4,1 week ago,"Rs 75,000","New Lahore City, Lahore",Faisalabad,OLX
https://www.olx.com.pk/item/cattle-and-dairy-farm-for-rent-iid-1116587582,Other,For Rent,88 Kanal,,,1 week ago,"Rs 50,000","Manga Mandi, Lahore",Faisalabad,OLX
https://www.olx.com.pk/item/studio-apartment-for-rent-defence-road-mohlanwal-lahore-iid-1116943863,Apartment,For Rent,325 SQFT,1,1,2 weeks ago,"Rs 17,000","Mohlanwal, Lahore",Faisalabad,OLX
https://www.olx.com.pk/item/2-6k-land-for-warehousepetrol-pump-iid-1117824411,House,For Rent,6 Kanal,,,2 weeks ago,Rs 2 Lac,"Manga Mandi, Lahore",Faisalabad,OLX
https://www.olx.com.pk/item/ac-furnished-room-no-families-farid-town-swl-iid-1118217975,Room,For Rent,,,,2 weeks ago,"Rs 18,000","Farid Town, Sahiwal",Faisalabad,OLX
https://www.olx.com.pk/item/non-ac-room-no-families-farid-town-swl-for-rent-iid-1118217969,Room,For Rent,,,,2 weeks ago,"Rs 13,000","Farid Town, Sahiwal",Faisalabad,OLX
https://www.olx.com.pk/item/sharing-no-families-farid-town-swl-room-for-rent-iid-1118217961,Room,For Rent,,,,2 weeks ago,"Rs 6,000","Farid Town, Sahiwal",Faisalabad,OLX
https://www.olx.com.pk/item/brand-new-12-marla-house-for-rent-in-premium-homes-solar-installed-iid-1117921024,House,For Rent,12 Marla,5,6,3 weeks ago,Rs 1.50 Lac,"Premium Homes, Multan",Multan,OLX
https://www.olx.com.pk/item/book-a-prime-location-shop-of-1000-square-feet-in-dha-defence-dha-defence-iid-1118786569,Shop,For Rent,"1,000 SQFT",,1,3 hours ago,Rs 6 Lac,"DHA Defence, Multan",Multan,OLX
https://www.olx.com.pk/item/in-dha-defence-you-can-find-the-perfect-prime-location-shop-for-rent-iid-1118786568,Shop,For Rent,"1,160 SQFT",,1,3 hours ago,Rs 8 Lac,"DHA Defence, Multan",Multan,OLX
https://www.olx.com.pk/item/10-marla-plot-file-for-sale-in-dha-defence-iid-1118786423,Plot,For Rent,10 Marla,,1,3 hours ago,Rs 6 Lac,"Northern Bypass, Multan",Multan,OLX
https://www.olx.com.pk/item/2-bed-2nd-floor-flat-for-rent-buch-villas-multan-iid-1118727115,Flat,For Rent,5 Marla,2,2,9 hours ago,"Rs 47,000","Buch Executive Villas, Multan",Multan,OLX
https://www.olx.com.pk/item/1-bed-furnished-apartment-for-rent-buch-villas-multan-iid-1118727102,Apartment,For Rent,450 SQFT,1,1,9 hours ago,"Rs 87,000","Buch Executive Villas, Multan",Multan,OLX
https://www.olx.com.pk/item/1-bed-furnished-apartment-for-rent-buch-villas-multan-iid-1118152693,Apartment,For Rent,4 Marla,1,1,9 hours ago,"Rs 99,000","Buch Executive Villas, Multan",Multan,OLX
https://www.olx.com.pk/item/studio-apartment-forrent-buch-villas-iid-1118723872,Apartment,For Rent,400 SQFT,Studio,1,9 hours ago,"Rs 78,000","Buch Executive Villas, Multan",Multan,OLX
https://www.olx.com.pk/item/45-marla-studio-hall-for-rent-buch-villas-multan-iid-1118579834,Villa,For Rent,"1,012 SQFT",Studio,1,9 hours ago,"Rs 55,000","Buch Executive Villas, Multan",Multan,OLX
https://www.olx.com.pk/item/studio-flat-for-rent-buch-villas-multan-iid-1118579826,Flat,For Rent,3 Marla,Studio,1,9 hours ago,"Rs 99,000","Buch Executive Villas, Multan",Multan,OLX
https://www.olx.com.pk/item/2-bed-furnished-ground-floor-for-rent-buch-villas-multan-iid-1118579634,Villa,For Rent,6 Marla,2,2,9 hours ago,Rs 1.85 Lac,"Buch Executive Villas, Multan",Multan,OLX
https://www.olx.com.pk/item/10-marla-double-storey-house-for-rent-model-town-iid-1118769615,House,For Rent,10 Marla,5,6,11 hours ago,Rs 2 Lac,"Model Town, Multan",Multan,OLX
https://www.olx.com.pk/item/3-marla-double-story-house-for-rent-in-shalimar-colony-iid-1118752216,House,For Rent,3 Marla,3,3,18 hours ago,"Rs 40,000","Shalimar Colony, Multan",Multan,OLX
https://www.olx.com.pk/item/furnished-luxury-ac-rooms-at-6-no-chungi-multan-iid-1111873888,Room,For Rent,,,,21 hours ago,"Rs 16,000","Chungi No 6, Multan",Multan,OLX
https://www.olx.com.pk/item/beautiful-35-marla-shalimar-st-9-whatsapp-for-video03277342171-iid-1118748356,Other,For Rent,3 Marla,3,4,1 day ago,"Rs 40,000","Shalimar Colony, Multan",Multan,OLX
https://www.olx.com.pk/item/beautiful-double-story-for-small-family-back-of-khan-village03277342171-iid-1118748224,Villa,For Rent,3 Marla,3,4,1 day ago,"Rs 31,500","Southern Bypass, Multan",Multan,OLX
https://www.olx.com.pk/item/brand-new-house-almost-at-road-for-office-near-bypas-chowk03277342171-iid-1118748180,House,For Rent,7 Marla,4,5,1 day ago,"Rs 72,000","Bosan Road, Multan",Multan,OLX
https://www.olx.com.pk/item/ground-portion-shalimar-st-15-end03277342171-iid-1118748051,Other,For Rent,12 Marla,2,2,1 day ago,"Rs 36,000","Shalimar Colony, Multan",Multan,OLX
https://www.olx.com.pk/item/beautiful-upper-portion-street-34-for-video-whatsapp03277342171-iid-1118748026,Upper Portion,For Rent,6 Marla,2,2,1 day ago,"Rs 27,000","Zakariya Town, Multan",Multan,OLX
https://www.olx.com.pk/item/5-marla-house-for-rent-house-for-rent-house-for-rent-bosan-road-iid-1118742901,House,For Rent,5 Marla,4,4,1 day ago,"Rs 60,000","Shalimar Colony, Multan",Multan,OLX
https://www.olx.com.pk/item/5-marla-brand-new-modern-luxury-double-story-house-for-rent-in-royal-orchard-multan-iid-1117932997,House,For Rent,5 Marla,4,5,1 day ago,"Rs 80,000","Royal Orchard, Multan",Multan,OLX
https://www.olx.com.pk/item/5marla-house-available-for-rent-in-buch-villas-iid-1118736642,House,For Rent,5 Marla,3,4,1 day ago,"Rs 85,000","Buch Executive Villas, Multan",Multan,OLX
https://www.olx.com.pk/item/5marla-house-available-for-rent-in-buch-villas-iid-1118729864,House,For Rent,5 Marla,3,3,1 day ago,"Rs 70,000","Buch Executive Villas, Multan",Multan,OLX
https://www.olx.com.pk/item/1-kanal-new-upper-portion-for-rent-wapda-town-ph1-iid-1118727144,Upper Portion,For Rent,1 Kanal,3,4,2 days ago,"Rs 99,000","Wapda Town Phase 1, Multan",Multan,OLX
https://www.olx.com.pk/item/10-double-story-new-house-for-rent-royal-orchard-multan-iid-1118639680,House,For Rent,10 Marla,5,6,4 days ago,Rs 1.40 Lac,"Royal Orchard - Block C, Multan",Multan,OLX
https://www.olx.com.pk/item/5-marla-double-story-house-for-rent-shalimar-colony-multan-iid-1118290474,House,For Rent,5 Marla,4,5,4 days ago,"Rs 55,000","Shalimar Colony, Multan",Multan,OLX
https://www.olx.com.pk/item/1kanal-house-available-for-rent-in-buch-villas-multan-iid-1118544439,House,For Rent,1 Kanal,5,7,4 days ago,Rs 2 Lac,"Buch Executive Villas, Multan",Multan,OLX
https://www.olx.com.pk/item/1room-available-for-rent-near-buch-villas-iid-1118510512,Room,For Rent,14 Marla,1,1,4 days ago,"Rs 48,000","Bosan Road, Multan",Multan,OLX
https://www.olx.com.pk/item/1-furnished-room-available-for-rent-for-male-iid-1118509872,Room,For Rent,14 Marla,Studio,1,4 days ago,"Rs 65,000","Buch Executive Villas, Multan",Multan,OLX
https://www.olx.com.pk/item/1kanal-house-available-for-rent-in-dha-multan-iid-1118473898,House,For Rent,1 Kanal,5,6,4 days ago,Rs 2 Lac,"Buch Executive Villas, Multan",Multan,OLX
https://www.olx.com.pk/item/4marla-house-available-for-rent-in-buch-villas-iid-1118341947,House,For Rent,4 Marla,4,4,4 days ago,"Rs 72,000","Buch Executive Villas, Multan",Multan,OLX
https://www.olx.com.pk/item/10marla-house-available-for-rent-buch-villas-multan-iid-1118295426,House,For Rent,10 Marla,4,4,4 days ago,Rs 1.10 Lac,"Buch Executive Villas - Phase 1, Multan",Multan,OLX
https://www.olx.com.pk/item/75marla-house-available-for-rent-in-buch-villas-iid-1117938862,House,For Rent,7 Marla,5,5,4 days ago,"Rs 95,000","Buch Executive Villas, Multan",Multan,OLX
https://www.olx.com.pk/item/5marla-house-available-for-rent-in-buch-villas-iid-1117846204,House,For Rent,5 Marla,3,4,4 days ago,"Rs 75,000","Buch Executive Villas, Multan",Multan,OLX
https://www.olx.com.pk/item/6marla-dha-villas-available-for-rent-iid-1117844732,Villa,For Rent,6 Marla,3,4,4 days ago,"Rs 75,000","Buch Executive Villas, Multan",Multan,OLX
https://www.olx.com.pk/item/75marla-house-available-for-rent-in-buch-villas-iid-1117805475,House,For Rent,7 Marla,5,5,4 days ago,"Rs 95,000","Buch Executive Villas, Multan",Multan,OLX
https://www.olx.com.pk/item/75marla-house-available-for-rent-in-buch-villas-iid-1117785174,House,For Rent,7 Marla,5,5,4 days ago,"Rs 95,000","Buch Executive Villas, Multan",Multan,OLX
https://www.olx.com.pk/item/5marla-house-available-for-rent-in-buch-villas-iid-1117770494,House,For Rent,5 Marla,3,3,4 days ago,"Rs 75,000","Buch Executive Villas, Multan",Multan,OLX
https://www.olx.com.pk/item/65-marla-house-available-for-rent-in-buch-villas-iid-1117760238,House,For Rent,6 Marla,5,5,4 days ago,"Rs 90,000","Buch Executive Villas, Multan",Multan,OLX
https://www.olx.com.pk/item/100mrla-wear-house-bahawalpur-bypass-rent-iid-1118626303,House,For Rent,100 Marla,,2,4 days ago,Rs 5 Lac,"Bahawalpur Road, Multan",Multan,OLX
https://www.olx.com.pk/item/20mrla-uper-porshan-kothi-rashedabad-for-rent-iid-1118626253,Other,For Rent,20 Marla,3,3,4 days ago,"Rs 27,000","Rasheedabad, Multan",Multan,OLX
https://www.olx.com.pk/item/brand-new-5-marla-house-available-in-royal-orchard-for-rent-iid-1118493413,House,For Rent,5 Marla,3,4,4 days ago,"Rs 85,000","Royal Orchard, Multan",Multan,OLX
https://www.olx.com.pk/item/your-dream-6-marla-house-is-available-in-dha-villas-iid-1117679804,House,For Rent,6 Marla,3,4,4 days ago,"Rs 70,000","DHA Villas, Multan",Multan,OLX
https://www.olx.com.pk/item/7-marla-single-story-kehkashan-st-10-whatsapp-for-video03277342171-iid-1118610333,Other,For Rent,7 Marla,2,3,4 days ago,"Rs 34,000","Gulgasht Colony, Multan",Multan,OLX
https://www.olx.com.pk/item/4-marla-commercial-hall-in-downtown-royal-orchard-multan-iid-1118602523,Other,For Rent,"1,800 SQFT",,1,5 days ago,Rs 1.30 Lac,"Royal Orchard - Multan Public Commercial, Multan",Multan,OLX
https://www.olx.com.pk/item/beautiful-house-for-rent-prime-location-iid-1118583197,House,For Rent,3 Marla,2,2,5 days ago,"Rs 20,000","MDA Chowk, Multan",Multan,OLX
https://www.olx.com.pk/item/2-bed-furnished-flat-daily-basis-rent-buch-villas-multan-iid-1118369578,Flat,For Rent,6 Marla,2,2,5 days ago,Rs 2.80 Lac,"Buch Executive Villas, Multan",Multan,OLX
https://www.olx.com.pk/item/3-bed-first-floor-flat-for-rent-buh-villas-multan-iid-1117947205,Flat,For Rent,6 Marla,3,3,5 days ago,"Rs 62,000","Buch Executive Villas, Multan",Multan,OLX
https://www.olx.com.pk/item/single-person-basic-room-iid-1118571840,Room,For Rent,,,,5 days ago,"Rs 12,000","Gulgasht Avenue, Multan",Multan,OLX
https://www.olx.com.pk/item/first-floor-studio-flat-for-rent-dha-multan-sect-m-iid-1118369510,Flat,For Rent,3 Marla,Studio,1,6 days ago,"Rs 49,000","DHA Phase 1 - Sector M, Multan",Multan,OLX
https://www.olx.com.pk/item/2-kanal-furnished-farm-house-for-rent-near-buch-villas-iid-1118369545,Farm House,For Rent,2 Kanal,2,2,6 days ago,Rs 4 Lac,"Bosan Road, Multan",Multan,OLX
https://www.olx.com.pk/item/10-marla-portion-wapda-town-ph1-for-rent-iid-1118247789,Other,For Rent,10 Marla,3,3,6 days ago,"Rs 55,000","Wapda Town Phase 1, Multan",Multan,OLX
https://www.olx.com.pk/item/in-wapda-town-phase-1-block-b-20-marla-house-for-rent-iid-1118443399,House,For Rent,20 Marla,5,6,6 days ago,Rs 2.70 Lac,"Wapda Town Phase 1 - Block B, Multan",Multan,OLX
https://www.olx.com.pk/item/brand-new-upper-portion-for-rent-in-multan-iid-1118561464,Upper Portion,For Rent,10 Marla,4,3,6 days ago,"Rs 40,000","Rasheedabad, Multan",Multan,OLX
https://www.olx.com.pk/item/10marla-lower-portion-for-rent-rashedabad-iid-1118561450,Lower Portion,For Rent,10 Marla,4,3,6 days ago,"Rs 40,000","Rasheedabad, Multan",Multan,OLX
https://www.olx.com.pk/item/3aker-ma-dal-factory-bahawalpur-bypass-for-rent-iid-1118560436,Factory,For Rent,"2,400 Marla",,4,6 days ago,Rs 7 Lac,"Bahawalpur Road, Multan",Multan,OLX
https://www.olx.com.pk/item/chase-up-1st-and-2nd-3rd-and-4th-floor-shop-and-office-available-iid-1081957036,Office,For Rent,300 SQFT,,5,6 days ago,"Rs 13,000","Chungi No 6, Multan",Multan,OLX
https://www.olx.com.pk/item/13-marla-upper-portion-for-rent-wapda-town-phase-2-multan-iid-1118558919,Upper Portion,For Rent,13 Marla,3,3,6 days ago,"Rs 90,000","Wapda Town Phase 2, Multan",Multan,OLX
https://www.olx.com.pk/item/separate-door-upper-portion-st-23-whatsapp-for-video03277342171-iid-1118549359,Upper Portion,For Rent,5 Marla,2,2,6 days ago,"Rs 27,000","Zakariya Town, Multan",Multan,OLX
https://www.olx.com.pk/item/dha-multan-sector-v-8-marla-house-for-rent-available-iid-1118067404,House,For Rent,8 Marla,5,5,1 week ago,"Rs 90,000","DHA Phase 1 - Sector V, Multan",Multan,OLX
https://www.olx.com.pk/item/furnished-cozy-bedroom-ac-internet-kitchen-and-parking-iid-1118469529,Room,For Rent,,,,1 week ago,"Rs 25,000","Canal Cantt Villas, Multan",Multan,OLX
https://www.olx.com.pk/item/double-storey-7-marla-house-for-rent-in-multan-public-school-road-multan-public-school-road-iid-1118452280,House,For Rent,7 Marla,5,6,1 week ago,"Rs 80,000","Multan Public School Road, Multan",Multan,OLX
https://www.olx.com.pk/item/10-marla-house-for-rent-in-buch-villas-iid-1118126637,House,For Rent,10 Marla,4,4,1 week ago,Rs 1 Lac,"Buch Executive Villas, Multan",Multan,OLX
https://www.olx.com.pk/item/ist-floor-800-square-feet-shop-for-rent-in-chowk-kumharanwala-chowk-kumharanwala-iid-1118442489,Shop,For Rent,800 SQFT,,1,1 week ago,"Rs 30,000","Chowk Kumharanwala, Multan",Multan,OLX
https://www.olx.com.pk/item/30-marla-spacious-shop-is-available-in-model-town-for-rent-iid-1118442486,Shop,For Rent,30 Marla,,1,1 week ago,Rs 20 Lacs,"Model Town, Multan",Multan,OLX
https://www.olx.com.pk/item/prime-location-building-of-4500-square-feet-is-available-in-contemporary-neighborhood-of-masoom-shah-road-iid-1118442472,Building,For Rent,"4,500 SQFT",,1,1 week ago,Rs 8 Lac,"Masoom Shah Road, Multan",Multan,OLX
https://www.olx.com.pk/item/brand-new-8-marla-house-available-in-multan-public-school-road-for-rent-iid-1118434129,House,For Rent,8 Marla,4,4,1 week ago,Rs 1.10 Lac,"Multan Public School Road, Multan",Multan,OLX
https://www.olx.com.pk/item/brand-new-5-marla-house-available-in-multan-public-school-road-for-rent-iid-1118434128,House,For Rent,5 Marla,3,4,1 week ago,"Rs 75,000","Multan Public School Road, Multan",Multan,OLX
https://www.olx.com.pk/item/2-bed-apartment-b2-for-doctor-near-nishtar-mda-kalma-chowk-iid-1118410172,Apartment,For Rent,4 Marla,2,2,1 week ago,"Rs 29,500","Justic Hamid Colony, Multan",Multan,OLX
https://www.olx.com.pk/item/separate-gate-old-lower-portion-near-road-for-hostel-nd-bacholors03277342171-iid-1118396247,Lower Portion,For Rent,8 Marla,4,2,1 week ago,"Rs 26,000","Zakariya Town, Multan",Multan,OLX
https://www.olx.com.pk/item/a-furnished-ac-room-available-on-rent-only-for-decent-male-iid-1113076816,Room,For Rent,,,,1 week ago,"Rs 27,000","Khan Village, Multan",Multan,OLX
https://www.olx.com.pk/item/property-for-rent-officeparlourclinicsoftware-house-iid-1057473041,House,For Rent,"4,200 SQFT",,6,1 week ago,Rs 1 Lac,"Gulgasht Avenue, Multan",Multan,OLX
https://www.olx.com.pk/item/full-furnished-ground-portion-in-model-town-multan03277342171-iid-1117814762,Other,For Rent,7 Marla,2,2,2 weeks ago,"Rs 70,000","Model Town, Multan",Multan,OLX
https://www.olx.com.pk/item/1-kanal-double-story-in-dha-multan-03277342171-iid-1117739844,Other,For Rent,1 Kanal,5,6,2 weeks ago,Rs 1.80 Lac,"DHA Phase 1 - Sector Q, Multan",Multan,OLX
https://www.olx.com.pk/item/10-ground-portion-for-rent-in-wapda-town-phase-2-iid-1118357387,Other,For Rent,10 Marla,2,3,2 weeks ago,"Rs 55,000","Wapda Town Phase 2, Multan",Multan,OLX
https://www.olx.com.pk/item/4-marla-building-for-rent-in-model-town-iid-1118357279,Building,For Rent,4 Marla,,1,2 weeks ago,Rs 4 Lac,"Model Town - Block A, Multan",Multan,OLX
https://www.olx.com.pk/item/9-marla-luxury-double-story-villa-available-for-rent-in-dha-villas-multan-iid-1118349840,Villa,For Rent,9 Marla,4,4,2 weeks ago,"Rs 89,000","DHA Villas, Multan",Multan,OLX
https://www.olx.com.pk/item/your-dream-brand-new-20-marla-house-is-available-in-dha-phase-1-sector-m-iid-1118346804,House,For Rent,20 Marla,5,6,2 weeks ago,Rs 1.80 Lac,"DHA Phase 1 - Sector M, Multan",Multan,OLX
https://www.olx.com.pk/item/shop-110306-multan-cantt-iid-1118326147,Shop,For Rent,492 SQFT,,1,2 weeks ago,Rs 1.40 Lac,"Ban Bazar, Multan",Multan,OLX
https://www.olx.com.pk/item/32-kanal-agricultural-land-for-sale-in-national-highway-iid-1118317849,Agricultural Land,For Rent,13 Marla,,1,2 weeks ago,Rs 10 Lacs,"Chungi No 9, Multan",Multan,OLX
https://www.olx.com.pk/item/4mrla-double-story-kothi-rashedabad-for-rent-iid-1117889151,Other,For Rent,4 Marla,4,4,2 weeks ago,"Rs 28,000","Rasheedabad, Multan",Multan,OLX
https://www.olx.com.pk/item/20mrla-kothi-rashedabad-for-rent-iid-1117889063,Other,For Rent,20 Marla,5,5,2 weeks ago,"Rs 70,000","Rasheedabad, Multan",Multan,OLX
https://www.olx.com.pk/item/separate-ground-portion-available-on-rent-for-family-iid-1114679399,Other,For Rent,5 Marla,2,3,2 weeks ago,"Rs 27,000","Bahadurpur, Multan",Multan,OLX
https://www.olx.com.pk/item/10-marla-house-for-rent-in-shalimar-colony-iid-1118268919,House,For Rent,10 Marla,5,5,2 weeks ago,Rs 1 Lac,"Shalimar Colony, Multan",Multan,OLX
https://www.olx.com.pk/item/single-furnished-room-rent-mps-road-only-single-male-jobian-allow-iid-1117986022,Room,For Rent,,,,2 weeks ago,"Rs 15,000","Multan Public School Road, Multan",Multan,OLX
https://www.olx.com.pk/item/8-marla-separate-ground-portion-for-rent-wapda-town-phase-2-iid-1118268484,Other,For Rent,10 Marla,2,3,2 weeks ago,"Rs 60,000","Wapda Town Phase 2, Multan",Multan,OLX
https://www.olx.com.pk/item/10-ground-portion-for-rent-wapda-town-phase-2-iid-1118268200,Other,For Rent,10 Marla,2,3,2 weeks ago,"Rs 60,000","Wapda Town Phase 2, Multan",Multan,OLX
https://www.olx.com.pk/item/5-marla-house-available-for-rent-in-wapda-town-phase-2-multan-iid-1118243056,House,For Rent,5 Marla,3,4,2 weeks ago,"Rs 70,000","Wapda Town Phase 2, Multan",Multan,OLX
https://www.olx.com.pk/item/shop-562-square-feet-for-rent-in-pia-employees-housing-society-iid-1117898542,Shop,For Rent,562 SQFT,,1,2 weeks ago,"Rs 50,000","PIA Employees Housing Society, Multan",Multan,OLX
https://www.olx.com.pk/item/prime-location-4-marla-shop-available-for-rent-in-dha-phase-1-sector-m-if-you-hurry-iid-1118216694,Shop,For Rent,4 Marla,,5,2 weeks ago,"Rs 60,000","DHA Phase 1 - Sector M, Multan",Multan,OLX
https://www.olx.com.pk/item/buch-villas-multan-apartment-for-rent-1st-floor5-marla-park-facing-iid-1118216679,Apartment,For Rent,5 Marla,4,3,2 weeks ago,"Rs 55,000","Buch Executive Villas, Multan",Multan,OLX
https://www.olx.com.pk/item/5-marla-flat-for-rent-iid-1118216673,Flat,For Rent,5 Marla,3,2,2 weeks ago,"Rs 55,000","Buch Executive Villas, Multan",Multan,OLX
https://www.olx.com.pk/item/10-marla-house-available-for-rent-iid-1118195830,House,For Rent,10 Marla,5,4,2 weeks ago,Rs 1.20 Lac,"Model Town - Block B, Multan",Multan,OLX
https://www.olx.com.pk/item/brand-new-house-available-for-rent-iid-1118192945,House,For Rent,5 Marla,4,4,2 weeks ago,"Rs 55,000","New Shalimar Colony, Multan",Multan,OLX
https://www.olx.com.pk/item/commercial-shop-for-rent-first-hand-iid-1118190014,Shop,For Rent,5 Marla,,2,2 weeks ago,"Rs 70,000","Garden Town, Multan",Multan,OLX
https://www.olx.com.pk/item/20-marla-building-for-rent-in-bosan-road-bosan-road-in-only-rs-600000-iid-1118175105,Building,For Rent,20 Marla,,1,2 weeks ago,Rs 6 Lac,"Bosan Road, Multan",Multan,OLX
https://www.olx.com.pk/item/11-marla-upper-portion-for-rent-on-nawabpur-road-iid-1118126723,Upper Portion,For Rent,11 Marla,3,2,2 weeks ago,"Rs 35,000","Nawabpur Road, Multan",Multan,OLX
https://www.olx.com.pk/item/brand-new-upper-portion-available-for-rent-iid-1118117398,Upper Portion,For Rent,4 Marla,2,2,2 weeks ago,"Rs 30,000","Multan Public School Road, Multan",Multan,OLX
https://www.olx.com.pk/item/brand-new-lower-portion-of-5-marla-available-for-rent-iid-1118117389,Lower Portion,For Rent,5 Marla,2,3,2 weeks ago,"Rs 38,000","Wapda Town Phase 2, Multan",Multan,OLX
https://www.olx.com.pk/item/10-marla-house-for-rent-in-fort-avenue-iid-1118096084,House,For Rent,10 Marla,6,6,2 weeks ago,"Rs 75,000","Fort Avenue, Multan",Multan,OLX
https://www.olx.com.pk/item/5-marla-house-for-rent-in-satellite-town-iid-1118092608,House,For Rent,5 Marla,4,4,2 weeks ago,"Rs 60,000","Shalimar Colony, Multan",Multan,OLX
https://www.olx.com.pk/item/2nd-story-available-for-rent-iid-1118075615,Other,For Rent,9 Marla,3,3,2 weeks ago,"Rs 38,000","Nawa Shehar, Multan",Multan,OLX
https://www.olx.com.pk/item/10-marla-luxury-upper-separate-portion-for-rent-model-town-iid-1118070224,Other,For Rent,10 Marla,3,3,2 weeks ago,"Rs 65,000","Model Town, Multan",Multan,OLX
https://www.olx.com.pk/item/highly-coveted-4-marla-house-is-available-in-model-town-for-rent-iid-1118052375,House,For Rent,4 Marla,3,3,3 weeks ago,"Rs 50,000","Model Town, Multan",Multan,OLX
https://www.olx.com.pk/item/avail-yourself-a-great-prime-location-2-marla-shop-in-northern-bypass-iid-1118052321,Shop,For Rent,2 Marla,,1,3 weeks ago,Rs 2.25 Lac,"Northern Bypass, Multan",Multan,OLX
https://www.olx.com.pk/item/want-to-buy-a-prime-location-shop-in-northern-bypass-iid-1118052315,Shop,For Rent,4 Marla,,1,3 weeks ago,Rs 3 Lac,"Northern Bypass, Multan",Multan,OLX
https://www.olx.com.pk/item/337-square-feet-flat-for-rent-in-buch-executive-villas-iid-1118052287,Flat,For Rent,337 SQFT,2,2,3 weeks ago,"Rs 70,000","Buch Executive Villas, Multan",Multan,OLX
https://www.olx.com.pk/item/brand-new-2-bed-apartment-for-rent-iid-1117985359,Apartment,For Rent,3 Marla,2,2,3 weeks ago,"Rs 45,000","Royal Orchard, Multan",Multan,OLX
https://www.olx.com.pk/item/a-upper-portion-of-20-marla-in-multan-iid-1117985352,Upper Portion,For Rent,20 Marla,3,3,3 weeks ago,Rs 1 Lac,"Royal Orchard - Block D, Multan",Multan,OLX
https://www.olx.com.pk/item/7-marla-furnished-portion-in-gated-society-iid-1117985142,Other,For Rent,7 Marla,2,2,3 weeks ago,"Rs 80,000","Multan Public School Road, Multan",Multan,OLX
https://www.olx.com.pk/item/brand-new-5-marla-house-available-in-royal-orchard-block-g-for-rent-iid-1117985119,House,For Rent,5 Marla,4,4,3 weeks ago,"Rs 75,000","Royal Orchard - Block G, Multan",Multan,OLX
https://www.olx.com.pk/item/executive-boys-hostel-bahadurpur-bosan-road-multan-iid-1117952434,Other,For Rent,,,,3 weeks ago,"Rs 10,000","Bahadurpur, Multan",Multan,OLX
https://www.olx.com.pk/item/office-space-available-for-rent-prime-location-in-central-multan-iid-1114419511,Office,For Rent,"10,999 SQFT",,6,3 weeks ago,"Rs 12,345","Crystal Arcade, Multan",Multan,OLX
https://www.olx.com.pk/item/tripple-storey-731-square-feet-shop-available-in-model-town-for-rent-iid-1117949499,Shop,For Rent,731 SQFT,,1,3 weeks ago,Rs 3.50 Lac,"Model Town, Multan",Multan,OLX
https://www.olx.com.pk/item/brand-new-10-marla-house-available-in-dha-phase-1-sector-b1-for-rent-iid-1117949477,House,For Rent,10 Marla,5,6,3 weeks ago,Rs 1.20 Lac,"DHA Phase 1 - Sector B1, Multan",Multan,OLX
https://www.olx.com.pk/item/ideal-20-marla-house-has-landed-on-market-in-dha-phase-1-sector-q-multan-iid-1117922231,House,For Rent,20 Marla,5,6,3 weeks ago,Rs 1.50 Lac,"DHA Phase 1 - Sector Q, Multan",Multan,OLX
https://www.olx.com.pk/item/75-marla-brand-new-luxury-first-shifting-double-story-house-for-rent-in-model-town-iid-1117913453,House,For Rent,"1,688 SQFT",5,5,3 weeks ago,Rs 1.14 Lac,"Model Town, Multan",Multan,OLX
https://www.olx.com.pk/item/furnished-office-for-10-employees-available-near-shalimar-metro-stn-iid-1117389900,Office,For Rent,5 Marla,,4,4 weeks ago,Rs 1.70 Lac,"Sabzazar Colony, Multan",Multan,OLX
https://www.olx.com.pk/item/1-kanal-fully-furnished-ground-floor-iid-1117756562,Other,For Rent,1 Kanal,2,3,4 weeks ago,"Rs 12,000","Buch Executive Villas - Phase 1, Multan",Multan,OLX
https://www.olx.com.pk/item/9-marla-brand-new-luxury-double-story-villa-for-rent-in-dha-villas-iid-1117713844,Villa,For Rent,9 Marla,4,5,4 weeks ago,"Rs 90,000","DHA Villas, Multan",Multan,OLX
https://www.olx.com.pk/item/a-furnished-sharing-sepreat-room-available-iid-1117690538,Room,For Rent,,,,4 weeks ago,"Rs 12,500","Altaf Town, Multan",Multan,OLX
https://www.olx.com.pk/item/paying-guest-hostel-room-iid-1098741974,Room,For Rent,,,,4 weeks ago,"Rs 30,000","Gulshan-e-Mehar, Multan",Multan,OLX
https://www.olx.com.pk/item/10-marla-double-storey-house-iid-1117654470,House,For Rent,10 Marla,6,6,4 weeks ago,"Rs 45,000","Garden Town, Multan",Multan,OLX
https://www.olx.com.pk/item/brand-new-20-marla-house-available-in-dha-phase-1-sector-m-for-rent-iid-1117647952,House,For Rent,20 Marla,5,6,4 weeks ago,Rs 1.60 Lac,"DHA Phase 1 - Sector M, Multan",Multan,OLX
https://www.olx.com.pk/item/highly-desirable-house-available-in-askari-3-for-rent-iid-1117647948,House,For Rent,10 Marla,4,4,4 weeks ago,"Rs 90,000","Askari 3, Multan",Multan,OLX
https://www.olx.com.pk/item/get-this-amazing-20-marla-house-available-in-dha-phase-1-sector-m-iid-1117647944,House,For Rent,20 Marla,5,6,4 weeks ago,Rs 1.50 Lac,"DHA Phase 1 - Sector M, Multan",Multan,OLX
https://www.olx.com.pk/item/brand-new-10-marla-house-for-rent-in-askari-3-multan-iid-1117647933,House,For Rent,10 Marla,4,4,4 weeks ago,"Rs 90,000","Askari 3, Multan",Multan,OLX
https://www.olx.com.pk/item/a-house-of-12-marla-in-multan-iid-1117647930,House,For Rent,12 Marla,4,4,4 weeks ago,"Rs 95,000","Askari 3, Multan",Multan,OLX
https://www.olx.com.pk/item/avail-yourself-a-great-10-marla-house-in-askari-3-iid-1117647925,House,For Rent,10 Marla,4,4,4 weeks ago,"Rs 90,000","Askari 3, Multan",Multan,OLX
https://www.olx.com.pk/item/in-askari-3-of-multan-a-20-marla-house-is-available-iid-1117647922,House,For Rent,20 Marla,5,5,4 weeks ago,Rs 1.65 Lac,"Askari 3, Multan",Multan,OLX
https://www.olx.com.pk/item/fully-furnished-studio-apartment-for-rent-in-mall-of-cantt-sp-chowk-multan-iid-1117647894,Apartment,For Rent,540 SQFT,Studio,1,4 weeks ago,"Rs 45,000","Mall Of Cantt, Multan",Multan,OLX
https://www.olx.com.pk/item/your-dream-12-marla-house-is-available-in-askari-3-iid-1117647883,House,For Rent,12 Marla,4,4,4 weeks ago,Rs 1.30 Lac,"Askari 3, Multan",Multan,OLX
https://www.olx.com.pk/item/ideal-5-marla-house-has-landed-on-market-in-royal-orchard-multan-iid-1117647879,House,For Rent,5 Marla,3,3,4 weeks ago,"Rs 70,000","Royal Orchard, Multan",Multan,OLX
https://www.olx.com.pk/item/1-kanal-fully-furnished-portion-for-rent-in-askari-3-dha-multan-iid-1117647825,Other,For Rent,20 Marla,3,4,4 weeks ago,Rs 2 Lac,"Askari 3, Multan",Multan,OLX
https://www.olx.com.pk/item/hotel-family-rooms-guest-house-hotel-rooms-hotel-in-multan-iid-1103777874,Room,For Rent,,,,4 weeks ago,"Rs 4,000","Orient Mall, Multan",Multan,OLX
https://www.olx.com.pk/item/5-marla-lower-portion-for-rent-rashedabad-iid-1117620756,Lower Portion,For Rent,5 Marla,3,3,4 weeks ago,"Rs 25,000","Rasheedabad, Multan",Multan,OLX
https://www.olx.com.pk/item/the-nura-nest-boys-hostel-near-bzu-metro-station-and-usp-iid-1117610309,Other,For Rent,,,,4 weeks ago,"Rs 8,000","Bahadurpur, Multan",Multan,OLX
https://www.olx.com.pk/item/prime-co-working-office-space-iid-1117499749,Office,For Rent,4 Marla,,1,4 weeks ago,"Rs 18,000","Model Town - Block A, Multan",Multan,OLX
https://www.olx.com.pk/item/private-roomattached-bathroom-preferred-working-women-iid-1117511827,Room,For Rent,,,,4 weeks ago,"Rs 9,999","City Centre, Multan",Multan,OLX
https://www.olx.com.pk/item/5-marla-new-house-available-for-rent-in-al-noor-garden-phase-4-civil-hospital-road-bahwalpur-iid-1118764683,House,For Rent,5 Marla,4,4,13 hours ago,"Rs 55,000","Al-Noor Garden Phase 4, Bahawalpur",Multan,OLX
https://www.olx.com.pk/item/35-marla-double-storey-house-available-for-rent-iid-1118764675,House,For Rent,788 SQFT,4,4,13 hours ago,"Rs 50,000","Allama Iqbal Avenue, Bahawalpur",Multan,OLX
https://www.olx.com.pk/item/upper-portion-house-available-for-rent-in-hashmi-gardan-iid-1118764670,Upper Portion,For Rent,20 Marla,4,5,13 hours ago,"Rs 90,000","Hashmi Garden, Bahawalpur",Multan,OLX
https://www.olx.com.pk/item/5-marla-lower-portion-available-in-gulbark-avinew-yazman-road-bahawalpur-iid-1118764615,Lower Portion,For Rent,5 Marla,2,3,13 hours ago,"Rs 35,000","Gulberg Avenue, Bahawalpur",Multan,OLX
https://www.olx.com.pk/item/1-kanal-house-available-for-rent-in-dha-sector-a-iid-1118764606,House,For Rent,1 Kanal,6,6,13 hours ago,Rs 2 Lac,"DHA Defence - Sector A, Bahawalpur",Multan,OLX
https://www.olx.com.pk/item/upper-portion-availabel-for-rent-allama-iqbal-town-iid-1118764602,Upper Portion,For Rent,10 Marla,3,3,13 hours ago,"Rs 45,000","Allama Iqbal Town, Bahawalpur",Multan,OLX
https://www.olx.com.pk/item/10-marla-independent-house-for-rent-khiyaban-e-ali-bahawalpur-iid-1118764596,House,For Rent,10 Marla,3,4,13 hours ago,"Rs 45,000","Khayaban-e-Ali Housing Society, Bahawalpur",Multan,OLX
https://www.olx.com.pk/item/7-marla-sami-doubel-story-available-house-for-rent-in-khayaben-e-ali-bahawalpur-iid-1118764592,House,For Rent,7 Marla,4,5,13 hours ago,"Rs 45,000","Khayaban-e-Ali Housing Society, Bahawalpur",Multan,OLX
https://www.olx.com.pk/item/7-marla-ground-portion-for-rent-al-noor-garden-iid-1118764588,Other,For Rent,7 Marla,3,3,13 hours ago,"Rs 55,000","Al-Noor Garden, Bahawalpur",Multan,OLX
https://www.olx.com.pk/item/house-available-for-rent-hassan-town-iid-1118764575,House,For Rent,5 Marla,2,2,13 hours ago,"Rs 50,000","Rafi Qamar Road, Bahawalpur",Multan,OLX
https://www.olx.com.pk/item/12-marla-beautiful-upper-portion-availble-for-rent-near-civil-hospital-iid-1118764570,Upper Portion,For Rent,12 Marla,3,3,13 hours ago,"Rs 55,000","Al-Noor Garden Phase 4, Bahawalpur",Multan,OLX
https://www.olx.com.pk/item/6-marla-double-story-house-for-rent-iid-1118764543,House,For Rent,6 Marla,4,4,13 hours ago,"Rs 65,000","Arif Town, Bahawalpur",Multan,OLX
https://www.olx.com.pk/item/10-marla-double-storey-government-employee-housing-scheme-iid-1118764536,Other,For Rent,10 Marla,4,4,13 hours ago,"Rs 65,000","Hasilpur Road, Bahawalpur",Multan,OLX
https://www.olx.com.pk/item/5-marla-upper-portion-available-for-rent-iid-1118764529,Upper Portion,For Rent,5 Marla,2,2,13 hours ago,"Rs 45,000","City Garden Housing Scheme, Bahawalpur",Multan,OLX
https://www.olx.com.pk/item/8-marla-double-story-beautiful-house-availble-for-rent-iid-1118764521,House,For Rent,8 Marla,5,5,13 hours ago,"Rs 80,000","Shadman City Phase 3, Bahawalpur",Multan,OLX
https://www.olx.com.pk/item/5-marla-sami-double-story-house-first-shifting-availble-for-rent-iid-1118764514,House,For Rent,5 Marla,3,3,13 hours ago,"Rs 45,000","Khayaban-e-Ali Housing Society, Bahawalpur",Multan,OLX
https://www.olx.com.pk/item/10-marla-commercial-building-for-rent-iid-1118762520,Building,For Rent,10 Marla,,1,13 hours ago,Rs 6 Lac,"Model Town Block A, Bahawalpur",Multan,OLX
https://www.olx.com.pk/item/rent-satlitown-bwp-z-block-5-mrla-proper-double-story-luxury-house-wid-gas-mtr-for-rent-available-iid-1117816104,House,For Rent,5 Marla,5,4,16 hours ago,"Rs 65,000","Satellite Town, Bahawalpur",Multan,OLX
https://www.olx.com.pk/item/house-available-for-rent-in-government-servant-housing-society-phase-2-bahawalpur-iid-1118756199,House,For Rent,7 Marla,2,3,16 hours ago,"Rs 30,000","Government Servants Housing Scheme, Bahawalpur",Multan,OLX
https://www.olx.com.pk/item/5-marla-house-for-rent-iid-1118655335,House,For Rent,5 Marla,5,6,3 days ago,"Rs 60,000","Ajwa Garden, Bahawalpur",Multan,OLX
https://www.olx.com.pk/item/1-kanal-house-for-rent-iid-1118651190,House,For Rent,1 Kanal,3,5,3 days ago,Rs 2.20 Lac,"Hashmi Garden, Bahawalpur",Multan,OLX
https://www.olx.com.pk/item/seven-marla-house-opposite-iub-bagdad-campus-hasilpur-road-available-for-rent-iid-1117578929,House,For Rent,7 Marla,4,1,2 weeks ago,"Rs 53,000","Government Employees Cooperative Housing Society, Bahawalpur",Multan,OLX
https://www.olx.com.pk/item/house-avaliable-for-rent-in-al-raheem-town-rafi-qamar-town-iid-1118185182,House,For Rent,4 Marla,4,5,2 weeks ago,"Rs 45,000","Al-Raheem Town, Bahawalpur",Multan,OLX
https://www.olx.com.pk/item/10-marla-office-space-for-rent-iid-1118089976,Office,For Rent,10 Marla,,3,2 weeks ago,Rs 1.20 Lac,"Model Town A, Bahawalpur",Multan,OLX
https://www.olx.com.pk/item/10-marla-ground-floor-available-for-rent-in-hashmi-garden-bahawalpur-iid-1117999033,Other,For Rent,10 Marla,3,4,3 weeks ago,"Rs 70,000","Hashmi Garden, Bahawalpur",Multan,OLX
https://www.olx.com.pk/item/10-marla-house-available-for-rent-in-government-employee-house-society-bahawalpur-iid-1117998990,House,For Rent,10 Marla,6,6,3 weeks ago,"Rs 70,000","Government Employees Cooperative Housing Society, Bahawalpur",Multan,OLX
https://www.olx.com.pk/item/6-marla-proper-double-store-house-available-for-rent-in-khayaban-e-ali-housing-scheme-yazman-road-bahawalpur-iid-1117998985,House,For Rent,6 Marla,4,6,3 weeks ago,"Rs 50,000","Khayaban-e-Ali Housing Society, Bahawalpur",Multan,OLX
https://www.olx.com.pk/item/10-marla-ground-floor-available-for-rent-in-hashmi-garden-bahawalpur-iid-1117998974,Other,For Rent,10 Marla,3,4,3 weeks ago,"Rs 65,000","Hashmi Garden, Bahawalpur",Multan,OLX
https://www.olx.com.pk/item/house-available-for-rent-in-dha-sector-a-bahawalpur-iid-1117998844,House,For Rent,20 Marla,6,6,3 weeks ago,Rs 1.90 Lac,"DHA Defence - Sector A, Bahawalpur",Multan,OLX
https://www.olx.com.pk/item/5-marla-double-storey-house-available-for-rent-in-canal-garden-bahawalpur-iid-1117998834,House,For Rent,5 Marla,4,4,3 weeks ago,"Rs 50,000","Canal Garden Housing Scheme, Bahawalpur",Multan,OLX
https://www.olx.com.pk/item/5-marla-ground-floor-available-for-rent-in-canal-garden-bahawalpur-iid-1117998828,Other,For Rent,5 Marla,2,3,3 weeks ago,"Rs 30,000","Canal Garden Housing Scheme, Bahawalpur",Multan,OLX
https://www.olx.com.pk/item/10-marla-house-for-rent-in-dha-bahawalpur-iid-1117998814,House,For Rent,10 Marla,5,5,3 weeks ago,Rs 1.50 Lac,"DHA Defence - Sector C, Bahawalpur",Multan,OLX
https://www.olx.com.pk/item/10-marla-ground-floor-available-for-rent-in-city-garden-civil-hospital-road-bahawalpur-iid-1117998801,Other,For Rent,10 Marla,3,4,3 weeks ago,"Rs 50,000","City Garden Housing Scheme, Bahawalpur",Multan,OLX
https://www.olx.com.pk/item/brand-new-5-marla-double-storey-house-available-for-rent-in-satellite-town-bahawalpur-iid-1117998778,House,For Rent,5 Marla,4,6,3 weeks ago,"Rs 50,000","Satellite Town, Bahawalpur",Multan,OLX
https://www.olx.com.pk/item/5-marla-semi-double-storey-available-for-rent-iid-1117998730,Other,For Rent,5 Marla,3,4,3 weeks ago,"Rs 40,000","Khayaban-e-Ali Housing Society, Bahawalpur",Multan,OLX
https://www.olx.com.pk/item/home-on-rent-near-musa-restaurant-iid-1117959873,Other,For Rent,5.5 Marla,4,5,3 weeks ago,"Rs 60,000","DC Office Road, Layyah",Multan,OLX
https://www.olx.com.pk/item/04-marla-brand-new-apartment-available-for-rent-with-operational-lift-iid-1117919869,Apartment,For Rent,4 Marla,2,2,3 weeks ago,"Rs 45,000","DHA Defence, Bahawalpur",Multan,OLX
https://www.olx.com.pk/item/furnished-portion-for-rent-iid-1117830842,Other,For Rent,3 Marla,1,1,3 weeks ago,"Rs 1,000","3 Marla Scheme, Dera Ghazi Khan",Multan,OLX
https://www.olx.com.pk/item/corner-house-fully-furnished-iid-1117437477,House,For Rent,6 Marla,2,3,4 weeks ago,"Rs 42,000","Safari Garden, Bahawalpur",Multan,OLX
https://www.olx.com.pk/item/furnished-office-shared-space-co-working-meeting-hall-iid-1062645247,Office,For Rent,"3,500 SQFT",,5,4 weeks ago,"Rs 9,999","Railway Road, Bahawalpur",Multan,OLX
https://www.olx.com.pk/item/fully-furnished-luxury-house-for-rent-7-marla-double-story-eden-valley-society-canal-road-faisalabad-iid-1118239527,House,For Rent,7 Marla,4,5,14 hours ago,Rs 2.29 Lac,"Eden Valley, Faisalabad",Multan,OLX
https://www.olx.com.pk/item/fully-furnished-house-available-for-rent-lalpur-avenue-society-jadawala-road-faisalabad-iid-1117698544,House,For Rent,5 Marla,3,4,14 hours ago,Rs 1.90 Lac,"Lyallpur Avenue, Faisalabad",Multan,OLX
https://www.olx.com.pk/item/with-furniture-fully-furnished-house-available-for-rent-eden-garden-canal-road-faisalabad-iid-1117698524,House,For Rent,5 Marla,4,5,14 hours ago,Rs 1.90 Lac,"Eden Gardens, Faisalabad",Multan,OLX
https://www.olx.com.pk/item/10-marla-double-story-house-for-rent-office-ke-liye-bhi-available-hai-madina-town-fsd-iid-1117698335,House,For Rent,10 Marla,6,6,14 hours ago,Rs 1 Lac,"Madina Town, Faisalabad",Multan,OLX
https://www.olx.com.pk/item/10-marla-house-office-ke-liye-available-vip-location-madina-town-faisalabad-iid-1117698234,House,For Rent,10 Marla,,6,14 hours ago,Rs 1 Lac,"Madina Town, Faisalabad",Multan,OLX
https://www.olx.com.pk/item/furnished-2bhk-apartment-available-for-rent-iid-1118527952,Apartment,For Rent,2 Marla,2,2,16 hours ago,"Rs 70,000","Wapda City, Faisalabad",Multan,OLX
https://www.olx.com.pk/item/furnished-studio-bedroom-available-for-rent-iid-1118523128,Room,For Rent,2 Marla,Studio,1,16 hours ago,"Rs 50,000","Wapda City, Faisalabad",Multan,OLX
https://www.olx.com.pk/item/furnished-2bhk-available-flat-for-rent-iid-1118523125,Flat,For Rent,2 Marla,2,2,16 hours ago,"Rs 75,000","Wapda City, Faisalabad",Multan,OLX
https://www.olx.com.pk/item/single-furnished-bedroom-available-for-rent-iid-1118336588,Room,For Rent,,,,16 hours ago,"Rs 38,000","Wapda City, Faisalabad",Multan,OLX
https://www.olx.com.pk/item/furnished-1-bhk-bedroom-available-for-rent-iid-1118133258,Room,For Rent,2 Marla,Studio,1,16 hours ago,"Rs 55,000","Wapda City, Faisalabad",Multan,OLX
https://www.olx.com.pk/item/single-furnished-bedroom-available-for-rent-iid-1117885103,Room,For Rent,,,,16 hours ago,"Rs 40,000","Wapda City, Faisalabad",Multan,OLX
https://www.olx.com.pk/item/10-marla-house-available-for-rent-iid-1118755511,House,For Rent,10 Marla,4,5,16 hours ago,Rs 1.30 Lac,"Wapda City, Faisalabad",Multan,OLX
https://www.olx.com.pk/item/1-kanal-upper-portion-available-for-rent-iid-1118754664,Upper Portion,For Rent,20 Marla,3,3,17 hours ago,Rs 1 Lac,"Wapda City, Faisalabad",Multan,OLX
https://www.olx.com.pk/item/15-marla-upper-portion-available-for-rent-iid-1118754659,Upper Portion,For Rent,15 Marla,3,3,17 hours ago,"Rs 85,000","Wapda City - Block C, Faisalabad",Multan,OLX
https://www.olx.com.pk/item/10-marla-house-available-for-rent-iid-1118754641,House,For Rent,10 Marla,4,5,17 hours ago,Rs 1.25 Lac,"Wapda City, Faisalabad",Multan,OLX
https://www.olx.com.pk/item/5-marla-house-available-for-rent-iid-1118754634,House,For Rent,5 Marla,3,3,17 hours ago,"Rs 75,000","Wapda City - Block L, Faisalabad",Multan,OLX
https://www.olx.com.pk/item/5-marla-lower-portion-available-for-rent-iid-1118754628,Lower Portion,For Rent,5 Marla,2,2,17 hours ago,"Rs 40,000","Wapda City - Block L, Faisalabad",Multan,OLX
https://www.olx.com.pk/item/1-kanal-lower-portion-available-for-rent-iid-1118754622,Lower Portion,For Rent,20 Marla,3,3,17 hours ago,Rs 1.30 Lac,"Wapda City, Faisalabad",Multan,OLX
https://www.olx.com.pk/item/one-bedroom-flat-available-opposite-citi-housing-sargodha-road-iid-1118743178,Room,For Rent,400 SQFT,1,1,1 day ago,"Rs 14,000","City Housing Society - Phase 1, Faisalabad",Multan,OLX
https://www.olx.com.pk/item/flat-available-for-rent-opposite-citi-housing-sargodha-road-iid-1118743107,Flat,For Rent,2 Marla,1,1,1 day ago,"Rs 15,000","City Housing Society - Phase 1, Faisalabad",Multan,OLX
https://www.olx.com.pk/item/320-square-feet-offices-available-for-rent-at-kohinoor-one-plaza-iid-1118049284,Office,For Rent,320 SQFT,,1,2 days ago,"Rs 15,000","Kohinoor One, Faisalabad",Multan,OLX
https://www.olx.com.pk/item/3000-sqft-office-available-for-rent-at-jinnah-colony-iid-1118049279,Office,For Rent,"3,000 SQFT",,2,2 days ago,Rs 1.30 Lac,"Jinnah Colony, Faisalabad",Multan,OLX
https://www.olx.com.pk/item/1300-sq-ft-office-available-for-rent-at-main-susan-road-iid-1118049270,Office,For Rent,"1,350 SQFT",,1,2 days ago,"Rs 55,000","Susan Road, Faisalabad",Multan,OLX
https://www.olx.com.pk/item/650-sq-ft-ready-office-available-for-rent-at-kohinoor-one-plaza-iid-1118049303,Office,For Rent,650 SQFT,,1,2 days ago,"Rs 35,000","Kohinoor One, Faisalabad",Multan,OLX
